pzem.voltage,ina3221.battery.voltage,ina3221.battery.current_ma,system.rssi,system.free_heap,system.cpu_temp,si7021.temperature
3.5452,7.2158,191.6271,-77.8773,194057.0299,43.6217,31.6835
218.7,8.28,1.2,-73.0,193676.0,41.6,30.82116
3.3084,7.3345,194.8113,-78.5945,194055.8803,43.5257,31.6267
2.833,7.1467,188.9248,-77.8226,194056.2444,43.4935,31.6736
214.5,8.28,1.2,-77.0,193676.0,41.6,30.86406
228.8,8.288,1.2,-72.0,193676.0,43.6,32.3763
225.6,8.288,1.2,-81.0,193672.0,41.6,31.22871
2.4251,7.6369,190.0837,-78.373,194056.4603,43.5002,31.86
4.0272,7.8783,189.6704,-77.5111,194056.7763,43.7184,31.6285
223.6,8.288,1.2,-76.0,193672.0,41.6,30.77826
226.7,8.288,1.2,-75.0,193676.0,42.6,31.64699
218.6,8.288,1.2,-73.0,193676.0,41.6,30.90696
227.5,8.288,1.2,-82.0,193672.0,42.6,31.37886
2.6361,7.4108,190.3178,-77.7567,194055.495,43.4868,31.6122
0.7994,7.1452,187.7662,-76.992,194055.9685,43.62,31.7336
1.658,7.6141,187.7029,-77.7354,194053.1818,43.741,31.8032
4.3206,7.8102,191.4762,-78.5747,194057.2429,43.642,31.7985
3.276,7.0551,190.7895,-78.4453,194056.9006,43.7063,31.8361
1.0323,7.5409,188.2976,-78.1564,194055.7522,43.6066,31.7901
226.4,8.288,1.2,-77.0,193628.0,45.6,30.51013
223.8,8.288,1.2,-65.0,193672.0,43.6,32.5908
216.0,8.288,1.2,-75.0,193676.0,44.6,30.69246
4.5001,7.666,192.152,-77.9665,194055.6764,43.5325,31.6524
226.3,8.288,1.2,-74.0,193676.0,42.6,31.68989
227.2,8.288,1.2,-73.0,193672.0,43.6,32.11889
227.5,8.288,1.2,-71.0,193672.0,43.6,32.16179
224.6,8.288,1.2,-77.0,193672.0,41.6,30.79971
1.6487,7.3479,186.1436,-78.1468,194055.1523,43.5941,31.7918
2.0099,7.0732,188.5692,-78.7129,194054.1128,43.5218,31.7744
224.3,8.288,1.2,-89.0,193672.0,44.6,30.57448
223.2,8.288,1.2,-66.0,193672.0,43.6,32.17252
0.3291,7.0269,193.3024,-76.6548,194057.3685,43.4538,31.6772
220.5,8.288,1.2,-74.0,193672.0,41.6,31.12146
230.4,8.288,1.2,-74.0,193676.0,42.6,31.95802
227.3,8.288,1.2,-72.0,193672.0,43.6,32.06527
215.9,8.288,1.2,-76.0,193624.0,46.6,30.68173
1.9021,7.0982,188.0206,-78.8475,194056.5557,43.7538,31.6497
227.3,8.288,1.2,-80.0,193672.0,42.6,31.33596
0.1791,7.32,188.2354,-77.8618,194056.8331,43.7859,31.8815
222.9,8.288,1.2,-78.0,193672.0,42.6,31.01421
222.0,8.28,1.2,-78.0,193672.0,42.6,32.2047
0.091,7.5796,188.1345,-77.4148,194056.8718,43.6438,31.8027
1.0138,7.3596,188.7051,-78.006,194056.1708,43.6959,31.7047
224.0,8.288,1.2,-78.0,193672.0,41.6,30.82116
226.0,8.288,1.2,-83.0,193672.0,42.6,31.28234
2.8264,7.1943,188.411,-78.0308,194058.0833,43.4606,31.6803
225.5,8.288,1.2,-81.0,193812.0,44.6,30.5423
4.5271,7.0342,189.7221,-78.4488,194057.4895,43.586,31.8008
1.6285,7.4404,190.0585,-77.4885,194055.472,43.3248,31.6526
2.3331,7.4832,190.7919,-78.4206,194055.232,43.6928,31.797
4.6817,7.8991,190.6327,-77.5179,194053.5673,43.5093,31.7137
3.7191,7.8785,186.0159,-77.988,194054.3814,43.6904,31.6612
2.1102,7.3493,185.6176,-77.8776,194055.9538,43.769,31.8079
0.5633,7.7453,189.3936,-77.3949,194055.6778,43.7301,31.6392
4.3836,7.8419,192.4674,-77.8055,194054.7523,43.6115,31.729
223.1,8.136,-106.4,-73.0,193676.0,43.6,32.94473
221.7,8.28,1.2,-72.0,193676.0,42.6,30.91768
0.3383,7.5296,190.9524,-78.5581,194055.5367,43.781,31.9229
220.6,8.152,-233.6,-74.0,194056.0,43.6,32.6337
0.01,7.126,189.3567,-77.771,194056.0073,43.5953,31.7436
4.5857,7.2036,190.5091,-78.264,194056.8052,43.6545,31.5194
226.8,8.288,1.2,-71.0,193672.0,42.6,32.16179
214.0,8.28,1.2,-78.0,193676.0,41.6,30.63883
219.8,8.288,1.2,-77.0,193676.0,44.6,30.66028
4.6149,7.4051,192.65,-78.3259,194056.0486,43.7203,31.7287
3.8724,7.078,188.9797,-77.9694,194056.6169,43.5485,31.7346
225.9,8.288,1.2,-76.0,193676.0,42.6,31.48611
3.9064,7.7154,190.6831,-78.3641,194056.6682,43.6197,31.5645
220.9,8.288,1.2,-73.0,193672.0,42.6,31.14291
2.4204,7.1414,189.5504,-77.952,194056.2168,43.6641,31.633
2.7746,7.1835,191.1318,-78.1796,194055.1411,43.6335,31.8168
226.3,8.288,1.2,-78.0,193672.0,43.6,31.99019
223.8,8.288,1.2,-66.0,193672.0,43.6,32.61225
225.3,8.28,1.2,-74.0,193672.0,43.6,32.26905
0.3841,7.714,190.8497,-78.1645,194056.5904,43.6464,31.8577
0.4857,7.4715,192.4432,-78.1352,194055.376,43.7089,31.4033
0.8855,7.547,191.3223,-78.4384,194057.6686,43.4912,31.8778
4.1857,7.8277,190.9609,-78.4089,194055.52,43.5535,31.5548
3.1605,7.6643,190.2371,-78.2744,194055.8639,43.6186,31.6618
0.9397,7.5558,188.613,-78.8841,194055.1323,43.4797,31.7386
226.1,8.288,1.2,-76.0,193672.0,41.6,30.78898
0.8053,7.9642,186.216,-78.8554,194054.4846,43.5905,31.688
4.9153,7.1568,188.6804,-78.1083,194057.005,43.6575,31.6446
2.9232,7.0887,188.5486,-77.8901,194056.8173,43.6625,31.7326
1.6212,7.4842,193.3388,-78.4229,194056.0734,43.7491,31.6744
219.4,8.288,1.2,-79.0,193676.0,42.6,31.65771
3.5673,7.0627,188.5817,-77.9177,194053.3693,43.4777,31.6268
1.0793,7.7902,190.1992,-77.5114,194055.0305,43.6283,31.8146
226.4,8.288,1.2,-83.0,193676.0,42.6,31.51829
215.2,8.136,-231.2,-79.0,194056.0,43.6,32.5479
223.2,8.288,1.2,-64.0,193672.0,43.6,32.62297
0.0691,7.7145,186.8238,-78.2803,194055.7484,43.6664,31.6336
222.2,8.288,1.2,-72.0,193676.0,41.6,30.83188
3.453,7.3834,188.8121,-77.7732,194055.2045,43.5785,31.6736
228.9,8.152,-98.8,-68.0,193676.0,47.6,32.934
223.9,8.296,1.2,-68.0,193676.0,43.6,33.08415
225.4,8.136,-114.0,-77.0,193676.0,43.6,32.94473
225.6,8.288,1.2,-79.0,193676.0,41.6,31.13218
220.0,8.288,1.2,-77.0,193624.0,45.6,30.68173
226.3,8.288,1.2,-83.0,193672.0,42.6,31.26089
229.9,8.12,-116.4,-66.0,193676.0,45.6,33.07343
219.5,8.288,1.2,-81.0,193676.0,42.6,31.64699
3.4225,7.1659,189.7729,-77.7034,194055.926,43.4094,31.5949
2.1924,7.361,190.5653,-78.6513,194055.9136,43.521,31.6104
219.1,8.28,1.2,-81.0,193676.0,41.6,30.76753
4.5131,7.9514,193.7827,-77.9878,194055.612,43.6085,31.8156
3.0683,7.5835,189.6165,-78.643,194056.6037,43.6923,31.6581
4.1137,7.5863,189.3838,-78.3023,194056.5225,43.6752,31.521
1.8373,7.6501,189.9326,-78.1453,194055.463,43.4357,31.6048
223.9,8.288,1.2,-81.0,193672.0,42.6,31.16436
1.9911,7.204,191.9768,-76.6406,194056.5342,43.5819,31.4396
225.3,8.288,1.2,-74.0,193672.0,43.6,32.31195
228.5,8.288,1.2,-72.0,193676.0,43.6,32.3763
228.3,8.288,1.2,-69.0,193676.0,43.6,32.14034
2.6386,7.4771,191.2029,-77.7587,194056.8832,43.4002,31.5457
3.8236,7.377,190.5912,-77.5143,194055.6763,43.7072,31.6081
3.8098,7.4952,187.9007,-77.4492,194055.8275,43.6995,31.7844
2.5675,7.8317,190.8201,-78.8236,194055.2611,43.6264,31.6036
3.7946,7.202,191.3138,-77.2466,194054.6046,43.5172,31.645
0.0705,7.406,188.303,-78.1143,194055.0074,43.5232,31.5246
3.4971,7.6628,194.0736,-77.9859,194055.3811,43.6347,31.8197
4.1338,7.0593,186.934,-77.546,194055.9709,43.4871,31.4847
220.3,8.296,1.2,-86.0,193672.0,42.6,30.87478
221.8,8.288,1.2,-67.0,193672.0,43.6,32.40847
223.5,8.296,1.2,-62.0,193672.0,43.6,32.61225
225.3,8.288,1.2,-77.0,193676.0,41.6,30.90696
223.9,8.28,1.2,-74.0,193672.0,41.6,30.84261
210.9,8.288,1.2,-79.0,193676.0,41.6,30.64956
3.8615,7.8423,188.5398,-79.1657,194053.7357,43.5884,31.8686
223.6,8.288,1.2,-76.0,193672.0,41.6,30.82116
222.5,8.288,1.2,-74.0,193676.0,41.6,30.93913
2.1222,7.4787,189.6032,-78.2536,194056.5386,43.7305,31.734
1.4521,7.9052,190.0245,-78.2482,194056.3703,43.5181,31.7735
3.0239,7.4664,190.8716,-77.6977,194053.9532,43.6207,31.8126
227.2,8.288,1.2,-75.0,193672.0,43.6,32.3334
2.58,7.5863,190.6178,-77.8543,194054.3095,43.6123,31.777
0.1932,7.5426,190.4811,-78.0271,194055.3104,43.7172,31.7411
226.3,8.288,1.2,-82.0,193672.0,42.6,31.55046
0.0027,7.753,191.0486,-78.3624,194057.2471,43.7579,31.7039
220.5,8.288,1.2,-80.0,193676.0,44.6,30.58521
3.7349,7.8837,191.6518,-78.1578,194055.1495,43.4737,31.5669
221.6,8.288,1.2,-82.0,193676.0,42.6,31.56119
223.4,8.296,1.2,-82.0,192100.0,41.6,30.78898
218.4,8.12,-131.2,-66.0,193692.0,43.6,32.85892
223.3,8.288,1.2,-67.0,193676.0,43.6,33.09488
227.0,8.288,1.2,-76.0,193676.0,42.6,31.59336
3.0761,7.8169,187.0395,-78.4002,194055.0236,43.6457,31.6972
220.0,8.12,-153.2,-64.0,194064.0,43.6,32.7624
218.5,8.12,-133.6,-69.0,193684.0,43.6,32.88037
213.7,8.288,1.2,-84.0,193676.0,41.6,30.76753
4.7092,7.6929,192.3676,-79.1131,194054.8887,43.7674,31.6816
3.0026,7.8023,189.483,-77.6858,194055.7444,43.6987,31.7357
213.6,8.288,1.2,-78.0,193676.0,44.6,30.67101
3.6835,7.6306,192.3153,-77.2535,194055.119,43.5694,31.7908
1.3025,7.3873,188.3286,-78.7474,194055.898,43.5998,31.563
3.7526,7.6177,189.3221,-77.4465,194055.5749,43.5643,31.6123
1.2748,7.0171,188.7642,-78.1083,194056.5143,43.4893,31.5818
224.9,8.288,1.2,-75.0,193672.0,43.6,32.21542
3.3756,7.1674,192.2416,-78.4129,194056.0995,43.6301,31.7882
1.8547,7.6301,186.532,-78.5145,194055.169,43.495,31.6603
222.2,8.288,1.2,-79.0,193676.0,41.6,31.02493
0.6619,7.0325,189.6158,-78.7277,194056.4439,43.6622,31.7323
4.4337,7.6298,189.3557,-78.8907,194055.2096,43.5501,31.6252
218.1,8.28,1.2,-76.0,193672.0,44.6,30.72463
229.4,8.288,1.2,-76.0,193676.0,42.6,32.05454
1.6478,7.2192,190.2158,-78.3595,194056.3732,43.6455,31.723
224.6,8.288,1.2,-68.0,193628.0,43.6,33.1056
0.8353,7.8974,189.5509,-77.9399,194055.0391,43.5295,31.7276
4.2749,7.0611,188.1793,-78.333,194056.5377,43.4689,31.6633
2.0853,7.379,191.2631,-78.3799,194055.6822,43.7086,31.546
229.0,8.288,1.2,-76.0,193676.0,42.6,32.02237
224.9,8.288,1.2,-75.0,193672.0,43.6,32.06527
213.5,8.288,1.2,-82.0,193676.0,41.6,30.72463
3.9791,7.2761,192.1066,-78.2473,194055.934,43.5465,31.6409
3.7105,7.5188,190.5831,-77.1226,194054.5136,43.7201,31.7438
2.9716,7.6688,188.9952,-78.0025,194055.7778,43.5037,31.8493
1.544,7.6521,189.0278,-78.4166,194055.5751,43.6734,31.7133
214.3,8.288,1.2,-78.0,193676.0,43.6,30.55303
218.9,8.288,1.2,-79.0,193672.0,41.6,30.77826
3.2794,7.0608,191.879,-77.2927,194057.2606,43.7521,31.9748
4.1812,7.0165,188.4909,-78.2951,194056.327,43.6611,31.6693
227.6,8.288,1.2,-74.0,193672.0,43.6,32.25832
220.9,8.168,-229.2,-71.0,194056.0,43.6,32.79457
4.0364,7.2164,192.7106,-77.9662,194055.4073,43.587,31.8403
1.9161,7.179,190.3132,-78.1701,194056.3401,43.6268,31.8622
0.8466,7.117,188.0959,-77.9745,194056.4367,43.5082,31.7311
226.2,8.288,1.2,-83.0,193620.0,42.6,31.27161
224.8,8.288,1.2,-74.0,193672.0,43.6,32.39775
4.1248,7.3642,189.207,-78.0946,194055.9484,43.6704,31.8213
225.7,8.296,1.2,-76.0,192104.0,42.6,31.47539
219.3,8.16,-231.2,-73.0,194056.0,43.6,32.70877
0.279,7.94,189.0524,-77.7759,194056.2763,43.5843,31.6848
3.3331,7.7858,189.0172,-77.8201,194055.672,43.5747,31.6356
229.4,8.16,-96.8,-67.0,193676.0,44.6,33.07343
4.8723,7.1974,189.2434,-78.2902,194054.7358,43.7041,31.7577
2.3339,7.5332,188.1811,-78.2098,194056.0326,43.5788,31.7717
222.4,8.288,1.2,-81.0,193672.0,44.6,30.67101
223.6,8.288,1.2,-65.0,193672.0,43.6,32.6766
3.559,7.6773,190.1325,-77.8678,194056.7681,43.6269,31.7438
1.7374,7.8654,189.3305,-77.4318,194055.3888,43.7502,31.5322
3.7183,7.8602,191.8113,-77.3362,194057.0621,43.7005,31.5937
226.8,8.288,1.2,-77.0,193672.0,43.6,32.00092
227.1,8.288,1.2,-74.0,193672.0,43.6,32.32267
2.551,7.4279,185.9075,-78.5494,194056.2357,43.6453,31.7777
227.6,8.288,1.2,-76.0,193676.0,42.6,30.84261
1.4082,7.5948,192.6593,-78.526,194054.91,43.4648,31.5603
223.1,8.288,1.2,-87.0,193676.0,42.6,31.33596
222.1,8.28,1.2,-81.0,193676.0,42.6,31.64699
4.9399,7.503,188.4152,-77.625,194054.8441,43.6213,31.7539
226.7,8.288,1.2,-71.0,193672.0,43.6,32.16179
226.3,8.288,1.2,-80.0,193628.0,42.6,31.79714
227.6,8.288,1.2,-77.0,193676.0,42.6,31.67916
0.949,7.0334,193.2632,-78.3805,194057.3177,43.454,31.7314
2.8806,7.7657,190.4329,-78.7754,194055.417,43.613,31.5424
2.9926,7.2628,193.2704,-78.6311,194055.5131,43.7297,31.7715
0.4555,7.0249,190.399,-78.4024,194055.5665,43.5952,31.4933
0.9733,7.7888,190.8734,-78.4678,194056.6352,43.367,31.7398
0.9297,7.223,187.4634,-78.8468,194053.604,43.607,31.791
2.2186,7.7895,192.4035,-78.7317,194054.9804,43.3345,31.7485
223.9,8.288,1.2,-80.0,193672.0,42.6,31.04638
221.1,8.288,1.2,-86.0,193672.0,42.6,30.66028
222.7,8.12,-143.6,-62.0,192120.0,43.6,32.78385
2.4012,7.9774,188.1721,-78.3939,194056.0706,43.714,31.828
224.9,8.288,1.2,-64.0,193672.0,42.6,32.08672
4.3601,7.3349,188.901,-78.4974,194055.8572,43.5958,31.687
223.8,8.288,1.2,-76.0,193672.0,41.6,30.83188
214.4,8.288,1.2,-82.0,193676.0,41.6,30.64956
3.1486,7.8705,189.6924,-77.7772,194053.9657,43.7069,31.6854
2.7774,7.8872,192.5581,-78.6068,194057.6221,43.7698,31.6903
4.168,7.584,190.8678,-77.9752,194056.5357,43.6154,31.7866
228.1,8.28,1.2,-79.0,193672.0,42.6,32.05454
4.0211,7.1516,186.5987,-77.9104,194054.785,43.3879,31.6344
2.2185,7.0102,188.936,-79.2375,194056.3305,43.5994,31.7143
223.2,8.28,1.2,-84.0,193672.0,42.6,31.06783
2.0042,7.7305,190.5657,-78.1973,194056.7173,43.4038,31.8464
219.6,8.104,-233.6,-77.0,194056.0,43.6,31.85077
3.5814,7.3447,189.5442,-78.3978,194056.0769,43.5062,31.495
223.0,8.288,1.2,-65.0,193620.0,43.6,32.55862
4.2116,7.5616,192.3369,-78.0681,194054.7112,43.7239,31.6995
226.3,8.288,1.2,-76.0,193672.0,42.6,31.35741
4.7457,7.7777,190.298,-78.4391,194054.2983,43.451,31.6481
224.9,8.288,1.2,-79.0,193672.0,42.6,31.04638
4.1151,7.9245,192.2854,-77.6638,194055.2709,43.4816,31.6929
0.0693,7.5992,189.0189,-78.8722,194056.5197,43.5536,31.7688
2.812,7.5854,188.6082,-77.7209,194057.3412,43.4831,31.7991
2.0151,7.6946,191.1649,-77.7122,194055.2558,43.6553,31.7575
2.3998,7.0969,191.5088,-79.1938,194056.9853,43.7177,31.8972
0.2252,7.5389,190.2036,-77.72,194055.7929,43.5009,31.6219
3.9512,7.1043,189.4895,-77.9245,194055.5692,43.7082,31.5543
0.0669,7.1739,187.4408,-78.5287,194057.1788,43.6076,31.5329
217.4,8.28,1.2,-78.0,193676.0,41.6,30.75681
224.4,8.28,1.2,-80.0,193672.0,42.6,32.21542
220.2,8.12,-157.2,-67.0,194056.0,43.6,32.77312
229.0,8.288,1.2,-79.0,193672.0,42.6,32.09744
216.3,8.288,1.2,-79.0,193676.0,41.6,30.70318
219.3,8.288,1.2,-81.0,193676.0,44.6,30.68173
228.9,8.288,1.2,-75.0,193672.0,43.6,32.10817
1.2879,7.2179,188.2819,-78.6243,194054.8893,43.6063,31.6286
3.0237,7.1287,190.8076,-78.0927,194055.2797,43.4617,31.7743
221.4,8.288,1.2,-72.0,193676.0,41.6,30.92841
0.5823,7.7207,193.7803,-77.6478,194055.6949,43.6073,31.9195
0.8106,7.6003,189.9539,-78.3741,194055.4736,43.4909,31.6986
225.2,8.288,1.2,-74.0,193672.0,43.6,32.3763
222.1,8.144,-232.0,-70.0,194064.0,43.6,32.6337
219.2,8.288,1.2,-78.0,193672.0,42.6,31.04638
222.4,8.288,1.2,-67.0,193672.0,43.6,32.82675
2.5148,7.388,188.8907,-78.9724,194054.9821,43.4049,31.8359
222.5,8.288,1.2,-66.0,193672.0,43.6,32.8053
2.2442,7.1116,193.1397,-77.4708,194056.8448,43.7094,31.5383
220.8,8.288,1.2,-74.0,193676.0,42.6,30.98203
4.8473,7.841,186.0486,-78.5491,194056.6645,43.5789,31.7053
4.1274,7.1745,189.5363,-78.498,194054.6086,43.5456,31.6215
0.7682,7.9818,189.2713,-78.2497,194055.723,43.6819,31.7028
226.0,8.288,1.2,-79.0,193672.0,43.6,32.17252
219.6,8.288,1.2,-73.0,193676.0,41.6,30.84261
1.1413,7.1473,191.3692,-78.1865,194057.0221,43.7529,31.6558
2.8368,7.9523,189.2064,-78.4651,194057.0923,43.3475,31.9051
1.5673,7.6064,192.7228,-78.3769,194055.0478,43.5823,31.6395
224.6,8.288,1.2,-79.0,193676.0,41.6,30.92841
2.9041,7.2913,191.0858,-77.7436,194056.2936,43.8317,31.5069
3.0983,7.4696,193.2872,-77.8391,194055.6709,43.5791,31.8573
222.2,8.288,1.2,-66.0,193672.0,43.6,32.45137
223.3,8.288,1.2,-83.0,193672.0,42.6,31.47539
0.2016,7.6375,187.1278,-78.8024,194055.138,43.5852,31.4709
217.4,8.288,1.2,-78.0,193676.0,41.6,30.83188
229.9,8.288,1.2,-71.0,193672.0,43.6,32.36557
226.1,8.288,1.2,-78.0,193672.0,43.6,32.2047
224.8,8.288,1.2,-79.0,193676.0,41.6,30.93913
1.4458,7.4404,188.6949,-79.031,194056.7455,43.651,31.8245
222.3,8.288,1.2,-79.0,193672.0,42.6,32.19397
0.1253,7.4605,192.1444,-78.6684,194054.9703,43.6608,31.8092
226.9,8.296,1.2,-84.0,193764.0,46.6,30.56376
227.1,8.288,1.2,-71.0,193672.0,43.6,32.12962
228.1,8.288,1.2,-78.0,193672.0,42.6,32.02237
216.3,8.288,1.2,-81.0,193672.0,43.6,30.70318
226.6,8.288,1.2,-71.0,193672.0,43.6,32.11889
225.5,8.28,1.2,-83.0,193676.0,42.6,31.33596
226.5,8.288,1.2,-74.0,193672.0,42.6,32.22615
215.1,8.12,-229.6,-79.0,194064.0,43.6,32.22615
0.1983,7.8911,186.8064,-77.2362,194056.1608,43.4803,31.7749
4.06,7.5343,190.6526,-77.8365,194054.205,43.5595,31.7369
224.6,8.288,1.2,-78.0,193672.0,42.6,31.43249
229.7,8.28,1.2,-74.0,193624.0,42.6,31.99019
225.1,8.296,1.2,-91.0,193668.0,44.6,30.60666
229.9,8.112,-122.0,-66.0,193676.0,46.6,33.08415
2.755,7.8429,188.2168,-77.387,194057.4772,43.5139,31.8264
4.4127,7.2292,189.6684,-78.6355,194056.331,43.6547,31.7419
229.5,8.288,1.2,-64.0,193676.0,43.6,33.05198
226.0,8.288,1.2,-80.0,193676.0,41.6,31.00348
225.0,8.288,1.2,-66.0,193672.0,43.6,32.22615
229.2,8.168,-96.8,-67.0,193676.0,43.6,33.05198
223.6,8.288,1.2,-80.0,193672.0,42.6,31.14291
224.9,8.288,1.2,-74.0,193672.0,43.6,32.3334
1.4303,7.5451,187.8338,-77.9805,194055.4811,43.7309,31.7338
3.7899,7.8095,190.0088,-77.0337,194055.3488,43.4434,31.6171
3.2725,7.662,194.9536,-78.0969,194055.5597,43.5989,31.8054
4.1716,7.0574,193.101,-78.084,194055.7673,43.6393,31.8227
225.2,8.288,1.2,-66.0,191192.0,43.6,32.15107
3.8924,7.7518,189.2232,-78.0489,194056.3169,43.7036,31.7978
2.9626,7.0217,191.4615,-78.2479,194056.0356,43.4222,31.7593
224.9,8.288,1.2,-74.0,193672.0,43.6,32.03309
225.4,8.288,1.2,-74.0,193672.0,42.6,31.97947
222.5,8.288,1.2,-82.0,193676.0,42.6,31.38959
1.6547,7.7323,188.7439,-78.4076,194054.8709,43.6782,31.7948
4.7629,7.1751,191.4466,-77.464,194054.4897,43.7897,31.8345
3.1004,7.0925,191.3052,-78.2187,194054.7516,43.5881,31.8757
3.1458,7.5708,192.356,-78.8677,194054.266,43.5205,31.7783
2.4084,7.0398,191.3912,-77.3729,194056.1732,43.6075,31.8867
225.7,8.288,1.2,-85.0,193672.0,41.6,30.81043
0.9054,7.2388,188.0424,-78.3405,194056.1352,43.5775,31.7726
1.7963,7.9507,189.1172,-78.8688,194057.822,43.5359,31.6262
216.7,8.28,1.2,-84.0,193676.0,41.6,30.84261
1.4293,7.9008,192.3214,-77.8574,194055.5031,43.747,31.625
219.8,8.128,-170.0,-73.0,194008.0,43.6,32.7624
224.9,8.288,1.2,-77.0,193672.0,43.6,31.96874
225.0,8.128,-116.0,-64.0,193676.0,43.6,32.8911
3.925,7.9574,190.2369,-78.6057,194055.3665,43.562,31.7645
224.6,8.288,1.2,-76.0,193672.0,42.6,30.79971
221.2,8.288,1.2,-81.0,193676.0,44.6,30.68173
226.2,8.288,1.2,-78.0,193672.0,41.6,30.77826
1.7775,7.5467,192.099,-77.4917,194056.6676,43.7964,31.5535
3.6885,7.6352,192.1602,-78.1395,194054.9457,43.5695,31.583
227.1,8.288,1.2,-74.0,193672.0,43.6,32.3334
228.3,8.288,1.2,-81.0,193676.0,42.6,31.87222
226.7,8.288,1.2,-76.0,193672.0,42.6,31.42176
0.2809,7.5826,190.4316,-78.36,194056.1918,43.5599,31.6659
225.1,8.288,1.2,-79.0,193672.0,42.6,31.41104
217.5,8.288,1.2,-74.0,191196.0,43.6,30.85333
226.6,8.288,1.2,-65.0,193672.0,43.6,32.42992
0.332,7.2447,189.989,-76.9823,194057.2231,43.7511,31.8572
225.8,8.288,1.2,-80.0,193672.0,42.6,31.20726
224.4,8.288,1.2,-80.0,193672.0,42.6,31.41104
1.1016,7.3954,189.0354,-77.9439,194055.5375,43.5325,31.6635
1.7777,7.8648,191.0956,-78.2023,194057.1916,43.5535,31.8635
3.9286,7.7183,188.761,-77.7736,194055.0421,43.6478,31.7712
225.9,8.288,1.2,-75.0,193672.0,42.6,32.10817
218.5,8.288,1.2,-78.0,193672.0,41.6,30.73536
226.7,8.28,1.2,-76.0,193672.0,43.6,31.97947
0.0925,7.514,189.4007,-77.543,194055.9108,43.3651,31.4014
227.0,8.288,1.2,-72.0,193672.0,43.6,32.15107
0.9119,7.716,187.3877,-77.4648,194057.8124,43.5893,31.6887
2.2336,7.4575,188.9296,-79.0292,194056.7776,43.5209,31.6042
220.4,8.12,-130.4,-70.0,193692.0,44.6,32.81602
225.8,8.288,1.2,-80.0,193676.0,44.6,30.56376
226.6,8.288,1.2,-76.0,193672.0,43.6,32.00092
0.0244,7.0567,187.9751,-78.4759,194055.3698,43.3939,31.7068
229.2,8.296,1.2,-64.0,192092.0,43.6,33.07343
216.7,8.16,-218.0,-72.0,194056.0,43.6,32.7624
224.9,8.288,1.2,-80.0,193672.0,43.6,31.95802
3.336,7.8601,186.8493,-78.1892,194057.6527,43.6421,31.6994
0.9816,7.6144,189.5723,-77.9623,194054.7402,43.585,31.7275
3.7052,7.304,187.9697,-77.9271,194056.7893,43.584,31.7114
220.4,8.296,1.2,-82.0,192104.0,44.6,30.70318
225.8,8.288,1.2,-81.0,193676.0,42.6,31.79714
229.0,8.152,-99.99999,-69.0,193676.0,45.6,32.95545
1.4526,7.4787,191.1463,-79.0236,194054.9998,43.8095,31.5709
3.8573,7.5484,192.4933,-78.3558,194054.7738,43.5346,31.8079
218.9,8.288,1.2,-83.0,193620.0,41.6,30.90696
226.7,8.288,1.2,-78.0,193672.0,43.6,32.06527
226.2,8.288,1.2,-80.0,193672.0,43.6,32.01164
222.3,8.288,1.2,-66.0,193672.0,43.6,32.82675
219.7,8.112,-228.8,-78.0,194064.0,43.6,32.15107
1.0873,7.4828,189.295,-77.5877,194055.3827,43.539,31.6426
220.0,8.288,1.2,-87.0,193672.0,43.6,30.89623
1.481,7.8396,192.9331,-77.6345,194056.6527,43.5408,31.659
4.3005,7.2727,191.7352,-78.3335,194055.4745,43.4239,31.8501
221.1,8.288,1.2,-82.0,193672.0,42.6,31.55046
217.9,8.288,1.2,-78.0,193676.0,41.6,30.71391
224.7,8.296,1.2,-83.0,193628.0,46.6,30.60666
1.0848,7.7842,188.3157,-77.6884,194056.5084,43.4773,31.6144
0.6255,7.8019,191.0938,-77.5933,194055.843,43.7459,31.6992
227.0,8.288,1.2,-72.0,193672.0,43.6,32.17252
2.986,7.6567,191.663,-78.3532,194056.1244,43.6271,31.6007
3.9989,7.6901,189.5618,-78.5792,194055.2763,43.6793,31.6879
3.9381,7.5183,194.6002,-77.1361,194056.1151,43.7729,31.892
227.7,8.288,1.2,-80.0,193672.0,43.6,32.08672
227.5,8.144,-102.0,-79.0,193676.0,44.6,32.88037
216.6,8.288,1.2,-76.0,193676.0,41.6,30.74608
222.3,8.288,1.2,-86.0,193676.0,42.6,31.34669
3.3259,7.0196,191.86,-78.0914,194055.9719,43.7172,31.5805
0.3625,7.2797,186.8774,-78.6484,194055.4989,43.6017,31.661
225.1,8.288,1.2,-79.0,193672.0,43.6,32.19397
0.4919,7.2216,187.2233,-77.6203,194056.2554,43.5846,31.7127
4.6485,7.9757,188.8876,-77.3644,194058.6535,43.7314,31.6739
2.1646,7.4791,191.3919,-78.0652,194055.5679,43.3766,31.5538
2.467,7.175,191.1174,-78.0207,194057.1059,43.6498,31.4934
3.9061,7.3865,188.414,-79.4351,194055.6087,43.411,31.63
0.1911,7.5765,188.4035,-78.1196,194056.2256,43.621,31.7132
0.7778,7.6005,186.8528,-78.282,194055.1531,43.6479,31.7463
2.4483,7.2585,189.512,-77.6737,194055.7385,43.5708,31.7879
224.5,8.288,1.2,-77.0,193672.0,41.6,30.82116
225.1,8.288,1.2,-82.0,193672.0,45.6,30.55303
224.6,8.28,1.2,-74.0,193676.0,42.6,31.48611
225.7,8.288,1.2,-74.0,193676.0,41.6,30.86406
224.9,8.12,-120.8,-88.0,193676.0,43.6,32.86965
3.3675,7.0293,191.573,-78.3138,194057.3039,43.7027,31.5498
219.4,8.288,1.2,-75.0,193676.0,42.6,31.48611
220.8,8.28,1.2,-73.0,193676.0,41.6,30.91768
229.7,8.288,1.2,-74.0,191196.0,43.6,31.97947
2.622,7.4387,190.9263,-77.7939,194055.3244,43.5427,31.7346
224.0,8.288,1.2,-78.0,193676.0,42.6,31.02493
223.4,8.288,1.2,-75.0,193676.0,42.6,31.52901
216.4,8.28,1.2,-80.0,192104.0,41.6,30.78898
0.4325,7.8485,189.0961,-78.536,194056.0376,43.7001,31.8304
220.2,8.288,1.2,-67.0,193676.0,43.6,32.91255
2.3478,7.3316,188.8255,-77.3051,194055.4885,43.7176,31.5441
0.2451,7.8527,190.1769,-77.8946,194055.931,43.5884,31.7845
2.0498,7.4186,186.1961,-78.8914,194056.3356,43.5102,31.6336
225.1,8.288,1.2,-65.0,193672.0,43.6,32.08672
3.11,7.361,188.3351,-78.3087,194054.9449,43.5556,31.835
0.2573,7.5976,185.9081,-78.165,194057.3303,43.6059,31.7173
228.2,8.288,1.2,-81.0,193672.0,43.6,32.08672
225.9,8.288,1.2,-74.0,193676.0,42.6,31.65771
222.6,8.12,-128.8,-63.0,193684.0,43.6,32.83747
223.2,8.288,1.2,-65.0,193620.0,44.6,32.4192
225.1,8.288,1.2,-65.0,193672.0,43.6,32.23687
220.2,8.136,-229.2,-65.0,194064.0,43.6,32.5908
3.6199,7.333,189.8417,-78.025,194052.5038,43.6887,31.7409
224.9,8.288,1.2,-68.0,193676.0,43.6,33.09488
221.5,8.28,1.2,-85.0,193672.0,41.6,30.82116
1.4526,7.3475,187.5792,-77.3227,194055.2539,43.5655,31.734
3.0705,7.2486,188.0619,-78.1161,194056.9655,43.4199,31.6228
223.4,8.288,1.2,-66.0,193672.0,43.6,32.68732
1.4656,7.5016,186.5468,-77.5125,194056.279,43.5116,31.8009
223.5,8.28,1.2,-76.0,192100.0,43.6,31.15364
0.9322,7.5335,192.0064,-77.629,194056.2854,43.617,31.6546
224.5,8.288,1.2,-79.0,193672.0,42.6,31.40031
1.9386,7.7096,189.7559,-78.3815,194056.6288,43.5523,31.8194
2.3601,7.5116,190.4558,-79.0004,194054.7992,43.6752,31.5579
227.4,8.288,1.2,-78.0,193676.0,41.6,30.93913
223.1,8.288,1.2,-62.0,193672.0,43.6,32.61225
3.5827,7.4983,187.4268,-78.2133,194055.6108,43.736,31.7043
0.4719,7.5993,185.6617,-78.246,194056.2352,43.7181,31.8492
226.0,8.288,1.2,-83.0,193672.0,42.6,31.25016
2.1,7.2923,187.7078,-78.1978,194056.3582,43.5037,31.7569
226.3,8.288,1.2,-82.0,193672.0,41.6,30.93913
222.7,8.296,1.2,-65.0,192100.0,44.6,32.5908
2.731,7.8723,190.5874,-78.9366,194055.202,43.4698,31.7107
225.1,8.288,1.2,-74.0,193672.0,43.6,32.3334
226.1,8.288,1.2,-83.0,193628.0,44.6,30.55303
226.0,8.288,1.2,-75.0,193676.0,42.6,31.60409
0.9014,7.0778,190.8677,-77.8564,194057.2138,43.6013,31.435
221.7,8.144,-105.6,-74.0,193676.0,44.6,32.934
1.527,7.8608,188.5307,-77.6869,194053.8535,43.5946,31.8497
0.9199,7.954,190.9766,-77.968,194055.5519,43.5585,31.7327
1.1793,7.0304,191.888,-78.2946,194056.3661,43.5241,31.5912
220.3,8.12,-137.6,-66.0,193684.0,44.6,32.78385
225.6,8.288,1.2,-76.0,193676.0,43.6,30.5423
229.3,8.168,-96.8,-68.0,193676.0,43.6,33.05198
1.552,7.5293,188.7016,-78.0628,194053.6917,43.4101,31.5597
217.7,8.128,-166.8,-63.0,194056.0,44.6,32.74095
3.5011,7.1885,189.4181,-78.8473,194055.604,43.5481,31.8047
226.3,8.288,1.2,-79.0,193672.0,41.6,30.87478
216.9,8.288,1.2,-75.0,193676.0,41.6,30.83188
0.6398,7.5174,192.8674,-78.7505,194054.7174,43.6408,31.5971
3.1946,7.0955,189.5699,-78.9766,194057.1445,43.6574,31.5557
223.6,8.288,1.2,-77.0,193676.0,41.6,30.88551
4.1048,7.4363,190.1701,-78.0443,194055.9719,43.5225,31.6055
1.2322,7.7148,189.2472,-78.3884,194054.9746,43.6602,31.6817
0.0201,7.2981,192.4243,-78.7308,194055.1529,43.7607,31.6904
227.4,8.288,1.2,-65.0,193672.0,43.6,32.06527
0.6746,7.3179,193.804,-77.9882,194055.8492,43.6154,31.765
226.3,8.28,1.2,-75.0,193672.0,42.6,31.35741
4.815,7.9558,185.2887,-77.3051,194054.6067,43.6358,31.8085
224.9,8.288,1.2,-78.0,193676.0,42.6,31.40031
1.4153,7.4346,192.8951,-78.1407,194056.7721,43.6561,31.6503
2.7535,7.6299,187.9842,-77.8737,194056.5722,43.5765,31.4954
224.4,8.288,1.2,-67.0,193676.0,43.6,33.1056
0.6883,7.4755,191.9386,-77.538,194055.8294,43.5934,31.7448
2.2596,7.2313,189.9828,-78.1233,194056.5538,43.5868,31.7597
225.2,8.288,1.2,-75.0,193672.0,43.6,32.2047
223.5,8.136,-106.4,-71.0,193676.0,43.6,32.95545
222.9,8.288,1.2,-85.0,193816.0,44.6,30.61738
2.5141,7.4777,190.828,-76.3551,194054.2511,43.6617,31.7103
3.036,7.2962,185.749,-77.3959,194056.5868,43.7851,31.6043
219.0,8.288,1.2,-80.0,193672.0,41.6,30.86406
220.3,8.288,1.2,-78.0,193672.0,44.6,30.67101
0.8515,7.6294,190.4616,-78.6598,194055.2754,43.5159,31.784
223.4,8.288,1.2,-67.0,193672.0,43.6,32.18324
0.7175,7.1093,191.0955,-78.3859,194054.4728,43.5518,31.7515
227.7,8.152,-101.2,-66.0,193676.0,44.6,32.92327
228.5,8.28,1.2,-79.0,193676.0,45.6,30.53158
220.7,8.288,1.2,-76.0,193672.0,42.6,31.14291
218.4,8.288,1.2,-78.0,193676.0,41.6,30.70318
3.3448,7.0349,188.0305,-77.4479,194055.3636,43.6048,31.6343
1.9048,7.1419,187.9755,-78.2065,194054.4746,43.4968,31.6306
0.2063,7.8512,185.7859,-77.8412,194056.9985,43.8465,31.8505
0.9496,7.9013,192.5508,-77.0155,194056.6844,43.4827,31.6416
3.944,7.3911,191.5661,-78.2963,194054.8433,43.6945,31.8272
2.7285,7.3536,189.5512,-78.4017,194056.423,43.6038,31.7151
2.1374,7.9096,188.5926,-77.8605,194056.7411,43.3213,31.728
225.8,8.288,1.2,-82.0,193672.0,42.6,31.56119
226.1,8.288,1.2,-81.0,193676.0,42.6,31.78642
2.442,7.0126,187.7387,-77.4575,194056.7063,43.7424,31.5181
223.5,8.288,1.2,-83.0,193672.0,41.6,30.79971
227.7,8.288,1.2,-72.0,193672.0,43.6,32.17252
221.4,8.288,1.2,-80.0,193672.0,41.6,31.08928
3.0213,7.2237,185.9851,-77.8403,194054.6294,43.4833,31.7084
218.5,8.136,-232.0,-78.0,194056.0,43.6,32.56935
1.1809,7.3333,190.4984,-78.1046,194055.5788,43.5902,31.596
0.1277,7.6068,189.8868,-78.0471,194055.22,43.6119,31.7181
2.9015,7.4805,186.4521,-78.2387,194055.9168,43.5981,31.7545
225.4,8.288,1.2,-75.0,190928.0,43.6,32.2047
4.529,7.754,189.5206,-78.3669,194055.882,43.6418,31.6638
228.4,8.168,-93.2,-70.0,193676.0,43.6,33.04125
1.0772,7.6695,191.5531,-78.3441,194056.2116,43.7245,31.6422
223.9,8.288,1.2,-74.0,192100.0,43.6,31.95802
225.9,8.288,1.2,-70.0,193672.0,43.6,32.36557
218.7,8.144,-202.4,-72.0,194056.0,43.6,32.78385
228.0,8.288,1.2,-77.0,193672.0,43.6,32.10817
222.0,8.288,1.2,-65.0,193672.0,43.6,32.5908
215.9,8.296,1.2,-79.0,193676.0,44.6,30.71391
2.2934,7.3502,190.8027,-77.2435,194055.1669,43.7777,31.7378
224.7,8.288,1.2,-68.0,193676.0,43.6,32.81602
219.8,8.144,-233.2,-70.0,194056.0,43.6,32.5908
224.1,8.288,1.2,-79.0,193672.0,42.6,31.04638
229.5,8.288,1.2,-78.0,193676.0,41.6,30.92841
2.7327,7.7069,188.8645,-78.2706,194056.3076,43.4694,31.7473
215.8,8.296,1.2,-82.0,193636.0,43.6,30.55303
2.5381,7.7039,189.8297,-77.6052,194055.911,43.6643,31.6733
224.7,8.288,1.2,-68.0,193676.0,44.6,33.1056
224.8,8.288,1.2,-82.0,193672.0,42.6,31.41104
2.9209,7.4048,185.4389,-77.7818,194056.0951,43.6254,31.7104
2.7587,7.3467,193.6363,-78.5663,194057.0224,43.5617,31.7977
0.4491,7.9671,189.8699,-78.3003,194056.965,43.4777,31.6552
224.2,8.288,1.2,-69.0,193676.0,43.6,33.08415
227.7,8.28,1.2,-76.0,193672.0,43.6,32.30122
228.5,8.288,1.2,-63.0,193676.0,43.6,32.96618
4.943,7.8404,187.1834,-77.7279,194057.6074,43.4683,31.719
3.5715,7.9696,188.0872,-77.9917,194054.9484,43.5637,31.6763
228.5,8.288,1.2,-67.0,193676.0,44.6,32.95545
1.8553,7.7914,190.6579,-77.8637,194055.5109,43.6177,31.6883
215.1,8.288,1.2,-80.0,193676.0,41.6,30.82116
1.1406,7.8011,187.2177,-78.0994,194055.4014,43.656,31.7234
2.6523,7.4927,191.8741,-78.4579,194057.0096,43.5951,31.7064
4.8683,7.0274,186.0929,-77.6373,194055.6093,43.6296,31.6518
220.7,8.288,1.2,-76.0,193676.0,45.6,30.5423
229.8,8.28,1.2,-72.0,193672.0,42.6,32.03309
215.8,8.288,1.2,-82.0,193668.0,41.6,30.69246
227.6,8.288,1.2,-63.0,193672.0,42.6,32.04382
227.6,8.28,1.2,-79.0,193672.0,42.6,32.07599
1.083,7.8088,192.6418,-78.1198,194057.5319,43.6507,31.8164
0.5762,7.0926,193.2293,-78.3343,194055.5948,43.5617,31.7032
224.9,8.288,1.2,-77.0,193672.0,41.6,30.94986
223.3,8.128,-116.8,-61.0,193676.0,43.6,32.88037
229.6,8.288,1.2,-76.0,193676.0,42.6,31.89367
226.8,8.288,1.2,-78.0,193672.0,41.6,30.78898
1.0783,7.8575,189.3819,-78.3498,194055.7983,43.687,31.7699
4.7033,7.036,192.4045,-77.4881,194056.9054,43.4817,31.8465
4.2911,7.7542,194.0475,-77.8986,194055.8983,43.5407,31.8609
0.63,7.4999,192.2397,-77.5979,194056.1619,43.6228,31.7185
2.2089,7.2956,190.0077,-78.5067,194056.9007,43.6538,31.6502
3.4928,7.1781,194.1525,-78.2508,194055.7407,43.5955,31.6764
1.4853,7.2113,189.9656,-77.5802,194054.6651,43.7531,31.6486
0.8432,7.9323,189.4295,-79.168,194056.5786,43.4811,31.5274
224.8,8.288,1.2,-81.0,193672.0,42.6,31.49684
219.2,8.296,1.2,-87.0,193672.0,45.6,30.66028
225.4,8.296,1.2,-78.0,192104.0,42.6,30.90696
0.6767,7.093,188.1804,-78.115,194057.5758,43.7371,31.6644
225.6,8.288,1.2,-76.0,193676.0,42.6,31.41104
2.0547,7.2807,190.0051,-78.0348,194054.9573,43.4459,31.7736
3.7832,7.3222,193.3456,-77.462,194055.1149,43.6151,31.8459
3.5875,7.8699,190.6131,-78.0822,194054.9677,43.5454,31.6409
2.4436,7.2255,190.5224,-78.1949,194056.1174,43.6371,31.6751
222.6,8.288,1.2,-81.0,193676.0,42.6,31.11073
228.0,8.28,1.2,-74.0,193672.0,42.6,32.19397
3.0778,7.4366,187.5742,-78.1742,194055.5085,43.67,31.5871
4.9259,7.5304,190.3915,-78.2026,194055.2324,43.7135,31.7998
225.3,8.12,-124.8,-63.0,193684.0,43.6,32.8911
4.4553,7.6624,189.5894,-77.8076,194055.8029,43.4857,31.7059
4.7017,7.4805,192.1454,-77.7467,194055.1961,43.6116,31.747
227.7,8.288,1.2,-71.0,193672.0,42.6,32.10817
1.9985,7.2236,191.6653,-77.6761,194056.8481,43.522,31.7739
226.1,8.288,1.2,-73.0,193672.0,43.6,32.11889
228.7,8.288,1.2,-82.0,193676.0,42.6,31.85077
2.127,7.9396,190.7412,-78.1244,194055.1316,43.5179,31.7223
0.0981,7.0818,190.325,-78.5927,194056.9305,43.571,31.7096
224.5,8.288,1.2,-74.0,193672.0,42.6,31.94729
2.2582,7.4987,188.0278,-77.7267,194055.2242,43.5642,31.6521
223.9,8.288,1.2,-79.0,193672.0,42.6,31.42176
224.5,8.288,1.2,-75.0,193676.0,42.6,31.45394
4.5782,7.499,192.7641,-77.9174,194057.2377,43.3256,31.7102
1.528,7.66,187.7719,-77.782,194057.3136,43.6363,31.6546
225.0,8.288,1.2,-75.0,193676.0,41.6,30.76753
3.5536,7.5399,187.6639,-78.5419,194057.2692,43.6716,31.7494
3.0316,7.5846,189.1274,-77.8781,194056.8366,43.6833,31.7845
227.3,8.28,1.2,-78.0,193676.0,41.6,30.92841
1.4327,7.12,186.8224,-77.5625,194055.1855,43.6312,31.7775
226.4,8.288,1.2,-78.0,193672.0,43.6,32.23687
225.0,8.136,-116.0,-78.0,193676.0,43.6,32.8911
224.6,8.288,1.2,-79.0,193676.0,42.6,31.45394
225.7,8.296,1.2,-81.0,192104.0,42.6,31.80787
3.6091,7.4335,193.4426,-78.3082,194056.0862,43.5389,31.7914
3.0055,7.3347,186.6853,-77.6303,194055.5796,43.6673,31.7472
0.8003,7.2664,187.7422,-78.2294,194056.3724,43.798,31.683
222.3,8.296,1.2,-78.0,192104.0,41.6,30.85333
224.7,8.288,1.2,-78.0,193672.0,41.6,30.78898
4.6501,7.4831,187.0761,-77.9805,194056.2832,43.6287,31.7434
1.7499,7.0769,191.4426,-77.8354,194055.3236,43.6468,31.5873
229.0,8.288,1.2,-71.0,193672.0,43.6,32.31195
2.0261,7.2481,189.3419,-77.2303,194056.0961,43.6133,31.6548
224.0,8.288,1.2,-79.0,193672.0,42.6,31.44321
222.2,8.288,1.2,-82.0,193664.0,44.6,30.66028
3.466,7.9148,188.0993,-78.3577,194055.8023,43.5158,31.7039
4.179,7.2028,190.1342,-78.4831,194056.9321,43.5572,31.6905
3.5527,7.7619,190.5603,-77.04,194055.7913,43.7152,31.6019
4.7161,7.9525,193.1903,-77.6738,194054.4089,43.7023,31.6735
225.2,8.288,1.2,-66.0,193672.0,43.6,32.2047
223.8,8.28,1.2,-77.0,193672.0,41.6,30.82116
4.2688,7.2411,190.3015,-78.2191,194055.739,43.6951,31.7012
228.7,8.288,1.2,-71.0,193672.0,43.6,32.2905
215.9,8.288,1.2,-84.0,193676.0,41.6,30.83188
4.409,7.8277,185.7361,-77.6999,194055.599,43.5978,31.6299
227.0,8.288,1.2,-71.0,193672.0,42.6,32.09744
224.9,8.288,1.2,-87.0,193768.0,44.6,30.61738
1.2911,7.9956,190.5765,-77.6976,194055.9898,43.6595,31.6312
225.7,8.288,1.2,-74.0,193672.0,43.6,32.09744
221.9,8.288,1.2,-76.0,193672.0,42.6,31.13218
226.5,8.288,1.2,-65.0,193672.0,43.6,32.4621
219.1,8.288,1.2,-76.0,193676.0,42.6,31.49684
0.8764,7.2729,194.8708,-78.1243,194054.7211,43.6826,31.8082
3.5433,7.5458,192.0653,-78.252,194056.2629,43.6543,31.6907
2.8647,7.8058,188.6436,-77.7544,194057.0191,43.5186,31.7528
4.1173,7.8452,189.7162,-77.809,194053.5023,43.584,31.7376
227.4,8.288,1.2,-76.0,193676.0,41.6,30.83188
224.2,8.288,1.2,-78.0,193672.0,43.6,32.2047
0.2422,7.7955,189.2491,-77.6532,194056.7307,43.6478,31.7208
219.2,8.112,-229.6,-77.0,194056.0,43.6,32.09744
1.3263,7.2409,191.302,-78.1303,194054.575,43.5318,31.5673
2.6937,7.7551,188.0819,-77.5933,194053.3999,43.6488,31.6649
0.4544,7.2871,189.9297,-78.2585,194057.3047,43.6155,31.5637
221.7,8.28,1.2,-74.0,193656.0,41.6,30.82116
218.7,8.28,1.2,-71.0,193676.0,41.6,30.89623
3.7322,7.9436,188.0272,-77.4515,194057.7862,43.5574,31.7701
218.2,8.28,1.2,-84.0,192104.0,44.6,30.58521
3.5385,7.296,186.1601,-77.5413,194055.9558,43.6832,31.7623
225.0,8.288,1.2,-85.0,193672.0,42.6,31.46466
0.1635,7.7194,189.3689,-77.8479,194056.2496,43.7015,31.786
2.3573,7.1983,190.5005,-78.3731,194055.3595,43.567,31.5463
223.8,8.288,1.2,-77.0,193672.0,41.6,30.82116
214.8,8.288,1.2,-79.0,193676.0,41.6,30.78898
225.8,8.288,1.2,-68.0,193672.0,43.6,32.42992
1.2473,7.2605,186.9483,-77.5131,194056.3367,43.5646,31.6926
0.3878,7.2846,193.3946,-77.2823,194056.669,43.5096,31.6719
212.9,8.288,1.2,-79.0,193628.0,46.6,30.69246
4.0667,7.9572,192.6022,-77.8559,194056.6577,43.6163,31.8851
223.0,8.144,-107.6,-73.0,193676.0,43.6,32.94473
1.2683,7.2349,191.8912,-78.2054,194054.5551,43.5913,31.6674
228.5,8.288,1.2,-64.0,193676.0,43.6,32.92327
228.8,8.288,1.2,-81.0,193676.0,42.6,31.87222
229.0,8.144,-87.2,-68.0,193628.0,45.6,33.00908
2.7146,7.0827,188.3668,-78.9517,194057.1164,43.5185,31.7487
1.188,7.1022,185.4852,-78.7167,194056.446,43.6007,31.5161
4.834,7.2654,189.2674,-78.3628,194056.4818,43.6772,31.7735
3.4504,7.0152,190.2979,-77.5229,194055.9839,43.5517,31.8028
1.8901,7.6538,186.8987,-78.4186,194055.5798,43.6388,31.8137
4.0463,7.2887,192.6716,-78.2959,194055.6481,43.6996,31.5421
2.5695,7.8652,189.3184,-77.3837,194054.0383,43.4873,31.5476
222.0,8.288,1.2,-64.0,193672.0,43.6,32.58007
222.9,8.288,1.2,-76.0,193672.0,41.6,30.89623
228.0,8.288,1.2,-79.0,193672.0,42.6,32.06527
229.6,8.12,-116.8,-66.0,193676.0,44.6,33.08415
1.0458,7.2714,187.2464,-78.261,194054.6371,43.5333,31.8129
1.0159,7.4108,192.1275,-77.4185,194055.8638,43.6619,31.8394
215.2,8.288,1.2,-77.0,193628.0,43.6,30.73536
3.6358,7.6224,193.1954,-78.0587,194054.9774,43.6073,31.724
4.0896,7.8275,191.9095,-79.0508,194055.7028,43.6069,31.7327
0.3436,7.8419,190.0523,-78.3612,194056.6333,43.6008,31.5962
3.9016,7.6675,190.7339,-76.8325,194057.775,43.7031,31.6945
0.9411,7.7966,188.219,-77.9228,194055.8166,43.7362,31.6368
4.0515,7.6057,192.3436,-78.0236,194056.4276,43.8168,31.6688
1.1953,7.9721,186.8688,-78.2565,194055.5547,43.5299,31.7827
227.2,8.296,1.2,-68.0,192100.0,43.6,32.36557
224.0,8.288,1.2,-88.0,193676.0,44.6,30.56376
1.8801,7.1592,189.3946,-77.9616,194055.6684,43.7282,31.6551
217.9,8.288,1.2,-76.0,193676.0,43.6,30.56376
4.1943,7.1576,189.0817,-77.7927,194056.4353,43.4612,31.8117
4.5253,7.2348,191.4072,-77.1816,194055.3714,43.5259,31.8516
226.3,8.288,1.2,-66.0,193676.0,43.6,32.92327
226.4,8.296,1.2,-80.0,191192.0,43.6,32.2047
3.7261,7.9862,188.4158,-78.1371,194055.2691,43.5996,31.6489
1.8817,7.9754,191.4103,-77.8593,194056.6902,43.7408,31.643
4.9651,7.9739,190.2979,-78.2789,194055.0113,43.6415,31.5245
0.347,7.967,190.285,-77.862,194056.1244,43.4354,31.7463
224.5,8.28,1.2,-79.0,193676.0,41.6,30.92841
225.3,8.288,1.2,-74.0,193676.0,42.6,31.84004
1.4701,7.1228,188.3543,-77.1726,194057.4732,43.7346,31.6868
1.6598,7.9042,189.1756,-78.2459,194054.7864,43.6062,31.6181
4.7036,7.2144,191.2307,-77.8962,194055.2021,43.6809,31.7012
1.0464,7.955,193.5775,-77.4252,194055.2347,43.4747,31.8258
223.5,8.288,1.2,-81.0,193676.0,44.6,30.56376
2.7606,7.289,194.2227,-79.1077,194055.6627,43.4811,31.6744
1.5177,7.2889,190.6463,-78.4368,194054.1565,43.5035,31.7215
4.9587,7.3918,190.1479,-77.1319,194056.1027,43.4342,31.7194
2.942,7.7171,186.3949,-77.9518,194055.9359,43.4192,31.7141
219.3,8.288,1.2,-81.0,193676.0,44.6,30.68173
1.3914,7.4823,192.6534,-77.3705,194055.3976,43.6518,31.8117
223.4,8.136,-110.0,-78.0,193676.0,43.6,32.934
222.0,8.288,1.2,-80.0,193672.0,42.6,31.12146
226.6,8.288,1.2,-65.0,193676.0,44.6,32.934
221.0,8.28,1.2,-80.0,193672.0,44.6,30.69246
3.0436,7.5793,187.3174,-78.482,194056.7728,43.7509,31.771
225.4,8.12,-127.6,-62.0,193684.0,43.6,32.88037
224.3,8.288,1.2,-76.0,193676.0,42.6,31.51829
2.6282,7.9847,192.1691,-78.3699,194055.6598,43.5884,31.7242
3.7058,7.6956,190.9202,-77.7853,194054.7948,43.6474,31.624
3.7916,7.4312,192.6017,-78.0624,194056.4249,43.5202,31.7445
223.9,8.288,1.2,-75.0,193672.0,43.6,32.36557
225.2,8.288,1.2,-74.0,193672.0,43.6,32.3763
1.9859,7.87,192.6567,-78.5537,194055.8899,43.5808,31.987
224.8,8.288,1.2,-66.0,193672.0,43.6,32.81602
221.9,8.288,1.2,-87.0,193676.0,42.6,31.36814
2.0593,7.9356,190.6407,-78.4834,194056.1297,43.8729,31.7564
4.7591,7.097,190.0446,-78.1914,194055.954,43.5848,31.683
225.0,8.28,1.2,-76.0,193676.0,42.6,31.66844
0.2663,7.3444,190.0562,-78.2769,194055.598,43.7187,31.7735
224.5,8.288,1.2,-78.0,193672.0,42.6,31.45394
2.9681,7.516,190.4295,-78.2516,194056.2917,43.5528,31.7517
228.0,8.288,1.2,-71.0,193672.0,43.6,32.17252
226.2,8.288,1.2,-67.0,193672.0,43.6,32.36557
221.3,8.288,1.2,-82.0,193672.0,44.6,30.66028
1.0262,7.3236,191.0928,-77.4785,194055.1002,43.5394,31.7861
2.3085,7.8676,188.5125,-77.7512,194054.8091,43.6372,31.5728
225.9,8.288,1.2,-74.0,193672.0,43.6,32.21542
1.6201,7.0001,187.3547,-78.3636,194055.7667,43.6715,31.6923
3.4186,7.9897,190.1599,-77.196,194056.8718,43.654,31.6534
3.7164,7.5833,192.3837,-78.5512,194055.8942,43.6886,31.6517
4.9951,7.0247,189.9365,-78.2717,194057.0927,43.7204,31.7457
225.0,8.288,1.2,-75.0,193672.0,43.6,32.04382
2.424,7.1514,189.0673,-77.6827,194057.1629,43.6436,31.5984
222.1,8.288,1.2,-83.0,193676.0,42.6,31.75424
224.3,8.288,1.2,-75.0,193676.0,42.6,31.41104
0.5621,7.5931,191.3671,-78.278,194056.8414,43.4596,31.6738
229.6,8.288,1.2,-74.0,193676.0,43.6,32.01164
1.1293,7.9181,188.1865,-77.5446,194056.2518,43.6967,31.7614
3.4479,7.2806,191.872,-78.0863,194055.9245,43.6559,31.6392
229.3,8.288,1.2,-80.0,193672.0,43.6,31.96874
225.4,8.288,1.2,-80.0,193676.0,42.6,31.17509
223.0,8.288,1.2,-64.0,193672.0,43.6,32.58007
214.4,8.288,1.2,-81.0,193676.0,44.6,30.69246
1.1094,7.7019,195.1778,-78.1136,194055.725,43.515,31.7202
3.9572,7.4251,190.3596,-77.1842,194056.2304,43.6925,31.7343
224.2,8.288,1.2,-81.0,193672.0,41.6,31.03566
4.9994,7.4405,187.6236,-79.4469,194054.7104,43.5479,31.857
2.2604,7.006,191.4734,-78.2566,194057.2874,43.5685,31.7886
222.9,8.152,-233.2,-74.0,194056.0,43.6,32.61225
223.7,8.288,1.2,-80.0,193672.0,42.6,31.42176
226.0,8.288,1.2,-81.0,193676.0,42.6,31.16436
222.6,8.12,-147.2,-63.0,193684.0,43.6,32.79457
2.6579,7.326,194.0168,-77.0091,194057.3233,43.6005,31.6781
223.6,8.288,1.2,-65.0,193620.0,43.6,32.55862
227.9,8.288,1.2,-65.0,193672.0,43.6,32.48355
216.1,8.28,1.2,-79.0,193676.0,41.6,30.79971
227.3,8.288,1.2,-78.0,193672.0,42.6,31.37886
1.2328,7.335,189.7423,-78.153,194055.822,43.5703,31.7032
3.739,7.273,192.8634,-78.1347,194055.1698,43.5471,31.8355
4.8848,7.818,188.2373,-78.329,194054.4676,43.5174,31.7751
0.362,7.0808,191.5898,-78.5717,194056.4333,43.7019,31.643
217.1,8.288,1.2,-75.0,191196.0,42.6,30.70318
225.1,8.288,1.2,-78.0,193676.0,42.6,31.36814
225.0,8.288,1.2,-82.0,191192.0,43.6,31.46466
3.2023,7.9397,190.8071,-78.535,194056.9933,43.6223,31.6296
1.1315,7.989,187.4678,-78.3821,194055.107,43.4987,31.6091
1.5721,7.1741,189.1475,-77.5019,194054.9001,43.595,31.6893
2.4207,7.8658,188.2652,-77.7452,194055.6898,43.7761,31.6636
217.8,8.288,1.2,-77.0,193676.0,42.6,30.70318
225.8,8.288,1.2,-79.0,193676.0,42.6,31.15364
4.5533,7.0341,192.0863,-77.0169,194054.8223,43.7864,31.744
0.9371,7.7646,194.4018,-77.5077,194055.4972,43.5322,31.667
4.0871,7.4612,188.0923,-78.3739,194056.4902,43.7458,31.7514
3.6176,7.0311,190.3607,-77.5851,194055.2271,43.4892,31.8948
1.6873,7.1153,191.4462,-79.0319,194054.6206,43.5612,31.8166
2.5162,7.1668,190.2449,-78.0735,194054.8368,43.61,31.9401
223.0,8.288,1.2,-67.0,193672.0,43.6,32.55862
225.6,8.288,1.2,-74.0,193672.0,43.6,32.10817
1.124,7.8757,188.0949,-78.5392,194056.5485,43.633,31.6341
3.9771,7.0208,190.2612,-77.7704,194055.5749,43.6813,31.5894
2.7835,7.6641,191.2447,-78.1697,194055.9038,43.6327,31.6373
226.9,8.288,1.2,-76.0,193676.0,42.6,31.70061
1.8979,7.9157,189.6226,-77.2919,194054.7866,43.4739,31.7717
3.0172,7.307,189.8264,-78.1483,194054.635,43.5608,31.7213
1.8616,7.6308,189.0417,-78.2006,194055.9215,43.491,31.6858
3.6952,7.2921,189.6519,-78.234,194055.7236,43.5153,31.6294
3.2899,7.7853,191.4756,-77.1213,194055.5783,43.5324,31.7361
219.8,8.12,-157.2,-71.0,194056.0,43.6,32.75167
0.0242,7.6786,190.9225,-78.1257,194055.9643,43.5998,31.6069
225.0,8.288,1.2,-74.0,193620.0,43.6,32.31195
4.478,7.6245,190.1876,-78.5255,194054.356,43.5777,31.6329
0.1486,7.2203,187.8833,-76.6551,194055.7796,43.5953,31.6387
214.8,8.288,1.2,-83.0,193676.0,42.6,30.88551
0.1996,7.1858,186.5636,-78.6962,194057.8177,43.6191,31.6458
229.4,8.16,-96.8,-68.0,193676.0,43.6,33.0627
2.8341,7.6174,193.9059,-78.8811,194055.2542,43.58,31.5231
224.0,8.288,1.2,-66.0,193672.0,43.6,32.10817
223.5,8.288,1.2,-71.0,193672.0,43.6,32.61225
1.235,7.8907,190.523,-77.9272,194057.1973,43.4812,31.8358
227.9,8.288,1.2,-80.0,193676.0,43.6,31.89367
227.5,8.296,1.2,-80.0,192100.0,43.6,32.08672
0.3782,7.9465,191.8402,-77.3731,194054.9771,43.497,31.499
0.4128,7.586,194.8771,-78.5161,194056.89,43.331,31.8198
218.1,8.288,1.2,-79.0,193672.0,44.6,30.69246
2.9694,7.1846,190.3935,-78.4987,194056.8224,43.6364,31.5884
223.9,8.288,1.2,-82.0,193672.0,42.6,31.45394
228.2,8.288,1.2,-74.0,193672.0,43.6,32.22615
229.3,8.288,1.2,-77.0,193672.0,43.6,32.03309
225.6,8.288,1.2,-81.0,193672.0,42.6,31.23944
219.6,8.288,1.2,-84.0,193676.0,44.6,30.59593
226.9,8.288,1.2,-86.0,193672.0,42.6,31.35741
220.4,8.12,-151.2,-64.0,192480.0,43.6,32.7624
4.4714,7.0362,191.1254,-78.1593,194054.9264,43.7174,31.7628
4.9439,7.3762,192.6324,-78.6586,194055.5821,43.5866,31.7207
227.4,8.296,1.2,-78.0,192100.0,42.6,30.94986
228.1,8.144,-99.6,-68.0,193676.0,43.6,33.11633
0.4913,7.5207,187.3785,-78.1859,194056.5303,43.6008,31.8045
213.4,8.296,1.2,-78.0,192104.0,41.6,30.67101
4.5594,7.8021,191.5008,-78.1293,194056.5037,43.5748,31.6796
229.1,8.28,1.2,-81.0,193676.0,42.6,31.87222
1.856,7.538,189.0611,-77.4741,194058.0816,43.631,31.7196
1.4105,7.7074,187.2884,-78.1657,194054.3906,43.7781,31.7657
224.5,8.288,1.2,-77.0,193672.0,42.6,31.41104
224.6,8.12,-118.0,-81.0,193676.0,43.6,32.8053
224.7,8.12,-117.2,-73.0,193676.0,43.6,32.79457
1.623,7.3292,192.7274,-78.2504,194055.1854,43.7796,31.7173
222.2,8.288,1.2,-73.0,193676.0,41.6,30.90696
219.9,8.288,1.2,-81.0,193676.0,41.6,30.90696
224.5,8.288,1.2,-64.0,193672.0,43.6,32.74095
230.1,8.176,-97.6,-69.0,193628.0,43.6,33.13778
3.4964,7.0488,192.5192,-78.1233,194055.1087,43.46,31.8569
3.3681,7.4251,189.8351,-78.4093,194055.9296,43.4696,31.6154
2.019,7.9741,188.9007,-78.2138,194055.3141,43.7006,31.838
3.1006,7.9241,189.7983,-78.1803,194056.6479,43.6672,31.7221
1.4063,7.5369,188.0667,-77.122,194056.6125,43.5935,31.9003
225.6,8.288,1.2,-80.0,193672.0,42.6,31.95802
2.6112,7.7225,189.871,-79.1376,194055.0754,43.5081,31.7434
1.3085,7.4616,189.8978,-78.4019,194054.5711,43.7425,31.6898
4.2497,7.3977,189.5998,-77.54,194056.1278,43.7687,31.8597
224.8,8.288,1.2,-76.0,193672.0,41.6,30.79971
216.9,8.288,1.2,-78.0,193676.0,44.6,30.67101
3.434,7.098,191.6853,-78.7525,194054.7784,43.559,31.6618
4.2292,7.327,188.9528,-77.343,194055.3154,43.5408,31.6587
4.1772,7.4923,191.6788,-78.0608,194055.9796,43.4539,31.6036
0.9846,7.2087,188.7837,-77.704,194055.2911,43.4328,31.7116
0.5433,7.1947,191.2647,-77.311,194055.1999,43.7335,31.7477
1.1622,7.7784,191.4671,-77.9965,194056.6843,43.4844,31.7815
229.0,8.288,1.2,-71.0,193672.0,43.6,32.32267
3.5157,7.0682,186.5492,-77.4921,194054.2118,43.5515,31.788
4.1007,7.541,190.9647,-77.9588,194055.5259,43.6963,31.6733
2.0019,7.1653,190.7531,-78.2377,194055.8655,43.5376,31.9656
219.3,8.296,1.2,-93.0,192092.0,44.6,30.62811
1.8452,7.1611,189.6762,-77.9598,194056.3374,43.7402,31.5696
220.6,8.264,1.2,-81.0,193672.0,45.6,30.67101
0.2844,7.5197,187.3611,-77.9031,194056.8429,43.46,31.619
3.2069,7.9638,188.3072,-78.5673,194056.9609,43.5635,31.7114
2.3892,7.5983,188.556,-78.2607,194054.5593,43.631,31.8224
4.0918,7.9961,188.3355,-76.79,194056.9337,43.5285,31.6324
1.7801,7.5439,188.4684,-78.5758,194055.0894,43.5513,31.8264
218.8,8.288,1.2,-79.0,193676.0,44.6,30.71391
222.4,8.288,1.2,-79.0,193676.0,42.6,31.10001
2.0406,7.1724,192.8267,-78.1054,194055.9336,43.5735,31.7378
1.3989,7.2857,184.9512,-78.447,194054.6922,43.5506,31.7281
1.6429,7.7034,191.9988,-76.8352,194056.4408,43.5639,31.8201
226.9,8.288,1.2,-75.0,193656.0,42.6,31.38959
225.1,8.288,1.2,-69.0,193676.0,43.6,33.05198
1.8273,7.0711,190.7472,-77.6559,194056.2811,43.5508,31.6164
1.9743,7.7962,188.9148,-78.1364,194055.1456,43.5675,31.8271
227.4,8.144,-103.2,-77.0,193676.0,44.6,32.86965
227.9,8.288,1.2,-79.0,193672.0,42.6,32.06527
219.8,8.288,1.2,-74.0,193676.0,41.6,30.87478
218.2,8.104,-239.2,-76.0,194056.0,43.6,31.74352
225.0,8.296,1.2,-75.0,192104.0,42.6,31.70061
226.7,8.288,1.2,-68.0,193672.0,44.6,32.42992
227.4,8.288,1.2,-77.0,193672.0,43.6,31.95802
2.2591,7.7296,188.4407,-77.242,194057.3716,43.6403,31.6966
3.7178,7.0952,189.7231,-77.6448,194056.7116,43.7357,31.7591
0.933,7.5636,190.0089,-78.4262,194055.9876,43.7216,31.8441
216.6,8.288,1.2,-80.0,193676.0,43.6,30.69246
224.7,8.128,-116.8,-61.0,193676.0,43.6,32.90182
225.9,8.288,1.2,-75.0,191196.0,43.6,31.68989
0.9231,7.1716,190.7911,-77.2308,194057.0307,43.5515,31.5612
219.9,8.288,1.2,-70.0,193672.0,42.6,30.63883
1.9434,7.2687,185.9903,-77.6747,194056.1201,43.6108,31.7833
225.5,8.288,1.2,-86.0,193672.0,41.6,30.81043
4.6261,7.2052,190.496,-77.3397,194055.6925,43.6157,31.7327
3.2637,7.702,192.1961,-77.8644,194055.0971,43.6765,31.6481
1.0905,7.9475,193.2264,-77.7656,194057.4026,43.5169,31.6874
4.9634,7.7177,192.1024,-77.6363,194056.6415,43.4859,31.5642
223.3,8.288,1.2,-72.0,193672.0,43.6,32.6337
1.558,7.9654,185.067,-78.8018,194056.9574,43.5984,31.7901
2.8347,7.4617,188.5643,-77.6598,194056.1972,43.5642,31.6805
0.8058,7.0892,190.4553,-77.4541,194058.4085,43.4877,31.8914
2.2114,7.3348,191.1839,-77.7946,194055.3092,43.6397,31.8181
0.0732,7.9353,184.9233,-78.5461,194057.152,43.6196,31.8325
4.6504,7.6006,191.1776,-77.289,194055.9732,43.5758,31.7938
224.6,8.288,1.2,-77.0,193672.0,41.6,30.83188
216.0,8.296,1.2,-77.0,192088.0,44.6,30.71391
1.2749,7.1608,190.2358,-78.3841,194055.4007,43.6704,31.6917
3.617,7.4482,190.6415,-78.3356,194057.2871,43.4331,31.6819
0.1086,7.9732,187.6001,-77.845,194055.3467,43.7064,31.7935
220.8,8.288,1.2,-65.0,193672.0,43.6,32.42992
4.985,7.8057,192.9147,-78.2226,194057.0138,43.5442,31.7853
4.3719,7.1104,185.6087,-78.4429,194055.6439,43.4744,31.6879
0.5676,7.5067,189.0334,-77.764,194056.1537,43.7043,31.7595
4.9662,7.0608,193.9352,-78.5212,194056.4792,43.8712,31.5762
230.2,8.288,1.2,-72.0,193672.0,43.6,32.35485
0.3422,7.3415,191.7195,-77.8273,194055.5215,43.6667,31.8627
0.66,7.1107,191.2598,-76.8812,194056.2236,43.4818,31.4337
226.1,8.28,1.2,-79.0,193676.0,41.6,30.88551
1.2576,7.4086,188.3553,-78.0443,194054.7711,43.6513,31.7991
226.4,8.288,1.2,-72.0,193672.0,42.6,32.11889
224.8,8.128,-127.6,-79.0,193684.0,44.6,32.86965
222.5,8.288,1.2,-83.0,193676.0,41.6,30.96058
0.6973,7.9949,191.2231,-79.2636,194056.7775,43.6463,31.9814
3.97,7.9791,191.3163,-78.181,194054.9616,43.622,31.7766
0.1714,7.0818,189.6691,-78.4256,194055.941,43.4139,31.7066
228.5,8.288,1.2,-81.0,193676.0,42.6,31.90439
225.3,8.28,1.2,-79.0,193672.0,42.6,31.04638
220.1,8.288,1.2,-86.0,193816.0,45.6,30.69246
224.7,8.288,1.2,-82.0,193816.0,44.6,30.56376
2.4394,7.4039,186.3679,-78.3236,194055.9371,43.5696,31.7177
218.8,8.12,-132.8,-68.0,193692.0,43.6,32.8482
225.0,8.288,1.2,-69.0,193672.0,43.6,32.42992
219.6,8.288,1.2,-75.0,193676.0,42.6,31.50756
0.2628,7.4484,188.8006,-77.0285,194054.0925,43.7286,31.5732
218.9,8.288,1.2,-74.0,193676.0,41.6,30.79971
222.5,8.288,1.2,-78.0,193676.0,42.6,31.03566
217.5,8.288,1.2,-80.0,193636.0,45.6,30.56376
226.3,8.288,1.2,-82.0,191148.0,43.6,31.52901
0.1114,7.6357,188.8403,-79.3965,194056.2351,43.6573,31.7576
224.9,8.288,1.2,-79.0,193672.0,42.6,31.99019
226.1,8.28,1.2,-75.0,193676.0,42.6,31.74352
0.7911,7.3177,187.164,-78.2008,194055.0149,43.5924,31.6146
228.4,8.288,1.2,-69.0,193676.0,43.6,33.0198
220.1,8.28,1.2,-84.0,193676.0,44.6,30.69246
3.2673,7.2291,192.2165,-77.893,194057.1157,43.5732,31.7827
222.8,8.288,1.2,-80.0,193672.0,42.6,31.04638
4.4748,7.7303,189.4036,-78.4785,194055.3486,43.5039,31.6251
224.3,8.288,1.2,-73.0,193672.0,43.6,32.21542
224.3,8.288,1.2,-70.0,193676.0,43.6,33.08415
0.7893,7.2111,192.0491,-77.6951,194054.0919,43.4332,31.4888
4.5473,7.1734,190.503,-77.9064,194057.2094,43.4106,31.7481
4.8295,7.0985,187.1282,-78.1567,194055.954,43.7267,31.6904
2.6425,7.7492,192.1073,-77.6879,194057.0943,43.5898,31.6633
4.532,7.3115,189.206,-78.0378,194054.4195,43.7363,31.7156
2.6491,7.6217,189.1195,-78.4962,194056.5887,43.6049,31.7943
2.3875,7.5529,191.8558,-77.5881,194056.6731,43.724,31.7444
2.9234,7.0522,191.1506,-77.7663,194056.5033,43.6123,31.5784
3.5746,7.2937,190.9492,-77.6666,194054.6887,43.517,31.7
218.5,8.168,-228.0,-70.0,194056.0,43.6,32.77312
224.0,8.288,1.2,-83.0,193672.0,42.6,31.06783
215.9,8.288,1.2,-78.0,193676.0,41.6,30.68173
0.5706,7.5508,190.3447,-77.407,194056.9911,43.7211,31.6179
4.5048,7.6234,187.4685,-78.5791,194054.9862,43.6588,31.7666
220.7,8.12,-129.6,-61.0,193692.0,43.6,32.8482
220.5,8.288,1.2,-83.0,193672.0,41.6,30.84261
225.2,8.288,1.2,-84.0,193672.0,44.6,30.57448
229.5,8.288,1.2,-76.0,193676.0,41.6,30.91768
225.5,8.288,1.2,-78.0,193672.0,41.6,30.76753
1.0766,7.4884,191.7054,-79.2383,194056.3532,43.2851,31.6044
225.7,8.288,1.2,-73.0,193676.0,41.6,30.90696
219.5,8.144,-232.4,-70.0,194056.0,43.6,32.5908
0.6855,7.8636,187.6546,-78.1466,194054.3959,43.7233,31.7723
4.2053,7.2826,189.1904,-78.603,194055.7794,43.6856,31.658
1.9333,7.6174,190.9828,-78.098,194055.4384,43.637,31.5698
222.8,8.144,-105.2,-72.0,193676.0,44.6,32.94473
3.8341,7.7885,189.7239,-78.5009,194054.0869,43.6311,31.6056
0.7505,7.9028,186.8342,-78.8839,194056.4029,43.6182,31.7297
225.0,8.288,1.2,-80.0,193676.0,44.6,30.52085
229.7,8.288,1.2,-73.0,192056.0,42.6,31.95802
224.0,8.288,1.2,-76.0,191140.0,42.6,30.82116
4.07,7.3843,190.5257,-77.6847,194055.7602,43.697,31.6441
221.9,8.288,1.2,-81.0,193676.0,42.6,31.58264
218.9,8.12,-162.8,-65.0,194056.0,43.6,32.7624
0.5083,7.1606,191.5737,-78.0544,194057.3236,43.6928,31.7475
0.1845,7.1078,192.9566,-77.3452,194056.3213,43.5519,31.5825
227.0,8.288,1.2,-76.0,193676.0,42.6,31.71134
4.9517,7.118,189.7432,-78.8137,194056.3624,43.5464,31.8394
229.1,8.152,-99.2,-68.0,193676.0,43.6,32.92327
220.9,8.288,1.2,-80.0,193676.0,42.6,31.10001
215.2,8.28,1.2,-78.0,193676.0,42.6,30.64956
225.0,8.288,1.2,-78.0,193684.0,44.6,30.51013
226.2,8.288,1.2,-83.0,193672.0,42.6,31.30379
0.7534,7.1631,191.4298,-78.5222,194055.6705,43.5076,31.6992
224.7,8.288,1.2,-78.0,193676.0,42.6,31.35741
223.5,8.288,1.2,-84.0,193672.0,41.6,31.04638
227.8,8.288,1.2,-67.0,193620.0,42.6,32.03309
218.2,8.28,1.2,-81.0,193676.0,45.6,30.68173
224.1,8.288,1.2,-73.0,193676.0,41.6,30.90696
0.2083,7.0044,192.0329,-78.5612,194055.296,43.786,31.6772
3.7731,7.4225,192.7209,-77.1138,194056.3141,43.6821,31.6813
1.2314,7.1319,188.7797,-77.1313,194056.7416,43.6168,31.6111
3.229,7.4625,188.9119,-77.3592,194055.1397,43.6155,31.8272
225.4,8.288,1.2,-77.0,193676.0,41.6,30.86406
222.5,8.288,1.2,-81.0,193676.0,42.6,31.82932
212.9,8.288,1.2,-83.0,193672.0,44.6,30.69246
215.1,8.152,-204.4,-74.0,194056.0,43.6,32.83747
225.0,8.288,1.2,-75.0,193676.0,41.6,30.75681
0.8284,7.5715,193.3314,-78.1234,194057.8356,43.5794,31.7279
220.4,8.28,1.2,-81.0,193672.0,41.6,30.85333
230.1,8.288,1.2,-79.0,193672.0,43.6,32.04382
220.8,8.288,1.2,-81.0,193676.0,45.6,30.70318
2.9121,7.6988,186.325,-78.3784,194057.1388,43.5381,31.3309
4.3574,7.2109,189.5454,-77.8291,194055.7049,43.6181,31.7173
2.3578,7.0141,189.7359,-77.7378,194056.236,43.5768,31.8174
220.5,8.288,1.2,-70.0,193672.0,43.6,30.66028
2.0784,7.1544,190.5128,-77.4738,194054.506,43.7182,31.6943
3.6721,7.2147,189.6851,-77.3878,194055.6348,43.5182,31.707
1.3272,7.4527,191.0877,-77.8387,194055.9957,43.4792,31.7026
1.5759,7.1826,193.2623,-77.0846,194056.1751,43.6409,31.5575
3.8823,7.4463,189.9389,-76.5949,194056.3643,43.6446,31.7166
227.8,8.288,1.2,-74.0,193672.0,43.6,32.08672
226.1,8.288,1.2,-68.0,193672.0,43.6,32.35485
0.0346,7.4753,192.5893,-78.7598,194055.9637,43.6137,31.6388
4.8876,7.9081,194.61,-78.3822,194057.4856,43.629,31.6213
219.6,8.168,-232.0,-72.0,194056.0,43.6,32.7624
212.7,8.288,1.2,-83.0,193672.0,44.6,30.68173
223.2,8.288,1.2,-83.0,193672.0,42.6,31.04638
214.6,8.288,1.2,-83.0,193676.0,41.6,30.74608
2.4398,7.3002,194.5752,-77.8529,194054.4731,43.6557,31.6322
1.6718,7.9988,186.6079,-78.0167,194055.8721,43.5201,31.7524
219.2,8.288,1.2,-70.0,193672.0,43.6,30.66028
221.4,8.12,-154.8,-62.0,194008.0,43.6,32.82675
212.4,8.288,1.2,-77.0,193624.0,45.6,30.68173
225.0,8.288,1.2,-74.0,193672.0,43.6,32.14034
2.0659,7.9765,190.1003,-77.4821,194055.6265,43.5788,31.7753
2.2581,7.8211,193.8974,-77.3411,194054.2525,43.6439,31.6372
226.4,8.288,1.2,-77.0,193676.0,44.6,30.55303
2.6285,7.8034,189.9242,-78.4152,194057.9137,43.4751,31.7936
215.5,8.288,1.2,-83.0,193816.0,45.6,30.68173
219.4,8.288,1.2,-86.0,193676.0,44.6,30.57448
225.0,8.28,1.2,-64.0,193672.0,43.6,32.07599
220.0,8.104,-235.2,-85.0,194056.0,43.6,31.86149
222.7,8.288,1.2,-79.0,193676.0,41.6,31.01421
2.8502,7.5067,187.7365,-77.6387,194057.2931,43.8186,31.5423
230.9,8.288,1.2,-67.0,193628.0,43.6,33.03053
220.5,8.288,1.2,-79.0,193676.0,43.6,30.57448
3.1711,7.2953,187.2882,-77.4245,194056.9331,43.7173,31.7262
3.8708,7.4169,193.3726,-77.5027,194055.7832,43.674,31.594
224.8,8.288,1.2,-67.0,193672.0,43.6,32.08672
1.5696,7.1669,188.9901,-78.1131,194054.5992,43.6583,31.693
225.6,8.288,1.2,-70.0,193672.0,43.6,32.27977
1.2764,7.9169,188.4296,-78.0671,194057.2537,43.5673,31.5736
225.5,8.288,1.2,-77.0,193676.0,41.6,30.85333
3.8273,7.1436,188.226,-77.7003,194056.326,43.4953,31.7243
2.0464,7.9502,192.2838,-76.8844,194056.4121,43.6625,31.6293
4.8145,7.9289,190.2582,-78.2988,194057.0988,43.6407,31.831
217.7,8.288,1.2,-83.0,193676.0,41.6,30.73536
219.9,8.28,1.2,-83.0,193676.0,44.6,30.58521
3.2579,7.8359,190.0435,-79.8426,194055.2768,43.6213,31.8116
226.1,8.288,1.2,-75.0,193676.0,41.6,30.76753
0.449,7.7814,189.3014,-77.6419,194055.3267,43.6668,31.7799
229.0,8.152,-96.0,-68.0,193676.0,44.6,33.00908
222.8,8.288,1.2,-76.0,193672.0,41.6,30.85333
2.4188,7.0563,190.891,-78.2602,194055.1187,43.4965,31.669
214.8,8.28,1.2,-83.0,193676.0,41.6,30.68173
3.1889,7.0411,192.4554,-77.7071,194056.0916,43.5378,31.7573
2.635,7.9344,192.9783,-78.2815,194057.1918,43.7469,31.7077
0.0492,7.3399,191.545,-78.32,194056.7487,43.6436,31.6914
226.7,8.288,1.2,-75.0,193676.0,42.6,31.65771
229.9,8.176,-97.2,-69.0,193676.0,43.6,33.1485
222.1,8.288,1.2,-65.0,193672.0,43.6,32.55862
4.3487,7.8427,188.0282,-79.0615,194056.8862,43.3542,31.4875
216.3,8.288,1.2,-81.0,193676.0,41.6,30.79971
2.6371,7.8758,194.0585,-76.89,194056.6371,43.6512,31.8338
2.8071,7.0421,189.6319,-77.0807,194056.2473,43.6913,31.5651
219.4,8.288,1.2,-78.0,193672.0,42.6,31.04638
224.9,8.288,1.2,-77.0,193672.0,42.6,31.97947
226.3,8.288,1.2,-77.0,193672.0,41.6,30.86406
219.6,8.104,-232.4,-80.0,194056.0,43.6,31.93657
221.5,8.288,1.2,-64.0,193676.0,44.6,32.88037
4.678,7.7458,190.3815,-77.382,194055.7749,43.6066,31.7668
3.9586,7.6071,192.9974,-77.8357,194057.6757,43.6048,31.8573
219.0,8.28,1.2,-80.0,193672.0,41.6,30.90696
2.864,7.7041,189.2478,-78.1245,194053.8123,43.7465,31.6288
216.0,8.128,-221.6,-80.0,192484.0,43.6,32.52645
1.5228,7.8393,190.1379,-77.9317,194055.7894,43.3947,31.8029
4.0886,7.9676,190.6607,-77.9828,194055.8217,43.459,31.7189
224.9,8.288,1.2,-69.0,193628.0,43.6,33.0627
1.882,7.7009,192.5422,-78.1061,194055.5475,43.57,31.6581
1.1582,7.3263,190.8075,-77.5852,194055.8844,43.7013,31.7505
225.3,8.144,-104.8,-73.0,193676.0,44.6,32.91255
1.6918,7.8997,191.8069,-77.7348,194055.4868,43.5033,31.8157
224.8,8.288,1.2,-80.0,193672.0,41.6,30.89623
2.6144,7.9764,188.6477,-78.9022,194055.2673,43.5907,31.4638
225.6,8.288,1.2,-69.0,193672.0,43.6,32.39775
220.0,8.288,1.2,-72.0,193672.0,42.6,31.03566
228.4,8.288,1.2,-70.0,193672.0,43.6,32.2905
2.6289,7.6823,190.7557,-78.3075,194058.1877,43.3713,31.7093
3.4093,7.7862,190.7335,-78.6559,194056.0322,43.5957,31.9152
225.3,8.12,-126.0,-63.0,193684.0,43.6,32.91255
3.5232,7.6237,192.3933,-77.9673,194055.82,43.6322,31.744
216.3,8.12,-159.6,-70.0,194056.0,43.6,32.8053
2.5429,7.3693,191.474,-77.8369,194054.7064,43.5069,31.9375
225.2,8.288,1.2,-76.0,193672.0,42.6,31.37886
227.4,8.28,1.2,-72.0,193672.0,43.6,32.07599
0.2708,7.4339,189.8097,-78.3784,194055.7709,43.4319,31.5842
226.0,8.288,1.2,-74.0,193676.0,42.6,31.61481
4.5013,7.9198,190.0328,-76.9202,194054.6379,43.6691,31.677
3.7701,7.2085,190.1206,-78.1643,194054.3422,43.8228,31.7598
227.6,8.288,1.2,-74.0,193620.0,42.6,32.03309
222.3,8.28,1.2,-78.0,193676.0,41.6,30.90696
226.0,8.288,1.2,-79.0,193672.0,43.6,32.2047
225.6,8.28,1.2,-83.0,193672.0,42.6,31.33596
3.3914,7.2085,191.364,-77.8725,194055.8995,43.4953,31.8961
225.1,8.288,1.2,-73.0,193672.0,43.6,32.19397
227.1,8.288,1.2,-70.0,193672.0,43.6,32.36557
3.2181,7.5653,190.203,-77.9387,194055.6224,43.523,31.699
4.563,7.6247,193.5391,-77.0598,194057.1098,43.5002,31.6676
0.2941,7.8146,191.8335,-77.8214,194055.522,43.5241,31.766
4.3144,7.3085,191.2778,-77.5172,194055.1011,43.6469,31.7673
223.9,8.288,1.2,-75.0,193672.0,43.6,32.38702
225.9,8.128,-104.8,-74.0,193628.0,44.6,32.95545
222.4,8.288,1.2,-73.0,193676.0,41.6,30.83188
1.9613,7.3704,185.3995,-77.1827,194057.3152,43.666,31.6579
0.3691,7.9324,192.7578,-77.5175,194055.6005,43.5776,31.7412
1.4158,7.5099,187.5484,-77.4212,194054.3373,43.5913,31.6195
226.1,8.288,1.2,-72.0,193676.0,43.6,32.12962
230.0,8.288,1.2,-65.0,193628.0,49.6,33.09488
1.4388,7.4236,190.7722,-77.5057,194055.6717,43.6653,31.6771
229.4,8.16,-96.4,-70.0,193676.0,43.6,33.05198
0.9039,7.8905,191.5073,-78.0144,194054.6474,43.4492,31.777
214.4,8.288,1.2,-77.0,193672.0,44.6,30.71391
227.5,8.288,1.2,-72.0,193672.0,43.6,32.16179
223.9,8.288,1.2,-79.0,193672.0,42.6,31.10001
228.7,8.288,1.2,-66.0,193676.0,43.6,32.95545
2.4819,7.1532,188.4177,-77.7098,194054.2258,43.676,31.5931
1.1497,7.1203,191.2252,-78.0375,194057.1033,43.743,31.6766
1.9438,7.1883,192.4143,-78.8412,194056.2182,43.8049,31.7718
225.0,8.288,1.2,-74.0,193676.0,42.6,31.72206
229.7,8.152,-87.59999,-69.0,193628.0,45.6,33.03053
227.6,8.288,1.2,-79.0,193672.0,42.6,32.07599
222.7,8.12,-142.4,-63.0,193692.0,43.6,32.7624
220.8,8.272,1.2,-82.0,193672.0,46.6,30.59593
224.4,8.288,1.2,-77.0,193676.0,42.6,31.38959
2.0381,7.8834,192.8369,-78.2954,194055.6631,43.5189,31.4536
224.9,8.288,1.2,-78.0,193672.0,42.6,31.50756
228.2,8.16,-96.4,-67.0,193676.0,43.6,33.05198
229.1,8.288,1.2,-75.0,193672.0,43.6,32.14034
2.3475,7.0412,186.7424,-78.2316,194056.6407,43.7008,31.6029
2.9351,7.6867,193.7913,-78.1826,194055.4282,43.4368,31.7828
218.3,8.128,-230.8,-78.0,194056.0,43.6,32.34412
0.5615,7.8727,186.9551,-78.0915,194057.0913,43.7029,31.76
3.1213,7.5462,190.2363,-77.782,194055.7426,43.5791,31.582
225.0,8.288,1.2,-75.0,193676.0,42.6,31.67916
3.5499,7.1474,188.8976,-76.9487,194055.8006,43.7469,31.6678
226.4,8.288,1.2,-66.0,193672.0,43.6,32.35485
0.3371,7.5118,191.5799,-78.1999,194055.8303,43.5036,31.6287
224.6,8.12,-116.0,-79.0,193676.0,43.6,32.79457
3.3591,7.6559,189.4944,-77.7166,194056.5951,43.6772,31.6428
0.94,7.885,186.4718,-77.905,194055.1566,43.599,31.5792
0.8027,7.8258,194.3073,-78.4022,194056.8986,43.5459,31.9406
223.2,8.288,1.2,-78.0,193672.0,42.6,31.10001
3.6576,7.0337,192.5948,-76.8304,194053.4476,43.5912,31.591
4.2362,7.8864,190.2854,-77.843,194057.4313,43.6023,31.7956
229.8,8.152,-96.4,-71.0,193676.0,44.6,33.05198
3.2416,7.0867,189.3373,-77.2313,194056.6051,43.5839,31.7337
224.9,8.288,1.2,-79.0,191144.0,43.6,32.18324
214.6,8.288,1.2,-75.0,193676.0,41.6,30.66028
4.8435,7.3216,191.7375,-77.9681,194053.9496,43.5638,31.5645
221.4,8.288,1.2,-84.0,193672.0,42.6,31.12146
226.9,8.288,1.2,-71.0,193672.0,42.6,32.17252
1.2953,7.4496,189.7768,-77.5906,194055.1342,43.5414,31.7802
2.5188,7.8795,187.7774,-78.2487,194053.8968,43.8015,31.7625
217.2,8.288,1.2,-79.0,193676.0,42.6,30.81043
1.6233,7.5594,190.6355,-77.3166,194054.1377,43.6605,31.7237
225.0,8.288,1.2,-82.0,193672.0,42.6,31.47539
226.1,8.288,1.2,-76.0,193676.0,41.6,30.77826
2.4746,7.5074,190.5663,-78.3053,194056.6566,43.6404,31.6463
217.0,8.104,-236.0,-88.0,194008.0,45.6,31.79714
4.7646,7.2913,189.5177,-77.8713,194056.4739,43.5039,31.6934
223.4,8.136,-113.6,-78.0,193676.0,44.6,32.95545
2.1491,7.9049,190.7415,-78.8321,194056.131,43.7448,31.5425
2.0469,7.0263,187.3303,-78.3119,194057.2977,43.7342,31.6968
223.9,8.288,1.2,-65.0,193672.0,43.6,32.61225
227.0,8.288,1.2,-77.0,193672.0,42.6,31.38959
221.6,8.296,1.2,-79.0,192104.0,42.6,31.11073
2.6382,7.7509,191.5054,-78.3015,194054.8791,43.7382,31.8177
2.3023,7.9215,189.0181,-78.5643,194055.9425,43.4863,31.5227
224.6,8.288,1.2,-73.0,193672.0,42.6,31.93657
1.034,7.316,190.0959,-77.5105,194057.6333,43.6972,31.7453
215.0,8.288,1.2,-85.0,193672.0,44.6,30.68173
224.8,8.288,1.2,-73.0,193676.0,41.6,30.90696
220.7,8.12,-136.4,-75.0,193684.0,43.6,32.78385
3.5004,7.072,194.2973,-78.558,194057.3804,43.6415,31.4598
3.3835,7.2511,190.6979,-77.4718,194055.7775,43.5664,31.7016
225.9,8.28,1.2,-79.0,193676.0,42.6,31.15364
229.7,8.288,1.2,-74.0,193676.0,42.6,32.03309
218.2,8.12,-135.6,-69.0,193684.0,43.6,32.8053
224.8,8.288,1.2,-75.0,193672.0,43.6,32.35485
219.5,8.288,1.2,-85.0,193672.0,41.6,30.84261
226.2,8.288,1.2,-66.0,193672.0,43.6,32.19397
3.9749,7.2871,189.6749,-78.4455,194057.3952,43.7398,31.8929
226.8,8.288,1.2,-75.0,193672.0,42.6,31.42176
227.5,8.288,1.2,-75.0,193672.0,43.6,32.03309
223.2,8.288,1.2,-79.0,193672.0,42.6,31.12146
220.8,8.288,1.2,-66.0,193676.0,43.6,32.90182
3.0792,7.3347,194.0701,-79.1804,194057.5144,43.3795,31.7612
3.0722,7.1348,186.1903,-77.6609,194055.784,43.7559,31.5915
229.6,8.28,1.2,-74.0,193676.0,42.6,32.02237
1.1084,7.0463,191.5935,-77.3748,194055.5936,43.548,31.6433
229.6,8.28,1.2,-75.0,193672.0,43.6,32.04382
223.4,8.288,1.2,-74.0,193676.0,41.6,30.90696
4.2587,7.8321,194.3447,-78.4262,194056.4467,43.357,31.7444
224.7,8.288,1.2,-63.0,193672.0,43.6,32.42992
224.5,8.12,-116.8,-79.0,193676.0,43.6,32.82675
217.4,8.128,-230.8,-79.0,194056.0,43.6,32.45137
214.8,8.288,1.2,-78.0,193676.0,41.6,30.81043
0.4234,7.4064,191.5698,-77.7724,194056.0305,43.591,31.5274
226.8,8.288,1.2,-68.0,193672.0,43.6,32.36557
228.3,8.28,1.2,-81.0,193676.0,43.6,31.86149
1.0081,7.6435,190.2591,-78.3631,194056.1734,43.6944,31.8491
3.3,7.9418,190.8913,-77.8837,194055.1132,43.5448,31.7076
223.8,8.288,1.2,-65.0,193672.0,43.6,32.81602
3.7475,7.7898,190.9581,-78.1429,194055.8509,43.4937,31.8026
223.4,8.28,1.2,-80.0,193672.0,41.6,31.07856
227.7,8.288,1.2,-67.0,193676.0,44.6,32.9769
223.7,8.288,1.2,-79.0,193620.0,42.6,31.10001
2.3964,7.9577,188.041,-77.4376,194055.6116,43.6529,31.8669
1.7075,7.5816,188.8394,-77.9674,194056.9634,43.6505,31.7209
1.3719,7.243,191.8072,-77.8712,194054.8627,43.5936,31.6995
225.1,8.288,1.2,-65.0,193672.0,43.6,32.16179
224.9,8.288,1.2,-65.0,193672.0,43.6,32.42992
2.2054,7.6931,188.5613,-78.1097,194056.0708,43.4556,31.8279
3.3585,7.0766,189.3089,-77.5353,194055.8969,43.5849,31.7831
214.9,8.288,1.2,-83.0,193816.0,45.6,30.66028
230.6,8.288,1.2,-64.0,193676.0,43.6,33.0627
0.8604,7.1785,191.9606,-77.9327,194056.7375,43.5514,31.9122
223.8,8.288,1.2,-85.0,193672.0,41.6,31.05711
225.0,8.288,1.2,-75.0,193672.0,42.6,31.41104
3.0717,7.2142,191.2893,-78.3931,194054.662,43.6912,31.6231
225.1,8.288,1.2,-75.0,193676.0,42.6,31.67916
1.1116,7.1349,188.9005,-77.5628,194056.069,43.755,31.6377
1.1948,7.9991,193.3318,-78.5479,194056.3422,43.8106,31.7425
1.5005,7.2439,190.9924,-78.427,194055.8904,43.6607,31.5537
4.2426,7.8017,191.4283,-77.6349,194058.4614,43.5286,31.8832
221.0,8.288,1.2,-78.0,193672.0,42.6,31.12146
229.4,8.168,-96.8,-69.0,193676.0,44.6,33.09488
2.1612,7.6615,189.5146,-79.0455,194056.6092,43.5096,31.7989
213.9,8.28,1.2,-87.0,193676.0,45.6,30.69246
226.2,8.288,1.2,-82.0,193656.0,42.6,31.51829
0.3069,7.2188,190.6667,-78.6669,194053.8887,43.512,31.6121
4.3733,7.1185,188.757,-78.4236,194056.5735,43.5712,31.7037
224.3,8.144,-110.4,-71.0,193676.0,43.6,32.96618
2.4229,7.9733,194.4984,-77.6459,194055.189,43.5568,31.7142
2.8486,7.5069,190.1531,-79.0606,194055.5511,43.5474,31.5526
224.6,8.288,1.2,-86.0,193676.0,43.6,30.59593
224.4,8.288,1.2,-73.0,193676.0,42.6,31.45394
4.225,7.217,192.0051,-78.173,194056.7392,43.6101,31.6712
223.5,8.136,-110.0,-77.0,193676.0,44.6,32.92327
220.7,8.288,1.2,-72.0,193676.0,41.6,30.88551
1.2049,7.7139,192.1148,-78.1151,194054.9295,43.5674,31.7959
4.1889,7.14,191.5727,-77.7927,194053.992,43.674,31.6342
3.1671,7.8959,192.3997,-78.3338,194057.8681,43.6876,31.7959
224.9,8.12,-121.2,-70.0,193676.0,43.6,32.77312
224.1,8.288,1.2,-81.0,193672.0,41.6,31.06783
4.9813,7.3644,192.1758,-78.0783,194053.7339,43.6501,31.7398
2.8947,7.746,190.271,-77.7162,194056.8437,43.5429,31.5965
2.3774,7.2676,190.1245,-77.9819,194055.1725,43.6409,31.4668
219.7,8.28,1.2,-76.0,193672.0,42.6,31.02493
3.0473,7.5415,190.8538,-77.8173,194054.5557,43.6267,31.8415
0.0958,7.8599,187.6,-78.7668,194057.326,43.6713,31.6964
1.2534,7.0998,188.0907,-78.0784,194054.8243,43.4571,31.8008
0.0354,7.2357,190.6263,-77.9035,194056.9808,43.6696,31.6663
4.4756,7.2687,192.0627,-78.3922,194056.3022,43.719,31.754
2.547,7.1772,188.5196,-78.6318,194057.422,43.6464,31.6952
1.1538,7.7108,188.4116,-77.6337,194055.0258,43.587,31.7621
3.6989,7.1123,183.9405,-78.845,194055.6193,43.6915,31.7001
3.4174,7.9179,193.4484,-77.2001,194054.4661,43.4504,31.6571
4.5341,7.9003,191.299,-78.5598,194056.7636,43.6647,31.623
226.9,8.288,1.2,-66.0,193672.0,43.6,32.05454
0.2306,7.2321,191.0329,-78.9745,194055.5469,43.6345,31.8015
217.2,8.104,-230.8,-81.0,194056.0,43.6,31.99019
226.9,8.296,1.2,-77.0,192084.0,42.6,31.44321
2.8459,7.6442,187.6899,-77.928,194056.7902,43.6219,31.8127
4.4907,7.6804,190.8134,-78.4312,194054.9068,43.635,31.702
225.1,8.28,1.2,-80.0,193676.0,41.6,31.16436
0.0192,7.4572,192.8246,-78.3939,194056.2209,43.741,31.835
225.4,8.136,-114.0,-77.0,193676.0,43.6,32.90182
214.2,8.288,1.2,-83.0,193676.0,41.6,30.70318
4.4186,7.8445,189.4208,-78.1501,194055.0427,43.6514,31.8804
1.0097,7.2251,191.6242,-78.405,194055.4823,43.5165,31.8378
218.6,8.288,1.2,-81.0,193672.0,44.6,30.69246
1.5702,7.9903,186.138,-78.425,194054.7599,43.6225,31.8549
219.1,8.288,1.2,-80.0,193676.0,44.6,30.68173
2.7862,7.2129,189.1359,-78.7811,194055.2624,43.5348,31.769
225.7,8.288,1.2,-79.0,193676.0,41.6,31.12146
4.3311,7.6235,190.0044,-78.3643,194056.2129,43.525,31.6957
4.723,7.3689,190.137,-78.1251,194058.0829,43.5805,31.6785
219.4,8.288,1.2,-83.0,193672.0,42.6,30.84261
1.8461,7.6868,191.8236,-76.9725,194055.7577,43.6918,31.642
1.1572,7.1797,195.1478,-78.206,194057.6221,43.6589,31.546
4.4464,7.7076,189.7444,-78.4768,194055.4864,43.6405,31.6754
2.885,7.5222,189.5023,-77.3823,194057.6737,43.6391,31.9113
2.3916,7.5939,191.7995,-78.2678,194057.9153,43.4307,31.7628
222.8,8.288,1.2,-64.0,193672.0,43.6,32.55862
4.7207,7.0914,191.0583,-78.758,194055.0049,43.7873,31.6128
0.947,7.8536,191.1057,-78.5415,194056.0771,43.5406,31.6003
3.2208,7.3225,186.109,-77.6052,194055.4183,43.7835,31.5843
2.8505,7.7208,190.8971,-78.0585,194056.127,43.6012,31.8161
223.8,8.128,-115.6,-69.0,193676.0,43.6,32.86965
225.6,8.288,1.2,-77.0,193672.0,41.6,31.07856
225.7,8.272,1.2,-93.0,193672.0,44.6,30.59593
4.8827,7.924,190.9213,-78.0045,194056.968,43.373,31.6808
2.6599,7.1113,188.0846,-78.3388,194055.9011,43.6716,31.7445
222.7,8.288,1.2,-81.0,193676.0,41.6,31.01421
227.5,8.288,1.2,-74.0,193672.0,43.6,32.15107
3.2608,7.7718,190.2581,-76.9893,194056.2953,43.4254,31.8703
4.7348,7.3893,190.9222,-77.6641,194053.7436,43.6928,31.6102
3.9738,7.5344,187.6394,-77.3699,194055.9474,43.6247,31.6874
230.3,8.288,1.2,-71.0,193672.0,43.6,32.36557
4.7837,7.9301,188.2947,-78.5473,194057.8991,43.5481,31.9334
219.3,8.112,-230.0,-74.0,194056.0,43.6,32.08672
229.5,8.288,1.2,-72.0,193676.0,43.6,32.35485
2.8441,7.1597,184.5452,-76.7918,194057.1044,43.5713,31.8373
216.0,8.288,1.2,-78.0,193676.0,41.6,30.68173
225.8,8.288,1.2,-79.0,193672.0,42.6,31.41104
2.9595,7.6607,182.8977,-77.7209,194056.5184,43.5764,31.733
227.4,8.288,1.2,-68.0,193676.0,44.6,33.00908
1.7442,7.3166,188.7831,-77.9092,194057.0522,43.6677,31.6978
225.6,8.288,1.2,-75.0,193672.0,43.6,32.2047
4.395,7.6088,191.3242,-78.1187,194055.8742,43.6597,31.7956
3.4852,7.6844,188.3381,-77.5278,194055.2235,43.6109,31.5918
2.7736,7.5253,189.7185,-78.1732,194055.5552,43.5792,31.6434
0.511,7.0175,187.6411,-77.8612,194057.4434,43.5535,31.8175
3.1256,7.0808,191.3641,-77.9002,194055.9321,43.5303,31.4924
1.077,7.7773,189.6827,-78.3127,194055.3921,43.5743,31.736
221.4,8.288,1.2,-86.0,193672.0,44.6,30.67101
228.7,8.288,1.2,-78.0,193676.0,43.6,31.88294
3.1142,7.9127,187.3713,-77.7044,194056.4148,43.4963,31.5459
220.1,8.288,1.2,-78.0,193676.0,43.6,30.69246
219.2,8.288,1.2,-74.0,193676.0,42.6,30.90696
227.0,8.288,1.2,-79.0,193672.0,44.6,30.55303
222.6,8.288,1.2,-72.0,193676.0,42.6,30.86406
3.1801,7.438,193.7143,-77.5371,194057.212,43.5042,31.6344
4.2484,7.1957,189.5048,-78.0447,194053.9971,43.484,31.7166
1.3506,7.5777,188.1953,-78.9235,194055.565,43.5335,31.6398
2.1163,7.5061,191.9408,-78.3663,194054.8257,43.4743,31.8168
221.6,8.288,1.2,-86.0,193676.0,41.6,30.86406
224.2,8.288,1.2,-75.0,193676.0,42.6,31.58264
228.0,8.296,1.2,-72.0,193672.0,43.6,32.06527
3.3812,7.768,189.8073,-78.3256,194056.8173,43.5788,31.6178
223.0,8.288,1.2,-82.0,193676.0,42.6,31.33596
219.8,8.288,1.2,-81.0,193676.0,44.6,30.72463
223.1,8.288,1.2,-66.0,193672.0,43.6,32.81602
4.8014,7.8019,188.0059,-78.323,194056.5276,43.7286,31.6923
3.0988,7.0261,188.2489,-77.8366,194054.0648,43.624,31.8314
215.2,8.12,-231.2,-78.0,194064.0,43.6,32.21542
211.8,8.272,1.2,-80.0,193628.0,44.6,30.68173
228.2,8.168,-96.4,-69.0,193676.0,43.6,33.04125
228.1,8.288,1.2,-79.0,193672.0,42.6,32.06527
219.5,8.144,-232.4,-68.0,194056.0,43.6,32.58007
1.4962,7.5043,193.7181,-77.1238,194057.537,43.6637,31.4517
223.9,8.288,1.2,-81.0,193672.0,42.6,31.47539
3.5137,7.2394,188.4873,-78.7032,194055.29,43.6226,31.8142
3.5895,7.7889,190.4512,-77.6206,194058.1607,43.6908,31.7268
0.8308,7.471,189.1487,-78.0934,194053.0879,43.6405,31.6372
3.313,7.0695,190.416,-78.1367,194056.8018,43.5593,31.7794
4.0414,7.3578,187.706,-77.7846,194056.8144,43.4893,31.7705
219.4,8.288,1.2,-75.0,193672.0,42.6,31.47539
227.8,8.296,1.2,-65.0,193676.0,44.6,32.934
4.5871,7.7125,190.7068,-78.2455,194057.1512,43.4793,31.8273
218.4,8.288,1.2,-83.0,193676.0,41.6,30.84261
2.1404,7.0983,190.6512,-78.3287,194055.3878,43.5987,31.4059
221.4,8.288,1.2,-74.0,193672.0,41.6,30.84261
1.0277,7.906,187.0126,-77.9641,194056.7,43.6013,31.6518
228.2,8.288,1.2,-71.0,193676.0,43.6,32.12962
0.7657,7.1777,187.4988,-78.1585,194054.1512,43.7478,31.6309
226.0,8.288,1.2,-74.0,193676.0,42.6,31.66844
225.3,8.12,-128.0,-64.0,193684.0,43.6,32.91255
224.4,8.28,1.2,-77.0,193676.0,41.6,30.72463
0.1317,7.0894,193.1604,-77.7823,194055.2223,43.6845,31.7262
225.0,8.288,1.2,-74.0,193672.0,43.6,32.3334
225.7,8.288,1.2,-66.0,193672.0,43.6,32.15107
224.2,8.288,1.2,-76.0,193672.0,42.6,31.45394
4.6047,7.7101,188.7082,-77.47,194055.7468,43.4928,31.7944
225.0,8.288,1.2,-74.0,191144.0,43.6,32.03309
4.6539,7.3542,190.7422,-79.2108,194055.0844,43.4956,31.8785
2.5222,7.6269,188.6031,-78.6786,194056.1503,43.5068,31.7924
224.3,8.288,1.2,-76.0,193676.0,42.6,31.56119
3.7681,7.447,190.4323,-78.0168,194056.2014,43.4894,31.5801
214.5,8.288,1.2,-67.0,193676.0,41.6,30.66028
226.8,8.28,1.2,-76.0,193672.0,42.6,31.38959
224.7,8.288,1.2,-78.0,193676.0,42.6,31.37886
2.4649,7.4671,191.2992,-78.3119,194055.7484,43.4465,31.7608
2.1391,7.9278,190.3562,-78.9599,194056.7221,43.6863,31.7389
222.1,8.12,-146.4,-62.0,192120.0,43.6,32.78385
0.4055,7.4355,191.92,-77.794,194054.841,43.5851,31.6187
226.5,8.28,1.2,-76.0,193676.0,41.6,30.85333
2.8475,7.0422,188.0624,-77.9325,194055.1628,43.7724,31.6796
220.9,8.152,-233.2,-73.0,194056.0,43.6,32.64442
1.4897,7.1058,189.2366,-78.6654,194056.4049,43.6926,31.7272
2.3487,7.6985,192.851,-78.2992,194055.7566,43.495,31.6656
220.6,8.12,-129.6,-63.0,193692.0,43.6,32.8482
1.2664,7.7221,188.3088,-78.1134,194058.1306,43.6148,31.643
227.6,8.288,1.2,-72.0,193672.0,43.6,32.12962
1.1745,7.4989,188.8304,-78.5453,194056.0984,43.5495,31.5855
1.7128,7.8538,193.8473,-78.2316,194055.5612,43.6794,31.8541
224.9,8.288,1.2,-79.0,193672.0,43.6,32.2047
223.9,8.288,1.2,-63.0,193672.0,43.6,32.7195
217.3,8.288,1.2,-82.0,193672.0,44.6,30.69246
225.5,8.288,1.2,-70.0,193672.0,43.6,32.4192
2.0666,7.0694,189.4343,-78.2793,194055.2812,43.4436,31.7942
225.0,8.288,1.2,-76.0,192104.0,42.6,31.70061
226.2,8.288,1.2,-82.0,193676.0,41.6,31.16436
0.9815,7.1049,190.5226,-78.1606,194055.7552,43.616,31.832
3.3822,7.0402,188.5168,-77.8301,194054.3943,43.7693,31.77
3.6465,7.3043,186.6975,-78.2358,194057.4965,43.6464,31.6624
224.9,8.288,1.2,-85.0,193672.0,42.6,31.08928
1.815,7.495,188.3359,-77.9546,194056.0627,43.6246,31.6833
2.2821,7.3796,188.6814,-77.942,194055.5406,43.6223,31.8453
219.6,8.288,1.2,-81.0,193672.0,42.6,30.89623
226.8,8.288,1.2,-78.0,193676.0,41.6,30.89623
4.8018,7.7421,187.746,-77.9478,194055.8777,43.6054,31.6424
219.5,8.288,1.2,-74.0,193676.0,41.6,30.86406
225.4,8.28,1.2,-74.0,193672.0,43.6,32.32267
218.8,8.296,1.2,-69.0,192100.0,42.6,30.66028
0.5804,7.2573,185.9395,-77.3469,194055.6114,43.6776,31.7342
225.3,8.288,1.2,-71.0,193672.0,44.6,32.42992
219.1,8.288,1.2,-81.0,193672.0,44.6,30.66028
0.1867,7.3135,190.5186,-78.8369,194055.9943,43.7974,31.7306
221.3,8.128,-160.0,-61.0,193684.0,43.6,32.78385
226.3,8.288,1.2,-77.0,193672.0,42.6,31.37886
4.3085,7.7712,191.343,-77.8825,194056.2568,43.616,31.635
227.9,8.288,1.2,-80.0,193672.0,42.6,32.03309
1.0868,7.3273,190.6432,-78.2997,194056.7825,43.5633,31.8956
1.5982,7.4686,185.8768,-78.5563,194056.0689,43.6162,31.737
4.6636,7.4207,190.7812,-77.1989,194056.0474,43.5625,31.5877
4.3201,7.8262,191.2455,-78.4728,194056.3782,43.6877,31.6879
227.5,8.288,1.2,-81.0,193672.0,42.6,31.99019
0.466,7.8924,189.2034,-78.1946,194056.5907,43.7437,31.7814
221.6,8.288,1.2,-65.0,193672.0,43.6,32.48355
215.4,8.288,1.2,-79.0,193672.0,44.6,30.68173
0.7085,7.7518,190.21,-78.0041,194057.2335,43.6433,31.5327
2.3393,7.2269,189.3951,-77.4437,194055.4515,43.6301,31.7433
0.7292,7.9651,190.6817,-78.9781,194055.8524,43.6671,31.8151
4.0688,7.9346,190.4978,-78.2018,194056.5744,43.6767,31.7177
228.1,8.288,1.2,-81.0,193676.0,42.6,31.90439
2.202,7.5294,193.4739,-77.7555,194056.8791,43.5789,31.7027
219.6,8.288,1.2,-82.0,193672.0,42.6,30.84261
4.3236,7.3154,189.0326,-77.4401,194055.62,43.6218,31.6927
2.654,7.3395,188.9634,-77.4001,194056.0872,43.4704,31.5577
1.7103,7.5374,188.856,-78.2286,194057.511,43.5948,31.6805
1.3573,7.5408,190.8147,-78.807,194055.3511,43.5182,31.6585
1.4007,7.8693,192.6107,-78.0423,194056.0542,43.6013,31.7185
0.1161,7.2076,190.183,-78.5912,194057.0186,43.7749,31.92
224.0,8.288,1.2,-73.0,193676.0,44.6,30.63883
225.3,8.28,1.2,-66.0,193672.0,43.6,32.17252
1.621,7.8227,189.7612,-78.6769,194054.4848,43.4988,31.6497
2.1377,7.3855,189.9888,-78.4918,194056.8958,43.6962,31.8209
229.2,8.288,1.2,-76.0,193676.0,43.6,32.06527
215.7,8.288,1.2,-84.0,193676.0,41.6,30.89623
2.9771,7.9925,191.7052,-77.7713,194055.1361,43.6153,31.7834
1.5723,7.5424,190.362,-78.8388,194056.3072,43.5588,31.8411
224.5,8.288,1.2,-66.0,193672.0,43.6,32.10817
2.1422,7.3093,191.7512,-78.6576,194054.5918,43.5859,31.806
222.3,8.144,-226.4,-73.0,194056.0,44.6,32.61225
0.8591,7.4077,188.9975,-77.6872,194055.5326,43.6216,31.6684
1.6121,7.4938,191.398,-78.0707,194054.4418,43.5612,31.7584
222.0,8.288,1.2,-81.0,193672.0,41.6,30.94986
218.6,8.136,-159.6,-69.0,193644.0,45.6,32.85892
224.8,8.288,1.2,-81.0,193672.0,42.6,31.35741
2.9792,7.0592,190.5346,-77.9811,194056.2571,43.686,31.5407
220.7,8.288,1.2,-79.0,193672.0,42.6,31.10001
225.2,8.288,1.2,-78.0,193620.0,41.6,30.86406
1.01,7.1631,192.2217,-77.2472,194055.7621,43.7412,31.7406
1.452,7.2777,191.7965,-77.8346,194055.4124,43.5648,31.7018
223.1,8.288,1.2,-79.0,193672.0,43.6,32.23687
2.181,7.3165,191.5663,-77.6568,194056.463,43.5953,31.6872
222.8,8.288,1.2,-67.0,193676.0,43.6,32.92327
3.3622,7.7451,186.7849,-77.4381,194055.4107,43.6131,31.7157
3.2292,7.7921,190.5024,-78.608,194055.1324,43.6369,31.947
3.0856,7.643,190.5413,-78.3912,194055.7097,43.7611,31.5205
1.901,7.9266,188.994,-78.1317,194057.8917,43.4636,31.7519
0.7237,7.0181,193.4607,-77.3446,194056.1345,43.5426,31.7
3.2954,7.3082,188.6243,-77.7717,194056.0706,43.6762,31.7783
222.8,8.288,1.2,-75.0,193672.0,42.6,32.01164
2.0498,7.817,189.905,-78.0687,194055.8228,43.4662,31.827
227.1,8.288,1.2,-69.0,193672.0,43.6,32.38702
0.1327,7.8465,191.389,-77.1008,194054.9332,43.6412,31.724
223.7,8.288,1.2,-75.0,193676.0,45.6,30.55303
2.7793,7.0162,195.3515,-78.5547,194056.2065,43.6413,31.5709
0.7396,7.9985,190.0464,-77.9996,194056.2005,43.4644,31.8045
2.2432,7.9322,192.2532,-78.4848,194054.9014,43.6222,31.7235
1.7793,7.4993,188.4395,-77.8951,194056.8808,43.7282,31.9434
218.9,8.288,1.2,-78.0,193676.0,44.6,30.53158
224.1,8.288,1.2,-79.0,193676.0,41.6,31.15364
3.7779,7.9009,191.4872,-78.6646,194056.1878,43.6724,31.5565
220.7,8.12,-128.8,-65.0,193692.0,43.6,32.8482
2.4673,7.8229,189.4277,-78.639,194056.2921,43.5115,31.5839
223.7,8.288,1.2,-84.0,193672.0,42.6,31.56119
226.8,8.288,1.2,-79.0,193672.0,42.6,31.99019
229.0,8.152,-98.0,-68.0,193676.0,43.6,33.00908
0.3938,7.1507,189.4413,-77.0452,194055.2398,43.505,31.5795
226.2,8.28,1.2,-78.0,193672.0,43.6,32.23687
1.6349,7.3433,188.9208,-78.2573,194056.0619,43.5311,31.7112
2.6527,7.3607,194.0324,-77.9969,194055.0405,43.4988,31.4727
227.7,8.288,1.2,-78.0,193676.0,43.6,31.93657
0.1739,7.9841,192.0234,-77.794,194055.7333,43.6234,31.8206
219.0,8.288,1.2,-77.0,193672.0,42.6,31.01421
3.6115,7.729,193.9929,-78.2348,194056.2159,43.5131,31.7091
0.5623,7.9081,186.5545,-77.6144,194056.0444,43.4223,31.6478
230.1,8.288,1.2,-75.0,193676.0,42.6,31.97947
4.6696,7.5402,187.4343,-76.8289,194055.3908,43.7558,31.9068
0.5401,7.8287,186.6126,-76.4095,194054.0328,43.6103,31.761
4.3869,7.9187,189.3654,-78.3361,194056.5074,43.6037,31.5192
4.1031,7.3685,188.1058,-78.4895,194056.1088,43.6576,31.608
226.4,8.288,1.2,-76.0,193676.0,41.6,30.87478
2.2089,7.2332,191.4016,-78.6735,194055.1354,43.6324,31.7973
215.6,8.28,1.2,-87.0,193672.0,44.6,30.64956
222.4,8.288,1.2,-80.0,193676.0,42.6,31.12146
0.2996,7.9632,190.1571,-77.8565,194055.9757,43.4628,31.7886
227.3,8.288,1.2,-78.0,193676.0,41.6,30.91768
3.986,7.8377,189.6269,-78.6536,194056.8417,43.7418,31.7541
230.4,8.288,1.2,-75.0,193676.0,43.6,31.94729
1.293,7.8115,186.7535,-78.6453,194055.5465,43.5398,31.5965
230.2,8.176,-97.2,-68.0,193676.0,43.6,33.12705
2.421,7.155,189.8038,-77.5807,194055.2332,43.5123,31.6569
222.5,8.12,-152.4,-61.0,190548.0,43.6,32.75167
226.3,8.28,1.2,-79.0,193672.0,42.6,31.99019
228.4,8.152,-96.8,-68.0,193676.0,43.6,33.07343
226.8,8.28,1.2,-76.0,193672.0,42.6,31.44321
220.8,8.28,1.2,-77.0,193676.0,44.6,30.60666
224.2,8.288,1.2,-81.0,193672.0,42.6,31.07856
226.5,8.288,1.2,-77.0,193816.0,44.6,30.5423
224.1,8.288,1.2,-75.0,193676.0,42.6,31.55046
212.7,8.28,1.2,-80.0,193676.0,44.6,30.68173
1.8402,7.312,189.4058,-79.3959,194055.9014,43.6357,31.6432
0.9601,7.0088,190.3901,-77.9198,194054.3564,43.4982,31.7299
225.4,8.12,-124.0,-63.0,193684.0,43.6,32.88037
229.5,8.288,1.2,-75.0,193672.0,42.6,32.02237
220.6,8.288,1.2,-73.0,193676.0,41.6,30.89623
223.9,8.288,1.2,-82.0,193672.0,42.6,31.48611
0.2932,7.7975,191.4357,-78.1683,194055.9266,43.7686,31.5512
225.6,8.288,1.2,-74.0,193672.0,43.6,32.2476
219.5,8.288,1.2,-77.0,193676.0,42.6,31.51829
226.4,8.288,1.2,-72.0,192100.0,43.6,32.12962
225.0,8.288,1.2,-82.0,193604.0,42.6,31.49684
3.5782,7.2508,188.097,-77.6231,194056.4365,43.7062,31.6783
4.3651,7.0303,190.406,-77.9206,194054.344,43.734,31.6931
223.6,8.288,1.2,-66.0,193672.0,43.6,32.53717
223.5,8.288,1.2,-83.0,193672.0,42.6,31.06783
216.3,8.288,1.2,-80.0,193624.0,45.6,30.70318
220.4,8.288,1.2,-82.0,193672.0,41.6,30.92841
3.4249,7.401,189.4423,-77.5143,194056.2791,43.7719,31.697
226.0,8.288,1.2,-74.0,193672.0,42.6,32.21542
218.4,8.12,-230.4,-78.0,194064.0,43.6,32.25832
225.9,8.288,1.2,-78.0,193672.0,42.6,30.88551
226.7,8.288,1.2,-78.0,193672.0,41.6,30.81043
0.0362,7.2973,187.4576,-78.0409,194054.9848,43.7144,31.8897
225.9,8.28,1.2,-79.0,193676.0,42.6,31.12146
224.9,8.288,1.2,-79.0,193672.0,42.6,31.03566
1.8619,7.4994,190.751,-78.031,194054.5864,43.6408,31.8769
224.2,8.288,1.2,-64.0,193672.0,43.6,32.77312
3.9696,7.5413,189.9458,-77.6498,194057.0511,43.5306,31.6186
1.8931,7.6945,194.9872,-78.9018,194055.6412,43.4968,31.6919
3.7969,7.2191,192.5415,-77.7665,194055.1592,43.7404,31.7112
228.2,8.16,-96.8,-67.0,193676.0,44.6,33.0627
218.8,8.288,1.2,-81.0,193624.0,45.6,30.68173
4.6423,7.7015,188.6042,-78.1396,194056.3425,43.5103,31.6697
0.4532,7.7863,193.8481,-77.9617,194055.1639,43.4846,31.5544
223.4,8.288,1.2,-74.0,193672.0,42.6,31.92584
3.4608,7.6875,189.0925,-78.2366,194055.3349,43.5838,31.8455
230.8,8.288,1.2,-69.0,193676.0,43.6,33.04125
3.8744,7.447,192.3167,-77.6979,194056.7143,43.4699,31.8385
224.9,8.288,1.2,-65.0,193672.0,43.6,32.15107
2.8252,7.0561,190.5242,-77.6944,194056.2037,43.4213,31.6697
225.0,8.12,-120.0,-72.0,193676.0,43.6,32.88037
221.9,8.288,1.2,-72.0,193676.0,42.6,30.89623
4.0346,7.9424,190.313,-78.1938,194055.7435,43.5508,31.8645
223.7,8.288,1.2,-79.0,193676.0,42.6,31.03566
2.8524,7.0919,188.9115,-77.6053,194057.1943,43.5675,31.7147
215.4,8.28,1.2,-82.0,193676.0,41.6,30.84261
228.5,8.288,1.2,-78.0,193672.0,43.6,32.08672
224.4,8.288,1.2,-65.0,193628.0,43.6,32.81602
4.6191,7.111,191.5996,-77.4383,194057.2814,43.5732,31.7561
2.4056,7.2978,193.7927,-77.8829,194053.7338,43.5367,31.8199
3.3915,7.0842,190.8402,-79.0825,194055.9862,43.8249,31.8398
4.9274,7.2091,187.3474,-77.3587,194055.093,43.6859,31.6923
224.9,8.288,1.2,-78.0,193672.0,41.6,31.04638
0.5268,7.2838,188.8903,-77.5419,194055.9634,43.684,31.5064
222.2,8.288,1.2,-65.0,193672.0,43.6,32.82675
1.2967,7.6108,190.2109,-78.3216,194056.4113,43.5723,31.6903
0.031,7.9622,188.4507,-77.4457,194058.0308,43.5689,31.6541
228.4,8.288,1.2,-66.0,193676.0,43.6,33.0198
223.5,8.288,1.2,-74.0,193672.0,43.6,32.3763
223.5,8.288,1.2,-66.0,193672.0,43.6,32.68732
1.0685,7.22,186.8012,-77.0289,194056.3906,43.7242,31.6064
226.8,8.288,1.2,-75.0,193672.0,42.6,31.45394
3.7591,7.2112,189.7999,-77.9229,194055.2465,43.6144,31.8326
224.9,8.288,1.2,-66.0,193672.0,43.6,32.21542
1.3678,7.3188,191.4734,-78.3599,194056.338,43.605,31.788
230.0,8.176,-96.8,-70.0,193676.0,43.6,33.13778
215.4,8.288,1.2,-82.0,193684.0,44.6,30.56376
3.1797,7.65,189.3354,-78.2952,194056.6266,43.6201,31.8527
2.4824,7.2053,189.5662,-77.5201,194056.3573,43.4854,31.5636
0.2888,7.2028,190.185,-77.7776,194055.9414,43.5675,31.7202
2.0017,7.3389,189.5428,-77.8053,194055.6884,43.5587,31.4909
0.0726,7.4306,187.0135,-77.9447,194055.9567,43.6631,31.6152
4.7862,7.8132,194.3002,-77.3064,194057.8245,43.6341,31.8569
229.6,8.288,1.2,-75.0,193676.0,43.6,32.02237
4.3765,7.508,191.4917,-78.1472,194053.9388,43.8164,31.7294
0.2981,7.2583,192.0357,-77.6068,194055.8608,43.6129,31.6054
1.1906,7.9123,190.7543,-77.0674,194056.4808,43.6877,31.6589
229.6,8.184,-98.0,-69.0,193676.0,43.6,33.12705
3.5038,7.7628,191.1275,-77.9133,194056.1873,43.6484,31.8853
3.9385,7.2668,189.569,-77.7335,194055.9016,43.694,31.6175
225.5,8.288,1.2,-85.0,193672.0,42.6,31.38959
226.4,8.288,1.2,-83.0,193676.0,42.6,31.52901
229.7,8.288,1.2,-84.0,193672.0,42.6,31.96874
1.3998,7.7586,190.5006,-78.1819,194058.3133,43.7053,31.7566
4.9801,7.094,190.5356,-78.6581,194055.6366,43.6196,31.6383
1.4531,7.9887,189.1998,-77.9304,194055.1714,43.586,32.0281
2.1581,7.1192,189.2379,-77.7131,194055.1705,43.648,31.7107
224.3,8.288,1.2,-66.0,193672.0,43.6,32.18324
223.2,8.28,1.2,-77.0,193676.0,44.6,30.5423
0.9368,7.9405,191.4044,-79.0058,194058.1818,43.7389,31.7058
3.5914,7.5831,189.6773,-77.4901,194056.5399,43.6,31.9483
215.9,8.288,1.2,-72.0,193676.0,41.6,30.68173
225.5,8.288,1.2,-90.0,191144.0,43.6,31.35741
1.695,7.4765,191.5805,-77.9697,194055.396,43.714,31.6397
0.2644,7.7448,191.7359,-78.0557,194055.8146,43.6983,31.8571
225.6,8.288,1.2,-83.0,193672.0,42.6,31.27161
224.4,8.288,1.2,-67.0,193676.0,43.6,32.82675
220.5,8.288,1.2,-73.0,193676.0,42.6,30.90696
221.8,8.288,1.2,-79.0,193676.0,42.6,31.10001
1.3848,7.9052,187.6917,-78.1766,194056.7149,43.5537,31.8317
220.3,8.28,1.2,-82.0,193672.0,41.6,30.83188
224.4,8.288,1.2,-79.0,193620.0,42.6,31.41104
1.3102,7.0961,189.5316,-78.592,194054.059,43.6887,31.8707
214.4,8.288,1.2,-82.0,193676.0,44.6,30.67101
1.3079,7.9866,188.8467,-78.0631,194056.1373,43.6405,31.6871
1.8427,7.9312,188.6957,-78.2249,194055.2166,43.444,31.7502
225.8,8.28,1.2,-75.0,193676.0,44.6,30.63883
222.1,8.288,1.2,-68.0,193676.0,43.6,32.91255
225.8,8.28,1.2,-75.0,193672.0,43.6,32.22615
228.7,8.152,-98.4,-69.0,193676.0,47.6,32.95545
1.1684,7.6703,189.86,-78.3622,194055.9502,43.6715,31.7676
0.0494,7.8231,189.2909,-78.1901,194054.923,43.471,31.7791
3.9172,7.0549,190.8675,-77.9873,194054.6479,43.6063,31.7345
228.5,8.288,1.2,-74.0,193672.0,43.6,32.21542
226.7,8.288,1.2,-88.0,193672.0,42.6,31.35741
1.8242,7.7941,190.3365,-77.9894,194056.4408,43.446,31.8178
223.0,8.12,-125.6,-61.0,193692.0,43.6,32.86965
0.1243,7.3425,187.3564,-77.8376,194058.062,43.6146,31.7804
212.7,8.28,1.2,-74.0,193816.0,44.6,30.67101
227.3,8.144,-100.8,-76.0,193676.0,43.6,32.91255
3.2045,7.9027,190.9802,-77.2748,194054.1527,43.8497,31.6709
2.1233,7.6639,188.3022,-77.7716,194055.4057,43.4973,31.9144
1.6947,7.2661,186.7681,-78.3897,194056.6019,43.5824,31.7324
2.3178,7.6015,193.0849,-78.3954,194056.4218,43.5343,31.5963
223.5,8.288,1.2,-74.0,193672.0,43.6,32.3763
223.6,8.28,1.2,-74.0,193672.0,43.6,32.3763
3.1475,7.9944,195.0005,-78.2883,194055.0583,43.5597,31.7143
223.9,8.288,1.2,-79.0,193672.0,42.6,31.42176
211.5,8.288,1.2,-70.0,193676.0,41.6,30.66028
225.6,8.288,1.2,-74.0,193672.0,42.6,30.91768
3.848,7.4427,190.5364,-77.6986,194054.9402,43.6656,31.7594
4.7596,7.6466,187.5832,-77.0933,194055.9645,43.7003,31.7462
0.7563,7.7229,191.038,-78.2263,194056.3631,43.4815,31.683
2.0294,7.1179,191.6646,-78.4403,194055.6552,43.629,31.8185
1.1395,7.4317,189.462,-77.888,194056.123,43.6346,31.8263
3.3853,7.3314,190.5346,-78.5673,194057.5801,43.7845,31.7352
229.7,8.288,1.2,-76.0,193676.0,42.6,32.04382
3.3529,7.8115,190.9883,-78.4666,194057.0033,43.4597,31.8141
227.1,8.288,1.2,-86.0,193672.0,42.6,31.36814
4.4327,7.6799,191.052,-78.7472,194056.6517,43.5347,31.6523
2.7028,7.5834,190.5853,-78.1955,194057.6185,43.6294,31.6752
215.1,8.136,-180.8,-77.0,194052.0,44.6,32.8053
223.6,8.288,1.2,-80.0,193676.0,44.6,30.55303
224.6,8.288,1.2,-77.0,193672.0,42.6,31.45394
225.1,8.288,1.2,-81.0,193672.0,41.6,30.89623
211.9,8.288,1.2,-75.0,193676.0,45.6,30.69246
218.3,8.288,1.2,-78.0,193672.0,41.6,30.78898
0.0152,7.798,186.3109,-77.9671,194056.0708,43.6148,31.4495
228.7,8.288,1.2,-75.0,193676.0,43.6,32.02237
223.7,8.288,1.2,-67.0,193672.0,43.6,32.8053
227.1,8.28,1.2,-65.0,193672.0,42.6,32.06527
0.9344,7.3915,191.4622,-78.378,194057.6083,43.6636,31.7555
0.7161,7.5632,189.2657,-77.6535,194054.5875,43.6572,31.7092
0.216,7.865,183.7134,-78.263,194056.9181,43.5992,31.7249
2.3384,7.7261,189.1964,-78.1963,194054.1949,43.6595,31.6513
225.8,8.288,1.2,-88.0,193676.0,42.6,31.34669
3.4409,7.4332,193.2756,-78.3725,194056.0909,43.609,31.6602
228.0,8.288,1.2,-67.0,193676.0,43.6,32.96618
0.1393,7.22,187.5688,-77.8996,194056.0002,43.5895,31.7835
0.006,7.2122,191.1547,-77.7644,194055.5286,43.5987,31.6843
214.8,8.288,1.2,-75.0,193676.0,44.6,30.70318
224.3,8.136,-115.6,-61.0,193676.0,43.6,32.86965
2.3621,7.1496,190.3306,-77.5809,194054.3594,43.5969,31.8756
3.3927,7.6165,190.1189,-78.1106,194056.7683,43.581,31.5199
1.5237,7.8563,187.9482,-77.8788,194055.3501,43.6479,31.7227
223.6,8.288,1.2,-74.0,193672.0,43.6,32.36557
225.5,8.288,1.2,-79.0,193676.0,42.6,31.06783
222.9,8.288,1.2,-80.0,193672.0,42.6,30.99276
3.0914,7.3114,190.1812,-78.1325,194055.2062,43.5681,31.7242
1.6511,7.0813,191.5535,-77.8973,194056.1653,43.7003,31.636
3.0172,7.0433,187.8113,-77.6039,194055.6011,43.46,31.7054
0.41,7.2894,192.9116,-79.1814,194054.4773,43.4831,31.8083
2.0333,7.3055,187.3252,-77.5988,194056.6797,43.5049,31.8102
223.4,8.28,1.2,-84.0,193672.0,41.6,30.81043
3.2355,7.4946,184.7835,-78.4337,194056.4128,43.5001,31.5238
225.4,8.136,-115.2,-77.0,193676.0,43.6,32.90182
4.6609,7.7404,189.8955,-77.9541,194056.5683,43.595,31.7699
1.478,7.3479,188.2585,-78.4495,194056.7579,43.5354,31.7477
2.6135,7.2694,191.2805,-77.954,194056.2,43.7282,31.6934
1.4591,7.3543,188.8182,-78.309,194056.967,43.5494,31.5845
219.4,8.288,1.2,-75.0,193676.0,42.6,31.48611
1.7977,7.0386,189.5557,-78.4571,194054.7526,43.7991,31.63
223.7,8.288,1.2,-70.0,193672.0,43.6,32.62297
1.422,7.6553,191.5063,-78.4497,194055.4678,43.7102,31.8338
4.1091,7.4354,186.8369,-77.6507,194053.5385,43.572,31.7402
4.9079,7.8841,193.1114,-78.0078,194055.57,43.3809,31.7106
2.2681,7.4189,186.6078,-77.5908,194056.0075,43.4845,31.5566
2.3326,7.3877,189.9392,-77.2534,194054.2948,43.5144,31.5052
226.0,8.288,1.2,-79.0,193676.0,42.6,31.12146
224.9,8.288,1.2,-82.0,193672.0,42.6,31.51829
223.3,8.288,1.2,-77.0,193676.0,43.6,30.5423
0.7853,7.4454,191.0737,-76.8421,194055.1062,43.68,31.7413
221.6,8.288,1.2,-81.0,193672.0,45.6,30.68173
225.4,8.288,1.2,-75.0,193672.0,43.6,32.25832
223.3,8.24,1.2,-86.0,193684.0,46.6,30.58521
224.0,8.288,1.2,-79.0,193672.0,42.6,31.05711
3.6755,7.0546,189.5983,-77.9016,194056.863,43.7374,31.7055
226.5,8.288,1.2,-79.0,193672.0,43.6,32.18324
223.7,8.288,1.2,-82.0,193672.0,42.6,31.45394
1.8348,7.2327,186.4154,-76.9382,194054.3154,43.33,31.7347
226.1,8.288,1.2,-80.0,193676.0,42.6,31.00348
4.3872,7.6554,190.9992,-77.1556,194056.8074,43.4433,31.7554
227.5,8.288,1.2,-69.0,193676.0,43.6,32.12962
227.4,8.296,1.2,-86.0,193672.0,41.6,30.79971
228.4,8.288,1.2,-77.0,193676.0,41.6,30.85333
3.5883,7.4677,190.9504,-79.0835,194056.447,43.5022,31.744
2.4698,7.0332,188.7892,-78.5381,194055.105,43.6973,31.7038
225.3,8.288,1.2,-75.0,193676.0,42.6,31.73279
228.9,8.288,1.2,-79.0,193672.0,43.6,32.10817
4.1042,7.3059,189.3264,-77.6533,194056.6987,43.6438,31.4686
225.2,8.288,1.2,-76.0,193672.0,43.6,32.3334
226.8,8.288,1.2,-78.0,193672.0,42.6,30.96058
223.3,8.288,1.2,-74.0,193672.0,43.6,32.38702
221.2,8.288,1.2,-85.0,193676.0,44.6,30.66028
227.6,8.288,1.2,-81.0,193672.0,42.6,31.35741
222.1,8.288,1.2,-82.0,193676.0,42.6,31.70061
2.1089,7.1573,191.2364,-76.6165,194054.9734,43.6078,31.6484
0.6494,7.9109,189.0212,-78.2405,194054.4734,43.6416,31.8569
226.4,8.288,1.2,-82.0,193672.0,42.6,31.29306
219.4,8.288,1.2,-82.0,193676.0,41.6,30.86406
223.4,8.144,-112.8,-76.0,193676.0,43.6,32.94473
4.0051,7.4547,191.8278,-78.5467,194056.7857,43.6607,31.8109
4.1546,7.3522,190.4136,-77.5153,194056.1145,43.6155,31.6584
4.1004,7.4325,190.6726,-77.9785,194055.4602,43.7545,31.5549
224.0,8.288,1.2,-73.0,193672.0,43.6,32.16179
4.7056,7.869,187.6376,-78.5605,194055.3997,43.4458,31.4354
1.3493,7.2247,182.1977,-77.6568,194054.8341,43.9167,31.6591
0.1851,7.5249,190.9113,-77.6579,194054.9,43.6684,31.7895
0.1617,7.5545,192.2573,-78.3312,194056.3995,43.5757,31.4947
3.7035,7.4691,190.7386,-77.7272,194056.0514,43.8291,31.7356
0.5279,7.8312,192.886,-77.5979,194056.9236,43.7384,31.6727
220.7,8.288,1.2,-80.0,193672.0,44.6,30.68173
0.2306,7.0155,190.2577,-78.6882,194057.4126,43.9031,31.5943
229.8,8.288,1.2,-73.0,193676.0,43.6,32.36557
1.385,7.2432,187.8843,-78.0378,194055.0982,43.5246,31.7841
218.3,8.28,1.2,-81.0,193676.0,42.6,30.75681
4.941,7.8315,190.1239,-78.0994,194055.0099,43.7833,31.7767
228.5,8.136,-111.2,-65.0,193676.0,44.6,33.11633
2.8499,7.7948,191.2487,-78.5443,194055.3716,43.4475,31.8024
218.4,8.12,-136.8,-65.0,193692.0,43.6,32.83747
224.7,8.288,1.2,-80.0,193672.0,44.6,30.55303
221.9,8.288,1.2,-86.0,193672.0,41.6,30.82116
226.6,8.288,1.2,-76.0,193676.0,42.6,31.73279
1.5231,7.8442,190.9353,-79.0128,194055.4912,43.6025,31.5653
224.2,8.12,-122.8,-63.0,193684.0,43.6,32.8482
229.6,8.152,-96.8,-67.0,193676.0,43.6,33.04125
1.2952,7.202,189.9907,-77.7682,194056.0377,43.6296,31.678
224.5,8.12,-116.8,-80.0,193676.0,43.6,32.85892
223.0,8.288,1.2,-62.0,193672.0,43.6,32.5908
225.0,8.288,1.2,-76.0,193672.0,42.6,31.99019
1.6883,7.7163,192.1266,-78.1069,194056.0129,43.7464,31.756
220.8,8.12,-128.8,-68.0,193692.0,43.6,32.81602
228.3,8.136,-112.8,-66.0,193676.0,44.6,33.1056
4.922,7.8271,187.3609,-78.1696,194055.6929,43.8446,31.6645
2.1236,7.6105,187.6924,-78.4928,194055.3765,43.789,31.9371
226.7,8.288,1.2,-77.0,193676.0,42.6,31.73279
1.0703,7.8258,194.3307,-77.7871,194056.4134,43.633,31.5035
225.7,8.288,1.2,-74.0,193672.0,43.6,32.21542
2.8804,7.6083,188.9887,-77.9731,194057.1837,43.6785,31.881
0.7692,7.7225,189.8973,-78.2827,194055.3707,43.7062,31.53
221.9,8.288,1.2,-66.0,193672.0,43.6,32.45137
223.0,8.288,1.2,-76.0,193672.0,41.6,30.86406
228.3,8.288,1.2,-67.0,193676.0,43.6,32.99835
0.4276,7.4285,186.6506,-78.0502,194056.7704,43.6485,31.6952
219.6,8.128,-163.6,-65.0,194056.0,43.6,32.75167
1.0245,7.6061,183.2023,-78.3943,194056.7812,43.6104,31.6598
209.4,8.288,1.2,-82.0,193672.0,46.6,30.68173
220.6,8.288,1.2,-86.0,193672.0,44.6,30.61738
3.9194,7.5396,193.8947,-78.1283,194055.075,43.5301,31.5893
220.7,8.288,1.2,-74.0,193656.0,41.6,30.84261
1.3157,7.9356,190.2537,-78.9545,194056.0438,43.6506,31.6876
228.0,8.144,-98.4,-70.0,193676.0,43.6,33.07343
0.1986,7.2778,189.954,-78.7894,194055.6735,43.7371,31.7033
0.6585,7.494,188.4882,-77.6183,194056.7428,43.5696,31.5124
3.9045,7.1084,191.8747,-78.9734,194056.494,43.8388,31.7552
210.3,8.288,1.2,-75.0,193676.0,44.6,30.69246
220.0,8.288,1.2,-81.0,193676.0,41.6,30.85333
3.0831,7.5838,190.3219,-77.3042,194056.4808,43.6352,31.4642
227.4,8.288,1.2,-73.0,193672.0,42.6,32.07599
3.6267,7.3309,189.9698,-76.7616,194056.8579,43.747,31.8084
221.7,8.288,1.2,-74.0,193676.0,41.6,30.91768
219.4,8.144,-233.2,-71.0,194056.0,43.6,32.5908
1.7041,7.2251,189.2053,-77.3014,194055.9272,43.5361,31.6355
221.8,8.288,1.2,-74.0,193676.0,41.6,30.90696
1.684,7.4315,191.0593,-77.3943,194055.0546,43.6381,31.6831
220.1,8.288,1.2,-79.0,193684.0,44.6,30.57448
0.237,7.3916,190.4036,-77.8918,194054.9054,43.463,31.686
226.7,8.288,1.2,-76.0,193672.0,42.6,31.38959
1.7758,7.2809,192.8571,-77.7198,194055.5323,43.5561,31.7224
2.5575,7.4055,190.532,-78.1785,194057.1321,43.742,31.6269
223.5,8.288,1.2,-65.0,193672.0,43.6,32.66587
3.7225,7.6508,193.0419,-77.9348,194056.005,43.6605,31.8755
216.2,8.136,-182.4,-76.0,194056.0,43.6,32.79457
1.3708,7.7136,188.1825,-78.7781,194056.2901,43.6691,31.7464
3.3,7.5397,190.1984,-77.5548,194056.191,43.7329,31.7698
3.1374,7.0247,190.2336,-78.4798,194055.1645,43.6571,31.4685
0.9269,7.7681,194.0089,-78.7332,194057.5941,43.5814,31.7345
225.1,8.288,1.2,-77.0,193676.0,42.6,31.38959
216.8,8.136,-186.8,-76.0,194056.0,43.6,32.78385
1.0657,7.1426,189.1322,-78.1357,194055.917,43.6928,31.7895
4.4418,7.9811,186.3924,-78.2032,194054.8882,43.7666,31.6972
227.6,8.288,1.2,-71.0,193672.0,43.6,32.14034
1.0737,7.6017,189.524,-77.7714,194055.4969,43.6333,31.5272
225.0,8.288,1.2,-84.0,193672.0,44.6,30.61738
220.3,8.288,1.2,-78.0,193684.0,45.6,30.57448
227.6,8.288,1.2,-76.0,193676.0,41.6,30.89623
224.4,8.288,1.2,-76.0,193676.0,42.6,31.55046
3.3243,7.5177,187.9963,-76.354,194056.7915,43.5297,31.8774
3.3154,7.8887,192.4518,-77.8546,194055.7236,43.5869,31.8363
229.6,8.28,1.2,-74.0,193676.0,43.6,32.00092
227.6,8.288,1.2,-74.0,193672.0,43.6,32.19397
2.3658,7.7294,189.4438,-77.4201,194056.8734,43.4407,31.5873
1.5282,7.2252,189.806,-77.8984,194054.8365,43.4892,31.6165
225.6,8.288,1.2,-65.0,193676.0,43.6,32.98763
3.7664,7.1104,188.9655,-77.8179,194056.0288,43.8007,31.7399
1.8269,7.7185,189.5207,-77.8016,194057.2685,43.4429,31.8189
1.4555,7.5443,189.3437,-78.4046,194055.632,43.554,31.7298
225.3,8.136,-115.6,-81.0,193676.0,43.6,32.90182
4.5414,7.3415,189.0021,-78.4523,194054.8579,43.5144,31.8808
2.8784,7.9478,191.1776,-78.5361,194056.9369,43.6716,31.7415
225.1,8.288,1.2,-66.0,193672.0,43.6,32.26905
2.713,7.3904,189.5026,-78.0991,194054.7976,43.5456,31.6531
224.8,8.288,1.2,-75.0,193676.0,41.6,30.75681
225.4,8.288,1.2,-65.0,193672.0,43.6,32.40847
227.9,8.288,1.2,-68.0,193676.0,43.6,33.00908
2.9113,7.2814,191.5925,-77.8357,194056.8285,43.6764,31.6982
222.2,8.28,1.2,-74.0,193676.0,41.6,30.85333
224.3,8.288,1.2,-80.0,193676.0,43.6,30.56376
1.2986,7.9419,192.9511,-78.3976,194054.4626,43.7542,31.5701
225.1,8.288,1.2,-82.0,193672.0,42.6,31.37886
0.3916,7.4465,192.2231,-77.0894,194055.1523,43.5622,31.6954
1.5414,7.7549,191.6268,-77.4668,194054.7576,43.7487,31.7418
224.5,8.288,1.2,-79.0,193672.0,42.6,31.40031
226.3,8.288,1.2,-85.0,193672.0,42.6,31.29306
3.5003,7.0854,189.5698,-77.1628,194056.035,43.7126,31.9295
225.8,8.288,1.2,-74.0,193676.0,42.6,31.65771
4.5019,7.5739,187.2173,-77.8804,194056.7932,43.6426,31.6729
1.0088,7.9564,188.9144,-77.0279,194055.2824,43.7134,31.7759
215.0,8.28,1.2,-81.0,193676.0,44.6,30.72463
4.5315,7.0501,190.5869,-77.5918,194055.8013,43.6175,31.6828
217.2,8.288,1.2,-78.0,193676.0,41.6,30.83188
4.762,7.5848,184.3361,-79.2195,194056.1336,43.6087,31.5448
229.8,8.288,1.2,-74.0,193672.0,43.6,31.95802
0.7484,7.2082,189.8505,-78.3988,194055.3496,43.6644,31.7954
216.9,8.288,1.2,-82.0,193676.0,44.6,30.71391
1.3818,7.9449,187.4372,-78.8933,194056.8675,43.803,31.6871
2.343,7.4835,186.8461,-77.5007,194055.946,43.6314,31.7205
1.2452,7.6568,191.3721,-77.9936,194056.001,43.7653,31.8424
4.1562,7.3696,192.2655,-78.3549,194056.2956,43.6068,31.6721
2.88,7.7458,189.0743,-78.1622,194054.62,43.7669,31.7098
219.1,8.28,1.2,-83.0,192100.0,42.6,30.86406
227.7,8.288,1.2,-71.0,193672.0,43.6,32.30122
223.7,8.288,1.2,-63.0,193672.0,43.6,32.6337
4.7448,7.5442,189.4319,-78.1397,194055.7167,43.5789,31.6767
226.6,8.288,1.2,-74.0,193672.0,43.6,32.22615
4.6803,7.119,190.1625,-77.9185,194055.4546,43.5146,31.8124
224.7,8.288,1.2,-77.0,193676.0,42.6,31.55046
225.0,8.288,1.2,-74.0,193672.0,42.6,31.45394
226.2,8.288,1.2,-76.0,193672.0,42.6,32.00092
225.6,8.288,1.2,-75.0,193672.0,43.6,32.3763
224.6,8.288,1.2,-75.0,193672.0,43.6,32.34412
214.3,8.28,1.2,-79.0,193676.0,41.6,30.68173
225.1,8.288,1.2,-74.0,193672.0,43.6,32.32267
2.6054,7.227,189.2173,-78.4714,194055.7729,43.6034,31.703
4.0176,7.1296,192.553,-77.6818,194055.0631,43.5032,31.6989
4.685,7.2245,189.5557,-78.117,194055.0713,43.6077,31.6377
4.0295,7.9347,193.696,-78.4076,194055.3352,43.5922,31.7306
1.6401,7.265,192.0165,-77.6653,194055.8213,43.7487,31.8182
3.0192,7.354,189.7959,-77.353,194057.347,43.4768,31.8997
4.9906,7.3327,190.5671,-78.3449,194055.5703,43.4976,31.7616
3.7642,7.781,189.6311,-78.5645,194057.6454,43.5109,31.756
0.6989,7.8799,189.0623,-77.6634,194055.2265,43.5248,31.5764
228.6,8.288,1.2,-79.0,193672.0,42.6,32.06527
0.0861,7.5934,192.8941,-78.4317,194055.5098,43.729,31.7678
223.5,8.288,1.2,-65.0,193672.0,43.6,32.68732
226.4,8.288,1.2,-81.0,193676.0,42.6,31.52901
2.3248,7.5801,187.3253,-77.0138,194055.9135,43.4745,31.6621
2.2827,7.2119,185.9668,-77.521,194056.6728,43.5831,31.6682
216.8,8.288,1.2,-78.0,193676.0,41.6,30.75681
216.9,8.288,1.2,-80.0,193676.0,41.6,30.75681
4.5971,7.3796,190.1393,-77.6206,194056.6581,43.8684,31.7246
225.9,8.296,1.2,-65.0,193676.0,43.6,32.94473
228.9,8.16,-96.4,-69.0,193676.0,44.6,33.05198
229.3,8.288,1.2,-74.0,193676.0,43.6,32.3763
226.4,8.288,1.2,-69.0,193672.0,43.6,32.4621
4.1463,7.1886,189.6023,-78.3223,194056.9527,43.55,31.6663
2.3268,7.1575,191.862,-77.7348,194055.722,43.6099,31.7417
2.5694,7.3659,188.734,-77.6926,194055.6278,43.4476,31.7893
4.3272,7.8607,192.5516,-78.9083,194058.2566,43.4992,31.6881
226.0,8.28,1.2,-75.0,193676.0,42.6,31.48611
4.341,7.4976,192.6471,-78.2687,194055.4653,43.5822,31.8119
3.8795,7.1573,193.6463,-78.0318,194055.7205,43.5918,31.6793
224.6,8.288,1.2,-65.0,193672.0,43.6,32.11889
0.4778,7.8085,190.5996,-77.5671,194056.1489,43.5024,31.8173
1.7053,7.4681,194.1073,-78.2241,194056.7296,43.4394,31.8674
215.6,8.296,1.2,-81.0,193684.0,45.6,30.56376
3.0064,7.4248,187.3794,-77.4626,194056.1579,43.6508,31.5189
1.296,7.0372,191.4891,-77.2292,194056.4609,43.7635,31.5956
229.3,8.288,1.2,-77.0,193676.0,42.6,32.05454
223.8,8.288,1.2,-66.0,193672.0,43.6,32.68732
0.9774,7.8795,193.1965,-78.4431,194055.0853,43.6043,31.7812
220.3,8.288,1.2,-82.0,193672.0,41.6,30.84261
1.9949,7.6098,190.7528,-77.9413,194054.8128,43.5002,31.6211
224.6,8.288,1.2,-78.0,193672.0,42.6,31.43249
229.5,8.288,1.2,-74.0,193672.0,42.6,32.00092
224.9,8.288,1.2,-66.0,193672.0,44.6,32.18324
213.3,8.288,1.2,-75.0,193676.0,44.6,30.70318
226.7,8.288,1.2,-75.0,193672.0,43.6,32.2476
1.1547,7.6013,188.5522,-77.4554,194055.9493,43.6403,31.5886
1.0692,7.6296,187.1327,-78.041,194056.4871,43.5671,31.6789
3.5224,7.4998,187.1033,-78.3585,194056.2604,43.5758,31.7659
3.6386,7.6545,188.0954,-77.7278,194057.2327,43.6921,31.6664
217.8,8.288,1.2,-82.0,193672.0,46.6,30.68173
216.2,8.288,1.2,-78.0,193676.0,41.6,30.68173
226.8,8.296,1.2,-74.0,192104.0,43.6,31.67916
228.8,8.288,1.2,-75.0,193672.0,43.6,32.15107
224.1,8.288,1.2,-79.0,193672.0,42.6,31.15364
4.5258,7.4323,189.1594,-78.0623,194055.7879,43.5784,31.7291
2.5111,7.445,187.2192,-77.4849,194056.3491,43.6066,31.7593
1.236,7.5833,190.8748,-78.7967,194057.1292,43.686,31.8108
0.6335,7.8582,191.0474,-77.8456,194054.8846,43.6062,31.6631
0.0388,7.4338,192.2788,-77.2573,194056.7625,43.4984,31.8328
226.0,8.288,1.2,-65.0,193676.0,44.6,32.934
4.6952,7.8142,185.9889,-78.8168,194057.0986,43.6097,31.7433
1.1664,7.4263,186.0945,-78.2003,194056.2671,43.3477,31.8518
2.4526,7.5043,192.0044,-77.8643,194055.421,43.3655,31.7292
3.8627,7.8161,190.0173,-78.7868,194055.5995,43.7655,31.4675
4.7031,7.9796,188.0224,-77.4607,194055.7779,43.66,31.6947
3.1114,7.2425,191.0769,-77.5921,194054.2099,43.5569,31.5741
225.0,8.288,1.2,-86.0,193672.0,41.6,30.82116
218.1,8.12,-156.4,-77.0,194008.0,44.6,32.74095
216.6,8.288,1.2,-76.0,193672.0,41.6,30.73536
228.0,8.288,1.2,-79.0,193672.0,42.6,32.08672
1.5391,7.1843,191.2311,-77.8003,194056.2856,43.7054,31.7463
1.5902,7.792,192.5589,-78.2659,194056.6083,43.5601,31.6479
227.8,8.288,1.2,-75.0,193676.0,41.6,30.79971
220.7,8.288,1.2,-79.0,193676.0,44.6,30.55303
0.5428,7.4432,187.0548,-77.5312,194055.2501,43.5433,31.562
220.6,8.28,1.2,-84.0,193624.0,44.6,30.61738
219.8,8.28,1.2,-73.0,193676.0,41.6,30.89623
224.4,8.12,-118.0,-83.0,193676.0,43.6,32.81602
4.4457,7.8675,191.2747,-77.4543,194057.0513,43.7073,31.7118
4.8745,7.5274,188.0712,-77.2622,194055.156,43.6454,31.7727
220.1,8.288,1.2,-84.0,193672.0,42.6,30.92841
3.4319,7.7041,185.1395,-77.905,194055.5498,43.6226,31.7991
228.4,8.144,-109.6,-66.0,193676.0,44.6,33.1056
223.7,8.296,1.2,-79.0,193672.0,42.6,31.42176
1.3453,7.9275,193.7614,-78.3518,194055.6278,43.6252,31.7261
227.4,8.288,1.2,-65.0,193672.0,42.6,32.05454
1.7017,7.6905,187.9736,-78.271,194054.7876,43.587,31.7047
218.5,8.28,1.2,-87.0,193676.0,44.6,30.59593
2.3798,7.0722,187.406,-78.2258,194056.3247,43.7334,31.5897
3.538,7.3393,191.4764,-77.4067,194057.5003,43.5732,31.8043
1.4486,7.4909,191.8976,-78.2621,194054.3835,43.5822,31.4617
226.1,8.28,1.2,-80.0,193676.0,41.6,31.06783
227.2,8.288,1.2,-66.0,193672.0,43.6,32.06527
2.0347,7.7953,191.4816,-77.8514,194056.5233,43.6412,31.6572
0.5297,7.7803,190.0405,-78.0411,194056.8212,43.6178,31.5982
226.0,8.288,1.2,-74.0,193676.0,42.6,31.63626
0.0487,7.4751,190.3585,-78.1111,194057.5591,43.4783,31.8272
222.0,8.288,1.2,-88.0,193676.0,45.6,30.61738
4.5754,7.2066,188.7078,-77.7954,194055.9318,43.5667,31.5778
226.0,8.288,1.2,-67.0,193672.0,43.6,32.26905
226.9,8.288,1.2,-74.0,193672.0,43.6,32.21542
3.7198,7.6872,186.8044,-77.9697,194056.6711,43.5528,31.5791
227.5,8.176,-97.6,-67.0,193676.0,44.6,33.08415
0.1236,7.6837,191.4384,-77.9742,194054.9613,43.5607,31.6015
2.2929,7.2513,189.636,-78.3948,194055.8086,43.6043,31.7978
0.8603,7.3959,190.2282,-77.9027,194055.6735,43.5144,31.764
3.7049,7.1238,191.792,-77.3888,194057.7437,43.4687,31.4727
2.4084,7.979,187.621,-78.2029,194055.2151,43.5634,31.6075
0.1279,7.6625,189.47,-76.813,194055.727,43.4902,31.6671
1.1709,7.6246,191.2467,-78.2025,194056.5687,43.4783,31.5954
227.4,8.288,1.2,-78.0,193672.0,42.6,32.04382
223.8,8.288,1.2,-75.0,193672.0,41.6,30.84261
223.5,8.136,-109.6,-78.0,193628.0,43.6,32.92327
223.8,8.28,1.2,-79.0,193676.0,42.6,30.86406
4.7067,7.8175,193.1139,-78.3779,194055.6787,43.5918,31.7691
4.164,7.3596,189.4323,-77.2522,194055.41,43.5546,31.7317
1.6859,7.4969,194.5039,-78.9274,194056.2932,43.7037,31.8254
0.8411,7.7504,190.0657,-76.8938,194057.8292,43.9165,31.8253
215.6,8.12,-230.0,-77.0,194064.0,43.6,32.18324
214.2,8.288,1.2,-78.0,193676.0,41.6,30.83188
229.6,8.184,-98.0,-66.0,193676.0,43.6,33.1056
3.9657,7.1356,190.6941,-78.6763,194057.7336,43.5782,31.5836
3.9692,7.718,188.1304,-77.9098,194055.1975,43.4988,31.6188
0.4046,7.8011,189.8259,-77.798,194056.8388,43.6317,31.8091
229.4,8.288,1.2,-65.0,193684.0,43.6,33.0627
3.9534,7.9281,193.0194,-77.4825,194055.3269,43.6871,31.5895
4.3919,7.4799,188.0034,-78.1894,194054.5605,43.4318,31.8571
3.7882,7.5746,187.8213,-77.0432,194055.6975,43.6819,31.747
228.2,8.28,1.2,-82.0,193672.0,43.6,31.95802
3.5818,7.5016,189.2597,-77.5862,194053.7066,43.509,31.8091
2.5288,7.9092,188.1791,-77.6044,194056.6157,43.7041,31.5416
224.8,8.288,1.2,-85.0,193672.0,42.6,31.38959
221.8,8.288,1.2,-65.0,193628.0,43.6,32.85892
227.6,8.144,-104.0,-76.0,193676.0,43.6,32.90182
228.0,8.288,1.2,-78.0,193672.0,42.6,32.08672
226.4,8.288,1.2,-75.0,193676.0,42.6,31.63626
224.6,8.28,1.2,-65.0,193672.0,43.6,32.77312
223.4,8.288,1.2,-76.0,193676.0,42.6,31.52901
1.3574,7.0165,191.4937,-77.7103,194055.8941,43.6491,31.676
1.6974,7.7952,190.3615,-78.0489,194056.321,43.8042,31.6431
1.9983,7.5546,187.0818,-78.4856,194057.2313,43.6852,31.7785
222.2,8.288,1.2,-80.0,193672.0,42.6,30.93913
214.4,8.288,1.2,-79.0,193676.0,41.6,30.85333
214.9,8.168,-216.8,-78.0,194056.0,43.6,32.81602
224.7,8.288,1.2,-78.0,193676.0,42.6,31.40031
221.2,8.28,1.2,-83.0,192104.0,42.6,31.61481
3.6841,7.4351,191.9625,-78.8261,194055.7835,43.3821,31.718
1.092,7.3519,193.3614,-77.9297,194056.7305,43.5402,31.4644
227.6,8.16,-81.2,-68.0,192092.0,44.6,33.03053
0.3164,7.2017,191.0472,-78.1742,194055.5259,43.8686,31.6349
224.0,8.288,1.2,-78.0,193672.0,41.6,30.84261
222.4,8.288,1.2,-81.0,193676.0,42.6,31.85077
4.667,7.9467,190.8855,-78.1276,194055.16,43.3937,31.6422
228.2,8.288,1.2,-79.0,193672.0,43.6,32.08672
222.2,8.288,1.2,-82.0,193676.0,43.6,31.64699
3.2093,7.0238,190.7055,-78.5911,194056.4543,43.561,31.7276
3.0535,7.7933,192.5495,-77.4318,194055.2935,43.6227,31.6795
4.053,7.7772,187.5673,-79.2176,194058.0266,43.4511,31.9008
223.1,8.144,-108.4,-73.0,193676.0,43.6,32.94473
215.4,8.288,1.2,-81.0,193676.0,42.6,30.78898
226.2,8.288,1.2,-79.0,193672.0,42.6,32.2047
1.4189,7.4858,190.8492,-77.6353,194055.9925,43.4986,31.7373
224.7,8.288,1.2,-75.0,193672.0,43.6,32.35485
3.546,7.6983,186.7018,-78.0736,194056.8078,43.6422,31.8411
228.3,8.288,1.2,-80.0,193676.0,42.6,31.88294
223.7,8.288,1.2,-80.0,193672.0,42.6,31.08928
215.8,8.288,1.2,-83.0,193668.0,44.6,30.68173
0.3903,7.7433,187.2273,-78.256,194055.5618,43.4035,31.7164
215.3,8.28,1.2,-76.0,193624.0,41.6,30.66028
229.3,8.168,-97.2,-68.0,193684.0,44.6,33.11633
2.8563,7.5601,190.2993,-77.252,194056.6864,43.7004,31.7354
221.5,8.16,-233.6,-72.0,194056.0,43.6,32.65515
224.8,8.288,1.2,-82.0,193672.0,42.6,31.49684
3.8974,7.5469,190.7366,-77.9632,194055.9612,43.4983,31.6898
1.8728,7.2928,192.0115,-78.639,194057.0382,43.5945,31.6852
2.0006,7.4472,194.1481,-77.9131,194056.2589,43.6925,31.6645
1.9892,7.4135,192.406,-78.5479,194056.6261,43.7202,31.819
222.6,8.288,1.2,-83.0,193672.0,41.6,30.84261
4.2324,7.6789,192.7891,-77.8325,194055.289,43.5135,31.5978
224.9,8.28,1.2,-84.0,193672.0,42.6,31.14291
218.6,8.288,1.2,-79.0,193672.0,41.6,30.78898
230.9,8.288,1.2,-75.0,193676.0,43.6,31.97947
1.953,7.419,191.5277,-78.9424,194057.2466,43.6244,31.7287
224.2,8.288,1.2,-80.0,193672.0,42.6,31.03566
218.6,8.28,1.2,-76.0,193676.0,41.6,30.88551
4.3519,7.2769,192.8732,-78.267,194054.6069,43.4897,31.6325
225.4,8.288,1.2,-85.0,193672.0,42.6,31.35741
0.5248,7.3943,188.3126,-77.9037,194054.5559,43.5535,31.7221
215.8,8.144,-190.0,-78.0,194056.0,43.6,32.81602
225.7,8.288,1.2,-75.0,193672.0,43.6,32.22615
219.4,8.288,1.2,-73.0,193676.0,42.6,30.90696
223.9,8.288,1.2,-80.0,193672.0,42.6,31.06783
2.249,7.734,190.3909,-78.3457,194056.8184,43.6508,31.6819
1.5194,7.7443,188.5116,-78.0387,194055.3724,43.6074,31.7528
226.2,8.288,1.2,-81.0,193604.0,43.6,31.51829
223.5,8.12,-147.2,-62.0,193692.0,43.6,32.77312
230.0,8.288,1.2,-74.0,193676.0,42.6,31.97947
4.3273,7.2773,191.6773,-77.5711,194055.2974,43.6226,31.7454
3.0526,7.1381,190.0105,-77.2251,194055.8104,43.6205,31.7593
224.9,8.288,1.2,-83.0,193672.0,42.6,31.25016
0.2174,7.602,187.9111,-78.6635,194055.5325,43.6535,31.6687
0.483,7.4855,191.336,-78.1047,194054.5724,43.5485,31.926
3.1714,7.0603,187.7077,-78.7742,194056.5207,43.4736,31.7409
2.0905,7.6558,189.3709,-77.9162,194056.2439,43.5639,31.7361
223.5,8.288,1.2,-75.0,193672.0,43.6,31.97947
0.8968,7.382,193.4746,-78.1943,194054.2099,43.4626,31.7603
4.763,7.8698,189.8713,-78.0502,194054.9603,43.6472,31.7372
2.3906,7.4717,192.3079,-77.9651,194056.1657,43.4392,31.4649
2.2011,7.6412,190.8546,-78.0422,194056.0231,43.5345,31.5755
1.2171,7.1656,186.6243,-78.1668,194056.59,43.4298,31.88
2.9058,7.5687,191.0136,-77.9457,194054.3306,43.6856,31.7533
221.2,8.136,-164.8,-61.0,192112.0,43.6,32.78385
2.5215,7.5949,189.5236,-78.828,194056.6161,43.3401,31.7678
1.2541,7.3812,190.1496,-78.04,194055.1284,43.547,31.7192
222.0,8.288,1.2,-83.0,193672.0,44.6,30.66028
226.1,8.296,1.2,-81.0,193672.0,43.6,31.55046
222.6,8.28,1.2,-86.0,193672.0,41.6,30.83188
0.6872,7.0733,194.4359,-77.2022,194055.4058,43.6696,31.6209
225.6,8.288,1.2,-87.0,192100.0,42.6,31.38959
1.5783,7.7809,187.5394,-78.8302,194054.8824,43.5764,31.7924
2.2069,7.1545,189.8925,-78.5882,194055.3305,43.5736,31.8377
225.5,8.288,1.2,-74.0,193676.0,42.6,31.64699
4.0393,7.1996,190.58,-78.1841,194056.1604,43.5369,31.6819
3.479,7.9625,191.4323,-78.4089,194055.5046,43.4673,31.5037
2.9813,7.7552,193.3639,-78.567,194056.6396,43.7187,31.5675
216.6,8.288,1.2,-77.0,193676.0,42.6,30.72463
4.5039,7.1682,187.7472,-77.8278,194058.1767,43.6099,31.6526
3.2777,7.8755,190.847,-77.6424,194055.631,43.5723,31.5924
221.3,8.288,1.2,-82.0,193676.0,42.6,31.60409
1.1455,7.8647,190.1531,-77.445,194055.8787,43.5889,31.7023
1.0598,7.9343,187.1911,-77.3262,194056.5852,43.4338,31.6795
225.2,8.28,1.2,-76.0,193672.0,42.6,31.38959
229.9,8.12,-121.6,-63.0,193684.0,45.6,33.0627
3.0315,7.303,190.9467,-79.3555,194055.3584,43.2965,31.9642
221.0,8.16,-234.0,-73.0,194064.0,43.6,32.66587
2.0132,7.2852,189.5399,-77.3742,194055.8907,43.4784,31.8179
0.7506,7.318,190.7293,-77.7403,194055.215,43.5667,31.6748
4.6463,7.5966,194.4024,-79.0922,194055.2519,43.744,31.8089
215.6,8.12,-230.4,-79.0,194064.0,43.6,32.2047
225.0,8.12,-124.8,-66.0,193684.0,43.6,32.8911
227.3,8.296,1.2,-77.0,192052.0,42.6,31.40031
2.0588,7.3987,194.4227,-77.2838,194053.5651,43.6346,31.5783
2.4435,7.2038,194.6459,-77.8093,194056.6139,43.4906,31.5781
221.6,8.288,1.2,-84.0,193672.0,44.6,30.67101
222.1,8.288,1.2,-68.0,193676.0,43.6,32.8911
4.5299,7.3143,189.6749,-77.7327,194056.1203,43.7642,31.6364
224.2,8.288,1.2,-79.0,193672.0,41.6,31.10001
226.4,8.288,1.2,-72.0,193672.0,43.6,32.12962
2.3668,7.2208,189.1219,-77.7143,194055.8108,43.8277,31.548
0.9422,7.5713,189.4365,-77.3344,194055.6677,43.5604,31.7759
226.4,8.288,1.2,-74.0,193676.0,42.6,31.72206
4.4899,7.4842,190.2852,-78.0385,194056.5565,43.4794,31.574
2.3083,7.4729,183.8769,-77.8842,194055.4308,43.6576,31.6755
4.6302,7.7955,188.5122,-77.5492,194057.1385,43.6152,31.6537
3.0971,7.2472,189.232,-77.8355,194055.7958,43.5677,31.6682
4.5082,7.6534,186.8462,-78.0673,194056.0204,43.5609,31.7111
4.8219,7.2101,189.9825,-78.0098,194056.2968,43.5668,31.7341
225.1,8.28,1.2,-87.0,193676.0,42.6,31.35741
222.9,8.288,1.2,-78.0,193676.0,41.6,30.98203
227.1,8.288,1.2,-72.0,193672.0,43.6,32.16179
4.8404,7.2526,188.3354,-78.6279,194055.6827,43.5712,31.8618
4.1773,7.7003,192.5023,-78.4268,194055.6872,43.7081,31.5008
212.2,8.264,1.2,-76.0,193676.0,45.6,30.68173
222.8,8.288,1.2,-77.0,193672.0,42.6,32.22615
0.7289,7.3757,194.1025,-78.0923,194055.1093,43.4551,31.601
227.7,8.288,1.2,-79.0,193672.0,42.6,32.04382
3.2972,7.0886,190.0514,-77.7447,194057.2688,43.6016,31.5758
3.6302,7.5839,193.2129,-78.6489,194057.7247,43.7671,31.4837
0.0831,7.8609,190.3686,-77.2745,194055.783,43.6995,31.8026
227.3,8.288,1.2,-65.0,193672.0,43.6,32.01164
221.8,8.28,1.2,-73.0,193676.0,41.6,30.90696
2.5929,7.2952,189.4945,-78.2544,194056.2526,43.6627,31.7592
211.5,8.28,1.2,-75.0,193676.0,44.6,30.68173
222.7,8.296,1.2,-68.0,193676.0,43.6,32.83747
3.0804,7.9279,190.3873,-77.7517,194056.2835,43.5664,31.6202
223.9,8.288,1.2,-93.0,193676.0,44.6,30.62811
220.5,8.288,1.2,-77.0,193672.0,41.6,30.82116
3.9714,7.0141,192.2558,-78.141,194056.6862,43.4971,31.7916
1.2638,7.7005,190.8569,-78.4035,194056.5946,43.7039,31.7741
3.2082,7.8214,189.1819,-77.8575,194056.8307,43.5673,31.7195
224.5,8.288,1.2,-74.0,193672.0,43.6,32.16179
1.7142,7.2474,191.2551,-77.3839,194057.519,43.6616,31.7557
0.5624,7.5273,186.1278,-78.7922,194054.9418,43.618,31.743
3.2558,7.9645,188.2978,-78.1483,194054.2282,43.5267,31.7962
3.5087,7.6804,190.7894,-77.6121,194056.1083,43.6349,31.8489
0.2275,7.4065,191.0149,-77.9899,194054.9814,43.6467,31.7416
1.8163,7.6281,189.2218,-77.802,194056.0817,43.578,31.7024
224.7,8.28,1.2,-65.0,193620.0,42.6,32.22615
229.7,8.128,-115.6,-66.0,193676.0,44.6,33.08415
223.6,8.296,1.2,-66.0,193672.0,44.6,32.44065
226.3,8.288,1.2,-78.0,193672.0,41.6,30.91768
2.685,7.315,192.6747,-77.62,194055.6085,43.5694,31.7802
226.6,8.288,1.2,-67.0,193672.0,43.6,32.12962
3.0954,7.4165,192.9862,-77.7802,194055.3259,43.648,31.6181
2.6511,7.8362,191.7221,-78.2005,194055.9143,43.6203,31.708
227.4,8.296,1.2,-64.0,193672.0,43.6,32.44065
224.3,8.288,1.2,-66.0,193672.0,43.6,32.21542
229.3,8.288,1.2,-71.0,193672.0,43.6,32.3763
4.1777,7.6653,194.0247,-78.6861,194055.5506,43.5118,31.8587
2.246,7.471,187.7556,-78.1921,194056.3223,43.6391,31.6924
229.3,8.288,1.2,-78.0,193676.0,41.6,30.90696
1.1119,7.7416,190.2056,-77.4573,194055.2216,43.5506,31.5662
4.5937,7.064,192.9621,-77.7009,194055.6851,43.5419,31.7866
222.9,8.288,1.2,-80.0,193628.0,44.6,30.56376
222.0,8.144,-232.8,-77.0,194016.0,43.6,32.6337
225.0,8.288,1.2,-81.0,193672.0,41.6,30.93913
224.9,8.288,1.2,-65.0,193672.0,43.6,32.2047
223.9,8.288,1.2,-74.0,193672.0,43.6,32.36557
220.9,8.288,1.2,-85.0,191192.0,42.6,30.82116
228.6,8.28,1.2,-74.0,193672.0,42.6,32.25832
221.6,8.288,1.2,-84.0,193672.0,42.6,31.10001
1.2208,7.0114,187.842,-77.8016,194057.5971,43.6495,31.6162
221.3,8.288,1.2,-79.0,193676.0,42.6,31.10001
218.1,8.288,1.2,-78.0,193672.0,41.6,30.75681
224.6,8.288,1.2,-66.0,193672.0,43.6,32.21542
215.1,8.136,-231.2,-77.0,194056.0,43.6,32.51572
1.5423,7.2819,184.7208,-77.8823,194058.421,43.6622,31.8144
3.8257,7.0099,189.0738,-78.5651,194055.863,43.6291,31.6139
216.2,8.12,-169.6,-69.0,194056.0,44.6,32.77312
229.9,8.288,1.2,-74.0,193672.0,42.6,31.94729
224.5,8.288,1.2,-63.0,193672.0,43.6,32.82675
225.9,8.288,1.2,-83.0,193676.0,42.6,31.33596
4.1362,7.4246,190.3084,-77.1664,194057.1308,43.5355,31.7942
224.2,8.288,1.2,-74.0,193672.0,43.6,32.3763
1.0131,7.4174,191.4399,-77.6744,194055.8906,43.6436,31.7709
217.3,8.288,1.2,-81.0,193676.0,41.6,30.84261
224.0,8.288,1.2,-79.0,193672.0,42.6,31.05711
3.3466,7.5942,189.942,-77.4513,194056.2922,43.6572,31.8223
225.0,8.288,1.2,-76.0,193672.0,42.6,31.44321
226.7,8.288,1.2,-71.0,193672.0,43.6,32.16179
228.4,8.136,-114.4,-65.0,193676.0,44.6,33.09488
4.2933,7.2847,191.4502,-79.4072,194054.2172,43.4593,31.6913
222.3,8.288,1.2,-80.0,193676.0,42.6,31.84004
1.256,7.1288,191.9071,-77.995,194055.6438,43.7717,31.9301
1.8369,7.3186,188.0503,-76.8384,194055.3789,43.7328,31.7727
225.7,8.288,1.2,-66.0,193672.0,42.6,32.18324
223.6,8.288,1.2,-74.0,193676.0,41.6,30.92841
1.3018,7.4222,191.7398,-78.0293,194055.0169,43.5922,31.7639
3.9427,7.8888,188.8241,-77.7417,194057.0966,43.5423,31.6387
229.2,8.288,1.2,-76.0,193676.0,42.6,32.06527
223.0,8.288,1.2,-81.0,193676.0,42.6,30.97131
220.1,8.16,-231.2,-73.0,194056.0,43.6,32.69805
2.6159,7.4704,191.5727,-77.1353,194056.6159,43.6218,31.7565
2.4697,7.3645,190.3947,-78.129,194055.6807,43.4262,31.7882
0.8687,7.2892,190.2225,-77.1388,194058.5945,43.5497,31.8124
218.1,8.28,1.2,-79.0,193676.0,42.6,30.70318
4.2783,7.7571,192.0176,-78.0529,194056.1112,43.491,31.8827
3.0608,7.5085,190.3225,-77.9589,194055.6555,43.5701,31.778
2.7577,7.999,189.9163,-77.7318,194056.2723,43.4792,31.7404
222.9,8.28,1.2,-69.0,193676.0,44.6,33.1056
4.1017,7.351,190.0783,-78.1649,194055.5578,43.6694,31.6393
4.6663,7.2721,189.2742,-78.3556,194054.2725,43.5924,31.6577
4.4359,7.611,189.6911,-78.5323,194055.8725,43.6058,31.5857
223.5,8.288,1.2,-78.0,193676.0,41.6,30.90696
3.4691,7.9552,191.0678,-76.5329,194057.0957,43.6027,31.9026
4.1851,7.1648,191.1464,-78.5096,194056.1479,43.647,31.6055
225.7,8.288,1.2,-81.0,193672.0,42.6,31.23944
229.1,8.152,-96.8,-70.0,193676.0,44.6,32.9769
220.8,8.288,1.2,-76.0,193620.0,41.6,30.79971
2.3819,7.5593,188.3005,-78.2674,194057.3654,43.5655,31.5321
2.3716,7.5303,189.0351,-77.8753,194055.9031,43.6418,31.649
221.2,8.288,1.2,-66.0,193676.0,43.6,32.88037
3.4624,7.0236,192.6041,-77.0993,194058.2477,43.5903,31.7054
0.7724,7.0892,188.0304,-77.8245,194055.6995,43.4553,31.6927
221.3,8.128,-161.2,-65.0,194056.0,43.6,32.79457
2.0745,7.0978,186.6259,-77.3106,194057.406,43.7464,31.6018
1.6767,7.1139,191.0782,-77.7494,194054.9063,43.6172,31.6925
1.3931,7.807,192.3733,-77.3126,194056.0353,43.4461,31.6185
2.67,7.3965,190.8942,-77.7262,194056.5987,43.685,31.7993
0.6849,7.6583,189.3079,-77.6097,194057.3746,43.5378,31.5616
0.7365,7.6455,189.8246,-77.1269,194056.1011,43.6552,31.6824
218.2,8.128,-230.4,-78.0,194056.0,43.6,32.35485
4.1474,7.4654,188.5418,-78.0767,194055.9155,43.4969,31.7949
226.6,8.288,1.2,-88.0,193676.0,44.6,30.58521
3.6546,7.3485,190.7474,-78.3438,194055.8974,43.5736,31.6653
0.855,7.7768,188.9826,-78.6359,194057.5139,43.4452,31.6827
219.1,8.288,1.2,-82.0,193672.0,41.6,30.83188
4.6309,7.7836,188.6417,-78.4615,194056.9008,43.6643,31.8977
0.7644,7.6408,190.9181,-77.7121,194056.5604,43.7033,31.7474
227.5,8.288,1.2,-79.0,191192.0,43.6,31.97947
0.5149,7.5511,186.9926,-77.6358,194055.9739,43.7349,31.7793
3.0978,7.2801,189.2151,-79.1703,194055.9309,43.8886,31.5983
221.4,8.12,-154.8,-62.0,194056.0,43.6,32.81602
227.3,8.28,1.2,-85.0,193672.0,42.6,31.37886
216.6,8.136,-186.8,-75.0,194056.0,43.6,32.8053
2.0025,7.0343,190.3882,-78.4424,194056.7819,43.5197,31.6581
2.6639,7.9293,188.9091,-77.8825,194054.975,43.2936,31.7546
225.8,8.288,1.2,-84.0,193672.0,42.6,31.21799
3.6044,7.3241,190.8399,-78.2146,194057.1139,43.6109,31.5253
3.5367,7.5512,188.0613,-77.8385,194057.0945,43.5427,31.8512
4.0034,7.7173,187.9995,-78.5341,194055.5161,43.5333,31.6262
224.3,8.288,1.2,-70.0,193672.0,42.6,31.96874
4.3979,7.398,190.8545,-78.6799,194056.8873,43.5334,31.6602
227.5,8.152,-101.6,-68.0,193676.0,43.6,32.91255
3.435,7.9607,194.1756,-77.4472,194054.9332,43.5297,31.704
220.3,8.288,1.2,-77.0,193672.0,41.6,30.84261
217.3,8.264,1.2,-72.0,193676.0,44.6,30.72463
224.4,8.28,1.2,-78.0,193676.0,41.6,30.94986
1.5077,7.3495,189.9932,-78.5246,194055.8392,43.6091,31.5737
3.4209,7.663,191.661,-78.5633,194055.4131,43.7379,31.7366
224.6,8.288,1.2,-77.0,193624.0,42.6,31.53974
226.9,8.296,1.2,-71.0,193672.0,43.6,32.15107
224.7,8.288,1.2,-64.0,193672.0,43.6,32.09744
218.2,8.12,-134.4,-69.0,193692.0,43.6,32.81602
223.1,8.288,1.2,-73.0,193672.0,42.6,31.93657
1.5208,7.2658,190.5657,-78.2345,194057.4371,43.6103,31.9205
225.0,8.288,1.2,-72.0,193676.0,41.6,30.90696
226.5,8.288,1.2,-74.0,193676.0,42.6,31.66844
223.8,8.288,1.2,-75.0,193672.0,43.6,31.95802
219.5,8.288,1.2,-72.0,193676.0,41.6,30.92841
226.9,8.296,1.2,-71.0,193672.0,43.6,32.16179
229.8,8.184,-98.0,-65.0,193676.0,44.6,33.11633
3.9158,7.0621,190.5667,-77.7801,194055.6706,43.7632,31.6563
0.5508,7.9599,191.1363,-78.1782,194055.3179,43.6132,31.7892
3.1862,7.5867,192.0475,-77.8729,194056.5686,43.594,31.8836
3.1165,7.78,186.6007,-78.2921,194057.6247,43.6072,31.7446
217.6,8.288,1.2,-80.0,193672.0,41.6,30.83188
0.1226,7.8279,192.2628,-77.5555,194056.3161,43.6286,31.7044
224.8,8.288,1.2,-68.0,193676.0,44.6,33.07343
3.7272,7.562,189.9596,-77.9057,194057.1584,43.6547,31.7848
229.0,8.288,1.2,-76.0,193672.0,43.6,32.10817
219.4,8.288,1.2,-81.0,193672.0,41.6,30.76753
2.3482,7.3668,188.6497,-76.8358,194056.8853,43.2892,31.7529
223.4,8.288,1.2,-75.0,193672.0,43.6,32.00092
218.6,8.12,-133.6,-69.0,193684.0,43.6,32.85892
224.5,8.288,1.2,-85.0,193672.0,42.6,30.79971
1.069,7.4092,185.6956,-78.1238,194053.9756,43.5492,31.6264
225.2,8.288,1.2,-81.0,193676.0,43.6,30.53158
2.562,7.6846,186.1874,-78.3994,194053.6809,43.4529,31.6597
0.2478,7.2385,190.467,-77.6655,194055.5169,43.6278,31.8543
0.3096,7.4474,192.6912,-77.4277,194055.8919,43.5932,31.7199
217.5,8.288,1.2,-80.0,193672.0,41.6,30.84261
3.6707,7.7995,187.9327,-77.6964,194056.0601,43.5602,31.5074
1.9698,7.926,189.5163,-78.358,194057.8714,43.671,31.7394
3.2551,7.7452,187.4183,-77.6596,194055.6668,43.6664,31.7892
224.9,8.288,1.2,-85.0,193676.0,42.6,31.36814
1.806,7.9732,188.75,-77.4954,194054.9945,43.6986,31.4858
219.8,8.112,-230.0,-81.0,194064.0,43.6,32.14034
0.7104,7.0128,189.7103,-77.8304,194055.0904,43.5499,31.706
225.3,8.288,1.2,-78.0,193672.0,43.6,32.00092
224.3,8.288,1.2,-76.0,193672.0,41.6,30.84261
4.4874,7.7712,189.5806,-78.3107,194057.3263,43.4087,31.8732
227.7,8.288,1.2,-79.0,193672.0,42.6,32.09744
218.9,8.288,1.2,-81.0,193672.0,41.6,30.85333
228.8,8.288,1.2,-80.0,193676.0,43.6,31.86149
2.9386,7.0551,189.4647,-77.5032,194056.3121,43.6327,31.7708
220.6,8.128,-167.2,-67.0,192484.0,43.6,32.78385
224.8,8.128,-116.0,-63.0,193676.0,43.6,32.90182
3.8011,7.7146,188.314,-77.4114,194056.4824,43.6386,31.7792
228.0,8.288,1.2,-79.0,193672.0,43.6,32.09744
2.7094,7.0741,185.2358,-78.3549,194054.6766,43.5444,31.644
4.7457,7.6259,189.853,-78.1272,194054.6147,43.4689,31.6618
3.2545,7.9695,191.5994,-77.1976,194057.1297,43.4864,31.8573
224.4,8.288,1.2,-76.0,193676.0,42.6,31.57191
4.8871,7.4453,190.9056,-78.5858,194056.8984,43.446,31.7523
218.3,8.288,1.2,-84.0,193672.0,41.6,30.84261
223.9,8.288,1.2,-77.0,193672.0,41.6,30.81043
4.46,7.0734,188.203,-77.7883,194057.0884,43.5154,31.5849
229.4,8.288,1.2,-79.0,192104.0,43.6,30.53158
224.3,8.288,1.2,-73.0,193672.0,43.6,32.2476
217.5,8.288,1.2,-78.0,193676.0,45.6,30.67101
1.1956,7.7626,191.2123,-78.4447,194054.9332,43.4984,31.8053
1.0971,7.5534,188.7253,-78.3009,194057.3231,43.5069,31.7102
225.8,8.28,1.2,-76.0,193672.0,42.6,31.36814
224.0,8.288,1.2,-83.0,193672.0,42.6,31.10001
4.8533,7.7359,187.9626,-78.6372,194054.1195,43.7501,31.5716
220.8,8.28,1.2,-74.0,193676.0,41.6,30.88551
0.8334,7.0424,185.0483,-77.9589,194056.4777,43.5147,31.6705
2.765,7.3984,192.3576,-78.48,194055.8404,43.4677,31.768
229.9,8.176,-98.0,-72.0,193676.0,43.6,33.1485
1.3835,7.1286,186.5095,-77.716,194056.1546,43.387,31.792
4.1945,7.3527,191.3637,-77.8512,194056.4045,43.6848,31.7098
3.9733,7.7613,186.5233,-78.2499,194055.0506,43.668,31.7504
1.3785,7.2134,187.8706,-77.6376,194056.9929,43.6265,31.7881
4.1559,7.4114,190.7332,-78.4587,194054.4638,43.6896,31.7707
218.8,8.288,1.2,-84.0,193672.0,41.6,30.83188
0.6256,7.42,190.0858,-77.8519,194056.9305,43.6628,31.7382
1.9021,7.905,191.692,-77.9573,194055.1125,43.6745,31.6252
220.2,8.288,1.2,-73.0,193672.0,42.6,31.11073
215.9,8.288,1.2,-80.0,193620.0,43.6,30.68173
222.9,8.12,-148.4,-62.0,190548.0,43.6,32.77312
0.7619,7.9041,193.254,-77.7805,194056.3216,43.6174,31.7791
3.6029,7.1177,189.6456,-77.7882,194054.8344,43.6568,31.6873
218.1,8.104,-234.8,-81.0,194056.0,43.6,31.89367
0.4372,7.8268,192.7308,-78.8799,194054.6333,43.4939,31.7629
217.6,8.288,1.2,-74.0,193676.0,41.6,30.81043
3.8552,7.2643,193.6327,-77.1216,194056.2271,43.6723,31.9182
224.9,8.288,1.2,-82.0,193672.0,42.6,31.48611
225.2,8.288,1.2,-74.0,193672.0,42.6,32.11889
1.1184,7.2355,190.5533,-77.8435,194055.1258,43.786,31.7249
228.5,8.288,1.2,-70.0,193672.0,43.6,32.2905
4.1032,7.3439,187.2222,-77.6472,194055.6542,43.4969,31.7514
222.3,8.296,1.2,-91.0,193676.0,42.6,31.36814
4.5995,7.235,187.8645,-78.0131,194057.7266,43.6911,31.6395
229.7,8.288,1.2,-77.0,193676.0,41.6,30.91768
222.6,8.288,1.2,-78.0,193676.0,41.6,30.90696
224.2,8.288,1.2,-64.0,193620.0,44.6,32.6337
2.2969,7.1558,187.3793,-77.7515,194055.804,43.6025,31.654
2.5778,7.4284,188.2129,-77.6094,194055.3822,43.8276,31.7043
3.7832,7.7308,188.6623,-77.8609,194055.3086,43.6863,31.5473
225.6,8.288,1.2,-80.0,193676.0,42.6,31.17509
219.4,8.288,1.2,-83.0,193672.0,41.6,30.84261
226.7,8.288,1.2,-76.0,193676.0,41.6,30.87478
0.7488,7.0791,188.0308,-78.9857,194056.2822,43.7049,31.7644
229.9,8.112,-140.8,-65.0,193628.0,49.6,33.08415
1.6582,7.2414,191.4058,-77.931,194056.1972,43.6815,31.6579
2.2391,7.9716,189.5819,-77.9352,194054.922,43.6187,31.6477
222.9,8.288,1.2,-75.0,193672.0,43.6,32.6337
219.8,8.288,1.2,-80.0,193676.0,45.6,30.72463
4.8203,7.9729,190.6838,-77.7942,194056.2212,43.5698,31.596
225.0,8.28,1.2,-82.0,193672.0,42.6,31.41104
0.6943,7.5829,191.1368,-78.7007,194057.2482,43.5545,31.7508
225.9,8.288,1.2,-80.0,193672.0,42.6,31.95802
226.9,8.288,1.2,-71.0,193672.0,43.6,32.16179
222.3,8.288,1.2,-77.0,193676.0,42.6,31.03566
212.7,8.288,1.2,-82.0,193672.0,44.6,30.69246
4.9231,7.1984,191.4821,-77.7238,194055.0098,43.7524,31.6278
2.2558,7.4523,192.873,-78.5274,194055.8975,43.5404,31.6762
0.9178,7.0672,192.4552,-78.4667,194056.0133,43.744,31.4994
1.7227,7.6991,190.4876,-77.4131,194057.082,43.6263,31.8281
0.7174,7.7286,188.4062,-78.2919,194055.9481,43.545,31.5455
224.1,8.296,1.2,-76.0,193676.0,42.6,31.56119
220.5,8.28,1.2,-79.0,193676.0,43.6,30.55303
226.4,8.288,1.2,-80.0,193672.0,43.6,32.00092
4.113,7.3374,188.9993,-78.1562,194057.8458,43.4835,31.8098
227.0,8.288,1.2,-70.0,193672.0,43.6,32.27977
4.9957,7.6934,191.9677,-77.1119,194055.467,43.6379,31.8052
2.481,7.0965,189.7047,-77.8672,194055.1886,43.6349,31.5501
220.1,8.28,1.2,-80.0,193676.0,45.6,30.52085
223.4,8.288,1.2,-73.0,193676.0,42.6,30.91768
1.2875,7.7941,188.6623,-77.7312,194055.9157,43.5098,31.6824
3.7736,7.304,189.5402,-77.3895,194055.971,43.5012,31.7492
224.0,8.288,1.2,-79.0,193672.0,42.6,31.06783
225.7,8.288,1.2,-75.0,193672.0,43.6,32.06527
219.1,8.104,-231.6,-81.0,194064.0,43.6,31.94729
1.3111,7.9959,188.8355,-78.9121,194057.4907,43.7073,31.8645
226.7,8.288,1.2,-75.0,191144.0,43.6,31.44321
1.4211,7.9023,188.2736,-78.086,194055.748,43.7564,31.7648
1.6154,7.1995,187.8221,-77.7673,194056.9479,43.4973,31.8517
221.6,8.288,1.2,-82.0,193676.0,42.6,31.56119
219.8,8.168,-230.0,-71.0,194056.0,43.6,32.7624
218.9,8.288,1.2,-86.0,193620.0,42.6,30.83188
221.6,8.296,1.2,-66.0,192100.0,43.6,32.81602
4.3429,7.1535,191.5393,-77.3287,194055.0071,43.7008,31.6342
218.5,8.288,1.2,-80.0,193672.0,42.6,31.02493
4.082,7.4168,189.171,-78.5194,194056.271,43.5852,31.6522
0.4239,7.9145,192.8489,-78.7299,194055.5605,43.4209,31.6884
225.3,8.288,1.2,-74.0,193672.0,43.6,32.19397
4.8799,7.8002,190.9622,-77.8514,194057.1206,43.533,31.5887
221.2,8.12,-144.4,-63.0,192112.0,43.6,32.78385
3.1182,7.4287,191.6785,-78.1957,194056.8557,43.6153,31.7034
227.9,8.288,1.2,-74.0,193672.0,43.6,32.25832
224.4,8.288,1.2,-65.0,193676.0,44.6,33.08415
0.8378,7.0862,190.5838,-78.2814,194054.846,43.5657,31.6384
222.4,8.288,1.2,-81.0,193676.0,43.6,31.67916
3.95,7.7976,188.6025,-76.9198,194055.2253,43.3433,31.667
216.2,8.288,1.2,-76.0,193676.0,41.6,30.74608
0.3904,7.9795,191.6966,-77.9251,194055.2739,43.5133,31.6342
1.5882,7.0357,189.38,-78.687,194057.938,43.4185,31.7752
2.9632,7.6102,192.1775,-79.5058,194056.2724,43.7197,31.87
225.3,8.136,-114.8,-76.0,193676.0,43.6,32.90182
4.7402,7.3281,190.8832,-78.2544,194056.6237,43.6803,31.7282
2.7787,7.073,191.5855,-77.767,194057.1204,43.6601,31.6737
225.6,8.288,1.2,-84.0,193676.0,42.6,31.40031
3.1282,7.3534,190.1969,-78.8325,194055.8574,43.5951,31.6478
225.6,8.288,1.2,-65.0,193672.0,43.6,32.12962
2.3008,7.6864,191.342,-77.3365,194057.5696,43.6416,31.5498
216.5,8.288,1.2,-81.0,193676.0,44.6,30.69246
0.4077,7.3886,190.4723,-78.0329,194055.248,43.7083,31.8712
4.1756,7.5803,188.6535,-78.8092,194057.1724,43.5296,31.624
2.8391,7.0482,191.8951,-78.8966,194057.7293,43.6466,31.819
228.4,8.288,1.2,-69.0,193676.0,44.6,32.98763
225.6,8.28,1.2,-77.0,193676.0,42.6,31.42176
227.7,8.288,1.2,-69.0,193672.0,43.6,32.30122
3.3367,7.9472,187.972,-77.5838,194055.3327,43.4672,31.5414
225.7,8.288,1.2,-85.0,193672.0,42.6,31.41104
218.6,8.288,1.2,-87.0,193676.0,41.6,30.84261
224.8,8.12,-118.4,-76.0,193676.0,43.6,32.8053
1.5926,7.9989,194.3532,-77.9201,194056.0283,43.6006,31.8037
222.8,8.288,1.2,-64.0,193672.0,43.6,32.56935
226.1,8.288,1.2,-65.0,193672.0,43.6,32.15107
219.5,8.28,1.2,-83.0,193672.0,41.6,30.85333
2.7081,7.0263,189.4766,-77.3433,194057.0922,43.6896,31.4849
227.7,8.28,1.2,-67.0,193676.0,43.6,32.98763
218.0,8.28,1.2,-78.0,193672.0,41.6,30.75681
0.5664,7.7661,191.079,-77.6528,194056.4018,43.5396,31.5733
2.412,7.5868,187.0007,-78.3911,194055.2245,43.4807,31.7133
4.3539,7.3654,188.0064,-78.4141,194058.1937,43.4485,31.7376
0.1216,7.3522,188.7051,-76.8761,194055.877,43.6193,31.6953
227.7,8.288,1.2,-79.0,193672.0,43.6,32.07599
227.1,8.28,1.2,-71.0,193672.0,43.6,32.15107
1.405,7.5618,195.5796,-78.3119,194054.8495,43.7998,31.9298
221.8,8.288,1.2,-82.0,193672.0,41.6,30.82116
1.8451,7.808,191.2427,-77.6065,194058.0471,43.6514,31.7544
1.9767,7.1241,187.929,-77.6005,194057.0945,43.6905,31.6685
0.0274,7.611,189.2997,-79.3269,194055.7573,43.4688,31.6612
225.4,8.296,1.2,-69.0,193676.0,44.6,33.08415
2.4653,7.1365,192.633,-78.5946,194054.9144,43.6254,31.5907
2.8673,7.3257,187.8641,-78.4346,194057.67,43.5586,31.7566
223.1,8.144,-105.6,-72.0,193676.0,43.6,32.94473
225.7,8.136,-112.8,-76.0,193676.0,43.6,32.94473
4.4831,7.2824,188.8742,-78.2321,194057.1879,43.6343,31.7884
4.2224,7.0028,191.3117,-77.9598,194054.3727,43.5432,31.5388
3.3506,7.1225,191.1644,-77.8016,194053.3655,43.6232,31.643
223.9,8.296,1.2,-65.0,193672.0,43.6,32.18324
3.8737,7.4341,185.8023,-78.4935,194055.8095,43.5383,31.6792
229.6,8.288,1.2,-76.0,193676.0,42.6,32.05454
218.0,8.12,-155.6,-70.0,194064.0,43.6,32.74095
0.9701,7.24,188.165,-77.5622,194056.1661,43.5813,31.7826
225.6,8.288,1.2,-74.0,193672.0,43.6,32.38702
214.9,8.144,-187.6,-78.0,194056.0,43.6,32.8053
224.8,8.288,1.2,-81.0,193676.0,41.6,31.15364
0.305,7.6641,190.8168,-78.0109,194056.8767,43.5499,31.9015
224.9,8.28,1.2,-80.0,193676.0,44.6,30.56376
226.6,8.288,1.2,-87.0,193672.0,42.6,31.34669
1.9056,7.6354,187.2933,-77.74,194056.409,43.5557,31.6148
226.8,8.288,1.2,-78.0,193672.0,41.6,30.89623
227.0,8.288,1.2,-85.0,193672.0,44.6,30.59593
218.0,8.288,1.2,-79.0,193672.0,41.6,30.74608
3.1049,7.7189,191.8356,-78.2126,194056.7852,43.6258,31.78
216.0,8.12,-232.0,-77.0,194056.0,43.6,32.27977
0.8151,7.9923,189.5346,-78.199,194053.5562,43.7183,31.779
223.0,8.28,1.2,-77.0,193672.0,42.6,31.07856
227.7,8.288,1.2,-78.0,193676.0,41.6,30.90696
225.5,8.288,1.2,-75.0,193676.0,42.6,31.71134
0.6885,7.3032,191.3003,-77.1566,194055.6634,43.5616,31.681
226.5,8.288,1.2,-79.0,193672.0,42.6,30.85333
1.1627,7.5029,189.7548,-77.3099,194056.9502,43.726,31.8278
225.2,8.288,1.2,-79.0,192104.0,41.6,30.92841
220.7,8.12,-128.0,-62.0,193692.0,43.6,32.8482
1.4463,7.8,190.508,-77.7228,194055.983,43.6792,31.7615
1.4198,7.5261,190.7633,-77.6616,194055.8226,43.7305,31.7426
226.1,8.288,1.2,-77.0,193672.0,42.6,31.35741
3.9881,7.8874,192.1995,-79.2526,194055.1927,43.4968,31.6627
4.3311,7.9181,189.5623,-77.5436,194054.5483,43.5934,31.6705
228.9,8.16,-96.8,-69.0,193676.0,43.6,33.05198
222.0,8.288,1.2,-68.0,193676.0,43.6,32.90182
215.4,8.12,-230.4,-80.0,194064.0,43.6,32.2047
4.3461,7.5294,190.8547,-77.2342,194055.3804,43.6349,31.9278
0.3335,7.985,192.8142,-77.6371,194057.2867,43.6042,31.8048
219.5,8.136,-176.8,-73.0,194056.0,44.6,32.75167
4.5947,7.4126,190.4352,-77.3559,194057.1777,43.5775,31.8006
220.5,8.288,1.2,-72.0,193676.0,41.6,30.90696
3.4424,7.1832,192.4745,-78.1035,194055.5432,43.5564,31.6325
219.7,8.288,1.2,-76.0,193676.0,41.6,30.89623
1.5183,7.6072,189.4405,-77.9297,194055.0669,43.5887,31.7348
220.7,8.12,-127.6,-62.0,193692.0,43.6,32.8482
0.7307,7.982,185.8401,-78.1133,194056.4638,43.6637,31.4987
1.7255,7.0283,190.5387,-78.386,194055.0264,43.6769,31.5749
1.1638,7.0428,188.3498,-77.5867,194055.3064,43.4782,31.6927
212.4,8.288,1.2,-82.0,193676.0,44.6,30.68173
227.6,8.288,1.2,-78.0,193672.0,42.6,30.93913
2.2769,7.3844,188.6931,-77.8059,194057.0594,43.6417,31.5093
226.2,8.288,1.2,-84.0,193672.0,41.6,30.78898
225.1,8.288,1.2,-69.0,193676.0,43.6,33.08415
229.3,8.288,1.2,-72.0,193684.0,43.6,32.36557
227.4,8.288,1.2,-66.0,193672.0,42.6,32.06527
2.9128,7.0367,190.5817,-77.8077,194056.1322,43.7085,31.5968
1.9941,7.4592,191.7262,-77.9935,194056.1253,43.6409,31.7084
227.0,8.288,1.2,-76.0,193676.0,42.6,31.59336
219.6,8.288,1.2,-86.0,193676.0,44.6,30.58521
4.5022,7.4228,190.579,-77.9928,194055.6036,43.6193,31.8084
215.9,8.128,-230.4,-78.0,194056.0,43.6,32.4621
2.0636,7.7868,191.1939,-78.2744,194055.2448,43.5789,31.7389
227.2,8.144,-99.99999,-80.0,193676.0,43.6,32.90182
221.7,8.288,1.2,-83.0,193676.0,42.6,31.56119
0.0656,7.3735,191.1949,-77.5551,194057.222,43.563,31.7097
2.1168,7.2118,191.5296,-78.4085,194057.2913,43.5,31.8056
222.3,8.288,1.2,-76.0,193676.0,42.6,31.49684
2.7368,7.2384,186.8457,-78.0567,194056.9905,43.6553,31.8551
216.5,8.28,1.2,-83.0,193624.0,46.6,30.64956
3.9219,7.7973,195.1007,-77.8577,194055.3237,43.4604,31.774
212.3,8.288,1.2,-82.0,193676.0,45.6,30.67101
1.8037,7.0335,191.5313,-78.036,194058.3034,43.6278,31.6228
0.3391,7.8662,191.3948,-77.7531,194057.962,43.642,31.7545
0.4823,7.5682,189.8497,-77.3643,194055.6149,43.712,31.6463
225.0,8.288,1.2,-76.0,193676.0,42.6,32.03309
224.6,8.288,1.2,-66.0,193672.0,43.6,32.23687
225.7,8.288,1.2,-80.0,193672.0,41.6,30.86406
224.5,8.288,1.2,-74.0,193672.0,43.6,32.22615
4.8418,7.6861,190.4614,-78.1568,194055.0924,43.6511,31.7103
222.5,8.288,1.2,-65.0,193672.0,43.6,32.82675
3.3164,7.9322,188.2113,-78.0958,194056.8031,43.5226,31.7261
225.4,8.288,1.2,-74.0,193672.0,43.6,32.38702
2.407,7.7676,191.5669,-77.8087,194056.1153,43.6051,31.7672
3.8509,7.2683,187.9229,-78.1794,194057.8396,43.6036,31.8077
225.8,8.288,1.2,-78.0,193672.0,41.6,30.79971
3.5019,7.0558,188.1567,-78.6096,194054.715,43.7491,31.7802
225.7,8.288,1.2,-78.0,192100.0,41.6,30.87478
227.5,8.136,-92.8,-82.0,192092.0,43.6,32.86965
226.4,8.296,1.2,-65.0,193676.0,43.6,32.934
228.8,8.288,1.2,-71.0,193672.0,43.6,32.31195
3.5988,7.5164,191.5897,-77.4257,194057.7881,43.8247,31.771
224.5,8.288,1.2,-78.0,193672.0,42.6,31.41104
1.2567,7.0219,186.6426,-78.1411,194057.0737,43.5686,31.8255
227.6,8.288,1.2,-77.0,193672.0,42.6,31.38959
222.8,8.28,1.2,-80.0,193672.0,41.6,30.84261
223.3,8.288,1.2,-76.0,193676.0,42.6,31.48611
223.7,8.288,1.2,-64.0,193672.0,43.6,32.62297
4.2893,7.8279,192.5733,-77.5978,194055.8247,43.4787,31.4764
1.0313,7.9526,187.9389,-77.3818,194056.1327,43.5396,31.7986
225.5,8.288,1.2,-85.0,193672.0,42.6,31.38959
229.4,8.288,1.2,-64.0,193628.0,45.6,33.0627
223.1,8.12,-138.4,-74.0,193692.0,43.6,32.75167
225.4,8.288,1.2,-63.0,193672.0,43.6,32.08672
224.0,8.288,1.2,-78.0,193676.0,41.6,30.74608
3.9896,7.0404,187.7891,-77.8652,194056.4871,43.7008,31.7226
217.2,8.128,-231.6,-83.0,194056.0,43.6,32.44065
226.1,8.288,1.2,-77.0,193672.0,42.6,31.97947
3.1557,7.5468,190.5756,-78.0089,194054.0487,43.5805,31.7484
224.3,8.288,1.2,-66.0,193672.0,43.6,32.09744
3.1809,7.992,190.0667,-77.871,194056.0817,43.6781,31.7349
222.4,8.288,1.2,-65.0,193672.0,43.6,32.81602
224.9,8.288,1.2,-84.0,193672.0,42.6,31.38959
220.5,8.28,1.2,-75.0,193676.0,42.6,30.88551
220.8,8.288,1.2,-78.0,193628.0,45.6,30.57448
223.6,8.28,1.2,-83.0,193672.0,42.6,31.46466
0.425,7.0894,190.7394,-78.3971,194055.5818,43.603,31.6336
225.2,8.288,1.2,-65.0,193672.0,43.6,32.10817
4.762,7.6494,191.453,-77.8115,194056.116,43.424,31.6303
228.7,8.288,1.2,-79.0,193676.0,42.6,31.89367
227.9,8.288,1.2,-70.0,193676.0,42.6,32.08672
220.0,8.288,1.2,-81.0,193676.0,41.6,30.83188
3.7232,7.3588,191.9038,-78.2146,194056.1176,43.4686,31.6246
222.2,8.288,1.2,-79.0,193676.0,42.6,31.68989
222.8,8.288,1.2,-74.0,193672.0,41.6,30.84261
221.2,8.288,1.2,-80.0,193672.0,43.6,30.69246
0.7969,7.2863,186.7836,-77.9181,194055.2719,43.5216,31.8055
4.6128,7.215,187.6007,-77.8726,194056.2604,43.6972,31.7319
223.9,8.288,1.2,-71.0,193672.0,42.6,32.00092
219.0,8.288,1.2,-82.0,193672.0,41.6,30.89623
3.1887,7.8882,191.0553,-77.5934,194056.0408,43.6369,31.7062
226.5,8.288,1.2,-71.0,193672.0,43.6,32.12962
225.8,8.288,1.2,-82.0,193672.0,42.6,31.53974
211.0,8.288,1.2,-76.0,193676.0,43.6,30.75681
225.0,8.288,1.2,-81.0,193620.0,42.6,31.50756
227.3,8.288,1.2,-83.0,193672.0,42.6,31.34669
225.6,8.288,1.2,-74.0,193676.0,42.6,31.66844
4.5182,7.9339,188.8968,-77.3342,194054.5636,43.6955,31.4264
3.2239,7.0156,191.6663,-77.6694,194056.2908,43.52,31.6825
230.9,8.288,1.2,-67.0,193676.0,43.6,33.03053
224.0,8.144,-108.4,-72.0,193676.0,43.6,32.95545
227.8,8.288,1.2,-64.0,193676.0,44.6,32.934
2.3735,7.9542,188.455,-77.9903,194056.7296,43.694,31.6037
0.6428,7.3035,193.0826,-77.9869,194057.0068,43.4524,31.7917
2.5755,7.1653,187.1385,-77.8758,194055.6974,43.4167,31.6291
3.6493,7.5984,188.6033,-78.1661,194055.7865,43.489,31.5295
1.3073,7.685,192.9799,-77.684,194057.1001,43.5494,31.806
2.4227,7.783,191.9368,-78.3734,194056.0363,43.4916,31.7703
0.7666,7.0477,188.1455,-77.3278,194056.1721,43.6405,31.7949
220.7,8.288,1.2,-72.0,193672.0,42.6,31.06783
226.3,8.288,1.2,-63.0,193672.0,43.6,32.07599
215.5,8.152,-208.8,-72.0,194056.0,43.6,32.78385
1.6519,7.902,190.3848,-78.089,194055.1668,43.8143,31.4703
3.9606,7.1722,191.0318,-78.1011,194056.7726,43.4547,31.6825
228.3,8.288,1.2,-74.0,193672.0,43.6,32.21542
3.8483,7.1264,190.9076,-77.8741,194056.7269,43.5654,31.6443
0.3706,7.018,189.7592,-77.875,194056.4896,43.618,31.5526
224.1,8.136,-106.8,-72.0,193676.0,43.6,32.94473
224.3,8.288,1.2,-78.0,193676.0,41.6,30.73536
3.9019,7.5948,189.2997,-77.8759,194056.1864,43.7109,31.7187
225.2,8.288,1.2,-73.0,193672.0,42.6,32.23687
0.785,7.8445,186.7264,-77.2739,194056.7466,43.5253,31.5896
0.9622,7.9623,188.5877,-77.8803,194054.1286,43.4762,31.6927
223.5,8.296,1.2,-64.0,193672.0,43.6,32.44065
4.5227,7.6293,192.1272,-78.7021,194055.6299,43.6425,31.9968
215.6,8.128,-231.2,-78.0,194056.0,44.6,32.45137
214.6,8.288,1.2,-81.0,193816.0,44.6,30.68173
225.1,8.288,1.2,-73.0,193672.0,43.6,32.10817
220.9,8.28,1.2,-82.0,193676.0,42.6,31.62554
220.8,8.288,1.2,-81.0,193624.0,45.6,30.68173
218.9,8.288,1.2,-74.0,193672.0,42.6,30.64956
3.4997,7.7462,190.883,-77.9419,194057.6826,43.8377,31.6946
2.3359,7.9043,190.6696,-78.9614,194055.7483,43.5918,31.694
226.0,8.288,1.2,-68.0,193672.0,43.6,32.11889
4.5235,7.2877,193.3976,-77.3182,194056.6478,43.6411,31.6961
3.2643,7.0959,188.8783,-78.0067,194055.8174,43.6876,31.6077
2.3465,7.3697,190.3588,-78.6743,194056.2091,43.5695,31.7929
3.6494,7.0491,188.5905,-77.6092,194057.5977,43.6737,31.7659
226.0,8.288,1.2,-70.0,193672.0,43.6,32.35485
0.4533,7.5915,189.0116,-77.9181,194054.8371,43.6253,31.7381
2.5607,7.2786,189.6321,-78.0092,194055.4709,43.6106,31.6917
227.1,8.288,1.2,-81.0,193676.0,44.6,30.5423
219.7,8.144,-232.8,-70.0,194056.0,43.6,32.60152
225.7,8.288,1.2,-74.0,193672.0,43.6,32.32267
1.3421,7.4424,192.119,-78.7959,194056.3729,43.7292,31.5776
225.1,8.288,1.2,-77.0,193672.0,43.6,31.96874
224.2,8.288,1.2,-76.0,193672.0,43.6,32.01164
0.5606,7.5876,188.1136,-78.1289,194055.4112,43.5708,31.7585
226.9,8.288,1.2,-72.0,193672.0,43.6,32.15107
224.9,8.288,1.2,-77.0,193672.0,43.6,31.99019
4.3398,7.4527,189.6938,-77.5244,194056.9784,43.557,31.7225
218.5,8.288,1.2,-74.0,193676.0,41.6,30.86406
4.0658,7.5106,188.6556,-77.3133,194056.0202,43.5759,31.7841
2.0782,7.1272,190.8456,-77.8067,194056.9433,43.4501,31.6709
224.3,8.288,1.2,-80.0,193676.0,42.6,31.13218
2.6475,7.1039,188.6358,-77.6147,194055.3945,43.4747,31.8979
222.5,8.128,-116.8,-72.0,193676.0,43.6,32.86965
2.2846,7.4016,190.1227,-77.5853,194055.2351,43.6282,31.6857
222.5,8.28,1.2,-73.0,193676.0,41.6,30.83188
0.7175,7.3033,185.2486,-77.1465,194055.541,43.7091,31.5772
222.4,8.28,1.2,-76.0,193676.0,42.6,31.49684
2.9513,7.3912,190.7438,-77.7962,194055.5963,43.6521,31.5564
2.9872,7.6744,191.5958,-78.5526,194055.4283,43.4156,31.7493
2.8624,7.9502,188.2026,-78.07,194056.7586,43.6787,31.6277
1.8718,7.195,191.7147,-77.5125,194055.598,43.6892,31.743
225.0,8.288,1.2,-78.0,193672.0,43.6,32.00092
226.5,8.288,1.2,-68.0,193672.0,43.6,32.36557
2.6621,7.2224,189.456,-77.5299,194058.2903,43.7471,31.7508
2.8418,7.0104,191.664,-78.3682,194055.7637,43.6022,31.7667
225.4,8.12,-123.2,-63.0,193684.0,43.6,32.88037
0.3763,7.6694,187.8881,-77.9586,194055.9289,43.5177,31.7716
3.7443,7.3728,191.9403,-77.5055,194054.7372,43.5508,31.5875
4.699,7.0685,188.2546,-77.4075,194057.6863,43.6964,31.7373
223.3,8.288,1.2,-65.0,193672.0,43.6,32.55862
228.2,8.288,1.2,-68.0,193676.0,43.6,32.96618
227.9,8.288,1.2,-79.0,193672.0,42.6,32.02237
2.6503,7.2064,191.3523,-78.4101,194056.6656,43.5023,31.7378
4.3514,7.6578,187.869,-78.7155,194056.5977,43.559,31.9421
224.8,8.12,-116.0,-70.0,193676.0,43.6,32.8053
225.0,8.296,1.2,-76.0,192100.0,42.6,30.76753
226.1,8.288,1.2,-72.0,193672.0,43.6,32.11889
227.1,8.288,1.2,-69.0,193672.0,43.6,32.40847
0.0195,7.9864,193.1609,-78.6261,194055.6147,43.5645,31.7421
3.9933,7.8539,188.327,-78.8667,194057.0965,43.4758,31.6208
3.8238,7.3552,190.8435,-77.4991,194055.5453,43.5398,31.6495
0.1142,7.3921,186.6245,-78.7416,194055.5759,43.6258,31.6465
224.4,8.288,1.2,-74.0,193672.0,43.6,32.32267
3.5106,7.792,189.4817,-77.7401,194055.9492,43.6523,31.6417
3.801,7.6486,190.7242,-79.1307,194058.2395,43.5193,31.6817
1.3485,7.0004,189.4388,-78.5639,194058.4184,43.6171,31.8652
226.6,8.28,1.2,-72.0,193672.0,43.6,32.11889
3.3106,7.8591,189.48,-77.8697,194057.3165,43.4695,31.5481
4.5098,7.6691,189.4595,-78.2108,194056.7911,43.4292,31.7161
225.2,8.288,1.2,-76.0,193676.0,42.6,31.42176
2.1473,7.746,191.8748,-78.4321,194054.9017,43.6318,31.8138
217.6,8.136,-230.4,-89.0,194056.0,43.6,32.5908
3.3034,7.7066,190.6133,-77.3978,194056.2594,43.4978,31.6863
224.5,8.288,1.2,-84.0,193676.0,43.6,31.43249
224.5,8.12,-117.2,-74.0,193676.0,43.6,32.77312
4.09,7.49,191.5758,-77.7454,194056.6291,43.7405,31.7104
4.7895,7.8165,191.1386,-78.5657,194055.6671,43.4567,31.762
226.3,8.288,1.2,-82.0,193672.0,42.6,31.50756
225.6,8.288,1.2,-74.0,193676.0,42.6,31.64699
222.3,8.288,1.2,-82.0,193676.0,42.6,31.67916
226.0,8.288,1.2,-75.0,193676.0,42.6,31.46466
0.6211,7.5196,189.1981,-77.271,194055.1003,43.5877,31.6951
227.0,8.288,1.2,-65.0,193620.0,42.6,32.06527
2.7956,7.9203,188.2357,-77.3706,194056.1274,43.5294,31.6389
219.1,8.288,1.2,-80.0,193672.0,41.6,30.84261
1.851,7.7422,187.4667,-77.1175,194055.8512,43.6568,31.8871
213.9,8.288,1.2,-72.0,192104.0,42.6,30.67101
224.9,8.288,1.2,-76.0,193676.0,42.6,31.71134
225.0,8.28,1.2,-79.0,193676.0,42.6,31.14291
225.3,8.28,1.2,-76.0,192100.0,42.6,31.37886
221.8,8.288,1.2,-65.0,193676.0,43.6,32.88037
1.2455,7.1148,191.5395,-78.4279,194053.4573,43.6549,31.6409
2.0544,7.9387,188.514,-76.7778,194055.992,43.6143,31.6525
1.3995,7.119,190.2671,-77.5491,194055.8608,43.6129,31.8246
1.3301,7.7428,185.3265,-77.6394,194056.7788,43.6037,31.6326
222.7,8.28,1.2,-75.0,193672.0,41.6,30.86406
217.2,8.12,-230.0,-81.0,194064.0,43.6,32.17252
1.4632,7.5252,188.6114,-78.4365,194058.0407,43.3359,31.6085
226.2,8.288,1.2,-66.0,193672.0,42.6,32.14034
227.8,8.288,1.2,-70.0,193676.0,43.6,32.15107
229.3,8.288,1.2,-64.0,193676.0,43.6,33.07343
220.6,8.288,1.2,-66.0,193676.0,43.6,32.90182
0.3795,7.8657,192.3905,-78.575,194055.6073,43.7688,31.7479
225.7,8.288,1.2,-74.0,193676.0,42.6,31.56119
3.8705,7.0394,194.0668,-78.1445,194055.7999,43.5683,31.7057
1.8231,7.4494,190.6771,-78.3964,194057.2418,43.4801,31.6937
225.0,8.288,1.2,-73.0,193672.0,43.6,31.97947
220.3,8.112,-230.4,-81.0,194056.0,43.6,32.01164
226.3,8.288,1.2,-74.0,193676.0,42.6,31.67916
2.7464,7.048,192.9912,-77.1583,194055.8029,43.6046,31.7223
218.7,8.288,1.2,-85.0,193812.0,45.6,30.69246
3.0769,7.9009,191.0765,-77.7754,194056.1851,43.6426,31.694
225.7,8.288,1.2,-82.0,193604.0,42.6,31.49684
223.9,8.288,1.2,-82.0,193672.0,43.6,31.46466
2.0747,7.9772,193.1756,-77.9449,194056.4931,43.7011,31.7256
218.5,8.12,-131.2,-69.0,193684.0,43.6,32.88037
223.0,8.288,1.2,-88.0,193676.0,41.6,30.97131
3.4798,7.5237,188.8312,-78.1247,194055.0807,43.5585,31.7392
2.5997,7.4283,190.4574,-78.5833,194055.2168,43.7296,31.9009
225.8,8.288,1.2,-78.0,191196.0,42.6,31.02493
225.2,8.288,1.2,-78.0,193676.0,43.6,30.56376
229.1,8.288,1.2,-78.0,193676.0,41.6,30.93913
3.9745,7.8803,188.8162,-78.0888,194056.9422,43.8119,31.7266
2.5146,7.3897,188.2949,-77.6327,194055.7337,43.6384,31.6866
3.016,7.5041,191.7774,-79.0024,194056.5101,43.4839,31.7429
216.2,8.288,1.2,-78.0,193676.0,43.6,30.69246
224.2,8.296,1.2,-76.0,192100.0,43.6,31.99019
223.3,8.288,1.2,-63.0,193672.0,43.6,32.4192
224.3,8.288,1.2,-76.0,193672.0,42.6,30.85333
224.1,8.288,1.2,-85.0,193676.0,44.6,30.62811
225.0,8.288,1.2,-79.0,193672.0,43.6,32.2047
1.8935,7.4288,193.9975,-77.837,194057.1606,43.7083,31.7301
1.3084,7.8993,190.4398,-78.4602,194057.2292,43.5464,31.6594
1.1501,7.4448,190.9576,-77.9014,194055.5407,43.5259,31.7654
4.3392,7.12,189.7665,-78.2152,194057.2124,43.5614,31.571
2.1511,7.7155,189.6108,-77.7947,194056.237,43.6793,31.6079
3.4109,7.9774,191.1237,-78.2597,194056.0324,43.5945,31.7943
223.0,8.112,-146.0,-64.0,192120.0,43.6,32.77312
1.8956,7.401,191.8184,-77.8164,194057.2106,43.8144,31.7914
3.6207,7.445,189.1492,-78.0646,194054.4435,43.4048,31.8453
227.9,8.288,1.2,-70.0,193672.0,43.6,32.07599
224.8,8.288,1.2,-76.0,193676.0,42.6,31.55046
223.9,8.288,1.2,-83.0,193672.0,41.6,31.10001
0.054,7.8376,192.1652,-77.805,194054.8391,43.689,31.6814
0.803,7.6551,191.8894,-77.7059,194057.153,43.5682,31.9219
221.9,8.144,-106.8,-74.0,193676.0,44.6,32.934
1.7177,7.9385,190.1857,-77.79,194056.038,43.7683,31.6339
229.0,8.288,1.2,-81.0,193676.0,42.6,31.85077
223.9,8.288,1.2,-82.0,193672.0,41.6,31.03566
0.738,7.5445,188.7206,-78.413,194055.9939,43.6779,31.841
2.0971,7.8672,191.9601,-77.5411,194056.7937,43.6934,31.5776
0.5198,7.4657,189.8126,-78.475,194056.4098,43.5219,31.7832
227.7,8.288,1.2,-82.0,193672.0,42.6,31.89367
2.246,7.6443,187.9942,-79.2135,194057.4016,43.5607,31.814
1.6771,7.9602,185.9887,-77.9683,194054.6447,43.5918,31.7512
215.1,8.12,-230.0,-78.0,194064.0,43.6,32.2047
1.5471,7.2362,190.5117,-78.4241,194056.2048,43.5124,31.7575
1.923,7.5692,188.7086,-78.2292,194056.921,43.642,31.9523
3.7295,7.703,189.148,-77.8506,194057.2437,43.3792,31.8127
1.4711,7.3754,193.3668,-78.1697,194055.791,43.6319,31.7221
0.7432,7.0435,192.2224,-78.5373,194058.4954,43.5495,31.8026
3.206,7.5307,190.3157,-77.464,194055.1749,43.5616,31.6532
2.5882,7.7079,187.7565,-79.0579,194056.107,43.6369,31.4768
221.8,8.288,1.2,-65.0,193672.0,43.6,32.42992
219.7,8.288,1.2,-77.0,193672.0,42.6,31.02493
221.1,8.288,1.2,-82.0,193676.0,42.6,31.58264
3.5829,7.4452,193.7748,-77.5789,194056.4827,43.4452,31.5724
3.8146,7.3505,188.9527,-78.4596,194055.827,43.6674,31.6317
225.1,8.288,1.2,-83.0,193676.0,42.6,31.36814
1.278,7.0061,191.3716,-77.6832,194055.4332,43.6274,31.6798
227.5,8.288,1.2,-74.0,193672.0,43.6,32.18324
0.4688,7.803,187.8435,-78.2332,194054.5039,43.3941,31.6723
226.0,8.288,1.2,-75.0,193676.0,42.6,31.46466
4.7869,7.4079,188.626,-78.1217,194055.6463,43.6373,31.77
224.9,8.288,1.2,-75.0,193676.0,42.6,31.73279
224.0,8.288,1.2,-87.0,193768.0,43.6,30.60666
2.0329,7.2753,190.0759,-77.9557,194055.4189,43.5943,31.7197
227.5,8.288,1.2,-77.0,193676.0,41.6,30.89623
3.0628,7.7879,187.4852,-78.2458,194057.2843,43.6565,31.8186
219.4,8.288,1.2,-85.0,193672.0,41.6,30.84261
3.5197,7.2996,191.3257,-77.7729,194056.4199,43.5369,31.7426
1.4039,7.5398,189.4705,-78.1196,194055.3846,43.775,31.8253
1.0216,7.1367,190.0693,-77.7569,194058.0908,43.6279,31.6913
4.7789,7.9124,189.7819,-77.8452,194055.5901,43.5879,31.5264
0.0033,7.0694,190.2514,-77.7231,194054.8646,43.5543,31.7962
3.0547,7.785,188.7847,-77.9473,194056.7148,43.5121,31.702
224.7,8.288,1.2,-77.0,193676.0,41.6,30.93913
1.1385,7.2061,189.6671,-77.9086,194057.3567,43.4404,31.694
224.6,8.288,1.2,-75.0,193672.0,42.6,32.18324
4.7694,7.282,187.9812,-78.0172,194057.947,43.6319,31.5795
223.4,8.144,-110.0,-78.0,193676.0,43.6,32.92327
1.1246,7.2144,189.6622,-78.4746,194054.9725,43.3996,31.7719
2.0057,7.8283,189.9733,-77.745,194055.4249,43.5395,31.722
3.0888,7.9563,189.5507,-77.2991,194055.9765,43.6111,31.6138
225.7,8.288,1.2,-70.0,193672.0,43.6,32.42992
0.1004,7.0321,191.2267,-77.7325,194055.4402,43.681,31.6744
223.1,8.288,1.2,-80.0,193672.0,41.6,31.02493
1.6508,7.0497,188.8713,-78.0295,194058.5231,43.4596,31.7356
3.859,7.9751,188.6491,-78.2921,194056.198,43.8451,31.7336
223.8,8.288,1.2,-75.0,193672.0,43.6,32.35485
226.1,8.288,1.2,-79.0,193676.0,41.6,30.86406
222.2,8.288,1.2,-80.0,193620.0,45.6,30.66028
223.8,8.296,1.2,-77.0,191192.0,43.6,31.44321
219.3,8.28,1.2,-82.0,193676.0,42.6,31.67916
223.9,8.28,1.2,-77.0,193672.0,42.6,30.81043
3.9229,7.895,192.9217,-78.2036,194055.857,43.6496,31.6237
218.9,8.288,1.2,-81.0,193672.0,41.6,30.86406
229.5,8.288,1.2,-75.0,193676.0,42.6,32.03309
0.5978,7.9361,191.369,-78.3233,194054.8072,43.4818,31.8002
226.1,8.296,1.2,-77.0,192100.0,41.6,30.93913
3.4102,7.3955,189.063,-78.3771,194057.0016,43.6403,31.6508
4.1322,7.5079,189.1611,-78.4482,194056.0345,43.6368,31.5575
4.9785,7.398,188.9853,-77.5343,194055.8917,43.5583,31.5893
222.6,8.288,1.2,-83.0,193676.0,42.6,31.67916
226.2,8.296,1.2,-79.0,193672.0,44.6,30.53158
225.2,8.288,1.2,-66.0,193672.0,43.6,32.14034
221.1,8.128,-220.8,-67.0,194064.0,44.6,32.60152
1.4201,7.2393,194.1807,-77.9441,194056.1977,43.6621,31.6883
4.8746,7.384,194.4814,-77.3285,194055.0032,43.5824,31.6389
4.1942,7.7311,190.2779,-77.8295,194055.5856,43.6441,31.7238
225.1,8.288,1.2,-74.0,193676.0,42.6,31.75424
2.6597,7.5109,193.5852,-78.0947,194057.0179,43.9481,31.6427
0.6851,7.2819,190.1757,-78.0567,194055.7556,43.5205,31.7915
220.4,8.288,1.2,-83.0,193620.0,44.6,30.69246
227.6,8.288,1.2,-73.0,193672.0,43.6,32.07599
225.5,8.288,1.2,-74.0,193676.0,42.6,30.90696
222.4,8.12,-140.4,-68.0,193692.0,43.6,32.75167
221.2,8.288,1.2,-82.0,193676.0,42.6,31.60409
0.9053,7.1294,190.8715,-77.5634,194058.635,43.6232,31.7336
216.2,8.28,1.2,-74.0,193676.0,41.6,30.66028
228.5,8.136,-109.2,-66.0,193676.0,44.6,33.11633
1.4174,7.976,186.7264,-77.7393,194055.7377,43.5019,31.615
0.0421,7.95,192.3496,-78.3184,194058.3501,43.6141,31.6768
228.7,8.288,1.2,-79.0,193676.0,44.6,30.5423
0.1588,7.6592,188.7584,-77.8093,194055.4881,43.4859,31.7273
224.5,8.288,1.2,-78.0,193676.0,42.6,31.38959
227.5,8.288,1.2,-71.0,193672.0,43.6,32.17252
214.7,8.288,1.2,-78.0,193676.0,41.6,30.82116
3.0775,7.3421,191.0278,-77.6149,194056.5398,43.5706,31.707
3.4273,7.9102,190.3815,-77.9782,194056.8635,43.6055,31.7219
1.8911,7.9822,191.6946,-77.7703,194055.833,43.5963,31.6971
224.1,8.296,1.2,-63.0,193672.0,43.6,32.68732
226.9,8.288,1.2,-71.0,193672.0,43.6,32.08672
1.4416,7.399,190.5541,-78.2228,194056.0321,43.631,31.5979
226.9,8.288,1.2,-76.0,193676.0,42.6,31.61481
224.6,8.288,1.2,-79.0,192104.0,43.6,30.53158
1.1228,7.6147,191.1451,-76.9687,194058.3636,43.6062,31.6579
0.1896,7.6989,191.2295,-77.3283,194057.7378,43.3531,31.5474
219.8,8.168,-232.0,-72.0,194064.0,43.6,32.7195
1.0904,7.0201,192.1558,-77.5843,194056.0838,43.662,31.6727
224.0,8.288,1.2,-86.0,193672.0,41.6,31.07856
0.7906,7.2018,188.7181,-78.1863,194056.4528,43.767,31.7351
225.7,8.288,1.2,-68.0,193676.0,43.6,33.04125
220.6,8.112,-230.8,-84.0,194056.0,43.6,32.01164
223.5,8.28,1.2,-81.0,193676.0,41.6,30.88551
2.3371,7.0764,188.6722,-78.1661,194055.4075,43.6129,31.6805
0.5855,7.7705,188.5354,-78.0796,194057.0946,43.5316,31.589
3.2289,7.0228,189.8999,-78.0118,194055.5692,43.5349,31.8007
222.1,8.288,1.2,-82.0,193676.0,42.6,31.72206
228.2,8.288,1.2,-81.0,193676.0,42.6,31.88294
4.9588,7.9991,190.5005,-77.7554,194056.2622,43.5078,31.6753
221.0,8.288,1.2,-78.0,193672.0,44.6,30.59593
219.3,8.288,1.2,-85.0,193676.0,41.6,30.84261
224.0,8.288,1.2,-74.0,193672.0,43.6,32.3763
215.9,8.288,1.2,-74.0,193676.0,41.6,30.66028
0.2428,7.5156,192.1423,-77.4771,194057.6622,43.5096,31.7232
229.0,8.16,-96.8,-68.0,193676.0,43.6,33.05198
218.5,8.12,-230.0,-78.0,194064.0,43.6,32.26905
228.9,8.288,1.2,-80.0,193676.0,42.6,31.87222
1.1727,7.4888,189.6039,-77.9154,194056.4224,43.6331,31.8588
3.2743,7.0885,186.1651,-78.1936,194056.3996,43.6436,31.7781
224.6,8.288,1.2,-74.0,193676.0,41.6,30.76753
1.0201,7.1869,190.5642,-78.192,194057.0782,43.6651,31.7649
220.0,8.168,-229.6,-72.0,194056.0,43.6,32.77312
215.5,8.288,1.2,-77.0,193676.0,43.6,30.70318
229.1,8.28,1.2,-64.0,193676.0,43.6,32.94473
4.2362,7.3343,191.3972,-78.0454,194055.5175,43.5178,31.6997
226.6,8.288,1.2,-67.0,193672.0,43.6,32.36557
229.5,8.152,-97.6,-69.0,193676.0,44.6,33.03053
0.7932,7.5983,190.4977,-78.3891,194055.4535,43.6053,31.6942
224.0,8.288,1.2,-69.0,193676.0,43.6,33.09488
227.8,8.288,1.2,-71.0,193672.0,42.6,32.14034
222.5,8.288,1.2,-81.0,191148.0,43.6,31.77569
3.8959,7.6475,189.7081,-77.5912,194055.9894,43.6016,31.658
4.0122,7.1937,188.9716,-78.2431,194057.1712,43.584,31.5521
227.4,8.28,1.2,-84.0,193672.0,43.6,32.09744
0.0435,7.033,188.4827,-78.1874,194055.1659,43.5807,31.6347
223.3,8.288,1.2,-78.0,193676.0,41.6,30.96058
4.6898,7.6363,190.9086,-77.6555,194055.5118,43.5643,31.5943
225.0,8.288,1.2,-66.0,193672.0,43.6,32.23687
2.5807,7.4139,184.9001,-78.3351,194057.057,43.5903,31.4178
221.5,8.296,1.2,-72.0,192104.0,41.6,30.89623
218.6,8.12,-154.4,-71.0,194056.0,43.6,32.7624
0.3275,7.4289,190.4181,-78.1531,194055.2851,43.6852,31.6016
214.4,8.28,1.2,-80.0,193624.0,41.6,30.84261
221.1,8.288,1.2,-81.0,191196.0,43.6,30.93913
223.2,8.288,1.2,-65.0,193672.0,43.6,32.39775
3.3765,7.5519,191.0243,-78.4507,194056.2989,43.5828,31.7252
224.4,8.288,1.2,-79.0,193672.0,43.6,32.2047
225.8,8.288,1.2,-67.0,193672.0,43.6,32.3763
222.2,8.288,1.2,-83.0,193672.0,42.6,31.07856
219.8,8.288,1.2,-80.0,193672.0,41.6,30.91768
4.0066,7.5863,191.4501,-77.8902,194054.5887,43.518,31.5011
1.5955,7.0535,190.5216,-77.9311,194054.876,43.3516,31.4463
220.6,8.288,1.2,-82.0,193672.0,44.6,30.59593
223.4,8.288,1.2,-66.0,193676.0,43.6,33.09488
225.2,8.28,1.2,-84.0,193672.0,42.6,31.41104
1.5369,7.1677,189.8251,-79.1544,194056.8299,43.6727,31.7641
218.7,8.12,-138.8,-66.0,193692.0,43.6,32.83747
224.6,8.288,1.2,-76.0,193672.0,41.6,30.79971
226.6,8.28,1.2,-74.0,193672.0,43.6,32.22615
226.7,8.288,1.2,-76.0,193672.0,42.6,32.00092
228.0,8.288,1.2,-71.0,193672.0,43.6,32.16179
224.2,8.288,1.2,-75.0,193672.0,43.6,32.32267
224.9,8.288,1.2,-73.0,193672.0,43.6,32.3334
1.9626,7.1556,188.8724,-78.2442,194055.0157,43.4126,31.6047
4.2356,7.6431,193.0323,-77.6039,194056.0896,43.744,31.5926
219.2,8.288,1.2,-77.0,193676.0,42.6,31.47539
2.1183,7.9859,194.2496,-77.7113,194056.8538,43.428,31.6388
0.9766,7.3613,189.861,-78.4524,194056.1451,43.7221,31.6518
224.8,8.28,1.2,-75.0,193676.0,41.6,30.76753
1.8974,7.5246,187.0489,-77.4549,194055.859,43.5833,31.7995
228.7,8.288,1.2,-80.0,193676.0,43.6,31.88294
4.581,7.3977,186.7179,-78.0012,194054.0511,43.6938,31.7319
2.0067,7.7189,186.4296,-77.853,194056.5084,43.5775,31.7436
0.6256,7.881,190.0066,-77.5573,194055.57,43.5196,31.7482
221.1,8.12,-147.2,-63.0,193692.0,43.6,32.78385
4.9054,7.1743,188.1886,-77.3773,194053.9566,43.4484,31.5933
222.1,8.136,-98.4,-71.0,193676.0,44.6,32.934
0.3433,7.8357,192.1556,-77.7514,194054.8649,43.5799,31.6281
225.2,8.288,1.2,-80.0,193672.0,43.6,31.95802
0.3577,7.9159,190.2633,-77.6893,194055.9428,43.6542,31.6933
0.3757,7.0218,187.9877,-77.5806,194057.2119,43.671,31.5656
222.5,8.288,1.2,-63.0,193620.0,44.6,32.5908
225.8,8.288,1.2,-65.0,193672.0,43.6,32.12962
2.2167,7.6294,188.3622,-78.3197,194055.1211,43.5104,31.4167
226.0,8.288,1.2,-83.0,193620.0,42.6,31.34669
1.1084,7.7345,189.0401,-77.6399,194056.7759,43.7246,31.6792
1.5284,7.1619,188.6632,-78.1125,194056.1064,43.664,31.5235
1.866,7.857,192.7675,-78.3496,194054.4308,43.704,31.5119
227.8,8.28,1.2,-67.0,193676.0,44.6,32.99835
229.4,8.152,-86.8,-67.0,193676.0,44.6,33.0627
224.6,8.288,1.2,-78.0,193676.0,41.6,30.88551
2.9521,7.9395,187.4188,-77.8681,194056.3578,43.6265,31.7047
227.5,8.288,1.2,-78.0,193672.0,43.6,32.08672
2.1107,7.4841,189.7514,-77.256,194056.2767,43.57,31.6832
4.4002,7.4691,193.9867,-79.3568,194054.8369,43.4663,31.9168
0.4679,7.1895,190.5781,-78.0721,194054.6129,43.6204,31.7812
4.703,7.7979,188.0621,-77.4611,194057.0447,43.5315,31.5609
226.9,8.288,1.2,-77.0,193672.0,42.6,31.40031
2.6669,7.5924,189.5894,-77.9047,194054.6067,43.5984,31.8058
222.8,8.288,1.2,-77.0,193672.0,41.6,30.87478
226.5,8.288,1.2,-75.0,193672.0,43.6,32.22615
0.5086,7.7671,190.5635,-77.8159,194056.6576,43.5458,31.5282
3.933,7.0473,187.642,-77.8631,194057.1143,43.7004,31.815
227.4,8.176,-96.8,-67.0,193628.0,43.6,33.04125
224.0,8.288,1.2,-77.0,193672.0,42.6,30.82116
1.2433,7.346,190.1082,-77.3079,194056.6888,43.486,31.6589
0.6846,7.4962,188.3649,-77.3138,194055.965,43.6421,31.7076
2.3798,7.7439,191.8152,-78.5764,194055.9028,43.5702,31.5588
0.8285,7.6073,187.978,-77.8898,194054.3514,43.7987,31.6579
223.3,8.288,1.2,-68.0,193672.0,43.6,32.62297
2.2928,7.1423,187.9537,-77.3411,194058.588,43.5817,31.8802
2.2252,7.1092,188.3971,-78.5169,194055.7218,43.4578,31.57
226.2,8.288,1.2,-76.0,193676.0,42.6,31.43249
2.8647,7.5503,188.2079,-77.9045,194057.2438,43.5675,31.6696
4.93,7.9313,189.1247,-78.4703,194057.8207,43.7063,31.5426
4.6805,7.2396,190.6552,-78.1156,194057.8435,43.6101,31.7398
0.7606,7.3594,190.523,-78.6885,194056.467,43.513,31.955
4.9504,7.284,189.7611,-77.9944,194057.1458,43.7069,31.7342
2.5162,7.3899,188.8342,-77.613,194056.3316,43.6161,31.6756
4.171,7.7683,192.0501,-77.9653,194056.6604,43.7687,31.4993
3.3144,7.5556,189.756,-78.6635,194055.782,43.5153,31.8514
215.0,8.12,-230.0,-81.0,194064.0,43.6,32.22615
4.5227,7.5849,189.0208,-78.5907,194056.9995,43.7604,31.6681
1.0131,7.6327,192.8805,-77.5801,194056.3894,43.3811,31.6794
226.9,8.288,1.2,-76.0,193676.0,42.6,31.61481
2.0958,7.471,189.9025,-78.0075,194056.4839,43.8799,31.8139
4.3061,7.8934,191.5755,-78.472,194056.0215,43.4151,31.6653
1.8421,7.4861,188.4173,-77.8514,194056.1499,43.4212,31.823
0.324,7.5596,189.0086,-78.728,194056.9282,43.5242,31.531
3.5365,7.6618,188.7754,-77.9753,194055.6219,43.6552,31.7294
221.5,8.288,1.2,-81.0,193676.0,42.6,30.66028
222.1,8.288,1.2,-80.0,193620.0,41.6,31.08928
221.2,8.28,1.2,-80.0,193672.0,41.6,30.79971
1.2675,7.8669,186.2703,-78.1218,194053.6313,43.6606,31.5702
4.0098,7.2882,191.2115,-78.3949,194057.59,43.7649,31.6282
216.1,8.288,1.2,-72.0,193676.0,42.6,30.66028
214.3,8.288,1.2,-81.0,193676.0,45.6,30.69246
0.8596,7.409,190.3052,-78.5886,194056.3771,43.5581,31.9005
227.5,8.288,1.2,-72.0,193672.0,43.6,32.14034
3.6798,7.2408,191.951,-78.5888,194056.098,43.4983,31.549
4.9534,7.6983,187.8819,-77.2103,194059.0052,43.6336,31.8693
4.9893,7.022,188.0533,-78.2109,194058.1138,43.6963,31.8565
1.1606,7.3247,187.8054,-78.702,194055.902,43.5494,31.6171
4.6923,7.4438,186.4101,-78.1955,194055.837,43.7727,31.4876
4.7183,7.9346,189.3112,-78.1894,194055.2912,43.6479,31.7069
228.6,8.288,1.2,-67.0,193628.0,43.6,32.94473
3.7162,7.5306,189.7857,-77.3929,194056.2332,43.6035,31.66
223.8,8.288,1.2,-77.0,193676.0,41.6,30.85333
219.3,8.28,1.2,-82.0,193620.0,44.6,30.64956
225.8,8.288,1.2,-81.0,193672.0,42.6,31.53974
1.1495,7.0931,189.7122,-77.5891,194057.6003,43.4913,31.6726
2.0341,7.2918,187.0574,-78.5311,194055.4003,43.7471,31.6606
3.3979,7.9009,187.4838,-78.2276,194056.1365,43.7509,31.716
0.6419,7.1341,190.5611,-78.5209,194057.2401,43.6828,31.8741
1.8118,7.7519,187.8502,-78.2158,194054.7463,43.5706,31.6586
229.8,8.288,1.2,-74.0,193676.0,42.6,32.00092
228.7,8.288,1.2,-70.0,193676.0,43.6,32.934
223.5,8.288,1.2,-85.0,193676.0,42.6,31.32524
0.9565,7.2895,193.5454,-78.1358,194055.4223,43.6307,31.7571
0.3087,7.7187,191.3137,-78.1887,194055.5926,43.4922,31.6875
220.1,8.288,1.2,-88.0,193672.0,41.6,30.89623
3.3406,7.8041,189.8931,-77.2161,194056.7887,43.6846,31.7363
3.8594,7.9568,189.7833,-77.8302,194056.3175,43.468,31.7057
4.6243,7.1571,191.8397,-78.2512,194055.7267,43.8327,31.6452
218.3,8.288,1.2,-77.0,193620.0,42.6,31.02493
224.8,8.128,-113.6,-63.0,193676.0,44.6,32.90182
4.0716,7.0806,188.8882,-77.9929,194057.0917,43.5065,31.6205
226.0,8.288,1.2,-82.0,193672.0,42.6,31.33596
221.9,8.288,1.2,-81.0,193672.0,42.6,31.11073
218.5,8.12,-130.4,-67.0,193692.0,43.6,32.86965
224.9,8.288,1.2,-84.0,193672.0,42.6,31.13218
226.3,8.28,1.2,-79.0,193676.0,42.6,31.12146
224.3,8.12,-116.8,-82.0,193676.0,43.6,32.8053
0.2704,7.3018,189.7441,-78.307,194057.9503,43.5001,31.9453
228.6,8.296,1.2,-64.0,193676.0,43.6,32.934
0.3035,7.9093,185.7726,-77.729,194055.1207,43.5869,31.8201
2.9832,7.4642,187.9244,-78.6392,194054.2386,43.4883,31.762
1.6114,7.1203,187.5575,-78.0556,194056.7609,43.6592,31.674
2.4758,7.9304,191.6036,-78.5317,194056.3915,43.4243,31.6037
1.7647,7.5048,189.2619,-79.3538,194056.997,43.6727,31.7975
224.4,8.288,1.2,-78.0,193676.0,42.6,31.45394
1.3872,7.8757,190.4554,-77.2553,194055.3259,43.6963,31.763
220.5,8.288,1.2,-90.0,193672.0,44.6,30.59593
220.7,8.288,1.2,-73.0,191192.0,43.6,31.14291
221.7,8.288,1.2,-81.0,193672.0,42.6,30.94986
223.2,8.288,1.2,-75.0,193672.0,43.6,32.00092
221.7,8.288,1.2,-85.0,193672.0,41.6,30.82116
0.4578,7.6556,190.9812,-78.8775,194058.2932,43.5512,31.6918
213.3,8.288,1.2,-83.0,193676.0,41.6,30.71391
222.2,8.288,1.2,-79.0,193624.0,45.6,30.58521
221.7,8.288,1.2,-86.0,193676.0,42.6,31.35741
220.5,8.288,1.2,-75.0,191184.0,42.6,30.76753
4.0058,7.0658,187.4185,-78.6083,194056.1615,43.6548,31.7044
0.4079,7.4414,192.4515,-78.649,194056.3357,43.6434,31.7062
0.6163,7.926,188.0179,-77.4263,194055.1004,43.5995,31.7839
222.1,8.136,-114.4,-76.0,193676.0,43.6,32.91255
2.5219,7.0512,190.9105,-77.7481,194055.4286,43.4586,31.7142
3.7873,7.0884,189.0717,-78.7655,194055.7573,43.5325,31.6444
0.9956,7.9018,188.8444,-78.3999,194056.089,43.4473,31.7626
1.183,7.4866,191.1483,-78.3195,194053.9061,43.8988,31.712
224.4,8.288,1.2,-79.0,193624.0,41.6,30.94986
4.2903,7.3904,184.6318,-78.1772,194056.6449,43.6851,31.7183
218.4,8.12,-156.4,-61.0,194056.0,44.6,32.74095
224.9,8.288,1.2,-65.0,193672.0,43.6,32.16179
3.1311,7.7347,187.0153,-77.743,194055.6107,43.6066,31.6094
222.0,8.288,1.2,-82.0,193676.0,42.6,31.82932
222.5,8.288,1.2,-65.0,193672.0,43.6,32.83747
219.8,8.144,-231.6,-70.0,194056.0,43.6,32.5908
220.2,8.168,-229.6,-72.0,194056.0,43.6,32.79457
226.4,8.288,1.2,-78.0,193672.0,43.6,32.2476
2.1361,7.804,195.3417,-77.7715,194056.3639,43.7628,31.7551
2.3758,7.4481,189.9013,-78.3565,194056.1898,43.5754,31.6511
3.5572,7.1579,188.5916,-78.2359,194054.1297,43.753,31.7079
224.4,8.288,1.2,-78.0,193672.0,43.6,32.21542
224.5,8.288,1.2,-75.0,193676.0,42.6,31.53974
223.9,8.288,1.2,-68.0,193676.0,43.6,33.08415
219.7,8.28,1.2,-90.0,193668.0,45.6,30.69246
2.8339,7.9134,188.9206,-78.7305,194055.0125,43.6098,31.6207
4.5323,7.247,189.3412,-77.2938,194055.769,43.6518,31.8863
223.2,8.288,1.2,-80.0,193672.0,42.6,31.53974
227.9,8.288,1.2,-79.0,193676.0,42.6,31.89367
4.2587,7.962,191.9418,-77.392,194055.5762,43.5285,31.9573
228.3,8.288,1.2,-81.0,193676.0,42.6,31.87222
3.9012,7.3754,189.5719,-76.3513,194058.4722,43.5825,31.5129
221.1,8.12,-127.2,-63.0,193692.0,43.6,32.85892
223.4,8.12,-148.0,-62.0,193692.0,43.6,32.78385
2.6689,7.8852,190.7531,-78.265,194055.4616,43.5091,31.7623
3.0437,7.8425,190.9233,-77.586,194055.6184,43.6628,31.7055
0.4292,7.2984,188.6009,-77.8971,194055.5354,43.6981,31.6983
225.1,8.288,1.2,-68.0,193676.0,43.6,33.05198
229.5,8.16,-97.2,-66.0,193676.0,44.6,33.04125
2.2529,7.7984,192.3554,-77.9057,194055.5054,43.6935,31.5502
1.9882,7.523,190.8427,-77.4834,194055.7888,43.5717,31.6239
1.5156,7.7293,191.1169,-77.6701,194058.1528,43.5112,31.9492
227.6,8.288,1.2,-79.0,193672.0,42.6,31.36814
3.4585,7.1721,188.9328,-78.2948,194057.0873,43.67,31.6386
225.3,8.288,1.2,-74.0,193672.0,43.6,32.05454
224.8,8.288,1.2,-79.0,193672.0,42.6,31.50756
3.7335,7.4608,189.7091,-77.662,194056.3355,43.7366,31.6609
225.7,8.288,1.2,-67.0,193672.0,43.6,32.12962
219.9,8.16,-233.2,-72.0,194056.0,43.6,32.7195
2.9024,7.3613,189.8584,-78.0288,194054.6899,43.5698,31.6725
222.3,8.288,1.2,-75.0,193676.0,44.6,30.5423
223.6,8.288,1.2,-75.0,193672.0,43.6,31.97947
227.3,8.288,1.2,-72.0,193672.0,42.6,32.06527
2.5616,7.1766,187.523,-77.2841,194053.8092,43.7085,31.6948
0.0896,7.9099,190.5448,-78.4794,194055.4451,43.6734,31.5575
225.4,8.296,1.2,-75.0,193672.0,43.6,32.32267
227.3,8.288,1.2,-66.0,193672.0,43.6,32.4621
0.8328,7.8122,189.4326,-77.9528,194055.0791,43.5402,31.6707
226.3,8.288,1.2,-77.0,193676.0,42.6,31.86149
2.5928,7.5287,191.7968,-77.6029,194054.7364,43.5353,31.7116
1.4112,7.188,187.8962,-77.9673,194056.8791,43.6121,31.704
225.8,8.288,1.2,-77.0,193676.0,43.6,30.53158
228.5,8.288,1.2,-65.0,193676.0,44.6,32.95545
2.3252,7.6823,190.3291,-77.9679,194056.1669,43.5402,31.6098
1.6786,7.7305,188.606,-78.3319,194054.3827,43.667,31.7671
1.416,7.0625,192.9736,-78.0612,194055.7513,43.8225,31.6298
0.9177,7.9984,185.5279,-78.4293,194053.9935,43.5335,31.6218
2.8915,7.4664,187.2536,-77.9964,194055.5735,43.7875,31.6911
2.883,7.0054,191.474,-78.0557,194057.2798,43.6132,31.8209
4.7725,7.9395,189.8767,-79.0959,194055.5036,43.6553,31.7416
4.0912,7.9365,188.9255,-77.7571,194055.8121,43.5089,31.8051
0.8869,7.1938,188.8937,-78.1071,194056.1768,43.6088,31.6772
4.8735,7.4685,187.7282,-77.9136,194058.1746,43.5679,31.7665
0.0821,7.5615,189.0736,-77.9505,194057.6329,43.7701,31.6465
223.7,8.288,1.2,-85.0,193672.0,41.6,30.79971
2.9926,7.25,189.3518,-78.2961,194054.3205,43.5253,31.583
4.8243,7.0826,192.2243,-77.5601,194056.4923,43.5505,31.6575
4.1524,7.0728,190.8981,-78.4186,194053.7152,43.7025,31.7246
227.7,8.288,1.2,-79.0,193676.0,41.6,30.90696
225.5,8.288,1.2,-75.0,193672.0,43.6,32.22615
1.3588,7.2486,188.4905,-78.1621,194053.896,43.5687,31.6321
223.7,8.28,1.2,-84.0,193676.0,45.6,30.61738
224.2,8.288,1.2,-78.0,193676.0,44.6,30.5423
227.5,8.288,1.2,-72.0,193672.0,43.6,32.01164
218.3,8.288,1.2,-76.0,193676.0,41.6,30.83188
0.7255,7.9456,191.469,-77.7053,194057.5075,43.6391,31.602
4.8641,7.2657,192.7319,-78.3317,194054.6413,43.5696,31.6086
218.8,8.288,1.2,-74.0,193676.0,41.6,30.82116
0.975,7.8109,189.2332,-78.0941,194057.034,43.7069,31.7951
3.1978,7.7635,191.028,-78.1705,194056.0738,43.736,31.6158
220.2,8.288,1.2,-81.0,193672.0,41.6,30.86406
0.6377,7.4188,194.0663,-78.2179,194055.8954,43.628,31.6882
226.6,8.288,1.2,-74.0,193676.0,43.6,31.68989
0.1061,7.7202,188.7812,-78.397,194056.2321,43.6637,31.7
1.2748,7.4754,187.4507,-77.3009,194056.7695,43.5849,31.9278
226.9,8.288,1.2,-78.0,193676.0,42.6,30.89623
4.0481,7.9375,191.6063,-78.6256,194056.0251,43.8385,31.6913
0.1888,7.4186,192.9858,-77.7925,194055.4769,43.6289,31.9019
3.7153,7.0586,191.4096,-77.8257,194055.45,43.5705,31.7171
225.9,8.288,1.2,-69.0,193676.0,43.6,33.05198
0.3988,7.737,189.7301,-77.9634,194056.3217,43.7692,31.8203
1.208,7.453,191.7703,-78.2374,194057.261,43.5186,31.853
2.1532,7.1309,192.2947,-78.6446,194057.8007,43.6615,31.8353
227.0,8.288,1.2,-76.0,193672.0,42.6,31.36814
0.9928,7.5938,188.809,-78.2431,194056.926,43.5939,31.6945
224.3,8.288,1.2,-76.0,193676.0,42.6,31.55046
0.1218,7.3624,189.7683,-77.2528,194056.2413,43.5972,31.7916
4.6087,7.4158,189.1461,-77.8755,194057.4262,43.6522,31.6732
211.6,8.288,1.2,-73.0,193676.0,43.6,30.75681
222.9,8.288,1.2,-82.0,193676.0,42.6,31.40031
223.6,8.288,1.2,-79.0,193676.0,41.6,30.90696
225.0,8.288,1.2,-81.0,193672.0,41.6,31.18581
0.8244,7.0468,190.8682,-77.6557,194056.7317,43.5789,31.7028
0.6881,7.7339,192.4313,-78.1472,194056.0493,43.586,31.9018
217.4,8.288,1.2,-83.0,193676.0,43.6,30.66028
223.8,8.288,1.2,-78.0,193672.0,43.6,32.18324
217.7,8.152,-209.2,-69.0,194056.0,43.6,32.77312
2.7006,7.1878,188.5801,-77.7328,194055.7255,43.5246,31.6478
3.6826,7.9754,189.1929,-77.917,194054.102,43.4858,31.6704
4.1472,7.1726,189.676,-77.7589,194056.2576,43.5822,31.6318
1.4359,7.6364,190.7785,-78.0187,194055.6371,43.5928,31.8157
0.0945,7.0082,188.9819,-77.8984,194055.7255,43.4931,31.4679
229.4,8.16,-96.8,-69.0,193676.0,43.6,33.05198
217.0,8.296,1.2,-80.0,192104.0,44.6,30.5423
229.2,8.168,-96.0,-66.0,193676.0,43.6,33.08415
1.9204,7.027,188.6853,-77.5413,194056.1544,43.8268,31.8291
3.2823,7.5302,188.4511,-78.9436,194055.7364,43.6202,31.8561
226.8,8.288,1.2,-77.0,193604.0,41.6,30.74608
217.9,8.28,1.2,-77.0,193624.0,41.6,30.73536
1.6881,7.8503,190.4549,-78.5241,194054.6452,43.576,31.8378
3.3199,7.4569,192.8169,-78.2981,194057.7225,43.5726,31.7137
0.8431,7.1035,188.794,-78.191,194056.4827,43.5484,31.7539
3.0538,7.8309,191.6949,-79.0272,194058.602,43.4686,31.761
225.1,8.12,-120.4,-75.0,193676.0,44.6,32.8911
4.1406,7.6876,190.9401,-78.039,194056.09,43.6381,31.9306
4.3564,7.7074,191.1198,-77.9856,194056.1882,43.6629,31.7403
4.3881,7.6641,188.6697,-77.955,194057.4084,43.7111,31.6433
226.8,8.288,1.2,-76.0,193676.0,42.6,31.74352
213.8,8.288,1.2,-70.0,193676.0,41.6,30.77826
225.5,8.288,1.2,-69.0,193672.0,43.6,32.40847
2.9094,7.2378,190.764,-78.691,194057.0676,43.7401,31.9457
0.3318,7.9797,185.8294,-78.5107,194056.2788,43.6124,31.6742
227.9,8.288,1.2,-71.0,193676.0,43.6,32.11889
2.7854,7.2533,188.1326,-77.239,194057.4933,43.6013,31.7672
224.6,8.288,1.2,-76.0,193676.0,42.6,31.51829
3.3478,7.4597,193.2717,-78.2587,194057.4192,43.6972,31.5557
0.4653,7.3389,191.6734,-77.3077,194056.4022,43.6886,31.819
4.8031,7.4231,189.6494,-78.4425,194056.8927,43.6688,31.7024
224.1,8.288,1.2,-76.0,193672.0,41.6,31.15364
226.1,8.288,1.2,-75.0,193672.0,43.6,32.23687
4.6137,7.8284,188.3643,-78.5531,194055.0035,43.3967,31.5953
0.3232,7.9253,187.6367,-78.3105,194056.5393,43.5484,31.5561
2.5694,7.6013,191.9511,-77.3631,194055.043,43.645,31.6504
3.0315,7.316,188.6129,-78.3335,194055.6579,43.4113,31.5559
3.283,7.5944,190.978,-78.0823,194055.146,43.5337,31.8022
222.3,8.288,1.2,-83.0,193676.0,42.6,31.66844
215.6,8.288,1.2,-77.0,193672.0,43.6,30.68173
226.4,8.28,1.2,-65.0,193672.0,43.6,32.14034
1.0377,7.4547,188.8941,-78.0429,194056.4962,43.8474,31.7538
2.2542,7.736,190.1878,-78.0962,194055.228,43.4749,31.7163
223.3,8.288,1.2,-79.0,193676.0,42.6,30.88551
1.3108,7.7141,188.8953,-77.7815,194054.7393,43.6602,31.6676
4.9035,7.9725,186.1551,-78.1575,194055.769,43.5569,31.6565
228.8,8.28,1.2,-71.0,193676.0,43.6,32.36557
0.6077,7.1318,189.4216,-77.8829,194055.0507,43.5054,31.5963
226.4,8.288,1.2,-75.0,193628.0,43.6,32.02237
223.7,8.288,1.2,-76.0,193672.0,42.6,31.16436
3.0974,7.6178,189.6131,-77.3056,194057.4351,43.7559,31.4541
4.5849,7.918,189.2567,-77.4235,194055.0433,43.5878,31.7129
0.1606,7.8566,191.4134,-78.0088,194054.2301,43.4872,31.673
224.9,8.288,1.2,-66.0,193672.0,43.6,32.15107
2.0178,7.6372,192.6829,-78.3994,194055.5756,43.5251,31.6439
4.4219,7.7354,191.042,-77.7014,194055.6442,43.6055,31.7032
218.7,8.12,-131.6,-67.0,193692.0,43.6,32.8482
4.6622,7.1746,190.9857,-77.6015,194057.7552,43.6474,31.5222
2.5534,7.1442,194.9457,-77.9827,194055.8945,43.6189,31.7313
2.4245,7.6817,193.3646,-77.3066,194055.585,43.5713,31.6395
3.3591,7.7603,188.4873,-78.2852,194057.3932,43.5042,31.5724
222.4,8.28,1.2,-85.0,193676.0,42.6,31.37886
4.165,7.8673,188.4765,-78.0237,194054.3842,43.471,31.8045
226.8,8.288,1.2,-75.0,193672.0,42.6,31.44321
4.2574,7.1888,192.118,-77.4553,194054.6477,43.5081,31.5896
0.3264,7.9346,190.869,-77.5982,194053.1908,43.3981,31.6877
221.3,8.128,-155.6,-61.0,193692.0,43.6,32.77312
225.3,8.288,1.2,-80.0,193672.0,43.6,32.19397
228.3,8.288,1.2,-79.0,191192.0,44.6,32.06527
1.7168,7.2492,189.1401,-77.6181,194057.3259,43.6543,31.5671
4.2958,7.4441,191.2777,-77.9852,194054.6768,43.6478,31.6852
223.3,8.128,-115.6,-63.0,193676.0,43.6,32.90182
4.3224,7.6453,193.7814,-78.5703,194055.0671,43.6853,31.7632
4.5603,7.7741,190.3594,-78.4082,194056.8136,43.5706,31.8265
226.5,8.288,1.2,-72.0,193672.0,43.6,32.11889
229.8,8.28,1.2,-77.0,193676.0,41.6,30.87478
3.6873,7.6479,191.3913,-77.1737,194055.4923,43.598,31.8483
4.3824,7.3991,188.4142,-77.5042,194055.6822,43.4626,31.6832
228.1,8.288,1.2,-79.0,193672.0,43.6,32.07599
225.6,8.288,1.2,-80.0,193620.0,43.6,31.94729
224.0,8.28,1.2,-80.0,193676.0,42.6,31.13218
1.2949,7.6146,190.035,-77.8819,194055.8766,43.6722,31.9353
3.0399,7.7162,191.791,-78.1274,194055.1791,43.7046,31.6442
218.4,8.288,1.2,-86.0,193672.0,44.6,30.61738
215.8,8.28,1.2,-81.0,193672.0,45.6,30.67101
224.6,8.288,1.2,-75.0,193672.0,44.6,30.5423
221.4,8.128,-163.6,-63.0,194056.0,43.6,32.78385
221.6,8.288,1.2,-82.0,193676.0,42.6,31.66844
218.8,8.288,1.2,-80.0,193484.0,48.6,30.68173
222.8,8.288,1.2,-72.0,193676.0,41.6,30.86406
4.3417,7.8567,186.1816,-78.2064,194055.3047,43.5048,31.7513
223.6,8.288,1.2,-81.0,193672.0,41.6,31.04638
224.4,8.288,1.2,-87.0,193624.0,45.6,30.60666
3.1577,7.7627,190.1224,-78.0521,194055.3389,43.5356,31.7497
228.4,8.152,-101.2,-70.0,193676.0,44.6,32.91255
0.0695,7.643,186.076,-78.0352,194055.9305,43.6651,31.7734
220.5,8.28,1.2,-74.0,193676.0,44.6,30.72463
2.5021,7.6245,190.127,-78.2723,194054.9001,43.5017,31.6325
227.4,8.28,1.2,-71.0,193672.0,43.6,32.16179
227.0,8.288,1.2,-75.0,193676.0,42.6,31.74352
218.4,8.28,1.2,-87.0,193676.0,41.6,30.81043
4.872,7.7467,190.9241,-77.4494,194055.7182,43.6424,31.5824
4.0448,7.0378,187.7783,-78.2647,194055.6274,43.6533,31.6121
215.9,8.28,1.2,-83.0,193672.0,44.6,30.69246
0.1418,7.9178,187.4768,-78.245,194057.334,43.6737,31.6482
2.7495,7.392,191.5535,-78.3895,194054.3981,43.5308,31.7372
214.4,8.288,1.2,-83.0,193676.0,44.6,30.71391
217.7,8.288,1.2,-80.0,193812.0,44.6,30.71391
4.3226,7.9706,188.3591,-77.5074,194055.3279,43.6783,31.553
4.6235,7.9931,189.3466,-77.3534,194055.9726,43.5333,31.8157
223.2,8.296,1.2,-82.0,192100.0,42.6,31.13218
0.1807,7.7154,190.9576,-77.4653,194055.6866,43.624,31.7558
2.9173,7.0095,188.8633,-77.8311,194057.5536,43.5137,31.8909
220.7,8.288,1.2,-83.0,192104.0,44.6,30.57448
222.7,8.128,-116.0,-67.0,193676.0,43.6,32.86965
222.1,8.288,1.2,-77.0,193676.0,42.6,31.49684
222.5,8.12,-142.4,-62.0,193692.0,43.6,32.7624
218.4,8.288,1.2,-77.0,193676.0,41.6,30.84261
226.6,8.288,1.2,-75.0,193676.0,43.6,31.77569
2.6157,7.9198,186.2255,-78.5085,194055.2703,43.6686,31.882
4.6617,7.9468,192.3875,-77.6679,194055.3249,43.5799,31.8273
226.2,8.288,1.2,-79.0,193672.0,43.6,32.21542
224.1,8.288,1.2,-78.0,193676.0,41.6,30.94986
224.9,8.288,1.2,-85.0,193676.0,42.6,31.35741
226.6,8.288,1.2,-67.0,193672.0,43.6,32.35485
216.7,8.288,1.2,-83.0,193676.0,41.6,30.67101
0.8781,7.2809,187.638,-78.2832,194055.4957,43.6342,31.6726
224.0,8.288,1.2,-74.0,193672.0,43.6,31.95802
227.5,8.288,1.2,-63.0,193672.0,43.6,32.05454
0.5365,7.8769,193.0389,-78.138,194056.4267,43.6957,31.6557
218.6,8.104,-235.6,-83.0,194056.0,43.6,31.73279
4.7995,7.1323,192.4556,-78.1471,194057.7859,43.6021,31.9664
1.3214,7.0438,190.7152,-78.0463,194056.3689,43.5826,31.76
0.6873,7.121,188.0802,-79.3836,194056.5861,43.7711,31.5461
3.1263,7.3189,189.3105,-78.4536,194056.1319,43.5747,31.768
4.5548,7.4876,188.592,-78.3826,194057.0671,43.7274,31.6868
224.9,8.288,1.2,-82.0,193676.0,42.6,31.38959
0.5487,7.3483,192.0538,-78.2162,194055.7763,43.4679,31.6178
222.5,8.288,1.2,-77.0,193672.0,41.6,30.84261
226.6,8.288,1.2,-79.0,193672.0,43.6,32.23687
2.972,7.731,193.5444,-77.89,194055.3903,43.7365,31.7662
227.4,8.288,1.2,-79.0,193672.0,43.6,32.08672
222.2,8.28,1.2,-82.0,193676.0,41.6,30.85333
1.081,7.6262,191.993,-77.581,194056.7054,43.5353,31.7348
212.2,8.288,1.2,-74.0,193676.0,44.6,30.69246
223.4,8.288,1.2,-80.0,193676.0,41.6,31.01421
219.9,8.288,1.2,-85.0,193676.0,41.6,30.85333
216.3,8.12,-230.8,-78.0,194056.0,43.6,32.3334
3.9614,7.3699,190.7121,-78.518,194056.6846,43.6312,31.7995
2.1499,7.1989,190.2675,-78.5045,194054.3208,43.6215,31.7187
225.4,8.288,1.2,-80.0,193628.0,45.6,30.57448
225.1,8.296,1.2,-74.0,192100.0,43.6,32.39775
3.968,7.2823,189.5713,-77.8353,194056.1455,43.4646,31.4708
220.2,8.296,1.2,-86.0,193672.0,44.6,30.66028
225.7,8.288,1.2,-74.0,193672.0,43.6,32.09744
216.0,8.136,-231.6,-80.0,194056.0,43.6,32.48355
2.447,7.0892,188.2731,-77.8187,194055.9206,43.5742,31.6116
3.0784,7.9507,189.7729,-77.0532,194057.2553,43.6881,31.7565
227.2,8.176,-86.8,-66.0,193676.0,44.6,33.09488
220.7,8.12,-130.0,-61.0,193644.0,43.6,32.83747
1.1828,7.9957,191.5869,-77.4959,194055.6823,43.5922,31.7644
229.7,8.28,1.2,-76.0,193620.0,42.6,32.03309
4.011,7.7069,191.3221,-77.7657,194054.5694,43.7437,31.6779
1.7413,7.5164,191.2073,-78.1494,194056.1357,43.5425,31.6368
0.773,7.6993,189.3916,-78.0367,194055.7324,43.5249,31.6277
2.6574,7.229,191.0458,-78.1711,194056.7147,43.4871,31.6966
2.3472,7.2719,188.1006,-78.0426,194056.2304,43.7843,31.8047
226.1,8.288,1.2,-66.0,193672.0,43.6,32.14034
227.0,8.288,1.2,-74.0,193676.0,42.6,31.74352
223.2,8.288,1.2,-66.0,193672.0,43.6,32.5479
215.9,8.288,1.2,-78.0,193624.0,41.6,30.69246
224.3,8.288,1.2,-82.0,193672.0,42.6,31.45394
225.2,8.288,1.2,-76.0,193676.0,42.6,31.41104
2.6149,7.4334,189.6371,-77.3219,194056.3577,43.5635,31.5904
218.4,8.288,1.2,-83.0,193676.0,42.6,30.84261
226.4,8.288,1.2,-72.0,193672.0,43.6,32.12962
2.5915,7.4765,192.8478,-77.8998,194055.1602,43.5115,31.7717
3.8148,7.3783,191.3637,-78.279,194056.459,43.7159,31.6365
221.9,8.152,-233.2,-75.0,194056.0,43.6,32.6337
221.1,8.288,1.2,-67.0,193672.0,42.6,30.66028
227.6,8.288,1.2,-74.0,193676.0,43.6,32.99835
0.9502,7.7682,192.4939,-78.4971,194054.9923,43.6509,31.6738
227.6,8.288,1.2,-75.0,193672.0,43.6,32.25832
221.0,8.12,-147.6,-62.0,193692.0,43.6,32.77312
228.6,8.288,1.2,-83.0,193676.0,44.6,30.53158
1.6054,7.776,187.3096,-78.1542,194058.3912,43.5384,31.903
226.1,8.288,1.2,-71.0,193672.0,42.6,32.12962
0.5322,7.4981,190.2345,-76.8225,194058.6388,43.6988,31.6061
1.6741,7.5425,191.6396,-77.5036,194055.234,43.6607,31.6242
222.9,8.288,1.2,-74.0,193672.0,42.6,31.92584
227.4,8.288,1.2,-84.0,193672.0,43.6,32.07599
1.7608,7.193,190.5507,-77.7814,194056.7829,43.6214,31.908
226.6,8.288,1.2,-78.0,193672.0,42.6,31.97947
2.6069,7.9404,194.1102,-78.6454,194055.6332,43.5572,31.6557
224.5,8.288,1.2,-75.0,193672.0,43.6,32.19397
3.0124,7.163,191.8041,-77.0013,194057.9435,43.6802,31.7229
224.7,8.288,1.2,-74.0,193676.0,42.6,31.53974
216.4,8.288,1.2,-77.0,193672.0,44.6,30.71391
223.4,8.128,-166.0,-63.0,192112.0,44.6,32.78385
219.4,8.288,1.2,-79.0,193676.0,42.6,31.06783
3.5624,7.9328,188.8068,-77.6869,194055.4688,43.6728,31.6527
0.2189,7.7815,189.8744,-78.3383,194057.0989,43.7177,31.6322
223.6,8.288,1.2,-80.0,193676.0,41.6,31.03566
214.7,8.288,1.2,-80.0,193676.0,44.6,30.73536
223.9,8.288,1.2,-83.0,193672.0,42.6,31.50756
4.7788,7.7706,188.7965,-78.3082,194055.7219,43.5347,31.8353
219.1,8.128,-92.8,-71.0,193628.0,46.6,32.92327
2.4373,7.587,190.6376,-78.1868,194056.6953,43.6047,31.6624
222.6,8.28,1.2,-85.0,193672.0,41.6,30.82116
227.4,8.144,-104.4,-74.0,193676.0,43.6,32.90182
2.9027,7.8442,192.0774,-78.031,194055.4527,43.5614,31.8032
3.3594,7.886,187.2017,-77.4903,194056.9134,43.5772,31.5829
213.5,8.288,1.2,-75.0,193676.0,44.6,30.69246
218.8,8.136,-232.0,-81.0,194056.0,44.6,32.5908
0.475,7.6093,191.1052,-78.0935,194054.3857,43.5593,31.7461
225.0,8.288,1.2,-75.0,193672.0,43.6,32.3763
0.5715,7.1648,189.8552,-77.7451,194056.9343,43.6559,31.7387
2.1295,7.5863,187.048,-78.5346,194056.7622,43.5243,31.6417
223.4,8.288,1.2,-73.0,193672.0,42.6,31.92584
0.2466,7.4425,190.0082,-78.2651,194057.2646,43.6367,31.7225
224.9,8.288,1.2,-81.0,193672.0,42.6,31.50756
3.177,7.281,188.5057,-78.3778,194054.9245,43.4802,31.8056
225.6,8.12,-124.8,-64.0,193684.0,43.6,32.8911
226.7,8.288,1.2,-78.0,193672.0,42.6,31.97947
219.8,8.288,1.2,-84.0,193620.0,45.6,30.69246
4.1386,7.1679,193.6073,-78.1893,194057.7827,43.7304,31.7438
222.2,8.288,1.2,-78.0,193676.0,41.6,30.93913
222.8,8.288,1.2,-84.0,193672.0,42.6,31.10001
220.0,8.288,1.2,-77.0,193672.0,42.6,30.84261
227.9,8.288,1.2,-66.0,193672.0,43.6,32.04382
222.6,8.288,1.2,-81.0,193676.0,42.6,31.10001
2.2162,7.2793,188.8158,-77.0803,194057.0213,43.5488,31.8497
225.9,8.288,1.2,-74.0,193672.0,42.6,32.26905
226.2,8.288,1.2,-82.0,193672.0,42.6,31.50756
220.1,8.288,1.2,-77.0,193672.0,41.6,30.84261
1.2154,7.4411,190.7896,-78.2663,194056.2324,43.5089,31.8725
229.9,8.184,-96.4,-69.0,193676.0,43.6,33.12705
225.1,8.288,1.2,-75.0,193672.0,42.6,32.03309
225.6,8.288,1.2,-79.0,193672.0,43.6,32.22615
223.6,8.28,1.2,-81.0,193672.0,41.6,31.07856
1.7947,7.7188,189.3094,-78.5312,194056.2627,43.6342,31.6084
217.3,8.136,-184.8,-77.0,194056.0,45.6,32.81602
2.1623,7.0992,190.08,-78.9832,194058.4625,43.5234,31.9254
4.0708,7.9897,188.3854,-78.454,194056.3991,43.7531,31.8112
229.1,8.168,-96.4,-68.0,193676.0,43.6,33.1056
220.7,8.28,1.2,-82.0,193676.0,42.6,30.87478
229.4,8.288,1.2,-70.0,193620.0,42.6,32.32267
3.1612,7.2684,189.916,-77.9086,194054.0294,43.5076,31.6706
3.7698,7.7513,189.5313,-77.5377,194055.8394,43.7451,31.7418
4.0227,7.2755,192.6545,-77.1456,194056.9583,43.5766,31.8351
3.0883,7.8772,190.7198,-77.227,194054.1468,43.6459,31.7976
3.388,7.012,192.8853,-77.9274,194056.9331,43.5141,31.6621
0.5642,7.777,188.4074,-77.7135,194055.5449,43.5982,31.5278
224.0,8.28,1.2,-78.0,193676.0,41.6,30.74608
222.6,8.288,1.2,-83.0,193676.0,42.6,30.96058
0.016,7.1967,188.5848,-77.8531,194055.9875,43.7296,31.6409
3.8904,7.8091,185.3854,-77.0617,194056.813,43.6172,31.6262
2.003,7.7121,192.9397,-78.2605,194054.1981,43.5727,31.6047
224.9,8.28,1.2,-78.0,193676.0,41.6,30.72463
224.4,8.288,1.2,-80.0,193672.0,42.6,31.05711
3.2069,7.3759,189.3952,-78.6662,194055.9569,43.6078,31.7351
225.1,8.288,1.2,-84.0,193624.0,44.6,30.5423
0.0269,7.8887,190.4468,-77.9039,194054.5931,43.6189,31.6187
217.3,8.288,1.2,-81.0,193672.0,41.6,30.82116
4.2712,7.452,189.498,-77.1809,194057.536,43.7046,31.8316
218.5,8.12,-137.6,-66.0,193684.0,43.6,32.8053
224.4,8.144,-109.2,-72.0,193628.0,44.6,32.95545
4.1043,7.0708,187.6808,-78.0553,194056.6306,43.895,31.6262
217.9,8.136,-176.4,-70.0,194016.0,44.6,32.74095
1.9195,7.2458,192.2509,-78.3387,194057.8948,43.7036,31.6312
227.5,8.288,1.2,-78.0,193676.0,41.6,30.89623
225.5,8.288,1.2,-75.0,193672.0,43.6,32.06527
225.5,8.288,1.2,-80.0,193672.0,41.6,30.96058
223.7,8.288,1.2,-76.0,193676.0,44.6,30.5423
225.5,8.288,1.2,-79.0,193672.0,41.6,30.88551
3.4714,7.3775,187.2811,-78.0939,194056.7967,43.5259,31.6136
223.5,8.288,1.2,-77.0,193676.0,43.6,30.5423
223.9,8.288,1.2,-63.0,193672.0,43.6,32.64442
227.2,8.288,1.2,-78.0,193676.0,41.6,30.89623
0.6075,7.9223,190.156,-77.2205,194055.2843,43.5031,31.7396
223.2,8.288,1.2,-78.0,193676.0,41.6,30.90696
216.5,8.288,1.2,-79.0,193676.0,41.6,30.74608
229.7,8.28,1.2,-75.0,193676.0,42.6,32.00092
0.7985,7.3895,188.3563,-77.8266,194054.1576,43.6177,31.6674
224.8,8.288,1.2,-74.0,193672.0,43.6,32.32267
228.3,8.28,1.2,-80.0,193676.0,42.6,31.87222
222.6,8.288,1.2,-85.0,193676.0,42.6,31.36814
2.502,7.6815,192.3019,-78.1164,194056.9272,43.5039,31.5884
3.9643,7.9,188.4184,-77.4805,194054.4659,43.5422,31.7175
216.9,8.104,-234.8,-85.0,192484.0,44.6,31.79714
225.8,8.136,-114.8,-78.0,193676.0,43.6,32.91255
3.3546,7.6845,193.9272,-78.5035,194055.4894,43.566,31.6619
220.6,8.288,1.2,-74.0,193672.0,42.6,31.14291
1.234,7.2688,192.7,-78.0372,194055.6178,43.6025,31.5315
2.2528,7.8545,190.9735,-77.7292,194056.9815,43.5906,31.681
0.3693,7.2245,186.0214,-78.5423,194054.7402,43.6105,31.7886
227.2,8.288,1.2,-77.0,193656.0,42.6,31.46466
216.4,8.288,1.2,-77.0,193676.0,43.6,30.68173
1.9034,7.0295,192.5053,-77.379,194055.9237,43.6836,31.573
223.0,8.144,-107.2,-71.0,193676.0,44.6,32.9769
224.2,8.288,1.2,-75.0,193676.0,42.6,31.41104
3.6367,7.6047,189.0548,-77.5481,194057.1877,43.3651,31.7204
4.7358,7.7677,189.809,-77.3034,194056.4568,43.4712,31.5941
3.7292,7.3508,189.773,-77.7185,194057.2255,43.6399,31.5645
3.6026,7.4722,189.6032,-78.1717,194055.7819,43.8116,31.6085
0.9377,7.3678,192.6299,-78.5123,194056.1654,43.5111,31.6701
1.3466,7.8529,188.4275,-77.5434,194056.4698,43.8056,31.685
227.8,8.288,1.2,-70.0,193676.0,43.6,32.11889
1.8519,7.1358,190.8068,-79.0952,194055.2262,43.7566,31.7518
226.3,8.288,1.2,-68.0,193672.0,43.6,32.36557
4.3751,7.4233,190.7963,-77.4662,194056.0135,43.5729,31.7093
2.4288,7.0889,187.179,-78.5443,194056.8984,43.6562,31.7476
227.1,8.288,1.2,-76.0,193672.0,42.6,31.36814
223.5,8.12,-124.8,-63.0,193684.0,43.6,32.83747
227.9,8.288,1.2,-71.0,193672.0,43.6,32.08672
4.3014,7.7269,190.0036,-77.9894,194054.7951,43.7005,31.7112
2.8608,7.3209,191.4137,-78.235,194057.0931,43.6746,31.7228
1.1387,7.6004,186.2259,-77.2794,194057.0475,43.5066,31.7788
227.2,8.288,1.2,-72.0,193672.0,42.6,32.10817
2.2865,7.1228,188.7914,-78.2219,194054.7849,43.6196,31.9184
2.9328,7.2089,188.6183,-77.8148,194058.0731,43.5973,31.7071
3.9395,7.6814,188.1227,-77.9446,194055.287,43.6302,31.5984
225.7,8.288,1.2,-65.0,193672.0,43.6,32.17252
4.3735,7.0903,189.6212,-78.4691,194055.8344,43.4638,31.7874
2.3029,7.5921,188.6476,-77.9676,194055.2866,43.6064,31.4918
222.3,8.288,1.2,-83.0,193676.0,42.6,31.68989
1.992,7.4828,191.3941,-79.1347,194055.7218,43.5442,31.6541
1.4819,7.3359,190.1895,-78.8055,194055.3725,43.5321,31.6921
221.3,8.288,1.2,-64.0,193672.0,43.6,32.4621
0.9783,7.6696,188.4358,-78.6261,194056.5425,43.7266,31.7222
227.8,8.152,-101.2,-71.0,193676.0,43.6,32.91255
222.2,8.288,1.2,-84.0,193676.0,42.6,31.65771
1.7652,7.441,188.8658,-78.4221,194055.4413,43.7495,31.6842
218.3,8.288,1.2,-79.0,193676.0,43.6,30.57448
2.5882,7.9747,193.8806,-77.9142,194056.953,43.6709,31.7251
0.2986,7.5705,190.8552,-77.1156,194055.213,43.7441,31.7031
4.2309,7.2692,189.7984,-77.1834,194056.7536,43.6138,31.8259
218.9,8.288,1.2,-79.0,193620.0,42.6,31.01421
2.9421,7.358,192.7116,-77.9933,194056.8555,43.5006,31.7101
0.526,7.8142,187.5931,-77.493,194056.0559,43.6022,31.7114
0.1657,7.9586,194.0543,-78.0427,194055.5644,43.7351,31.6355
216.8,8.288,1.2,-82.0,193684.0,44.6,30.55303
3.8382,7.9639,188.0412,-78.1887,194055.2957,43.6381,31.7893
217.3,8.104,-230.8,-85.0,194056.0,43.6,31.97947
226.7,8.288,1.2,-67.0,193672.0,43.6,32.36557
3.2636,7.1391,187.6373,-77.3306,194055.4894,43.4366,31.6477
0.3353,7.7442,189.5446,-78.5044,194054.8781,43.608,31.6705
4.3406,7.9238,188.6339,-77.8972,194055.2837,43.4769,31.5734
3.4366,7.5957,191.7194,-78.2073,194056.0621,43.5653,31.6061
0.4902,7.0313,189.0335,-77.8473,194056.4561,43.6766,31.919
2.4193,7.3307,193.2404,-77.9403,194055.0157,43.5,31.6576
3.148,7.5051,191.5557,-78.4316,194057.0369,43.5406,31.745
3.7576,7.8932,190.2307,-77.3576,194056.3573,43.6132,31.7134
216.2,8.12,-228.0,-79.0,194064.0,43.6,32.32267
228.0,8.288,1.2,-79.0,193676.0,42.6,31.92584
225.8,8.288,1.2,-73.0,193676.0,42.6,31.58264
2.9103,7.657,192.4234,-77.6983,194055.2097,43.5136,31.9162
226.3,8.288,1.2,-77.0,193672.0,41.6,30.78898
226.2,8.288,1.2,-67.0,193672.0,43.6,32.35485
220.2,8.16,-234.0,-72.0,194056.0,43.6,32.70877
225.3,8.296,1.2,-84.0,192104.0,42.6,31.40031
226.1,8.288,1.2,-76.0,193656.0,42.6,31.44321
222.6,8.144,-105.6,-73.0,193676.0,43.6,32.91255
225.4,8.28,1.2,-73.0,193672.0,43.6,31.93657
225.6,8.288,1.2,-78.0,193676.0,42.6,31.84004
229.8,8.288,1.2,-71.0,193676.0,43.6,32.35485
4.393,7.8571,192.5874,-78.2377,194055.4312,43.4995,31.7982
219.3,8.28,1.2,-79.0,193676.0,41.6,30.76753
1.6355,7.2163,187.9153,-78.8953,194055.1485,43.6079,31.7998
223.7,8.288,1.2,-78.0,193676.0,42.6,31.00348
217.2,8.128,-230.4,-79.0,192484.0,43.6,32.38702
2.32,7.241,194.1704,-76.4173,194055.4799,43.5414,31.7088
1.792,7.2357,190.5262,-77.934,194055.8102,43.6057,31.7447
4.3868,7.5334,189.5354,-77.9883,194057.2356,43.7308,31.7745
3.1163,7.4168,194.0688,-77.6187,194055.6509,43.6225,31.6972
220.6,8.288,1.2,-82.0,193672.0,41.6,30.93913
1.8452,7.3306,190.8066,-77.652,194055.1165,43.5963,31.62
3.0255,7.3777,189.6254,-78.0209,194053.6422,43.5193,31.6901
220.2,8.288,1.2,-90.0,193812.0,44.6,30.69246
220.5,8.28,1.2,-73.0,193676.0,42.6,30.89623
214.4,8.288,1.2,-74.0,193676.0,41.6,30.66028
218.0,8.12,-135.2,-66.0,193636.0,43.6,32.8053
1.9266,7.6815,190.5348,-78.4627,194056.7452,43.5487,31.6399
0.0274,7.7201,192.1653,-78.3023,194054.8399,43.6539,31.6151
0.1691,7.0983,185.8344,-77.8135,194056.2667,43.5946,31.9502
224.9,8.288,1.2,-82.0,193672.0,42.6,31.51829
1.925,7.8945,190.4746,-77.2855,194056.4585,43.54,31.8182
1.3222,7.7491,190.2738,-78.36,194056.3128,43.5594,31.701
3.2358,7.2896,191.477,-78.4326,194056.5409,43.5041,31.7744
3.2777,7.3534,189.3621,-79.2341,194056.6622,43.803,31.6944
4.7835,7.674,185.9388,-78.255,194054.8554,43.575,31.7826
221.6,8.288,1.2,-76.0,193672.0,42.6,31.12146
226.7,8.288,1.2,-78.0,193676.0,41.6,30.73536
2.1369,7.6792,190.035,-78.5051,194053.4358,43.6653,31.6259
1.2318,7.2049,191.4628,-77.6783,194055.8857,43.6046,31.7775
4.4988,7.7103,191.1748,-78.7748,194056.6832,43.7158,31.8002
1.4641,7.7157,191.6081,-78.0111,194054.932,43.6458,31.9092
4.4801,7.2134,189.079,-77.1964,194058.2468,43.6483,31.6203
221.0,8.144,-233.2,-75.0,194008.0,43.6,32.5908
4.7636,7.9353,191.5763,-78.0327,194057.7478,43.5931,31.6729
224.3,8.288,1.2,-79.0,193676.0,41.6,30.91768
2.792,7.6842,189.2504,-78.628,194055.5966,43.5694,31.6366
229.8,8.288,1.2,-78.0,193676.0,41.6,30.89623
225.1,8.288,1.2,-76.0,193676.0,42.6,31.68989
228.4,8.288,1.2,-79.0,193676.0,43.6,31.88294
218.4,8.288,1.2,-79.0,193672.0,41.6,30.72463
0.226,7.8503,191.989,-77.8304,194055.864,43.4492,31.7963
224.7,8.28,1.2,-76.0,193624.0,41.6,30.73536
225.9,8.288,1.2,-69.0,193672.0,43.6,32.39775
222.2,8.144,-105.2,-71.0,193676.0,43.6,32.92327
3.0987,7.0198,190.4327,-77.373,194055.1621,43.4155,31.7087
228.5,8.184,-98.0,-69.0,193676.0,43.6,33.12705
3.91,7.1671,190.481,-77.3688,194055.7563,43.4888,31.7236
223.6,8.296,1.2,-65.0,192100.0,43.6,32.81602
219.4,8.288,1.2,-83.0,193672.0,41.6,30.83188
226.7,8.28,1.2,-77.0,193672.0,42.6,31.95802
4.0474,7.1822,189.0852,-78.2825,194056.3796,43.6309,31.4826
0.3381,7.0741,190.0778,-77.9428,194058.0217,43.5954,31.6571
3.463,7.8218,192.6217,-78.5872,194055.8082,43.7579,31.6839
1.4657,7.9801,188.8152,-77.8045,194056.6769,43.6521,31.6069
2.4724,7.5565,186.842,-78.377,194056.5032,43.614,31.6996
214.3,8.28,1.2,-78.0,193676.0,41.6,30.89623
3.5167,7.9929,188.2631,-77.6919,194054.6997,43.4972,31.6763
221.4,8.28,1.2,-80.0,193672.0,44.6,30.67101
225.3,8.136,-115.6,-78.0,193676.0,43.6,32.8911
0.5388,7.813,189.8099,-77.5579,194055.7446,43.5588,31.7874
0.5041,7.1052,190.4878,-77.5509,194054.78,43.6014,31.6971
4.4247,7.0606,189.8189,-78.8807,194056.2381,43.5367,31.8085
3.6158,7.1331,186.2896,-77.2523,194054.6318,43.6148,31.5941
0.9765,7.2547,188.4935,-78.1533,194056.0328,43.7287,31.7439
2.054,7.1036,192.9563,-78.6674,194055.7441,43.7203,31.7111
224.8,8.28,1.2,-72.0,193676.0,41.6,30.88551
220.6,8.288,1.2,-76.0,193676.0,41.6,30.89623
220.7,8.288,1.2,-82.0,193672.0,42.6,31.12146
224.1,8.288,1.2,-76.0,193676.0,42.6,31.56119
0.7849,7.7111,189.2933,-78.1618,194057.9617,43.604,31.7683
0.8164,7.7212,191.527,-77.6859,194057.0313,43.6269,31.6968
214.3,8.288,1.2,-80.0,193676.0,45.6,30.71391
220.5,8.288,1.2,-92.0,193672.0,43.6,30.59593
2.597,7.4144,189.0088,-78.7027,194056.7947,43.4648,31.6075
4.0293,7.8378,191.383,-77.8396,194055.8612,43.4792,31.6535
220.2,8.264,1.2,-80.0,193676.0,44.6,30.5423
1.6453,7.4124,186.9911,-78.0764,194056.4099,43.6077,31.6729
1.8264,7.6231,193.7193,-77.7229,194056.9892,43.6374,31.5905
2.5627,7.1636,187.679,-77.7686,194055.757,43.6291,31.5067
224.4,8.288,1.2,-78.0,193624.0,42.6,31.47539
1.6852,7.084,190.1262,-78.7832,194056.6363,43.6212,31.6256
218.9,8.288,1.2,-92.0,193624.0,46.6,30.59593
1.1912,7.9177,190.8926,-77.7762,194056.7994,43.6619,31.6854
224.9,8.28,1.2,-74.0,193672.0,43.6,32.17252
214.7,8.288,1.2,-79.0,193676.0,41.6,30.66028
2.3952,7.9384,191.427,-78.6546,194057.2145,43.5636,31.7143
4.8787,7.8558,190.5312,-77.2029,194056.3933,43.6271,31.6709
229.9,8.152,-97.2,-67.0,193676.0,43.6,33.07343
0.1156,7.2613,190.2155,-78.4607,194057.4727,43.4507,31.6303
2.2571,7.9775,187.4972,-78.4214,194056.3878,43.6062,31.744
223.2,8.288,1.2,-83.0,193672.0,41.6,30.83188
2.7462,7.624,191.7885,-77.3986,194057.8264,43.7831,31.8068
222.0,8.288,1.2,-78.0,193676.0,41.6,30.89623
217.0,8.288,1.2,-76.0,193672.0,43.6,30.67101
2.0912,7.2604,187.5984,-78.8854,194054.7171,43.5001,31.6496
223.2,8.288,1.2,-63.0,193672.0,43.6,32.5479
229.3,8.16,-96.0,-69.0,193676.0,43.6,33.07343
219.5,8.296,1.2,-74.0,192100.0,42.6,31.08928
0.9451,7.0515,193.2063,-78.5718,194057.8631,43.6037,31.6053
211.5,8.28,1.2,-79.0,193676.0,45.6,30.66028
222.4,8.288,1.2,-82.0,193676.0,41.6,30.94986
221.4,8.12,-126.0,-64.0,193644.0,43.6,32.8482
0.7734,7.7628,190.1461,-77.6998,194056.9966,43.4835,31.7893
227.4,8.288,1.2,-73.0,193672.0,43.6,32.08672
2.3302,7.9617,190.4994,-78.1084,194055.5402,43.6488,31.9096
219.2,8.28,1.2,-82.0,193672.0,41.6,30.85333
2.2518,7.1118,192.2972,-78.6196,194055.5044,43.4344,31.5463
225.3,8.288,1.2,-66.0,193672.0,43.6,32.2476
222.7,8.136,-114.0,-78.0,193676.0,43.6,32.92327
2.1681,7.7819,191.7394,-78.3443,194057.3935,43.6995,31.7322
222.2,8.288,1.2,-80.0,193676.0,42.6,31.02493
3.2143,7.3495,191.2768,-79.043,194054.3432,43.4747,31.7354
1.5596,7.8311,190.1014,-78.1105,194056.2424,43.5458,31.7617
222.9,8.288,1.2,-79.0,193672.0,41.6,31.01421
217.8,8.136,-229.2,-77.0,194056.0,43.6,32.56935
2.8068,7.2177,189.9702,-78.4586,194056.3435,43.5408,31.8544
220.8,8.28,1.2,-85.0,193672.0,41.6,30.82116
212.4,8.28,1.2,-82.0,193676.0,45.6,30.67101
4.7858,7.8448,192.3034,-78.5422,194055.9716,43.8247,31.5961
217.0,8.288,1.2,-76.0,193672.0,41.6,30.73536
228.1,8.288,1.2,-69.0,193672.0,43.6,32.06527
227.5,8.288,1.2,-72.0,193672.0,43.6,32.12962
220.0,8.288,1.2,-78.0,193672.0,41.6,30.84261
1.1549,7.5686,186.5,-78.0268,194056.6742,43.5825,31.493
217.8,8.128,-230.8,-76.0,194056.0,43.6,32.36557
4.5938,7.7064,195.6481,-78.3131,194055.2386,43.5573,31.8155
224.5,8.128,-116.4,-60.0,193676.0,46.6,32.85892
0.0564,7.5355,191.7944,-77.7011,194053.8511,43.4321,31.6887
4.3616,7.757,189.0766,-78.4902,194054.3014,43.564,31.7657
214.4,8.28,1.2,-81.0,193676.0,45.6,30.71391
1.3069,7.5644,186.9908,-78.1973,194055.8515,43.7105,31.6306
223.2,8.288,1.2,-84.0,193672.0,41.6,30.81043
219.6,8.112,-228.8,-74.0,194056.0,43.6,32.07599
0.7794,7.7803,189.4361,-77.5599,194057.4469,43.6301,31.548
224.6,8.28,1.2,-75.0,193672.0,42.6,31.45394
230.8,8.272,1.2,-67.0,191196.0,45.6,33.03053
2.9936,7.5832,190.8128,-77.6723,194056.2126,43.7181,31.6137
218.7,8.104,-231.6,-79.0,194064.0,43.6,31.92584
227.5,8.288,1.2,-71.0,193672.0,42.6,32.17252
215.5,8.136,-233.2,-77.0,194056.0,43.6,32.58007
222.7,8.144,-106.4,-72.0,193676.0,43.6,32.96618
222.8,8.12,-138.4,-74.0,193692.0,43.6,32.74095
225.2,8.28,1.2,-78.0,193676.0,41.6,30.73536
4.1693,7.7104,188.519,-78.4873,194056.4448,43.6166,31.8516
1.6262,7.164,190.8866,-77.1737,194054.8628,43.4492,31.4789
1.1982,7.623,193.4073,-78.7866,194055.8966,43.4924,31.9094
2.227,7.8003,191.7056,-77.6506,194058.3096,43.765,31.7379
220.6,8.288,1.2,-81.0,193672.0,44.6,30.59593
3.53,7.1534,191.1159,-77.7524,194055.9252,43.341,31.5998
2.8723,7.9888,187.4709,-77.3794,194055.6617,43.8877,31.7171
218.9,8.288,1.2,-78.0,193672.0,42.6,31.02493
228.6,8.288,1.2,-77.0,193672.0,42.6,32.04382
0.5577,7.8873,187.703,-77.7301,194053.8495,43.6256,31.5118
1.5687,7.3986,191.0534,-77.9063,194056.4841,43.7017,31.6981
223.9,8.12,-125.2,-62.0,193692.0,43.6,32.8482
218.5,8.104,-231.6,-79.0,194064.0,43.6,31.91512
4.8952,7.0289,189.2006,-77.7078,194056.1537,43.5711,31.6689
226.5,8.288,1.2,-76.0,193672.0,42.6,31.41104
225.6,8.288,1.2,-78.0,193672.0,41.6,30.78898
215.9,8.288,1.2,-79.0,193676.0,44.6,30.67101
4.6143,7.8652,187.2473,-78.1222,194058.1085,43.7041,31.6527
220.3,8.288,1.2,-74.0,193672.0,41.6,31.13218
229.5,8.168,-96.0,-68.0,193676.0,44.6,33.09488
225.1,8.288,1.2,-67.0,193672.0,43.6,32.22615
0.4209,7.5182,186.6602,-78.372,194055.1994,43.5252,31.6885
228.2,8.288,1.2,-73.0,193672.0,42.6,32.21542
226.1,8.288,1.2,-79.0,193672.0,43.6,32.2047
2.5781,7.1962,187.0284,-77.0809,194056.867,43.5216,31.7288
2.7458,7.1162,188.5419,-78.3696,194056.4101,43.7615,31.6542
218.4,8.288,1.2,-79.0,193676.0,44.6,30.55303
4.3201,7.8666,187.4285,-78.3844,194056.1617,43.4879,31.6288
227.8,8.288,1.2,-82.0,193628.0,44.6,30.52085
2.7804,7.6586,189.5953,-78.2482,194056.2277,43.7068,31.6305
4.3617,7.0125,188.9776,-77.4229,194057.4386,43.8687,31.7719
2.6405,7.2953,189.0412,-78.0986,194055.4231,43.586,31.8716
3.7434,7.7382,190.1299,-77.7191,194055.7937,43.5219,31.6384
225.5,8.288,1.2,-69.0,193672.0,43.6,32.40847
223.5,8.288,1.2,-79.0,193672.0,42.6,31.07856
1.2417,7.7799,188.9273,-78.4316,194055.4707,43.6015,31.6224
227.1,8.28,1.2,-76.0,193676.0,42.6,31.59336
0.3707,7.1871,186.4229,-77.4953,194054.6966,43.6602,31.8018
227.4,8.288,1.2,-78.0,193676.0,41.6,30.92841
222.7,8.152,-232.4,-74.0,194056.0,43.6,32.62297
4.0708,7.5838,190.893,-78.151,194055.6572,43.5529,31.7235
218.7,8.288,1.2,-88.0,193676.0,41.6,30.83188
2.1637,7.3328,189.9326,-77.3631,194055.8164,43.7488,31.5405
229.0,8.152,-97.6,-69.0,193676.0,44.6,32.98763
2.8886,7.7373,188.9869,-78.9729,194055.5537,43.4809,31.8976
219.1,8.288,1.2,-84.0,193676.0,44.6,30.68173
0.2615,7.1068,192.9662,-78.5821,194056.4936,43.6585,31.768
3.8675,7.1714,193.2748,-77.3635,194054.9735,43.6559,31.6871
220.2,8.288,1.2,-74.0,193672.0,42.6,31.12146
1.5843,7.3813,191.3744,-77.9653,194057.5499,43.5991,31.622
0.1999,7.7619,191.5232,-76.844,194056.2993,43.6713,31.7174
229.2,8.288,1.2,-76.0,193676.0,43.6,32.03309
225.5,8.288,1.2,-65.0,193672.0,43.6,32.15107
1.4885,7.1412,186.359,-77.6737,194056.9661,43.5121,31.7041
217.0,8.288,1.2,-79.0,193672.0,44.6,30.68173
224.9,8.288,1.2,-79.0,193676.0,41.6,30.74608
0.4329,7.5038,190.5659,-78.0124,194054.4381,43.5518,31.7825
223.9,8.296,1.2,-66.0,192092.0,44.6,32.934
227.1,8.288,1.2,-74.0,191144.0,44.6,32.32267
223.1,8.288,1.2,-80.0,193672.0,42.6,31.08928
228.4,8.288,1.2,-78.0,193628.0,45.6,30.53158
224.0,8.288,1.2,-63.0,193672.0,43.6,32.51572
4.9043,7.0426,189.9111,-77.6175,194056.8877,43.703,31.7213
4.5742,7.6607,195.7262,-77.7265,194054.327,43.3896,31.8167
1.6526,7.1156,187.4047,-77.4869,194055.0673,43.4523,31.7415
3.2968,7.0756,187.8562,-76.9262,194055.9313,43.6926,31.6702
226.1,8.288,1.2,-79.0,193672.0,44.6,30.5423
220.0,8.136,-232.0,-64.0,194064.0,43.6,32.5908
4.3132,7.7521,195.803,-76.9396,194057.1934,43.4859,31.6744
228.8,8.288,1.2,-78.0,193676.0,44.6,30.53158
1.2118,7.053,189.3769,-77.1613,194055.9553,43.6813,31.67
4.3089,7.046,188.7842,-78.394,194055.0177,43.5936,31.913
226.7,8.288,1.2,-67.0,193672.0,43.6,32.3334
0.7401,7.2236,189.8125,-77.2041,194054.8684,43.6533,31.6472
223.8,8.288,1.2,-83.0,193672.0,42.6,31.50756
4.2282,7.5752,190.2164,-78.2122,194053.1109,43.5362,31.7448
2.9362,7.9165,193.5707,-78.5852,194056.0089,43.5238,31.6783
226.4,8.288,1.2,-77.0,193672.0,42.6,31.36814
1.3824,7.0317,189.5893,-77.6176,194055.0123,43.5667,31.8698
222.8,8.288,1.2,-86.0,193624.0,45.6,30.64956
1.4381,7.9352,188.4022,-77.6659,194054.3436,43.6437,31.7509
221.9,8.288,1.2,-69.0,193676.0,42.6,30.64956
1.4342,7.6326,189.2495,-78.446,194055.6549,43.3906,31.7876
4.3714,7.5724,191.1861,-77.9729,194057.1778,43.745,31.6804
224.1,8.288,1.2,-78.0,193672.0,42.6,31.01421
3.6192,7.2011,189.638,-77.4386,194056.9261,43.7932,31.6942
3.0643,7.9174,188.8368,-77.4555,194054.6618,43.6195,31.715
3.5285,7.5262,191.4742,-78.4977,194055.5298,43.5463,31.7828
0.8795,7.9639,189.7105,-78.1862,194055.4976,43.6952,31.7197
0.2078,7.7383,187.4942,-78.6928,194057.0152,43.625,31.5173
228.5,8.168,-96.4,-69.0,193676.0,44.6,33.03053
225.9,8.288,1.2,-73.0,193676.0,42.6,31.58264
2.2528,7.7347,190.4165,-78.4681,194056.545,43.4673,31.8301
2.361,7.1951,189.9854,-78.723,194054.4345,43.4683,31.6167
0.0682,7.5654,190.7662,-77.8397,194055.7496,43.7913,31.8087
219.3,8.288,1.2,-76.0,193624.0,43.6,31.49684
0.7601,7.357,191.5405,-78.1286,194057.0499,43.5012,31.6399
2.1452,7.9136,189.084,-77.9875,194056.0356,43.6096,31.6869
3.6675,7.9363,193.7802,-78.6685,194055.528,43.5155,31.7468
218.1,8.288,1.2,-76.0,193676.0,41.6,30.86406
225.0,8.288,1.2,-77.0,193672.0,42.6,31.36814
4.9127,7.4847,190.2734,-78.2857,194055.7532,43.5337,31.8434
4.1947,7.7034,188.0601,-78.4539,194056.1303,43.621,31.7198
3.9146,7.9491,191.1537,-77.5214,194056.7201,43.6792,31.7199
4.3711,7.628,190.367,-78.1415,194055.3381,43.5403,31.762
3.0951,7.7373,190.5344,-77.3376,194055.7858,43.5056,31.7896
4.1939,7.392,191.6944,-78.1125,194056.8569,43.6601,31.6547
222.6,8.152,-232.4,-72.0,194056.0,44.6,32.62297
0.0505,7.8279,188.3075,-78.3659,194056.7316,43.6019,31.6527
4.913,7.4589,191.0848,-77.1868,194056.111,43.5784,31.6879
0.0321,7.2399,192.7957,-78.5442,194054.7117,43.691,31.7691
222.2,8.288,1.2,-79.0,193676.0,45.6,30.57448
219.7,8.16,-231.6,-74.0,194056.0,43.6,32.69805
3.8174,7.0116,189.348,-77.4563,194056.6182,43.5999,31.6559
227.8,8.288,1.2,-74.0,193672.0,43.6,32.30122
217.5,8.288,1.2,-87.0,193624.0,45.6,30.68173
219.0,8.296,1.2,-80.0,193676.0,44.6,30.5423
225.1,8.288,1.2,-69.0,193676.0,43.6,33.09488
0.0631,7.9014,190.8511,-77.9075,194055.402,43.5473,31.6961
1.4959,7.7634,188.4425,-77.9931,194055.1202,43.3957,31.7047
3.7942,7.8069,187.4073,-77.5711,194057.3938,43.5551,31.6885
221.4,8.288,1.2,-80.0,193672.0,44.6,30.60666
222.4,8.288,1.2,-83.0,193676.0,42.6,31.80787
0.6506,7.7915,188.3088,-78.9044,194056.287,43.5394,31.5723
4.3766,7.3636,190.8575,-77.6925,194055.9516,43.6312,31.8442
229.8,8.28,1.2,-73.0,193672.0,42.6,32.03309
2.2094,7.127,191.4195,-77.7175,194054.7677,43.7069,31.5907
225.9,8.288,1.2,-79.0,193672.0,43.6,32.2047
3.5673,7.1826,186.8862,-77.828,194055.6829,43.427,31.6167
220.4,8.288,1.2,-79.0,193672.0,41.6,30.82116
218.3,8.288,1.2,-80.0,193672.0,42.6,31.02493
223.4,8.288,1.2,-83.0,193672.0,42.6,31.05711
4.5293,7.5681,191.7925,-78.273,194055.6342,43.5958,31.7933
0.9185,7.761,190.3192,-78.5443,194055.2076,43.6214,31.7352
230.7,8.288,1.2,-70.0,193672.0,43.6,32.35485
0.8783,7.3081,187.8388,-77.2051,194054.8506,43.5139,31.6247
214.9,8.28,1.2,-79.0,193676.0,42.6,30.63883
1.832,7.113,186.1909,-77.7157,194055.4624,43.422,31.6842
2.5218,7.9936,189.3287,-78.414,194054.864,43.8179,31.7058
222.5,8.12,-149.2,-61.0,193692.0,43.6,32.79457
4.5709,7.1151,188.5352,-77.4027,194055.2638,43.5093,31.7795
216.8,8.288,1.2,-88.0,193676.0,41.6,30.85333
1.3995,7.2275,189.2746,-78.4943,194056.5958,43.5722,31.7788
4.8576,7.851,193.4338,-78.6333,194057.2214,43.6231,31.6168
2.5202,7.0719,189.9651,-77.2142,194056.4079,43.4439,31.7676
220.1,8.288,1.2,-77.0,193672.0,41.6,30.83188
215.2,8.136,-190.4,-72.0,194056.0,43.6,32.79457
221.1,8.288,1.2,-83.0,193672.0,43.6,30.68173
0.1563,7.3129,188.2594,-78.0302,194055.5038,43.5759,31.8283
214.9,8.288,1.2,-79.0,193676.0,44.6,30.74608
0.8446,7.535,190.5843,-77.7799,194057.228,43.7402,31.8532
4.5938,7.2472,190.033,-78.1662,194056.2942,43.5509,31.8543
221.8,8.12,-153.6,-65.0,194056.0,43.6,32.81602
219.5,8.288,1.2,-82.0,193676.0,44.6,30.58521
3.5539,7.2998,189.1359,-77.4208,194056.1061,43.6801,31.7629
1.7089,7.4697,190.1456,-78.3513,194055.5119,43.6734,31.5594
225.5,8.288,1.2,-75.0,193676.0,42.6,31.75424
4.5155,7.275,188.1153,-78.129,194056.271,43.5786,31.6622
226.3,8.288,1.2,-80.0,193676.0,42.6,31.12146
0.4078,7.141,186.8226,-77.5881,194054.9,43.5513,31.7816
229.4,8.288,1.2,-77.0,192092.0,43.6,32.06527
3.4863,7.8702,191.2797,-77.3548,194054.5341,43.6768,31.715
1.3246,7.0788,188.5292,-77.6314,194055.4313,43.6123,31.5579
0.4896,7.9612,193.6222,-78.4246,194058.2582,43.5241,31.8807
4.6938,7.3911,190.2417,-77.4228,194055.4573,43.5847,31.7647
219.8,8.288,1.2,-73.0,193672.0,42.6,31.02493
3.8277,7.9772,193.1173,-77.9905,194056.2929,43.6737,31.871
226.1,8.28,1.2,-76.0,193656.0,42.6,31.44321
2.1053,7.6256,188.0929,-78.0058,194055.0002,43.5146,31.6637
0.3832,7.5049,193.0517,-77.2561,194055.5191,43.4964,31.8198
222.7,8.288,1.2,-80.0,193672.0,41.6,31.02493
2.769,7.7408,187.0378,-78.024,194055.4264,43.4735,31.6287
225.8,8.288,1.2,-76.0,193676.0,42.6,31.48611
228.4,8.136,-111.2,-65.0,193676.0,44.6,33.09488
4.8339,7.8494,191.1938,-76.9795,194055.2114,43.6269,31.6528
0.3587,7.3263,188.2698,-78.2015,194055.8236,43.7841,31.8058
224.5,8.128,-116.4,-64.0,193628.0,43.6,32.88037
2.0265,7.701,185.1767,-77.8767,194056.2705,43.6224,31.638
1.1013,7.1564,190.3519,-78.4714,194056.3558,43.5825,31.8871
4.665,7.9894,190.0535,-78.9445,194055.6952,43.6754,31.77
225.3,8.288,1.2,-65.0,193672.0,43.6,32.10817
229.4,8.288,1.2,-69.0,193672.0,43.6,32.34412
224.4,8.288,1.2,-68.0,193676.0,44.6,33.1056
2.4139,7.5548,190.0257,-78.4819,194056.6145,43.725,31.7452
230.1,8.288,1.2,-75.0,193672.0,43.6,31.99019
3.0408,7.9816,190.217,-78.1044,194054.8919,43.6034,31.5521
4.1811,7.5898,190.939,-78.2143,194055.4243,43.6311,31.7302
219.0,8.288,1.2,-80.0,193672.0,41.6,30.82116
225.9,8.288,1.2,-67.0,193672.0,43.6,32.10817
3.0178,7.6497,187.6745,-77.3375,194055.5417,43.7487,31.6791
216.8,8.288,1.2,-77.0,193676.0,41.6,30.79971
3.5304,7.7046,188.9787,-77.9147,194055.8806,43.5027,31.7036
225.1,8.288,1.2,-73.0,193672.0,43.6,32.18324
222.6,8.288,1.2,-72.0,193676.0,41.6,30.96058
1.7394,7.5471,190.9116,-78.1682,194056.6714,43.5093,31.8507
226.9,8.288,1.2,-73.0,193672.0,43.6,32.08672
224.0,8.288,1.2,-81.0,193676.0,44.6,30.62811
3.1651,7.4045,187.7584,-78.101,194053.8697,43.6059,31.8711
226.1,8.288,1.2,-81.0,193672.0,42.6,31.56119
227.1,8.288,1.2,-77.0,193672.0,42.6,30.78898
4.731,7.9248,190.4519,-78.2164,194055.264,43.6745,31.6757
4.9771,7.0545,188.2728,-78.1149,194056.2588,43.5602,31.7831
227.0,8.288,1.2,-64.0,193672.0,43.6,32.06527
225.9,8.288,1.2,-82.0,193672.0,42.6,31.55046
1.6669,7.5022,189.1299,-77.928,194055.4896,43.5696,31.6359
3.3158,7.7019,194.1412,-78.9569,194054.7393,43.6421,31.7795
4.2145,7.1843,187.3891,-78.0925,194056.2159,43.5349,31.5068
225.6,8.288,1.2,-79.0,193672.0,42.6,31.93657
229.3,8.144,-95.2,-69.0,193676.0,45.6,32.95545
222.2,8.288,1.2,-68.0,193676.0,43.6,32.8482
0.6623,7.4366,186.2938,-78.8286,194056.8095,43.4844,31.7409
1.1644,7.5217,187.8104,-78.499,194055.9242,43.6443,31.7814
1.3509,7.6374,190.7167,-77.8533,194054.9087,43.707,31.7581
222.1,8.288,1.2,-65.0,193672.0,43.6,32.56935
225.1,8.288,1.2,-81.0,193672.0,44.6,30.57448
2.2674,7.3209,192.4323,-78.1092,194056.0823,43.6047,31.7301
1.1978,7.4307,189.62,-77.6319,194055.1031,43.5423,31.8074
223.3,8.288,1.2,-74.0,191144.0,43.6,32.03309
4.1272,7.3495,187.3296,-77.153,194057.724,43.6843,31.7693
3.8597,7.2506,188.1336,-77.457,194056.8776,43.7353,31.6604
2.7358,7.4136,189.9352,-77.5989,194054.7111,43.7033,31.5339
223.1,8.288,1.2,-70.0,193676.0,43.6,32.81602
216.0,8.296,1.2,-79.0,193684.0,44.6,30.55303
227.4,8.288,1.2,-71.0,193672.0,43.6,32.11889
225.0,8.288,1.2,-82.0,193620.0,42.6,31.51829
220.7,8.28,1.2,-74.0,193676.0,41.6,30.96058
222.7,8.288,1.2,-80.0,193676.0,42.6,31.02493
222.0,8.144,-107.2,-72.0,193676.0,43.6,32.92327
227.3,8.296,1.2,-83.0,192100.0,42.6,31.36814
2.9787,7.5483,187.0129,-78.2043,194055.6259,43.6539,31.7324
4.7238,7.2977,190.4658,-78.0172,194055.9286,43.52,31.7205
227.5,8.288,1.2,-79.0,193672.0,43.6,32.07599
230.9,8.288,1.2,-74.0,193676.0,43.6,31.97947
0.3207,7.5032,192.3119,-77.3289,194054.2904,43.5205,31.5554
229.9,8.288,1.2,-74.0,193672.0,42.6,31.94729
227.2,8.28,1.2,-73.0,193672.0,42.6,32.09744
225.7,8.288,1.2,-73.0,193676.0,42.6,31.65771
225.4,8.288,1.2,-79.0,193672.0,42.6,31.96874
227.9,8.288,1.2,-70.0,193672.0,43.6,32.30122
222.5,8.288,1.2,-80.0,193624.0,42.6,31.03566
226.2,8.288,1.2,-75.0,193624.0,42.6,31.71134
227.5,8.288,1.2,-71.0,193672.0,43.6,32.10817
4.724,7.6245,190.7026,-78.4293,194056.478,43.5924,31.678
0.4002,7.7357,190.5016,-78.0711,194054.7272,43.6539,31.7602
1.4641,7.4595,190.793,-77.8433,194055.3289,43.7144,31.6672
3.8962,7.4588,187.5278,-78.119,194056.4991,43.6552,31.7255
2.7805,7.9521,192.8432,-77.8898,194057.0676,43.7417,31.543
228.5,8.288,1.2,-80.0,191148.0,43.6,31.92584
2.4032,7.9415,184.0705,-78.3234,194054.4849,43.5829,31.7835
222.9,8.288,1.2,-67.0,193624.0,43.6,32.55862
216.6,8.288,1.2,-89.0,193676.0,41.6,30.84261
224.9,8.288,1.2,-65.0,193672.0,43.6,32.15107
2.7541,7.3351,192.2529,-78.3796,194055.3986,43.8122,31.9525
4.4319,7.4995,190.911,-78.337,194056.1303,43.6185,31.689
4.2675,7.0179,188.4081,-77.2178,194055.5002,43.5729,31.5448
3.156,7.3372,186.6951,-78.1583,194054.8336,43.5545,31.9821
4.4971,7.9748,188.67,-78.6674,194057.4327,43.5627,31.7075
4.6545,7.9233,190.1301,-77.5088,194055.3291,43.7337,31.7381
222.1,8.288,1.2,-90.0,193676.0,44.6,30.67101
227.0,8.288,1.2,-68.0,193672.0,43.6,32.34412
4.7372,7.3775,191.4506,-77.4937,194056.7755,43.693,31.9013
4.1155,7.0509,191.084,-78.2226,194054.4413,43.5071,31.6338
225.1,8.288,1.2,-82.0,193672.0,43.6,31.99019
226.4,8.288,1.2,-66.0,193672.0,42.6,32.15107
228.8,8.288,1.2,-65.0,193676.0,44.6,32.94473
220.7,8.12,-130.8,-63.0,191164.0,44.6,32.83747
4.7227,7.1668,185.1768,-77.7079,194056.3041,43.6078,31.6428
4.2185,7.1628,189.1019,-77.5963,194054.6873,43.7185,31.6774
220.0,8.288,1.2,-79.0,193624.0,45.6,30.66028
0.151,7.3849,190.4207,-78.0263,194054.1138,43.4735,31.5048
229.5,8.288,1.2,-64.0,193676.0,43.6,33.0627
230.7,8.28,1.2,-65.0,193676.0,43.6,33.04125
3.0996,7.5971,189.7929,-78.8056,194056.479,43.6092,31.6796
230.2,8.168,-92.0,-69.0,193676.0,45.6,33.13778
222.6,8.288,1.2,-79.0,193676.0,44.6,30.58521
4.6307,7.4894,189.6148,-76.9975,194055.7126,43.795,31.5638
1.1563,7.6848,190.2676,-78.2481,194057.5131,43.4544,31.8356
2.3501,7.1956,188.7493,-77.0911,194055.1457,43.502,31.7218
4.89,7.8365,191.4015,-78.0459,194057.1265,43.5202,31.6353
221.0,8.288,1.2,-83.0,193676.0,42.6,31.60409
0.5997,7.685,190.4261,-78.1889,194055.4391,43.6351,31.8734
226.3,8.288,1.2,-79.0,193676.0,42.6,31.11073
1.9758,7.3171,189.2659,-77.9152,194055.4157,43.6359,31.5851
223.7,8.288,1.2,-64.0,191192.0,43.6,32.10817
223.4,8.288,1.2,-61.0,193620.0,43.6,32.65515
2.3499,7.3122,189.8387,-77.5383,194057.9411,43.5782,31.8142
0.8995,7.8035,190.5258,-78.3309,194057.4237,43.4469,31.6751
4.1481,7.3317,190.7313,-77.3492,194055.1595,43.8169,31.6689
2.7814,7.8326,188.6939,-78.103,194055.8307,43.4167,31.7696
222.7,8.288,1.2,-81.0,193676.0,41.6,31.02493
228.4,8.288,1.2,-78.0,193672.0,42.6,32.06527
218.1,8.288,1.2,-81.0,193672.0,41.6,30.86406
218.5,8.288,1.2,-80.0,193628.0,44.6,30.5423
227.2,8.288,1.2,-67.0,193672.0,43.6,32.38702
216.5,8.288,1.2,-75.0,193672.0,44.6,30.71391
225.7,8.288,1.2,-80.0,193676.0,41.6,31.15364
217.3,8.28,1.2,-79.0,193676.0,45.6,30.70318
4.3529,7.2193,188.9523,-78.4803,194056.1341,43.4835,31.6399
224.8,8.288,1.2,-78.0,193672.0,44.6,30.55303
226.0,8.288,1.2,-79.0,193672.0,43.6,32.2047
3.1737,7.4466,189.6996,-78.3312,194055.833,43.5639,31.7354
222.3,8.152,-232.8,-74.0,194056.0,43.6,32.61225
1.4777,7.7657,188.5413,-78.2127,194054.3385,43.5617,31.8231
0.3999,7.3801,191.3933,-78.2613,194055.8589,43.4849,31.5942
1.5883,7.5207,190.9821,-77.8223,194055.1012,43.6682,31.6128
1.9792,7.0608,190.6489,-78.224,194055.423,43.6531,31.7704
225.6,8.288,1.2,-84.0,193672.0,41.6,30.78898
4.3294,7.0671,190.3317,-78.7965,194054.888,43.4608,31.5808
215.9,8.136,-183.2,-78.0,192484.0,44.6,32.81602
0.2202,7.9695,189.3672,-77.5949,194055.2179,43.5587,31.6353
217.8,8.288,1.2,-79.0,193676.0,43.6,30.71391
4.3949,7.211,191.9724,-78.2577,194055.9292,43.6047,31.5531
2.5712,7.9073,191.0643,-78.4418,194055.9533,43.5557,31.7921
1.1109,7.6321,188.4213,-77.6707,194057.5411,43.6614,31.6516
227.0,8.288,1.2,-67.0,193672.0,43.6,32.34412
223.6,8.28,1.2,-81.0,193672.0,42.6,31.13218
4.6869,7.1598,188.2245,-77.3485,194054.5662,43.6682,31.7224
2.658,7.784,190.0525,-78.825,194056.0066,43.6881,31.7233
2.8547,7.9214,190.8706,-78.3413,194057.3029,43.6615,31.672
226.5,8.288,1.2,-82.0,193672.0,41.6,30.86406
222.9,8.152,-233.2,-73.0,194056.0,43.6,32.6337
3.3016,7.5473,189.8541,-78.762,194056.4292,43.6918,31.6615
0.9425,7.5186,187.9584,-76.457,194056.0169,43.6405,31.7109
2.1804,7.4364,187.0577,-77.5483,194056.0067,43.5076,31.7293
4.9933,7.2031,188.304,-77.5059,194057.9873,43.8966,31.4957
221.0,8.288,1.2,-77.0,193672.0,42.6,30.62811
1.7259,7.2446,190.8844,-78.0899,194056.073,43.6158,31.5305
219.5,8.288,1.2,-76.0,193676.0,41.6,30.91768
3.6177,7.35,190.5849,-78.6376,194057.2107,43.5988,31.7321
224.9,8.28,1.2,-78.0,193676.0,41.6,30.74608
224.6,8.288,1.2,-82.0,193672.0,42.6,31.51829
0.9021,7.4936,187.6825,-76.9248,194056.0489,43.5699,31.9045
3.2912,7.3821,193.8044,-77.0395,194057.0397,43.601,31.8157
221.3,8.288,1.2,-79.0,191144.0,43.6,30.79971
217.7,8.288,1.2,-78.0,193676.0,41.6,30.84261
226.3,8.28,1.2,-79.0,192104.0,41.6,30.89623
224.2,8.288,1.2,-79.0,193676.0,41.6,30.93913
227.4,8.288,1.2,-76.0,193676.0,41.6,30.86406
229.5,8.288,1.2,-75.0,193672.0,43.6,32.04382
2.3939,7.6006,187.6355,-77.5816,194056.8454,43.7314,31.7434
225.6,8.288,1.2,-79.0,193620.0,42.6,32.22615
225.9,8.28,1.2,-78.0,193676.0,42.6,30.87478
212.6,8.288,1.2,-78.0,193676.0,41.6,30.67101
0.399,7.9101,190.4722,-77.8459,194055.2247,43.6614,31.686
2.5068,7.6025,187.9787,-78.0771,194056.8412,43.6493,31.6843
219.3,8.288,1.2,-82.0,193672.0,41.6,30.90696
3.797,7.597,188.1088,-78.0981,194056.9015,43.5724,31.617
219.4,8.144,-232.4,-68.0,194064.0,43.6,32.5908
3.7019,7.0772,188.6462,-77.2337,194057.0743,43.7099,31.7168
226.9,8.288,1.2,-79.0,193676.0,41.6,30.87478
3.9758,7.8009,188.328,-78.2009,194056.0452,43.6893,31.7662
218.3,8.112,-230.8,-81.0,194056.0,43.6,32.03309
0.6367,7.4829,192.8329,-78.1064,194055.2768,43.6493,31.6629
228.3,8.152,-96.0,-67.0,193676.0,43.6,33.07343
221.6,8.296,1.2,-81.0,192100.0,44.6,30.66028
0.87,7.0418,191.3853,-78.1334,194056.2467,43.6422,31.6172
3.5307,7.4454,188.5164,-77.8007,194056.1272,43.7867,31.7517
219.4,8.288,1.2,-83.0,193672.0,41.6,30.84261
2.3863,7.4097,189.1028,-78.0229,194057.6845,43.7668,31.6136
4.7142,7.5383,191.0042,-78.0969,194055.6821,43.5908,31.6789
0.5564,7.3199,188.8479,-78.1165,194057.0274,43.4558,31.7355
4.9286,7.6788,189.8682,-77.0625,194055.0274,43.5629,31.8499
226.6,8.288,1.2,-67.0,193672.0,43.6,32.35485
225.8,8.288,1.2,-79.0,193672.0,42.6,31.94729
3.7417,7.8729,187.5252,-78.2978,194054.6382,43.5077,31.7484
221.3,8.288,1.2,-91.0,193624.0,45.6,30.62811
4.4894,7.5334,189.7955,-78.2186,194056.4934,43.6659,31.6425
1.9033,7.8997,187.1247,-77.5716,194056.7069,43.77,31.5635
2.0326,7.667,190.2286,-78.2058,194055.7974,43.5773,31.6032
226.5,8.288,1.2,-74.0,193676.0,42.6,31.70061
223.1,8.288,1.2,-81.0,193672.0,42.6,31.07856
2.586,7.8628,187.3777,-78.5923,194055.4564,43.6751,31.7301
219.7,8.144,-232.8,-69.0,194056.0,44.6,32.5908
3.9423,7.9239,189.0107,-77.7799,194055.6951,43.6502,31.7392
4.98,7.7238,188.3428,-78.5304,194056.9071,43.6057,31.6513
223.7,8.288,1.2,-81.0,193676.0,41.6,31.03566
224.5,8.288,1.2,-74.0,193672.0,43.6,32.38702
1.6997,7.5846,191.5372,-78.4303,194055.7874,43.5711,31.8157
224.5,8.288,1.2,-84.0,193672.0,42.6,31.08928
219.3,8.288,1.2,-84.0,193672.0,41.6,30.92841
1.4585,7.4504,192.1822,-78.0072,194055.5317,43.7357,31.6468
224.8,8.288,1.2,-66.0,193672.0,43.6,32.21542
0.853,7.1927,191.4924,-78.0971,194054.9857,43.7341,31.7362
0.9802,7.2427,188.734,-78.2858,194057.0108,43.595,31.5418
2.3322,7.9776,190.1594,-77.5705,194055.7896,43.772,31.6696
227.0,8.288,1.2,-68.0,193672.0,43.6,32.39775
220.8,8.288,1.2,-80.0,193672.0,41.6,30.84261
218.3,8.288,1.2,-81.0,193676.0,42.6,31.04638
4.8115,7.6085,194.1885,-78.1405,194055.6055,43.5752,31.7968
0.6555,7.4879,191.5531,-77.2209,194056.204,43.7137,31.5441
228.9,8.288,1.2,-72.0,193672.0,43.6,32.07599
215.6,8.288,1.2,-80.0,193628.0,45.6,30.66028
225.2,8.288,1.2,-76.0,193676.0,43.6,30.53158
225.9,8.288,1.2,-83.0,193672.0,42.6,31.56119
221.3,8.288,1.2,-64.0,193672.0,43.6,32.4192
0.7715,7.1956,190.5066,-76.7497,194056.3649,43.506,31.7014
2.957,7.3595,188.9133,-77.9831,194057.3739,43.6745,31.6995
222.8,8.288,1.2,-76.0,193672.0,42.6,30.83188
3.7613,7.9875,190.0457,-77.8784,194055.8994,43.4929,31.7943
2.1328,7.424,187.6155,-77.9331,194054.9299,43.5199,31.7514
224.9,8.28,1.2,-74.0,193624.0,43.6,31.50756
216.8,8.288,1.2,-78.0,193624.0,44.6,30.67101
1.5071,7.3718,192.8048,-78.6596,194056.8252,43.6801,31.825
226.7,8.288,1.2,-75.0,193676.0,42.6,32.03309
224.1,8.288,1.2,-73.0,193672.0,42.6,31.93657
3.5501,7.7033,189.001,-78.0975,194055.8683,43.5578,31.6799
1.2596,7.8107,194.1103,-77.858,194053.9594,43.5585,31.6049
3.4216,7.0905,188.8547,-78.0751,194056.1194,43.4571,31.7856
229.8,8.176,-96.8,-71.0,193676.0,43.6,33.1485
229.9,8.288,1.2,-78.0,193676.0,41.6,30.91768
3.5268,7.257,190.1315,-78.3499,194055.3727,43.647,31.7121
3.2378,7.556,186.3879,-77.3008,194054.7102,43.4835,31.5068
2.4603,7.409,192.022,-78.0467,194055.8859,43.4159,31.8057
0.1878,7.5001,188.1993,-78.3956,194056.0014,43.5143,31.671
224.4,8.288,1.2,-75.0,193672.0,43.6,32.3334
231.1,8.288,1.2,-73.0,193676.0,42.6,31.94729
3.1676,7.4975,188.4934,-78.2868,194056.0097,43.626,31.5217
0.2909,7.6291,188.3818,-78.6465,194055.4086,43.62,31.6488
229.8,8.288,1.2,-69.0,193672.0,43.6,32.35485
1.6241,7.3092,187.8702,-78.282,194056.1307,43.5286,31.7241
4.2153,7.273,192.0951,-77.055,194057.4801,43.5254,31.4562
223.5,8.288,1.2,-74.0,193676.0,41.6,30.91768
225.2,8.288,1.2,-73.0,193672.0,42.6,32.16179
225.4,8.288,1.2,-65.0,193672.0,43.6,32.15107
1.018,7.1753,188.9326,-77.1449,194055.7197,43.6044,31.5771
4.9484,7.917,190.3145,-78.2941,194056.8151,43.8494,31.8392
223.5,8.288,1.2,-65.0,193672.0,43.6,32.8053
3.4704,7.1302,188.0094,-77.998,194056.1418,43.6439,31.7545
221.2,8.288,1.2,-82.0,193676.0,44.6,30.68173
1.2202,7.2565,192.5951,-77.7777,194056.3406,43.667,31.8634
2.587,7.3936,193.6643,-77.9144,194055.8601,43.5443,31.5265
3.571,7.3499,190.2749,-78.2272,194054.8591,43.7641,31.5473
211.3,8.288,1.2,-78.0,193676.0,41.6,30.64956
223.5,8.288,1.2,-81.0,193672.0,42.6,31.08928
224.4,8.288,1.2,-79.0,193676.0,43.6,30.5423
3.6914,7.7597,189.3625,-77.6251,194055.9205,43.6105,31.6509
1.0124,7.007,190.465,-76.9843,194055.6581,43.6301,31.5308
1.3861,7.7484,185.0578,-77.6285,194054.9872,43.4095,31.7501
229.0,8.16,-96.4,-69.0,193676.0,44.6,33.03053
223.8,8.288,1.2,-78.0,193672.0,41.6,31.13218
226.2,8.288,1.2,-81.0,193676.0,42.6,31.13218
223.5,8.128,-100.4,-79.0,193676.0,44.6,32.92327
222.3,8.288,1.2,-80.0,193672.0,42.6,31.06783
225.6,8.288,1.2,-69.0,193620.0,43.6,32.40847
4.1998,7.6802,191.5854,-77.3431,194055.7793,43.4455,31.7137
4.0626,7.2477,189.6248,-77.9776,194057.1868,43.6516,31.8119
227.5,8.288,1.2,-77.0,193672.0,42.6,32.07599
225.2,8.28,1.2,-84.0,193676.0,46.6,30.59593
217.7,8.28,1.2,-80.0,193676.0,43.6,30.81043
1.6711,7.7183,192.5784,-77.5432,194055.6119,43.5242,31.6592
4.9518,7.8464,188.9405,-77.0651,194056.0922,43.6394,31.6478
224.6,8.288,1.2,-69.0,193676.0,43.6,32.81602
4.2193,7.6586,185.868,-78.3825,194057.7762,43.7144,31.6649
3.6536,7.182,191.0757,-77.7099,194056.5201,43.6238,31.5837
222.5,8.128,-115.6,-73.0,193628.0,43.6,32.88037
3.2053,7.144,190.0668,-78.2116,194056.3198,43.6161,31.6921
227.5,8.288,1.2,-72.0,193672.0,43.6,32.17252
2.0468,7.2118,191.8771,-77.3614,194055.8206,43.5321,31.6484
224.1,8.288,1.2,-69.0,193676.0,43.6,33.09488
0.5235,7.7464,192.2366,-77.7209,194057.2723,43.7225,31.6191
4.2653,7.955,188.8925,-78.8875,194055.583,43.7353,31.533
228.7,8.288,1.2,-79.0,193672.0,43.6,32.09744
4.6559,7.5509,190.0177,-77.7978,194053.5495,43.5947,31.6424
4.9543,7.2911,192.5185,-77.7897,194055.4113,43.7722,31.8389
1.105,7.669,194.5103,-77.4768,194057.4374,43.5884,31.8293
0.6645,7.2827,191.0922,-78.4167,194055.4178,43.8323,31.6021
2.896,7.2074,188.5459,-78.051,194056.5532,43.5462,31.6399
225.9,8.288,1.2,-65.0,193676.0,43.6,32.95545
227.8,8.288,1.2,-79.0,193676.0,42.6,30.93913
228.1,8.296,1.2,-74.0,193672.0,43.6,32.2905
222.2,8.288,1.2,-85.0,193676.0,42.6,31.38959
229.4,8.288,1.2,-74.0,193672.0,43.6,32.14034
222.1,8.288,1.2,-83.0,193676.0,42.6,31.58264
214.5,8.288,1.2,-83.0,193676.0,41.6,30.69246
3.9927,7.1938,192.7748,-78.6081,194057.1414,43.7541,31.5795
1.4965,7.9476,189.9426,-78.2595,194055.6029,43.7362,31.8017
220.4,8.16,-231.2,-72.0,194056.0,43.6,32.6766
3.8255,7.1951,188.712,-78.2976,194053.9623,43.6913,31.8488
3.9181,7.2506,191.2686,-77.452,194056.2494,43.5864,31.5995
4.827,7.2962,190.6829,-77.6947,194056.0377,43.5684,31.7798
2.6382,7.2264,190.3696,-77.6502,194056.9484,43.6567,31.652
2.0016,7.3976,189.0614,-78.2962,194057.0255,43.6464,31.716
0.4006,7.0241,185.6978,-78.6509,194055.1208,43.5932,31.7055
220.3,8.288,1.2,-79.0,193676.0,44.6,30.5423
3.3415,7.8392,188.6397,-77.3695,194054.8527,43.6669,31.5274
2.2496,7.536,190.5575,-77.4208,194056.5173,43.5714,31.6761
228.3,8.16,-96.4,-73.0,193676.0,43.6,33.04125
1.6265,7.1094,187.8981,-77.1086,194055.7049,43.4403,31.5574
1.7986,7.5143,188.8806,-77.8918,194057.8997,43.4671,31.7355
221.6,8.288,1.2,-79.0,193676.0,44.6,30.57448
223.1,8.288,1.2,-78.0,193672.0,41.6,31.11073
1.2758,7.4491,189.3454,-78.3228,194055.7313,43.6189,31.7144
215.6,8.128,-230.8,-81.0,194056.0,43.6,32.45137
4.2599,7.6929,190.0167,-77.8477,194055.3508,43.6848,31.777
1.149,7.4799,191.0444,-78.1561,194055.014,43.5749,31.6725
216.1,8.144,-196.4,-72.0,194056.0,43.6,32.78385
225.8,8.28,1.2,-81.0,193676.0,44.6,30.55303
221.0,8.288,1.2,-81.0,193676.0,44.6,30.5423
227.6,8.288,1.2,-86.0,193676.0,44.6,30.55303
2.9288,7.3159,190.4048,-78.3828,194056.0597,43.5654,31.6371
0.9454,7.0584,189.6509,-77.4928,194056.4602,43.5728,31.7289
229.2,8.288,1.2,-71.0,193620.0,43.6,32.35485
219.7,8.272,1.2,-89.0,193672.0,46.6,30.58521
228.9,8.288,1.2,-78.0,192104.0,42.6,30.94986
221.8,8.296,1.2,-67.0,193676.0,43.6,32.86965
216.4,8.288,1.2,-93.0,193672.0,44.6,30.70318
221.9,8.288,1.2,-80.0,193676.0,42.6,31.58264
0.9986,7.3097,190.0767,-77.8476,194055.0643,43.6488,31.7217
222.1,8.288,1.2,-82.0,193676.0,42.6,31.58264
214.4,8.288,1.2,-83.0,193672.0,44.6,30.71391
2.3302,7.331,192.0816,-77.4458,194055.8114,43.6264,31.8209
2.2675,7.6757,190.4185,-78.1066,194057.2315,43.5538,31.7014
212.0,8.288,1.2,-80.0,193676.0,41.6,30.63883
222.9,8.288,1.2,-84.0,193672.0,42.6,30.84261
220.7,8.288,1.2,-80.0,193672.0,42.6,31.11073
218.4,8.28,1.2,-81.0,191196.0,43.6,30.77826
1.2453,7.5445,187.9053,-78.3827,194055.731,43.8524,31.8147
3.6399,7.3353,190.153,-77.3562,194057.1574,43.6947,31.6949
225.3,8.288,1.2,-73.0,193672.0,43.6,32.19397
225.7,8.288,1.2,-75.0,193672.0,43.6,32.2047
0.4264,7.9269,188.1695,-77.7973,194055.9483,43.5817,31.7116
221.7,8.288,1.2,-83.0,193676.0,42.6,31.59336
4.0164,7.4035,190.3976,-78.3102,194056.9892,43.7097,31.5446
3.9993,7.4459,189.7241,-77.2917,194055.964,43.4984,31.553
211.4,8.288,1.2,-82.0,193624.0,45.6,30.67101
220.5,8.288,1.2,-85.0,193668.0,44.6,30.68173
3.5427,7.9305,190.0138,-78.0826,194054.9871,43.534,31.656
2.6569,7.5735,188.7871,-78.0427,194056.2278,43.6865,31.7774
229.1,8.288,1.2,-64.0,193676.0,43.6,33.05198
4.8862,7.2571,188.8439,-78.0781,194054.8521,43.6456,31.5529
3.32,7.3401,187.8103,-77.764,194055.5916,43.6091,31.7726
0.9082,7.2696,188.6859,-77.8414,194054.9204,43.6518,31.819
225.7,8.288,1.2,-74.0,193672.0,43.6,32.18324
227.6,8.288,1.2,-74.0,193672.0,43.6,32.04382
2.7351,7.0043,187.1483,-77.7544,194055.2757,43.5336,31.7472
4.9518,7.6276,186.1214,-78.0349,194056.7919,43.5362,31.8166
226.4,8.288,1.2,-64.0,193672.0,43.6,32.07599
4.3212,7.8715,190.585,-77.5356,194056.135,43.6184,31.7523
222.6,8.296,1.2,-89.0,192104.0,42.6,31.36814
3.712,7.3617,188.6922,-77.2005,194057.4472,43.6778,31.6345
223.3,8.28,1.2,-81.0,193672.0,41.6,31.11073
213.9,8.288,1.2,-84.0,193812.0,44.6,30.67101
228.4,8.288,1.2,-64.0,193676.0,44.6,32.95545
229.7,8.28,1.2,-75.0,193676.0,42.6,32.00092
1.989,7.3692,191.9248,-79.402,194055.4386,43.472,31.7513
2.1427,7.8703,189.2824,-78.6373,194056.4302,43.5966,31.8213
223.1,8.288,1.2,-67.0,193672.0,43.6,32.58007
215.3,8.104,-238.0,-85.0,194056.0,43.6,31.75424
216.7,8.296,1.2,-79.0,192100.0,44.6,30.68173
4.9811,7.2382,189.3884,-77.9488,194056.8273,43.69,31.7712
224.2,8.288,1.2,-79.0,193672.0,42.6,31.12146
0.9437,7.776,189.0536,-78.3154,194055.823,43.5157,31.7906
3.4505,7.9959,189.7137,-78.3319,194056.9049,43.4628,31.609
1.5685,7.1405,190.2242,-78.0199,194055.7738,43.5502,31.6322
1.1499,7.6482,188.4377,-78.1729,194055.8655,43.6648,31.6155
227.6,8.296,1.2,-85.0,193628.0,45.6,30.59593
229.1,8.288,1.2,-71.0,191144.0,43.6,32.38702
4.8236,7.7986,189.9912,-77.8338,194053.9928,43.5529,31.7175
227.6,8.288,1.2,-67.0,193628.0,45.6,32.9769
225.4,8.296,1.2,-81.0,192100.0,43.6,31.94729
0.1404,7.8062,190.8468,-77.2508,194054.8076,43.5632,31.7128
228.9,8.288,1.2,-83.0,193676.0,42.6,31.89367
225.0,8.288,1.2,-81.0,193672.0,42.6,31.97947
3.0131,7.9953,189.6022,-78.9323,194055.6693,43.633,31.73
223.8,8.288,1.2,-72.0,193672.0,42.6,31.99019
223.6,8.288,1.2,-67.0,193672.0,43.6,32.16179
216.4,8.288,1.2,-76.0,193672.0,41.6,30.75681
218.3,8.28,1.2,-79.0,193676.0,42.6,30.81043
224.6,8.288,1.2,-78.0,193672.0,42.6,31.13218
1.9956,7.8955,186.686,-77.9797,194053.8288,43.5839,31.6094
226.0,8.288,1.2,-77.0,193676.0,41.6,30.77826
2.4597,7.1193,187.5711,-78.0312,194055.8324,43.5091,31.7607
4.3451,7.606,191.9457,-78.2823,194057.2767,43.4697,31.9795
3.066,7.0958,193.7363,-77.0178,194056.3925,43.5412,31.6799
4.8829,7.6248,193.3323,-77.6126,194052.866,43.7642,31.5815
4.2993,7.0298,191.1364,-78.19,194055.0416,43.4388,31.5823
221.5,8.112,-151.6,-66.0,194056.0,43.6,32.79457
218.7,8.12,-128.8,-68.0,193692.0,43.6,32.83747
218.1,8.288,1.2,-85.0,193672.0,41.6,30.82116
221.1,8.112,-230.4,-79.0,194056.0,43.6,32.05454
225.9,8.288,1.2,-83.0,193672.0,42.6,31.56119
2.578,7.8065,190.656,-78.4596,194055.4453,43.6704,31.6465
2.4125,7.7852,189.0418,-77.7227,194056.1235,43.6874,31.7464
1.5212,7.2252,187.7501,-78.7102,194054.2203,43.5013,31.6721
223.4,8.136,-108.0,-74.0,193676.0,43.6,32.94473
221.2,8.288,1.2,-81.0,193672.0,42.6,31.10001
4.0049,7.3249,194.1897,-79.0788,194057.81,43.5244,31.7955
2.9767,7.061,192.5931,-78.6589,194055.9951,43.6413,31.6232
227.9,8.288,1.2,-78.0,193672.0,42.6,31.96874
219.3,8.28,1.2,-82.0,193672.0,45.6,30.67101
3.3175,7.2669,190.6289,-77.9534,194055.1596,43.5623,31.68
1.7652,7.134,192.3056,-78.136,194056.6723,43.6578,31.7256
216.1,8.152,-212.4,-72.0,194056.0,44.6,32.78385
4.8039,7.0591,191.5871,-77.4798,194056.8091,43.6832,31.6022
222.3,8.288,1.2,-89.0,193676.0,42.6,31.37886
228.2,8.144,-89.2,-67.0,192092.0,44.6,33.07343
219.7,8.288,1.2,-77.0,193672.0,41.6,31.10001
0.0127,7.1311,188.0845,-78.4031,194055.7103,43.5333,31.5677
4.8612,7.3275,187.5816,-78.8927,194056.1596,43.6057,31.5553
213.3,8.288,1.2,-75.0,193676.0,44.6,30.68173
219.7,8.288,1.2,-79.0,193676.0,42.6,31.65771
4.6057,7.171,191.9505,-78.9455,194055.4028,43.5762,31.9202
226.6,8.288,1.2,-77.0,193672.0,42.6,31.40031
218.2,8.112,-154.8,-70.0,194056.0,43.6,32.7624
4.8406,7.2144,191.77,-77.7412,194056.9485,43.478,31.7894
0.7313,7.9439,192.1554,-78.0809,194058.1592,43.666,31.5815
220.8,8.28,1.2,-84.0,193676.0,41.6,30.87478
0.6859,7.7366,190.2053,-77.5094,194055.2284,43.4237,31.7205
225.6,8.288,1.2,-79.0,193672.0,43.6,32.2047
228.1,8.296,1.2,-67.0,192092.0,44.6,32.96618
4.1725,7.4629,191.5089,-78.6138,194054.5759,43.7119,31.8323
0.3768,7.501,191.7595,-77.6766,194055.3259,43.584,31.6723
221.5,8.288,1.2,-82.0,193672.0,42.6,31.06783
231.2,8.288,1.2,-75.0,193672.0,42.6,31.95802
228.2,8.288,1.2,-80.0,193672.0,42.6,31.94729
1.7269,7.2932,192.1683,-77.3699,194056.531,43.6531,31.643
223.2,8.288,1.2,-79.0,193676.0,42.6,31.02493
0.4929,7.4192,191.6196,-78.2063,194056.4122,43.6607,31.6487
223.1,8.288,1.2,-85.0,193672.0,42.6,31.13218
2.7853,7.6611,189.3424,-78.2267,194056.6674,43.5354,31.8441
1.5029,7.0848,190.5753,-78.2359,194055.355,43.6613,31.7171
224.5,8.288,1.2,-74.0,193676.0,42.6,31.50756
1.9186,7.867,188.6566,-76.8655,194056.5575,43.6173,31.5398
0.2534,7.7667,191.8479,-77.6415,194056.6211,43.668,31.8378
217.5,8.12,-157.2,-61.0,194056.0,43.6,32.74095
223.9,8.288,1.2,-72.0,193672.0,43.6,31.96874
1.695,7.6899,187.7397,-78.5793,194058.8755,43.6372,31.6593
221.2,8.288,1.2,-83.0,193676.0,42.6,31.65771
225.0,8.288,1.2,-74.0,193672.0,42.6,32.31195
229.6,8.152,-96.8,-70.0,193676.0,44.6,33.04125
227.1,8.288,1.2,-71.0,193672.0,43.6,32.3763
3.7846,7.1207,189.5924,-78.2401,194055.6267,43.6075,31.7435
221.1,8.288,1.2,-85.0,193624.0,41.6,30.83188
2.1628,7.9176,191.4693,-78.0357,194056.5104,43.4956,31.609
1.0984,7.5078,189.91,-77.9664,194055.9923,43.7762,31.7023
222.2,8.288,1.2,-67.0,193676.0,43.6,32.92327
216.3,8.144,-200.0,-71.0,194056.0,43.6,32.78385
2.8175,7.2866,193.1701,-77.6254,194053.5671,43.76,31.6779
219.7,8.288,1.2,-81.0,193676.0,41.6,30.89623
3.4216,7.6196,191.2996,-77.449,194055.688,43.7098,31.6024
0.2553,7.4538,186.188,-78.8699,194057.028,43.5154,31.6368
4.2481,7.8776,188.4735,-77.5037,194055.6654,43.5637,31.7861
4.6921,7.0443,193.6247,-78.7754,194055.7355,43.5391,31.408
223.7,8.288,1.2,-70.0,193676.0,43.6,33.09488
1.182,7.2258,187.9865,-78.1186,194056.8261,43.4793,31.5677
2.7394,7.8313,189.5219,-77.7058,194057.4213,43.7706,31.6713
225.4,8.288,1.2,-74.0,193672.0,43.6,32.38702
1.4497,7.6068,190.0474,-78.1394,194055.7392,43.6695,31.7076
0.4785,7.5319,189.8839,-78.1181,194056.5949,43.7119,31.607
226.9,8.288,1.2,-76.0,193676.0,41.6,30.96058
2.9919,7.5965,190.3383,-77.5138,194057.6053,43.5274,31.6591
1.4463,7.0956,192.7147,-78.3481,194055.3447,43.4926,31.7546
3.8915,7.7465,191.4975,-78.3467,194054.232,43.4712,31.5456
1.1126,7.7473,193.0029,-77.4644,194053.969,43.5254,31.8852
225.4,8.288,1.2,-88.0,193676.0,42.6,31.37886
4.0411,7.1952,187.5143,-78.3255,194055.9363,43.6354,31.6989
218.7,8.144,-190.0,-72.0,194056.0,43.6,32.75167
1.5593,7.1726,191.2767,-78.1337,194055.5613,43.5953,31.5703
0.6974,7.8221,190.7339,-77.3008,194056.5199,43.4253,31.8104
220.0,8.288,1.2,-77.0,193676.0,44.6,30.53158
4.2852,7.7709,191.213,-77.8081,194053.7683,43.7659,31.6533
222.4,8.128,-116.8,-72.0,193676.0,43.6,32.86965
217.2,8.288,1.2,-81.0,193624.0,45.6,30.55303
216.6,8.288,1.2,-78.0,193676.0,41.6,30.71391
221.2,8.136,-101.6,-80.0,192092.0,44.6,32.92327
2.7924,7.6419,191.1485,-78.5738,194054.7182,43.4892,31.8051
1.7671,7.9435,190.3708,-78.4364,194057.0305,43.7758,31.7647
0.3151,7.7325,192.5205,-78.2171,194057.4226,43.663,31.7804
1.8904,7.036,192.2357,-79.1069,194056.4345,43.536,31.6466
2.0131,7.6427,188.7546,-78.7426,194056.9767,43.8382,31.5623
229.2,8.288,1.2,-79.0,193676.0,43.6,30.5423
0.7575,7.3579,188.5636,-77.4345,194057.203,43.6142,31.7173
229.5,8.288,1.2,-76.0,193676.0,43.6,31.89367
223.8,8.128,-115.6,-71.0,193676.0,43.6,32.88037
4.5336,7.8288,188.2567,-79.5236,194055.1809,43.6006,31.7036
3.8991,7.8274,187.2872,-78.2225,194056.0173,43.631,31.7752
2.9076,7.3074,192.0578,-78.2113,194056.539,43.5672,31.7512
220.5,8.288,1.2,-81.0,193672.0,41.6,31.08928
224.2,8.288,1.2,-65.0,193672.0,43.6,32.58007
224.5,8.288,1.2,-72.0,193672.0,43.6,32.16179
227.3,8.288,1.2,-73.0,193672.0,42.6,32.07599
3.0797,7.7078,188.5314,-78.0139,194054.7225,43.5393,31.5696
4.9767,7.3843,189.1726,-77.9601,194056.712,43.4903,31.7661
222.5,8.128,-116.0,-71.0,193676.0,43.6,32.8482
222.0,8.288,1.2,-82.0,193676.0,42.6,31.73279
0.4296,7.1609,191.4293,-78.2641,194055.9828,43.5507,31.7556
229.6,8.288,1.2,-73.0,193676.0,43.6,32.36557
1.4429,7.0127,188.1615,-78.6078,194056.5915,43.6394,31.8543
3.3874,7.3889,187.9607,-77.6724,194055.36,43.5573,31.6042
4.0107,7.8814,189.4371,-78.1841,194056.6919,43.3568,31.8234
0.4071,7.7553,193.2803,-77.9777,194055.7619,43.7685,31.5432
227.2,8.288,1.2,-79.0,193672.0,42.6,30.93913
228.2,8.288,1.2,-70.0,193676.0,43.6,32.99835
4.2059,7.8477,190.8173,-77.8355,194055.5123,43.6436,31.7757
2.5701,7.4588,188.4516,-78.018,194055.8961,43.7634,31.72
1.0122,7.1872,191.124,-78.0354,194055.8917,43.579,31.4755
1.6175,7.6467,192.5331,-77.2725,194055.7356,43.7414,31.6169
0.0156,7.9267,192.329,-77.1581,194054.4587,43.5771,31.6604
222.9,8.288,1.2,-81.0,193676.0,41.6,31.02493
2.2914,7.5442,191.6869,-77.3717,194054.4627,43.6321,31.6469
4.7888,7.6865,192.1237,-78.5228,194055.2207,43.6447,31.6734
215.0,8.136,-232.0,-78.0,194064.0,43.6,32.56935
221.4,8.296,1.2,-64.0,193672.0,43.6,32.40847
2.099,7.1232,190.2767,-78.4618,194055.1906,43.5516,31.6148
3.933,7.1779,190.1723,-77.932,194056.3284,43.6462,31.6458
229.4,8.288,1.2,-65.0,193676.0,43.6,33.05198
1.7456,7.5374,188.6318,-78.3455,194056.4964,43.5743,31.7939
0.0853,7.1797,190.2343,-77.9704,194056.6169,43.6787,31.7055
3.3324,7.632,189.088,-78.2689,194053.8782,43.5926,31.4871
226.0,8.288,1.2,-68.0,193672.0,43.6,32.3763
2.7946,7.1215,192.883,-79.4781,194055.1506,43.5149,31.6219
225.8,8.288,1.2,-72.0,193672.0,43.6,32.11889
3.0674,7.2423,185.0887,-78.0951,194057.2077,43.5849,31.7347
223.7,8.288,1.2,-79.0,193672.0,41.6,31.12146
221.0,8.104,-230.8,-83.0,194056.0,43.6,31.97947
4.5304,7.1056,188.2164,-78.4331,194055.0267,43.6757,31.4988
4.8258,7.1268,185.8922,-78.4076,194054.2955,43.4963,31.834
225.2,8.288,1.2,-70.0,193672.0,43.6,32.42992
3.5423,7.3199,191.1615,-78.0853,194056.0213,43.6257,31.736
226.3,8.288,1.2,-67.0,193672.0,44.6,32.45137
3.3556,7.3488,193.066,-77.8442,194055.5769,43.639,31.6469
3.3954,7.0017,194.0998,-77.4161,194055.3534,43.7116,31.4853
225.3,8.184,-97.6,-66.0,193676.0,44.6,33.11633
227.4,8.288,1.2,-77.0,193676.0,41.6,30.91768
3.0126,7.5939,191.3066,-77.4241,194054.5588,43.7348,31.6614
221.3,8.288,1.2,-82.0,193672.0,42.6,30.66028
225.6,8.288,1.2,-70.0,193672.0,43.6,32.4192
215.1,8.136,-188.4,-72.0,194056.0,43.6,32.79457
219.5,8.104,-230.8,-82.0,194056.0,43.6,31.96874
219.0,8.288,1.2,-85.0,193672.0,44.6,30.58521
217.5,8.128,-230.8,-80.0,194056.0,43.6,32.44065
225.0,8.288,1.2,-81.0,193672.0,42.6,31.34669
1.9668,7.8228,190.1474,-77.7416,194056.3861,43.5435,31.5813
3.3858,7.0764,190.2947,-76.9984,194054.7444,43.5017,31.6494
223.4,8.288,1.2,-74.0,193672.0,43.6,32.38702
222.2,8.288,1.2,-79.0,193676.0,42.6,31.10001
229.4,8.288,1.2,-75.0,193672.0,43.6,31.95802
227.7,8.296,1.2,-84.0,193624.0,45.6,30.57448
3.5579,7.0491,189.2117,-78.086,194056.2551,43.7341,31.6758
223.9,8.296,1.2,-76.0,193676.0,42.6,31.53974
222.9,8.288,1.2,-74.0,193624.0,41.6,30.94986
3.481,7.7562,189.7447,-78.6934,194054.8463,43.7384,31.713
1.538,7.3236,190.6612,-77.7099,194057.6268,43.6884,31.7157
0.8398,7.5736,192.1565,-77.4508,194054.4912,43.6338,31.79
0.8507,7.6985,189.6374,-78.0888,194056.5595,43.5684,31.9423
2.7947,7.0629,190.9021,-77.7663,194055.8801,43.6784,31.8792
217.0,8.288,1.2,-82.0,193676.0,44.6,30.67101
2.5441,7.2835,187.264,-79.3963,194055.263,43.5849,31.6876
2.4804,7.6479,189.5117,-78.1245,194054.6645,43.6178,31.6876
1.0908,7.7191,191.8928,-77.5092,194057.0518,43.5296,31.9164
221.9,8.296,1.2,-82.0,193676.0,42.6,31.57191
1.5424,7.9118,188.9883,-78.796,194057.1866,43.6145,31.7079
218.3,8.288,1.2,-79.0,193676.0,41.6,30.76753
223.3,8.288,1.2,-74.0,193676.0,41.6,30.92841
0.7529,7.8331,188.1572,-77.589,194056.141,43.3987,31.8184
1.4412,7.2188,192.4036,-78.5669,194055.3268,43.5989,31.8372
226.9,8.288,1.2,-77.0,193672.0,42.6,31.36814
0.8508,7.5985,189.6818,-78.511,194054.9928,43.5981,31.7207
225.6,8.288,1.2,-75.0,193672.0,43.6,32.21542
221.7,8.288,1.2,-82.0,193676.0,41.6,30.86406
221.7,8.288,1.2,-68.0,193676.0,43.6,32.8482
2.0059,7.8441,189.1571,-77.843,194054.7035,43.544,31.5925
4.5008,7.8094,189.891,-77.773,194055.7375,43.5253,31.7787
223.9,8.288,1.2,-79.0,193676.0,41.6,30.91768
1.5766,7.3388,191.6497,-78.7467,194057.4515,43.6979,31.6166
2.8304,7.5818,191.0849,-78.1896,194056.7263,43.5406,31.6515
219.5,8.112,-229.2,-73.0,194056.0,43.6,32.07599
228.5,8.288,1.2,-73.0,193672.0,43.6,32.30122
0.2998,7.5063,190.9235,-76.9,194055.7519,43.6033,31.645
225.8,8.288,1.2,-69.0,193672.0,43.6,32.40847
4.2246,7.189,189.8399,-78.8093,194058.1238,43.4456,31.6585
223.1,8.288,1.2,-70.0,193672.0,43.6,32.64442
3.5054,7.6363,190.0566,-77.3261,194055.7086,43.6339,31.7634
0.8262,7.1533,190.2135,-76.9601,194054.5473,43.7002,31.6256
224.7,8.288,1.2,-82.0,193672.0,42.6,31.36814
222.9,8.28,1.2,-79.0,193676.0,41.6,30.89623
224.6,8.288,1.2,-77.0,193672.0,41.6,30.78898
2.4679,7.7089,189.7292,-78.1912,194056.6471,43.7734,31.6033
221.8,8.288,1.2,-73.0,193676.0,41.6,30.96058
4.3848,7.1342,192.7703,-78.6838,194056.0682,43.6601,31.7607
230.4,8.28,1.2,-71.0,193672.0,43.6,32.34412
217.0,8.28,1.2,-77.0,193672.0,41.6,30.73536
223.9,8.288,1.2,-66.0,193672.0,43.6,32.18324
4.8252,7.0266,191.913,-78.8813,194056.6946,43.4541,31.5673
225.6,8.288,1.2,-79.0,193672.0,42.6,31.99019
1.271,7.7021,191.9052,-78.2427,194054.8175,43.6223,31.5978
3.341,7.4199,191.691,-77.8193,194056.0513,43.6637,31.5052
226.0,8.288,1.2,-76.0,193676.0,42.6,31.47539
1.4486,7.1502,191.4052,-77.5573,194055.3902,43.7419,31.5472
0.2566,7.9928,190.214,-77.8251,194054.8617,43.5315,31.6544
216.3,8.136,-231.6,-82.0,194056.0,43.6,32.505
225.5,8.288,1.2,-85.0,193672.0,41.6,30.81043
4.9259,7.8775,193.5858,-77.7266,194056.0486,43.5038,31.7735
2.2435,7.7895,187.8589,-78.0146,194056.7055,43.6743,31.6349
1.8406,7.7371,192.6051,-77.683,194056.3925,43.6205,31.7607
225.0,8.288,1.2,-85.0,193672.0,42.6,31.35741
224.7,8.296,1.2,-69.0,193676.0,43.6,33.09488
0.2791,7.2525,189.5983,-79.4283,194055.5998,43.8358,31.8512
0.5064,7.5604,190.0336,-77.4511,194055.3454,43.5565,31.8749
223.5,8.288,1.2,-75.0,193672.0,42.6,31.99019
224.6,8.288,1.2,-75.0,193672.0,43.6,32.18324
1.0438,7.1376,190.0538,-78.3937,194057.0171,43.5915,31.8111
1.8107,7.7604,192.8465,-78.6178,194059.1092,43.486,31.6662
0.009,7.4035,189.6658,-77.8305,194053.5762,43.8896,31.8036
225.3,8.12,-124.0,-62.0,193684.0,43.6,32.91255
222.0,8.288,1.2,-66.0,193676.0,43.6,32.88037
226.7,8.288,1.2,-78.0,193672.0,41.6,30.89623
218.9,8.288,1.2,-82.0,193672.0,41.6,30.86406
226.5,8.296,1.2,-78.0,193676.0,44.6,30.52085
0.8082,7.9993,196.0327,-77.9426,194057.1694,43.6914,31.7549
0.081,7.2489,191.7472,-77.5505,194056.3383,43.6389,31.8833
3.8602,7.0929,189.0539,-77.5958,194055.4294,43.4228,31.508
212.3,8.288,1.2,-83.0,193676.0,41.6,30.66028
1.9451,7.4579,191.1372,-78.1045,194055.9478,43.5782,31.7414
4.5494,7.1215,189.6839,-77.7994,194056.2927,43.7806,31.6342
213.3,8.288,1.2,-77.0,193676.0,43.6,30.69246
0.5385,7.8099,189.9113,-77.6783,194053.6168,43.5689,31.8147
1.2273,7.5815,187.2603,-77.8422,194054.3378,43.5526,31.3702
4.7968,7.4647,192.0715,-78.3895,194057.575,43.6884,31.6392
1.3564,7.4093,190.1603,-77.568,194055.5147,43.5135,31.668
3.8522,7.6844,191.9191,-78.6756,194054.904,43.634,31.7119
223.0,8.288,1.2,-83.0,193672.0,42.6,31.56119
226.2,8.288,1.2,-79.0,193676.0,42.6,31.51829
220.0,8.288,1.2,-88.0,193676.0,45.6,30.68173
3.8999,7.3269,193.3984,-77.2629,194056.7449,43.676,31.7255
3.2588,7.2091,188.6318,-77.5379,194053.6309,43.5679,31.8206
4.7795,7.8604,192.7709,-77.9666,194055.223,43.5406,31.8962
225.8,8.288,1.2,-74.0,193672.0,43.6,32.16179
222.2,8.288,1.2,-72.0,193676.0,42.6,30.66028
224.1,8.288,1.2,-72.0,193676.0,41.6,30.92841
4.5763,7.9682,190.6098,-77.3232,194054.9584,43.6557,31.6398
219.1,8.144,-232.8,-71.0,194056.0,44.6,32.5908
1.7233,7.1338,192.0617,-77.8608,194057.9657,43.481,31.6099
224.5,8.288,1.2,-78.0,193676.0,44.6,30.63883
218.3,8.288,1.2,-79.0,193676.0,41.6,30.71391
4.7178,7.8646,190.2063,-77.1905,194056.2793,43.5545,31.6256
220.2,8.288,1.2,-70.0,193676.0,42.6,30.66028
223.8,8.288,1.2,-82.0,193620.0,42.6,31.48611
226.1,8.288,1.2,-75.0,193672.0,42.6,31.44321
225.8,8.136,-113.6,-77.0,193676.0,43.6,32.8911
211.4,8.288,1.2,-78.0,193676.0,41.6,30.63883
224.8,8.288,1.2,-77.0,193672.0,41.6,30.79971
4.5474,7.4997,191.1476,-77.8129,194057.4976,43.6573,31.5397
216.9,8.144,-192.8,-80.0,194056.0,43.6,32.8053
218.2,8.288,1.2,-82.0,193672.0,41.6,30.85333
2.1959,7.0922,190.8213,-79.1138,194056.9429,43.6426,31.7885
1.2787,7.3771,192.388,-77.5427,194056.6271,43.5673,31.5488
4.8952,7.5729,189.2445,-77.7427,194056.766,43.6865,31.62
1.723,7.7874,191.7068,-77.6528,194056.5795,43.5511,31.8
0.6865,7.101,189.7145,-78.2264,194054.4949,43.5971,31.9142
4.4402,7.2818,190.8297,-77.9424,194057.1914,43.6441,31.6715
2.7697,7.2608,192.36,-77.205,194056.3359,43.7817,31.5939
221.9,8.288,1.2,-82.0,193676.0,42.6,31.60409
226.3,8.288,1.2,-71.0,193672.0,43.6,32.2905
3.4642,7.1486,190.5313,-78.3393,194056.3504,43.5283,31.7966
4.5428,7.585,189.5005,-78.1153,194056.8842,43.6473,31.8435
224.2,8.136,-116.0,-64.0,193676.0,43.6,32.88037
228.4,8.288,1.2,-65.0,193676.0,44.6,32.95545
4.6157,7.2665,190.2732,-77.8485,194056.5419,43.5142,31.7274
226.1,8.288,1.2,-69.0,193672.0,43.6,32.45137
0.8345,7.7306,188.7416,-77.5181,194054.8561,43.6562,31.5846
3.9482,7.5985,191.2496,-78.5747,194055.9262,43.6326,31.777
4.7621,7.903,187.3735,-77.9133,194058.4611,43.5794,31.6449
223.4,8.288,1.2,-67.0,193676.0,43.6,33.09488
223.3,8.288,1.2,-73.0,193672.0,43.6,31.91512
1.2315,7.7284,192.8014,-77.5384,194057.4319,43.5499,31.6724
225.9,8.288,1.2,-64.0,193676.0,44.6,32.95545
0.3744,7.817,190.6301,-78.0702,194054.8002,43.485,31.8656
226.3,8.288,1.2,-78.0,193672.0,42.6,32.21542
3.3985,7.3292,193.0438,-78.0622,194057.7447,43.5932,31.6631
230.0,8.288,1.2,-75.0,193672.0,42.6,32.04382
220.7,8.12,-130.0,-64.0,193692.0,43.6,32.83747
224.6,8.288,1.2,-74.0,193672.0,43.6,32.15107
221.5,8.288,1.2,-79.0,193672.0,42.6,31.06783
225.0,8.296,1.2,-78.0,192104.0,42.6,31.36814
227.6,8.28,1.2,-70.0,193672.0,43.6,32.2905
226.8,8.288,1.2,-79.0,193656.0,41.6,30.75681
228.2,8.16,-87.2,-67.0,193676.0,45.6,33.03053
4.6485,7.7443,190.8671,-78.327,194055.5511,43.7455,31.6798
1.2631,7.3798,193.1666,-77.7968,194056.3591,43.6488,31.6563
1.5146,7.4229,189.5452,-78.3065,194055.4897,43.5501,31.8106
0.63,7.5962,189.7149,-78.7138,194054.3336,43.6295,31.8271
1.4423,7.8253,194.2521,-77.966,194057.0131,43.6496,31.6489
3.5271,7.026,188.1948,-78.3915,194055.0556,43.4733,31.8715
4.4237,7.3968,186.3188,-78.0305,194057.0553,43.6306,31.6971
3.2803,7.394,189.2591,-77.2265,194056.2724,43.5023,31.6292
1.79,7.927,190.4077,-77.143,194056.3065,43.6464,31.7969
229.9,8.288,1.2,-79.0,193676.0,41.6,30.90696
225.6,8.288,1.2,-76.0,193676.0,41.6,30.85333
4.9299,7.7718,192.4479,-76.454,194055.094,43.5714,31.7342
4.6704,7.9392,189.5257,-77.6704,194057.2109,43.5764,31.5902
3.4995,7.8795,190.4097,-78.0933,194055.8425,43.7035,31.7742
3.3669,7.6767,188.5447,-78.6803,194057.7449,43.6984,31.5645
2.9139,7.3955,191.6625,-77.9899,194056.0448,43.5835,31.6053
225.7,8.288,1.2,-66.0,193672.0,43.6,32.14034
225.7,8.288,1.2,-79.0,193672.0,42.6,31.93657
1.9258,7.7363,189.5836,-78.7428,194056.6628,43.5556,31.7702
218.1,8.288,1.2,-76.0,193624.0,46.6,30.68173
2.6577,7.9502,187.4184,-77.4416,194056.0217,43.5829,31.7925
224.9,8.296,1.2,-70.0,193676.0,43.6,33.05198
222.9,8.12,-144.0,-65.0,193692.0,43.6,32.78385
4.992,7.6853,190.4963,-78.7479,194054.9378,43.5922,31.6899
225.1,8.288,1.2,-82.0,193672.0,41.6,30.82116
2.9971,7.9682,189.9454,-78.4707,194056.8511,43.7712,31.7128
2.6947,7.5701,191.2109,-78.4689,194055.2231,43.4783,31.6781
1.6145,7.0932,193.9772,-78.2665,194057.654,43.6205,31.7395
4.9615,7.0005,190.1273,-78.1244,194057.173,43.7668,31.6832
4.0957,7.233,188.8826,-77.8484,194054.9897,43.5133,31.6558
3.9543,7.3574,185.3799,-77.7077,194054.4218,43.6241,31.6539
0.8445,7.8906,190.6251,-77.3487,194057.5593,43.7803,31.7803
4.634,7.6898,188.7547,-78.4093,194056.2967,43.6358,31.8232
212.7,8.288,1.2,-76.0,192104.0,44.6,30.69246
2.9409,7.0335,185.6802,-78.2631,194056.2662,43.4607,31.6184
216.3,8.288,1.2,-80.0,192040.0,45.6,30.64956
3.5086,7.1187,188.9331,-78.4681,194056.6824,43.5797,31.9652
224.9,8.288,1.2,-82.0,192100.0,42.6,31.49684
222.8,8.12,-144.0,-63.0,193692.0,43.6,32.77312
229.8,8.128,-141.6,-64.0,193676.0,47.6,33.09488
3.2399,7.2255,188.968,-77.4499,194055.4456,43.6122,31.7423
4.4442,7.8375,196.1621,-76.5316,194056.079,43.5035,31.8493
218.5,8.28,1.2,-71.0,193676.0,45.6,30.74608
1.6821,7.0544,189.6895,-77.6686,194054.9156,43.6999,31.6296
0.6495,7.5217,190.1482,-78.1957,194054.5989,43.8952,31.6362
1.9209,7.9758,187.8361,-77.8721,194057.5222,43.5879,31.6359
0.1058,7.5803,189.7697,-78.4798,194057.7538,43.6264,31.643
224.8,8.28,1.2,-74.0,193676.0,41.6,30.89623
227.4,8.288,1.2,-77.0,193672.0,42.6,31.35741
224.5,8.288,1.2,-74.0,193676.0,42.6,31.47539
0.6054,7.0331,191.5822,-78.3282,194055.7499,43.5458,31.757
219.9,8.288,1.2,-75.0,193676.0,41.6,30.92841
221.9,8.112,-229.2,-77.0,191532.0,43.6,32.11889
211.4,8.288,1.2,-72.0,193676.0,42.6,30.63883
4.6343,7.7006,189.9216,-77.9174,194055.6283,43.4844,31.5414
221.4,8.288,1.2,-74.0,193676.0,41.6,30.87478
0.3204,7.0766,193.7365,-77.8565,194056.6311,43.5156,31.7571
216.4,8.136,-187.2,-78.0,194056.0,43.6,32.78385
1.9408,7.0532,189.4976,-77.6786,194057.6347,43.6269,31.8134
222.9,8.288,1.2,-78.0,193676.0,42.6,31.85077
226.4,8.288,1.2,-65.0,193672.0,43.6,32.4192
214.4,8.288,1.2,-81.0,193676.0,41.6,30.78898
2.5132,7.0594,192.7861,-78.7534,194055.9357,43.5788,31.7349
4.9777,7.6641,191.4626,-78.2176,194055.6712,43.5975,31.748
227.4,8.288,1.2,-79.0,193676.0,41.6,30.88551
2.2605,7.3905,190.6957,-78.3789,194055.8462,43.5965,31.6402
222.8,8.136,-110.4,-82.0,193676.0,44.6,32.92327
4.2225,7.6177,191.7882,-78.1622,194057.0249,43.6558,31.5784
221.0,8.288,1.2,-76.0,193672.0,42.6,31.14291
2.3711,7.2605,193.2333,-78.3643,194057.1435,43.7166,31.672
3.0348,7.5413,188.0258,-78.1074,194057.0479,43.4685,31.7552
222.0,8.288,1.2,-65.0,193672.0,43.6,32.56935
3.8539,7.3792,186.9043,-78.5261,194055.7935,43.5006,31.7747
224.1,8.288,1.2,-66.0,193672.0,43.6,32.45137
4.6019,7.4781,194.2491,-78.9129,194056.722,43.6838,31.701
224.7,8.288,1.2,-83.0,193672.0,42.6,31.48611
227.3,8.184,-98.4,-64.0,193676.0,44.6,33.11633
216.5,8.168,-222.4,-69.0,194056.0,43.6,32.78385
2.3897,7.1579,190.2877,-77.1661,194056.8908,43.4476,31.7706
225.0,8.296,1.2,-76.0,192100.0,43.6,32.00092
3.4049,7.1366,192.0198,-77.9294,194055.8391,43.7173,31.7088
0.2461,7.6301,183.8737,-78.1261,194056.6912,43.6842,31.7562
224.8,8.288,1.2,-78.0,193672.0,42.6,31.50756
223.0,8.288,1.2,-83.0,193672.0,42.6,31.13218
4.8893,7.9979,189.7979,-77.7492,194056.345,43.4531,31.7144
225.2,8.288,1.2,-75.0,193672.0,43.6,32.02237
2.4974,7.9654,194.7575,-78.4709,194055.1698,43.5133,31.7468
218.4,8.12,-134.8,-66.0,193684.0,43.6,32.81602
217.8,8.28,1.2,-81.0,193624.0,46.6,30.70318
2.8536,7.0858,187.2306,-78.427,194055.9191,43.6889,31.5885
1.8948,7.0079,190.7375,-77.1676,194054.2334,43.6439,31.7865
226.1,8.288,1.2,-80.0,193676.0,41.6,31.17509
224.8,8.288,1.2,-76.0,193672.0,41.6,30.79971
224.1,8.288,1.2,-82.0,193672.0,42.6,31.47539
1.5535,7.6258,188.2726,-77.3399,194056.732,43.5628,31.8141
1.9101,7.7012,189.5013,-77.6835,194056.1183,43.7041,31.6627
4.224,7.636,187.9255,-78.5626,194053.5124,43.4391,31.6974
228.0,8.288,1.2,-81.0,193676.0,42.6,31.92584
226.0,8.288,1.2,-82.0,193672.0,42.6,31.32524
0.8927,7.4369,191.5967,-78.2521,194057.5467,43.516,31.5853
3.9643,7.9264,191.2248,-78.5272,194056.7469,43.8297,31.734
1.6467,7.7966,187.7974,-77.9273,194054.9278,43.5759,31.7132
4.05,7.198,188.9557,-77.037,194056.3887,43.5408,31.7611
4.2802,7.8854,192.8137,-78.7295,194055.1923,43.4279,31.6995
222.0,8.12,-150.0,-64.0,194056.0,43.6,32.81602
1.8908,7.3181,194.911,-78.0267,194056.4972,43.4987,31.6296
3.2752,7.6439,192.5121,-77.9278,194055.8531,43.4179,31.6437
3.6749,7.8866,189.3796,-78.4291,194054.717,43.6811,31.7363
222.5,8.288,1.2,-88.0,193676.0,42.6,31.37886
225.8,8.288,1.2,-77.0,193672.0,41.6,30.78898
1.5477,7.5091,186.1869,-77.7699,194055.9677,43.6686,31.7498
0.4361,7.0946,193.5727,-78.0502,194054.1992,43.4958,31.6833
0.7299,7.9936,188.5192,-78.3441,194055.9905,43.5989,31.7413
2.3673,7.5011,191.0528,-78.0492,194057.265,43.6246,31.6264
0.5698,7.4078,191.1212,-78.4138,194056.5538,43.814,31.6834
1.7534,7.9986,189.8663,-77.9605,194056.8163,43.2663,31.7902
3.7318,7.3203,190.9723,-77.6514,194057.1283,43.5971,31.5851
1.2168,7.9063,189.7193,-76.4902,194055.6834,43.5231,31.8216
224.8,8.288,1.2,-78.0,193672.0,42.6,31.52901
225.0,8.288,1.2,-71.0,193672.0,43.6,32.19397
3.1168,7.9476,189.8236,-77.4948,194054.4024,43.791,31.9226
217.3,8.136,-189.2,-79.0,194056.0,43.6,32.8053
224.6,8.288,1.2,-73.0,193672.0,43.6,32.19397
226.9,8.296,1.2,-77.0,192100.0,43.6,31.99019
220.8,8.288,1.2,-84.0,193672.0,41.6,30.81043
219.6,8.288,1.2,-81.0,193676.0,41.6,30.88551
2.1189,7.2734,189.0165,-78.5381,194056.9116,43.5739,31.6344
4.1521,7.2145,187.863,-78.4837,194055.9441,43.6248,31.7548
225.6,8.288,1.2,-81.0,193676.0,42.6,31.36814
226.9,8.288,1.2,-74.0,193672.0,42.6,32.23687
217.8,8.28,1.2,-82.0,193672.0,41.6,30.83188
2.5021,7.814,191.5169,-77.9425,194056.1042,43.512,31.643
224.7,8.28,1.2,-87.0,193676.0,42.6,31.37886
218.5,8.144,-194.4,-70.0,194056.0,43.6,32.81602
227.9,8.296,1.2,-71.0,192052.0,42.6,32.06527
221.5,8.136,-218.8,-70.0,192484.0,43.6,32.6337
0.7106,7.7054,190.9263,-77.8463,194056.3414,43.4352,31.6977
230.3,8.288,1.2,-75.0,193676.0,42.6,31.97947
214.7,8.288,1.2,-77.0,193676.0,41.6,30.85333
1.8499,7.4399,186.6345,-78.3515,194056.819,43.4641,31.6445
226.4,8.288,1.2,-71.0,193672.0,43.6,32.12962
212.9,8.28,1.2,-79.0,193676.0,41.6,30.68173
4.3649,7.0922,189.8427,-78.4796,194056.9804,43.5255,31.7021
227.5,8.288,1.2,-81.0,193672.0,42.6,31.90439
1.8959,7.8818,188.4385,-77.8803,194056.1934,43.587,31.7628
227.2,8.288,1.2,-70.0,193672.0,43.6,32.14034
4.4104,7.6207,192.3391,-78.7773,194057.3008,43.6243,31.7253
2.6785,7.8682,190.2375,-77.692,194054.0283,43.4622,31.5513
0.0532,7.5519,193.33,-77.83,194057.6506,43.7113,31.7639
222.0,8.288,1.2,-83.0,193676.0,42.6,31.57191
222.1,8.288,1.2,-66.0,193676.0,43.6,32.90182
0.5514,7.3765,189.5938,-78.9215,194055.5259,43.67,31.6957
218.3,8.104,-233.2,-79.0,194060.0,45.6,31.90439
224.9,8.12,-119.2,-73.0,193684.0,43.6,32.86965
219.0,8.288,1.2,-74.0,193624.0,46.6,30.72463
227.1,8.28,1.2,-71.0,193672.0,42.6,32.17252
3.4677,7.5494,189.8756,-77.3513,194054.248,43.6513,31.5761
226.0,8.288,1.2,-78.0,193676.0,44.6,30.53158
1.6179,7.9646,187.8561,-77.5002,194054.322,43.55,31.6172
228.9,8.288,1.2,-64.0,193672.0,43.6,32.10817
214.1,8.288,1.2,-76.0,190516.0,44.6,30.71391
0.3927,7.2499,186.7474,-77.9826,194055.076,43.5218,31.8607
1.7405,7.7087,188.8282,-77.5088,194055.3938,43.5164,31.6142
1.7972,7.7386,190.1759,-78.1499,194058.8717,43.5627,31.9025
220.7,8.288,1.2,-78.0,193672.0,42.6,31.12146
4.1446,7.1791,192.8637,-77.465,194056.2097,43.5918,31.5023
2.6416,7.4126,191.504,-78.4767,194054.4322,43.9209,31.5868
226.9,8.288,1.2,-74.0,191192.0,43.6,32.2047
227.5,8.288,1.2,-77.0,193620.0,43.6,32.07599
3.0782,7.4004,189.111,-77.4517,194053.734,43.3941,31.8015
1.9224,7.1967,191.7557,-78.0917,194055.9001,43.6893,31.5848
226.8,8.288,1.2,-72.0,193672.0,43.6,32.16179
3.8772,7.7799,192.0528,-78.2262,194057.1173,43.6712,31.7869
3.494,7.3849,190.4414,-78.391,194055.5672,43.6831,31.5866
4.9552,7.9134,189.159,-77.9276,194056.8387,43.6843,31.6777
224.2,8.288,1.2,-77.0,193672.0,42.6,31.99019
4.0888,7.9698,190.5695,-77.7856,194054.3396,43.5814,31.6839
2.0319,7.9606,190.6862,-77.966,194057.5644,43.6326,31.7247
2.2353,7.8167,193.2151,-77.9356,194056.5355,43.6507,31.7834
1.2585,7.0838,187.6208,-77.7165,194054.9427,43.4455,31.796
0.9009,7.7006,192.8439,-78.2307,194055.5205,43.5238,31.7631
226.8,8.288,1.2,-65.0,193672.0,43.6,32.06527
223.7,8.288,1.2,-64.0,193672.0,43.6,32.60152
225.3,8.288,1.2,-78.0,193672.0,42.6,31.93657
3.1112,7.2376,184.7228,-78.3087,194055.3805,43.6085,31.9642
1.4932,7.0224,186.9594,-77.5438,194054.3953,43.7011,31.5025
4.0048,7.181,190.3508,-78.2362,194055.9454,43.6316,31.8633
0.3454,7.0125,188.3502,-78.4943,194055.3528,43.4039,31.5983
223.7,8.296,1.2,-82.0,192104.0,42.6,31.01421
222.7,8.128,-116.0,-71.0,193676.0,44.6,32.85892
224.4,8.288,1.2,-68.0,193676.0,44.6,33.09488
219.4,8.288,1.2,-84.0,193672.0,41.6,30.84261
219.3,8.288,1.2,-82.0,193672.0,42.6,30.84261
224.3,8.288,1.2,-66.0,193672.0,43.6,32.5908
3.9779,7.8516,190.915,-77.0761,194055.359,43.5555,31.6465
225.2,8.288,1.2,-74.0,193672.0,43.6,31.93657
3.4817,7.3249,189.7927,-79.1468,194056.1785,43.5891,31.7558
0.8771,7.576,192.5653,-78.0701,194053.6524,43.6642,31.4991
2.4861,7.1497,190.0556,-78.9948,194056.3894,43.5497,31.6983
230.5,8.28,1.2,-74.0,193672.0,43.6,31.99019
228.2,8.288,1.2,-74.0,193620.0,42.6,32.2047
230.4,8.28,1.2,-78.0,193676.0,41.6,30.92841
221.3,8.288,1.2,-81.0,193676.0,42.6,31.59336
4.5401,7.9228,195.8101,-78.3055,194056.1155,43.547,31.5413
3.9968,7.0223,188.0071,-77.2898,194055.4601,43.5356,31.7305
216.5,8.288,1.2,-79.0,193676.0,41.6,30.72463
3.4981,7.3246,191.7309,-78.0634,194055.8721,43.7109,31.4819
1.3564,7.0809,186.8962,-77.4829,194055.4493,43.6904,31.6173
225.3,8.288,1.2,-75.0,193684.0,42.6,31.75424
0.3596,7.854,192.5562,-77.6535,194055.7715,43.6749,31.8369
224.8,8.288,1.2,-77.0,193672.0,41.6,30.79971
3.239,7.6765,190.2878,-77.0838,194056.1018,43.6576,31.787
3.3336,7.4865,191.9685,-77.2183,194056.2012,43.5919,31.7346
228.4,8.288,1.2,-71.0,193676.0,43.6,32.3763
222.6,8.288,1.2,-82.0,193676.0,42.6,30.96058
0.8646,7.7169,190.287,-78.9225,194057.5296,43.6192,31.6093
225.3,8.288,1.2,-89.0,193672.0,43.6,31.92584
229.7,8.28,1.2,-75.0,193620.0,43.6,32.04382
2.325,7.6107,190.7675,-77.8178,194055.5905,43.7035,31.69
2.3392,7.1079,190.6946,-78.3779,194056.136,43.5615,31.7613
4.841,7.5755,188.7922,-77.343,194055.4022,43.5205,31.4428
3.1777,7.9993,190.896,-78.3122,194058.3338,43.6794,31.7482
225.5,8.288,1.2,-73.0,193672.0,42.6,31.96874
0.8576,7.3713,185.8038,-77.2334,194056.2548,43.5319,31.7201
4.328,7.2927,191.9749,-78.1145,194056.5169,43.5123,31.6219
227.3,8.288,1.2,-73.0,193672.0,43.6,32.07599
224.0,8.288,1.2,-79.0,193672.0,43.6,32.22615
219.9,8.288,1.2,-82.0,193672.0,45.6,30.58521
1.6992,7.278,192.9777,-78.3552,194054.7707,43.5773,31.7851
229.7,8.152,-96.0,-70.0,193676.0,44.6,33.05198
2.5854,7.1621,194.3663,-78.466,194055.6465,43.5741,31.6238
4.5766,7.7388,189.1922,-79.08,194056.6216,43.4094,31.7613
219.6,8.28,1.2,-84.0,193672.0,43.6,30.60666
224.9,8.288,1.2,-75.0,193672.0,43.6,32.04382
224.1,8.288,1.2,-80.0,193676.0,44.6,30.55303
3.803,7.943,186.0416,-77.8457,194056.292,43.5631,31.641
216.9,8.136,-188.4,-72.0,194056.0,43.6,32.78385
3.9452,7.999,188.8856,-78.3367,194056.6546,43.6467,31.8006
221.0,8.136,-112.0,-76.0,193676.0,43.6,32.94473
219.8,8.288,1.2,-74.0,192104.0,41.6,30.88551
221.6,8.288,1.2,-75.0,193672.0,44.6,30.66028
227.4,8.288,1.2,-78.0,193628.0,41.6,30.89623
230.3,8.288,1.2,-68.0,193676.0,43.6,32.99835
1.0994,7.5133,187.6823,-78.2556,194055.9377,43.5604,31.4849
225.9,8.288,1.2,-82.0,193676.0,44.6,30.52085
221.4,8.136,-101.2,-72.0,193676.0,46.6,32.92327
226.7,8.288,1.2,-76.0,193672.0,41.6,30.82116
230.1,8.288,1.2,-73.0,193672.0,43.6,32.31195
0.1838,7.352,193.4452,-78.0036,194057.2162,43.5217,31.6923
217.4,8.28,1.2,-81.0,193672.0,41.6,30.78898
1.6689,7.8888,187.1841,-78.6069,194054.4158,43.624,31.7626
1.1513,7.7031,189.4191,-77.935,194055.5718,43.7528,31.9588
3.4029,7.8067,186.9191,-77.3396,194056.4083,43.4675,31.7435
225.2,8.12,-125.6,-63.0,193684.0,43.6,32.91255
4.2874,7.5569,188.5024,-78.1,194057.9948,43.6746,31.617
228.0,8.288,1.2,-78.0,193672.0,42.6,32.04382
0.3655,7.834,192.2219,-78.2023,194056.2533,43.5147,31.6902
214.7,8.288,1.2,-79.0,193672.0,44.6,30.68173
0.7264,7.7411,190.8371,-78.1298,194055.631,43.8112,31.6737
3.7122,7.2687,188.4235,-76.9657,194055.591,43.6252,31.7904
1.1861,7.8835,186.7767,-78.2832,194055.9128,43.5557,31.7381
216.2,8.288,1.2,-76.0,193676.0,41.6,30.68173
225.3,8.288,1.2,-74.0,193676.0,41.6,30.91768
1.979,7.9328,192.7209,-77.5626,194056.834,43.6102,31.745
2.5034,7.4261,193.0636,-77.9342,194056.9478,43.6289,31.7427
223.9,8.28,1.2,-78.0,193672.0,41.6,30.83188
1.9288,7.4493,188.9233,-78.2595,194055.3729,43.5596,31.7194
4.0762,7.4215,189.423,-78.3508,194057.0182,43.5778,31.7564
1.8352,7.473,190.4935,-77.4577,194056.9844,43.6524,31.8358
4.5118,7.3449,188.0921,-78.7235,194054.4929,43.5949,31.8303
230.8,8.288,1.2,-74.0,193672.0,42.6,31.95802
4.5943,7.4087,190.1676,-78.5412,194054.88,43.4807,31.8125
0.7569,7.5577,190.5699,-77.9595,194054.5662,43.4918,31.5911
217.3,8.104,-229.2,-82.0,194056.0,43.6,31.97947
3.0199,7.9924,191.0286,-77.4133,194054.4836,43.6959,31.6373
0.2488,7.9334,190.4907,-77.6812,194057.6617,43.467,31.7369
3.0804,7.7169,189.5352,-78.4805,194056.2873,43.5558,31.8416
3.858,7.1643,190.9202,-78.5373,194057.1502,43.4204,31.8539
4.5637,7.4374,190.4364,-76.8243,194055.9794,43.658,31.9002
223.6,8.288,1.2,-75.0,193672.0,43.6,32.3763
4.6979,7.566,191.9234,-77.916,194055.951,43.5741,31.7894
224.6,8.288,1.2,-81.0,193672.0,42.6,31.52901
212.5,8.288,1.2,-73.0,193676.0,42.6,30.76753
2.7159,7.4053,185.5931,-77.5095,194054.3488,43.5944,31.6468
0.504,7.5194,191.4853,-78.4875,194055.0575,43.6215,31.7571
3.8916,7.9656,192.8124,-77.0905,194056.6726,43.7091,31.759
1.7604,7.5163,194.1398,-78.5872,194056.1099,43.6563,31.6086
4.0116,7.2214,190.4212,-78.4908,194054.729,43.6631,31.6808
224.1,8.288,1.2,-77.0,193672.0,42.6,31.15364
219.6,8.104,-233.6,-76.0,194056.0,43.6,31.81859
0.0955,7.5484,190.3603,-78.426,194056.0921,43.5366,31.651
1.3457,7.2273,187.1051,-76.8028,194056.1084,43.709,31.7584
226.0,8.288,1.2,-80.0,193676.0,41.6,31.17509
4.5961,7.7323,190.7595,-78.3565,194054.7498,43.5579,31.7352
225.5,8.288,1.2,-81.0,193676.0,42.6,31.81859
2.6499,7.2173,189.972,-77.4449,194055.5973,43.5363,31.6402
229.1,8.288,1.2,-79.0,193676.0,43.6,31.88294
1.538,7.0036,189.7077,-77.377,194056.0932,43.5581,31.7144
222.9,8.288,1.2,-81.0,193676.0,41.6,31.03566
3.161,7.7964,187.6454,-78.0705,194055.3366,43.6748,31.5505
227.4,8.288,1.2,-66.0,193672.0,43.6,32.05454
222.7,8.288,1.2,-73.0,193672.0,43.6,32.61225
0.9237,7.0336,189.8133,-78.6376,194055.3459,43.5947,31.6796
225.2,8.144,-104.4,-71.0,193628.0,44.6,32.94473
229.0,8.28,1.2,-65.0,193676.0,43.6,32.96618
3.3417,7.7887,191.2866,-77.8902,194055.3125,43.7116,31.5038
222.5,8.288,1.2,-80.0,193672.0,41.6,30.83188
1.074,7.1151,189.2929,-78.3045,194056.6077,43.6572,31.4715
225.9,8.288,1.2,-75.0,193672.0,43.6,32.22615
227.3,8.288,1.2,-74.0,193672.0,43.6,32.34412
224.6,8.288,1.2,-69.0,193676.0,43.6,32.8053
4.9398,7.4337,191.9514,-78.245,194054.2644,43.6751,31.5211
0.4703,7.7933,190.7421,-77.1912,194055.9953,43.6579,31.7899
225.7,8.288,1.2,-74.0,193676.0,42.6,31.66844
1.2308,7.3,194.8389,-77.8263,194054.7743,43.5602,31.6192
218.8,8.288,1.2,-82.0,193672.0,42.6,30.89623
221.0,8.288,1.2,-87.0,193668.0,44.6,30.70318
223.2,8.28,1.2,-84.0,193624.0,46.6,30.66028
227.2,8.288,1.2,-78.0,193676.0,41.6,30.92841
228.3,8.288,1.2,-75.0,193672.0,43.6,32.25832
3.0618,7.3036,191.0291,-77.3993,194056.3755,43.5222,31.7111
3.393,7.4992,191.1294,-78.804,194057.5076,43.3165,31.7606
1.1912,7.837,188.7342,-77.8427,194056.2523,43.6293,31.7095
223.9,8.288,1.2,-74.0,192100.0,43.6,32.3334
227.0,8.288,1.2,-73.0,193672.0,42.6,32.06527
224.3,8.288,1.2,-80.0,193676.0,42.6,31.12146
1.5984,7.419,187.5131,-78.4149,194054.7627,43.5458,31.7126
4.5387,7.3079,187.7705,-77.8392,194057.2882,43.8202,31.6702
0.3139,7.1497,184.666,-77.5623,194056.881,43.622,31.5608
219.6,8.288,1.2,-75.0,193676.0,42.6,31.48611
4.0671,7.4383,188.1083,-77.0442,194055.9818,43.7048,31.7466
3.1258,7.7813,189.1418,-77.8513,194053.7575,43.6967,31.7221
4.1811,7.8963,193.5652,-78.2108,194055.2287,43.5173,31.615
224.2,8.288,1.2,-74.0,193676.0,42.6,31.51829
218.4,8.288,1.2,-92.0,193624.0,45.6,30.58521
226.3,8.288,1.2,-76.0,193624.0,42.6,31.84004
1.1756,7.7713,189.4125,-78.1155,194057.3311,43.4319,31.6912
228.6,8.28,1.2,-70.0,193676.0,43.6,32.38702
1.8794,7.0555,189.6217,-78.1239,194055.0722,43.6294,31.7297
220.7,8.28,1.2,-83.0,193676.0,41.6,30.87478
228.3,8.288,1.2,-85.0,193676.0,42.6,31.89367
222.2,8.288,1.2,-67.0,193672.0,43.6,32.39775
224.9,8.288,1.2,-74.0,193676.0,42.6,31.59336
225.6,8.288,1.2,-79.0,193676.0,42.6,30.99276
223.6,8.296,1.2,-66.0,193672.0,44.6,32.52645
1.2801,7.7049,191.7309,-77.6833,194056.8456,43.481,31.7999
223.0,8.152,-232.8,-68.0,194056.0,43.6,32.61225
224.9,8.288,1.2,-74.0,193676.0,42.6,31.70061
222.2,8.144,-218.0,-74.0,192484.0,43.6,32.64442
2.5237,7.3589,191.3116,-78.607,194055.9219,43.635,31.6868
218.2,8.128,-165.2,-58.0,194056.0,44.6,32.75167
223.5,8.288,1.2,-74.0,193672.0,43.6,32.36557
0.9423,7.4431,192.7323,-77.6783,194055.9686,43.5723,31.8406
222.4,8.288,1.2,-84.0,193672.0,41.6,30.84261
1.9296,7.9238,190.6122,-77.3786,194057.4197,43.5408,31.4664
4.7295,7.8709,188.6209,-77.621,194056.3327,43.6162,31.7369
224.2,8.288,1.2,-77.0,193672.0,41.6,30.79971
1.0471,7.7485,187.5295,-77.5828,194054.3668,43.5894,31.654
2.9801,7.884,186.254,-77.6469,194054.9151,43.7392,31.5764
1.2976,7.1586,192.0268,-77.9178,194056.6343,43.5737,31.5982
4.9217,7.7608,189.7342,-78.054,194057.0348,43.6929,31.6212
223.3,8.288,1.2,-75.0,193672.0,42.6,31.99019
3.1564,7.416,189.9148,-78.5954,194056.4922,43.8229,31.6208
223.9,8.288,1.2,-65.0,193672.0,43.6,32.44065
4.8793,7.4231,190.1899,-78.5489,194055.6445,43.629,31.6538
226.3,8.288,1.2,-74.0,193672.0,43.6,32.2047
225.2,8.288,1.2,-74.0,193672.0,43.6,32.2476
2.9974,7.9116,190.4723,-77.9043,194056.3391,43.4885,31.6602
1.6088,7.6434,189.603,-78.8666,194055.0669,43.4874,31.7872
223.9,8.288,1.2,-83.0,193672.0,42.6,31.49684
0.8095,7.0825,190.7504,-77.8732,194057.2869,43.6729,31.8126
2.9139,7.9426,188.2237,-78.5658,194056.1184,43.4616,31.6707
2.3547,7.1062,192.3828,-78.1328,194056.8447,43.3923,31.8816
4.1505,7.1506,192.0408,-78.4576,194056.4538,43.4207,31.6651
225.0,8.288,1.2,-65.0,193672.0,43.6,32.15107
218.2,8.288,1.2,-83.0,193672.0,41.6,30.87478
1.7465,7.6047,193.0674,-77.7974,194055.2363,43.5664,31.4959
222.4,8.28,1.2,-75.0,193676.0,41.6,30.85333
3.1343,7.3672,186.4915,-77.5723,194056.2769,43.6982,31.6737
0.3229,7.8729,189.3473,-77.6624,194056.2818,43.6264,31.7476
224.8,8.12,-119.2,-65.0,193676.0,44.6,32.88037
222.5,8.128,-124.8,-70.0,192092.0,43.6,32.85892
2.3718,7.0398,188.8671,-78.1838,194055.6505,43.5672,31.7296
3.5697,7.195,190.388,-78.0489,194055.6707,43.4775,31.6471
226.6,8.288,1.2,-79.0,193672.0,43.6,32.2047
224.0,8.288,1.2,-79.0,193672.0,42.6,31.50756
225.8,8.288,1.2,-68.0,193676.0,43.6,33.05198
2.1229,7.4921,190.7517,-77.8514,194058.5184,43.5436,31.6642
1.2329,7.442,187.8738,-77.0691,194057.6974,43.7472,31.7959
3.4996,7.1389,190.3591,-77.7207,194055.7665,43.6569,31.6837
2.1767,7.5641,192.1946,-77.7295,194056.0648,43.5581,31.653
229.3,8.288,1.2,-76.0,193676.0,43.6,31.87222
2.4073,7.748,193.2158,-78.5784,194055.5925,43.5977,31.6219
0.0246,7.11,186.2553,-77.8962,194056.609,43.5653,31.7806
2.1574,7.2702,195.3081,-78.1585,194056.2042,43.7386,31.6148
1.937,7.7497,189.733,-78.2887,194054.0282,43.6132,31.5221
219.4,8.112,-229.2,-75.0,194064.0,43.6,32.16179
3.5823,7.8094,188.4588,-78.0713,194055.2634,43.8191,31.6691
215.4,8.288,1.2,-83.0,193628.0,41.6,30.84261
216.6,8.288,1.2,-80.0,193676.0,41.6,30.78898
221.5,8.288,1.2,-80.0,193676.0,42.6,31.10001
3.7447,7.1566,189.1539,-77.932,194057.7457,43.6203,31.5725
4.2625,7.1612,189.1152,-77.4658,194055.2821,43.7134,31.649
1.342,7.7626,193.8676,-78.3174,194056.5464,43.6771,31.8143
224.4,8.288,1.2,-74.0,193672.0,43.6,32.08672
221.9,8.288,1.2,-75.0,193676.0,42.6,31.48611
2.3926,7.441,190.7764,-78.2883,194056.7629,43.6953,31.7234
2.0099,7.7254,191.0241,-78.165,194055.1011,43.7171,31.7296
0.9845,7.9562,190.8182,-78.333,194055.1,43.5235,31.6408
1.0255,7.9419,189.5979,-77.885,194054.8482,43.4802,31.9671
225.6,8.28,1.2,-81.0,193672.0,42.6,30.86406
220.5,8.288,1.2,-81.0,193672.0,41.6,30.85333
4.2309,7.9767,191.1541,-78.2071,194054.8968,43.6688,31.7525
221.6,8.12,-159.6,-62.0,194056.0,43.6,32.8053
1.5789,7.2699,192.5342,-78.4067,194054.4473,43.4901,31.6946
2.0905,7.6372,189.7309,-78.0151,194054.7339,43.8246,31.7361
223.5,8.288,1.2,-77.0,193676.0,42.6,30.84261
0.7555,7.3331,190.9455,-78.2235,194055.9151,43.5994,31.6001
4.9409,7.7899,189.5141,-77.767,194055.6749,43.6425,31.6545
4.2262,7.4958,190.3483,-78.896,194057.2978,43.6023,31.7166
226.5,8.28,1.2,-76.0,193624.0,41.6,30.85333
216.5,8.136,-184.4,-77.0,194056.0,43.6,32.78385
2.6226,7.7409,187.4436,-78.2153,194056.842,43.5845,31.6115
229.4,8.288,1.2,-70.0,193676.0,43.6,32.35485
222.0,8.288,1.2,-67.0,193676.0,43.6,32.88037
2.6231,7.7261,186.8057,-77.9738,194055.2579,43.5597,31.6952
224.2,8.288,1.2,-64.0,193672.0,43.6,32.4192
214.2,8.288,1.2,-79.0,193676.0,41.6,30.84261
1.4563,7.133,188.272,-78.3261,194055.8555,43.4619,31.7451
0.5358,7.5833,187.1189,-78.7408,194056.9408,43.781,31.8565
4.02,7.3717,191.9612,-77.9805,194056.171,43.5723,31.851
218.5,8.288,1.2,-77.0,193672.0,44.6,30.69246
229.5,8.288,1.2,-80.0,193676.0,43.6,30.5423
226.3,8.288,1.2,-77.0,193676.0,44.6,30.53158
229.5,8.168,-97.2,-70.0,193676.0,44.6,33.09488
4.2448,7.4933,190.4134,-78.2671,194054.7082,43.6296,31.8321
225.1,8.288,1.2,-67.0,193672.0,43.6,32.19397
224.2,8.128,-116.0,-63.0,193676.0,43.6,32.8911
2.4915,7.716,191.1561,-78.099,194055.7744,43.568,31.59
223.4,8.288,1.2,-65.0,193672.0,43.6,32.60152
219.2,8.288,1.2,-76.0,193676.0,42.6,31.50756
223.9,8.288,1.2,-74.0,193672.0,43.6,31.94729
215.4,8.136,-231.2,-82.0,194056.0,43.6,32.56935
3.161,7.8298,189.965,-77.9883,194055.4628,43.7771,31.712
226.7,8.288,1.2,-79.0,193676.0,41.6,30.93913
211.3,8.272,1.2,-75.0,192104.0,47.6,30.70318
225.4,8.296,1.2,-73.0,192100.0,43.6,32.3334
221.7,8.288,1.2,-74.0,193676.0,41.6,30.96058
219.5,8.288,1.2,-84.0,193672.0,41.6,30.84261
219.2,8.112,-230.0,-76.0,194064.0,43.6,32.09744
1.8091,7.411,188.6777,-78.6095,194056.715,43.6175,31.6371
217.8,8.288,1.2,-79.0,193672.0,41.6,30.75681
4.7888,7.9328,191.166,-77.755,194055.9708,43.4937,31.4648
3.4224,7.2322,192.3065,-77.8912,194056.7461,43.6674,31.8227
3.9316,7.5162,188.0353,-76.653,194056.1879,43.5688,31.7042
220.5,8.28,1.2,-82.0,193676.0,43.6,30.58521
2.6195,7.664,187.6679,-78.104,194056.0112,43.7235,31.6956
224.0,8.288,1.2,-75.0,193672.0,43.6,32.3763
3.6581,7.1432,188.0679,-77.6246,194055.3668,43.6026,31.6579
1.6426,7.9954,187.9643,-77.4775,194056.652,43.6559,31.6007
226.6,8.288,1.2,-83.0,193676.0,44.6,30.53158
227.7,8.288,1.2,-75.0,193676.0,41.6,30.78898
4.1915,7.5476,188.483,-78.5032,194053.8691,43.5496,31.6126
1.185,7.8055,190.2782,-78.4904,194056.6603,43.7296,31.6891
3.697,7.3433,189.3282,-77.9529,194054.7497,43.5584,31.6185
2.8316,7.583,191.9154,-77.6956,194056.4155,43.6891,31.5792
3.7362,7.5299,187.6768,-79.0164,194056.2393,43.4947,31.7073
3.3753,7.9722,191.8347,-78.4863,194056.919,43.6571,31.8582
2.5161,7.4244,186.6555,-78.4521,194055.2398,43.5164,31.5333
0.2499,7.3874,190.173,-78.3209,194057.3474,43.6786,31.7454
220.7,8.12,-129.6,-63.0,193692.0,43.6,32.81602
3.8559,7.7305,191.6582,-77.9064,194055.8018,43.6668,31.5811
3.064,7.059,193.0583,-78.3005,194055.8964,43.8142,31.9892
2.5213,7.2099,192.359,-78.1596,194057.1754,43.5373,31.8258
1.4391,7.9707,191.906,-78.2301,194056.4152,43.603,31.8564
2.1421,7.8395,190.5767,-77.3864,194055.2782,43.4813,31.7537
227.8,8.288,1.2,-79.0,193620.0,42.6,32.01164
3.7007,7.5102,191.3397,-77.1275,194056.3337,43.6833,31.7391
228.2,8.168,-97.2,-74.0,193676.0,43.6,33.04125
220.3,8.12,-131.6,-69.0,193684.0,43.6,32.81602
3.6012,7.7993,190.1908,-78.2276,194056.1015,43.6993,31.6689
219.1,8.288,1.2,-82.0,193676.0,43.6,30.57448
226.7,8.288,1.2,-74.0,193672.0,43.6,32.26905
1.7779,7.7124,189.6966,-78.9495,194056.6738,43.5396,31.7187
1.4222,7.5645,188.1609,-77.6356,194056.2778,43.6302,31.8785
225.0,8.288,1.2,-74.0,193676.0,42.6,31.49684
231.1,8.288,1.2,-74.0,193672.0,42.6,31.95802
2.1167,7.1306,192.8008,-77.6525,194057.7566,43.684,31.7258
219.3,8.28,1.2,-74.0,193676.0,41.6,30.88551
225.2,8.288,1.2,-75.0,193676.0,41.6,30.75681
223.0,8.288,1.2,-82.0,193672.0,42.6,31.14291
224.9,8.288,1.2,-75.0,193676.0,42.6,31.75424
223.4,8.288,1.2,-66.0,193672.0,43.6,32.53717
4.237,7.5316,191.4501,-78.1309,194057.4027,43.499,31.6748
1.0596,7.0266,190.3689,-78.8654,194056.2956,43.6505,31.6258
0.7679,7.8358,189.1175,-78.5164,194056.4612,43.6549,31.784
220.3,8.168,-232.0,-70.0,194056.0,43.6,32.7624
223.0,8.288,1.2,-72.0,193672.0,42.6,31.99019
2.3849,7.5294,191.7118,-79.0075,194056.8012,43.3902,31.7525
3.329,7.481,192.787,-78.1496,194057.1229,43.4824,31.7696
227.1,8.288,1.2,-75.0,193672.0,43.6,32.3334
2.8791,7.2716,191.3731,-78.1392,194056.4294,43.7964,31.7579
224.7,8.288,1.2,-75.0,193676.0,45.6,30.62811
230.3,8.288,1.2,-69.0,193676.0,43.6,32.99835
0.6661,7.757,188.6719,-79.1083,194054.6668,43.5291,31.709
227.6,8.136,-95.6,-72.0,193684.0,44.6,32.90182
226.0,8.288,1.2,-81.0,192056.0,44.6,30.56376
3.9014,7.1958,189.935,-77.5246,194056.8635,43.5514,31.8359
223.7,8.288,1.2,-75.0,193672.0,43.6,31.95802
224.0,8.288,1.2,-80.0,193672.0,42.6,31.48611
227.5,8.288,1.2,-72.0,193672.0,42.6,32.03309
222.2,8.288,1.2,-82.0,193676.0,42.6,31.63626
223.7,8.28,1.2,-76.0,193684.0,45.6,30.5423
219.2,8.288,1.2,-81.0,193672.0,41.6,30.83188
1.5291,7.3756,187.4326,-78.7128,194056.7784,43.326,31.5746
221.1,8.288,1.2,-72.0,193676.0,41.6,30.88551
4.3154,7.1953,191.0808,-78.4725,194054.6773,43.5706,31.6809
217.2,8.128,-175.6,-71.0,194056.0,43.6,32.8053
3.0751,7.5292,191.4602,-78.0175,194055.9837,43.6058,31.6017
223.7,8.288,1.2,-68.0,193676.0,43.6,33.08415
222.9,8.288,1.2,-79.0,193676.0,41.6,31.02493
4.678,7.8821,191.2731,-77.1873,194056.9336,43.4293,31.4862
3.8958,7.2847,188.2956,-77.0157,194055.9709,43.6172,31.7597
225.4,8.288,1.2,-80.0,193672.0,42.6,31.23944
4.7348,7.3981,191.1612,-78.6813,194056.9718,43.5058,31.7356
224.8,8.28,1.2,-74.0,193672.0,42.6,31.94729
1.0375,7.7539,191.5701,-77.5445,194055.8711,43.5961,31.702
0.5937,7.5572,193.5341,-77.6142,194055.848,43.6299,31.6663
225.7,8.288,1.2,-80.0,193672.0,43.6,32.2047
2.4889,7.5252,185.608,-78.9546,194056.9476,43.6038,31.5585
3.0836,7.649,191.0876,-78.0268,194056.7847,43.663,31.5829
3.3096,7.1657,190.4871,-77.701,194056.6214,43.4489,31.6159
3.8994,7.0069,188.8206,-78.1886,194057.5176,43.6533,31.7918
223.4,8.288,1.2,-75.0,193620.0,42.6,32.38702
222.7,8.288,1.2,-79.0,193672.0,43.6,32.2047
224.6,8.288,1.2,-76.0,193676.0,42.6,31.56119
2.0221,7.4869,193.1322,-77.7574,194055.8368,43.5726,31.5243
223.5,8.288,1.2,-76.0,193676.0,42.6,31.47539
1.1471,7.9787,191.6977,-78.7033,194055.2062,43.5914,31.6038
0.7505,7.7,190.8946,-78.0437,194055.6213,43.6167,31.646
216.9,8.28,1.2,-84.0,193676.0,41.6,30.84261
227.3,8.288,1.2,-90.0,193672.0,42.6,31.34669
3.0597,7.1137,190.985,-78.3531,194055.5944,43.6485,31.5983
219.3,8.288,1.2,-74.0,193676.0,44.6,30.72463
0.1528,7.4538,190.9338,-77.4054,194056.7488,43.5634,31.6708
1.1707,7.3308,189.1033,-78.4765,194055.95,43.5792,31.7322
221.3,8.288,1.2,-67.0,193676.0,44.6,33.1056
3.7198,7.0705,186.8102,-78.8242,194056.3905,43.5221,31.5889
225.6,8.288,1.2,-74.0,193676.0,42.6,31.65771
3.8257,7.8945,188.2049,-77.844,194057.0312,43.669,31.7782
216.2,8.128,-180.8,-72.0,192484.0,43.6,32.79457
2.544,7.6635,187.9545,-78.61,194056.7179,43.7306,31.6121
1.0038,7.5653,192.1743,-77.3179,194056.284,43.6245,31.8246
219.0,8.288,1.2,-82.0,193620.0,41.6,30.86406
2.2387,7.183,192.675,-78.1537,194055.0043,43.3587,31.6271
3.7405,7.9221,191.4349,-78.3036,194055.3177,43.5207,31.7361
2.9872,7.0945,185.5932,-77.926,194055.7464,43.6715,31.6589
219.5,8.144,-232.8,-70.0,194056.0,43.6,32.60152
1.9288,7.8952,184.606,-78.3616,194056.2341,43.5831,31.7417
222.8,8.288,1.2,-84.0,193676.0,42.6,31.34669
227.3,8.288,1.2,-74.0,193672.0,43.6,32.31195
225.2,8.144,-104.8,-72.0,193628.0,44.6,32.96618
0.8962,7.9066,192.3429,-78.0448,194055.325,43.6114,31.6359
2.385,7.8235,188.5966,-78.9279,194057.241,43.6366,31.7061
223.5,8.288,1.2,-75.0,193672.0,42.6,31.96874
227.8,8.288,1.2,-84.0,193672.0,42.6,32.08672
229.1,8.288,1.2,-73.0,193672.0,43.6,32.30122
223.6,8.28,1.2,-76.0,193672.0,41.6,30.82116
226.0,8.288,1.2,-85.0,193672.0,42.6,30.79971
1.1885,7.113,192.3701,-78.2519,194054.8341,43.6418,31.6221
226.1,8.288,1.2,-75.0,193676.0,42.6,31.66844
0.5274,7.3123,189.0275,-77.5718,194054.8288,43.611,31.8066
4.958,7.8317,189.4772,-77.7937,194056.7446,43.7299,31.8724
225.0,8.12,-124.8,-62.0,192112.0,43.6,32.86965
217.4,8.28,1.2,-80.0,192056.0,47.6,30.68173
228.3,8.28,1.2,-68.0,192092.0,43.6,33.00908
219.7,8.288,1.2,-80.0,193676.0,41.6,31.07856
223.9,8.288,1.2,-94.0,193672.0,43.6,30.59593
1.5133,7.1251,189.1575,-78.2447,194055.2151,43.81,31.7269
227.2,8.28,1.2,-76.0,193672.0,41.6,31.35741
221.7,8.288,1.2,-74.0,193676.0,41.6,30.94986
222.2,8.104,-230.0,-79.0,194056.0,43.6,31.97947
219.4,8.28,1.2,-74.0,193676.0,41.6,30.85333
3.201,7.2831,192.495,-77.5249,194056.1419,43.5852,31.6979
225.1,8.288,1.2,-81.0,193672.0,42.6,31.18581
0.0299,7.392,191.9158,-77.6719,194056.7907,43.7573,31.6672
1.6511,7.6074,193.3448,-78.1106,194056.125,43.6762,31.5918
3.6137,7.74,192.4692,-77.4525,194056.9446,43.6663,31.5531
217.1,8.288,1.2,-77.0,193676.0,41.6,30.70318
221.7,8.288,1.2,-63.0,193672.0,43.6,32.51572
3.616,7.0336,192.1071,-78.0393,194056.2976,43.7567,31.5429
2.613,7.4205,189.2954,-77.5388,194057.1464,43.7434,31.6698
2.8265,7.642,195.2906,-77.5486,194055.7357,43.7035,31.7743
2.2854,7.1974,191.4483,-78.2036,194056.6086,43.6932,31.7217
216.2,8.136,-187.2,-78.0,194056.0,44.6,32.77312
0.9875,7.7088,190.0645,-78.8512,194056.726,43.6096,31.7522
0.8962,7.5419,188.8789,-77.9767,194057.0105,43.666,31.5859
2.7301,7.774,190.8244,-77.2062,194055.0422,43.5394,31.6374
3.7118,7.5546,190.3917,-77.4312,194055.9694,43.761,31.7695
222.8,8.288,1.2,-81.0,193676.0,41.6,31.03566
4.6823,7.414,192.7129,-78.1091,194056.4831,43.6815,31.531
223.7,8.288,1.2,-75.0,193672.0,43.6,31.95802
220.4,8.288,1.2,-83.0,193672.0,41.6,30.81043
225.0,8.288,1.2,-68.0,193672.0,43.6,32.17252
3.8851,7.3764,192.7986,-77.7499,194055.9753,43.5269,31.6539
221.2,8.28,1.2,-79.0,193676.0,42.6,31.11073
3.2883,7.6081,190.393,-78.1838,194056.3848,43.6078,31.4779
225.8,8.28,1.2,-67.0,193672.0,42.6,32.22615
2.4312,7.5456,192.8124,-77.0681,194055.6285,43.445,31.7633
1.8371,7.7306,188.1751,-77.8578,194056.58,43.5746,31.7957
230.2,8.288,1.2,-75.0,193672.0,43.6,32.00092
4.0283,7.877,190.4274,-78.1595,194057.2487,43.8201,31.7105
223.8,8.288,1.2,-76.0,193672.0,42.6,31.16436
1.9219,7.6698,189.4254,-78.1758,194057.0724,43.5832,31.7373
1.8741,7.3516,194.5564,-76.8925,194055.773,43.6633,31.6985
1.8178,7.6022,191.5676,-78.5922,194055.5128,43.7111,31.8244
218.1,8.104,-232.8,-83.0,194008.0,45.6,31.90439
229.4,8.152,-98.4,-69.0,193676.0,44.6,32.96618
214.0,8.288,1.2,-81.0,193676.0,44.6,30.68173
1.9532,7.9995,192.1074,-78.5346,194056.7097,43.6034,31.7536
4.0485,7.4765,190.3274,-76.9095,194056.6572,43.5447,31.6799
225.6,8.288,1.2,-80.0,193672.0,41.6,30.94986
223.5,8.288,1.2,-79.0,193676.0,41.6,30.97131
1.7067,7.2094,188.3096,-77.9587,194055.5665,43.547,31.721
3.8518,7.802,190.6568,-77.7385,194054.7262,43.7535,31.7691
2.939,7.4455,187.6339,-77.6422,194055.621,43.8371,31.7276
0.7196,7.7999,191.982,-78.4963,194054.6665,43.7463,31.7832
224.4,8.136,-102.4,-71.0,193676.0,43.6,32.94473
226.2,8.288,1.2,-71.0,193672.0,43.6,32.11889
0.1506,7.0436,191.3798,-77.9385,194057.6193,43.5672,31.8407
3.6408,7.0964,189.2199,-78.2257,194054.5233,43.4452,31.8109
219.6,8.12,-155.2,-63.0,191528.0,45.6,32.8053
220.2,8.288,1.2,-86.0,193672.0,42.6,30.85333
227.8,8.288,1.2,-80.0,193676.0,43.6,31.92584
222.6,8.288,1.2,-83.0,193624.0,42.6,31.64699
1.6483,7.1145,188.8091,-77.8247,194056.3338,43.7324,31.6249
1.6714,7.4167,190.3742,-77.9706,194055.6084,43.6037,31.7067
3.6535,7.0876,191.31,-77.0757,194054.8379,43.7928,31.4265
224.1,8.288,1.2,-77.0,193672.0,41.6,30.83188
3.1833,7.9825,186.7745,-78.3452,194055.6193,43.8499,31.7269
4.6907,7.7695,191.0973,-78.2228,194057.655,43.6751,31.8337
229.9,8.144,-87.59999,-69.0,191196.0,46.6,33.0627
224.0,8.288,1.2,-68.0,193676.0,43.6,33.09488
219.2,8.296,1.2,-83.0,192100.0,42.6,30.85333
0.0719,7.7382,188.4866,-78.0116,194054.9162,43.5178,31.7523
3.0679,7.0281,189.3469,-78.6403,194056.1533,43.4216,31.5979
3.9195,7.8178,191.1193,-79.2227,194056.5426,43.7993,31.7441
224.9,8.288,1.2,-77.0,193672.0,42.6,31.47539
3.9243,7.9902,190.347,-76.8887,194055.2316,43.6617,31.9203
228.1,8.288,1.2,-74.0,193672.0,43.6,32.23687
227.7,8.288,1.2,-74.0,193672.0,43.6,32.2476
1.07,7.611,190.4558,-78.7173,194056.8862,43.6519,31.6665
4.406,7.9141,189.5362,-78.556,194056.1358,43.7143,31.5472
225.9,8.288,1.2,-79.0,193676.0,41.6,30.85333
2.1397,7.6394,187.2459,-78.3512,194056.9106,43.6937,31.6176
226.3,8.288,1.2,-76.0,193676.0,42.6,31.81859
0.1646,7.486,190.6586,-77.3966,194055.1484,43.4736,31.4857
226.3,8.288,1.2,-76.0,193672.0,41.6,30.79971
1.5042,7.4017,189.8236,-78.2669,194054.983,43.6521,31.8083
4.2301,7.3018,188.9856,-78.5516,194056.9243,43.4446,31.6592
4.2266,7.6384,192.4803,-77.354,194057.0658,43.5357,31.7345
0.2521,7.783,192.8662,-77.6207,194056.6799,43.6299,31.4967
223.6,8.28,1.2,-82.0,193672.0,42.6,31.48611
3.6282,7.7199,187.4486,-78.7494,194057.6361,43.431,31.5115
217.4,8.128,-230.0,-76.0,194056.0,43.6,32.39775
221.0,8.288,1.2,-64.0,193672.0,43.6,32.4192
224.8,8.288,1.2,-75.0,193676.0,42.6,31.73279
223.4,8.288,1.2,-78.0,193672.0,42.6,31.10001
225.2,8.296,1.2,-67.0,192100.0,43.6,32.12962
225.8,8.288,1.2,-66.0,193672.0,43.6,32.16179
4.6379,7.2073,188.0924,-78.1937,194055.0776,43.5329,31.8662
4.6057,7.4169,187.4861,-78.124,194058.4848,43.7624,31.587
1.0673,7.0457,189.819,-77.8999,194055.9592,43.5997,31.8106
4.9505,7.402,188.2626,-77.6033,194054.6328,43.6466,31.756
224.2,8.288,1.2,-74.0,193672.0,41.6,30.84261
216.5,8.288,1.2,-76.0,193672.0,41.6,30.75681
222.5,8.128,-118.8,-73.0,193676.0,43.6,32.85892
219.7,8.128,-171.2,-66.0,192480.0,43.6,32.7624
222.6,8.288,1.2,-65.0,193624.0,43.6,32.79457
222.3,8.288,1.2,-76.0,193672.0,41.6,30.88551
227.5,8.28,1.2,-84.0,193632.0,46.6,30.56376
3.8472,7.9666,188.4993,-78.604,194054.9562,43.6339,31.7528
224.5,8.288,1.2,-78.0,193672.0,42.6,31.44321
2.9768,7.0973,191.9524,-79.0213,194056.0191,43.7542,31.6196
3.3195,7.9383,186.5332,-78.013,194056.5009,43.5938,31.6749
4.6643,7.4584,190.9851,-77.9548,194055.6022,43.5576,31.7657
0.7634,7.1135,190.2882,-78.2987,194056.1996,43.3663,31.6826
3.2391,7.6468,191.8239,-78.3482,194056.1763,43.5833,31.6748
3.1481,7.3812,193.1333,-77.7244,194056.7333,43.6023,31.81
3.5783,7.6234,190.8879,-78.987,194058.0231,43.7233,31.6588
223.1,8.144,-111.6,-82.0,193684.0,44.6,32.91255
229.1,8.28,1.2,-77.0,193676.0,41.6,30.92841
3.403,7.3187,192.0843,-77.995,194056.534,43.7332,31.8227
1.0304,7.8983,188.9939,-77.6073,194055.6799,43.5988,31.7173
217.5,8.288,1.2,-74.0,193676.0,41.6,30.85333
222.2,8.288,1.2,-86.0,193676.0,42.6,30.66028
220.9,8.296,1.2,-65.0,193676.0,43.6,32.90182
1.9241,7.7277,193.103,-77.7439,194057.3543,43.7014,31.704
3.1047,7.7136,190.1239,-77.5798,194055.2539,43.7437,31.6449
0.5649,7.2264,185.5352,-77.7118,194056.5498,43.5926,31.5768
220.3,8.288,1.2,-77.0,193672.0,41.6,30.84261
2.0413,7.4327,187.0193,-77.0463,194056.1651,43.7444,31.8801
4.1232,7.6114,186.7251,-77.3053,194055.6925,43.6211,31.6352
0.6818,7.9245,190.7788,-77.3297,194055.9769,43.4548,31.51
2.2719,7.8943,191.58,-78.4536,194054.8323,43.626,31.7064
3.2785,7.9001,189.2672,-77.5687,194055.9496,43.5451,31.6761
223.7,8.288,1.2,-65.0,193672.0,43.6,32.73022
4.2941,7.7048,191.5265,-77.9287,194056.347,43.5088,31.7429
221.7,8.288,1.2,-76.0,193672.0,42.6,31.14291
2.4998,7.5842,191.0878,-77.4588,194055.2163,43.4611,31.6601
216.6,8.264,1.2,-78.0,193676.0,46.6,30.66028
2.3503,7.9673,192.7076,-77.7822,194056.3715,43.5308,31.6907
1.4134,7.5956,186.9655,-77.9063,194056.5982,43.6933,31.7613
2.3891,7.2082,189.6589,-78.0518,194055.2182,43.6463,31.5849
2.7141,7.1704,191.2818,-78.7409,194055.0038,43.7011,31.6665
2.4215,7.7083,191.8505,-79.2731,194054.8948,43.8371,31.8301
3.8001,7.3318,190.821,-77.8347,194054.4177,43.2624,31.8544
0.4284,7.2729,190.8814,-78.5998,194056.6159,43.6128,31.5529
1.6131,7.024,191.3556,-78.075,194054.0758,43.4774,31.7068
229.3,8.288,1.2,-77.0,193676.0,42.6,32.04382
227.1,8.288,1.2,-79.0,193672.0,41.6,30.94986
1.6657,7.2193,194.2829,-78.7877,194056.3492,43.7579,31.5192
230.5,8.288,1.2,-65.0,193676.0,43.6,33.0627
4.6068,7.1014,191.6918,-78.0936,194054.6145,43.5814,31.6263
220.0,8.288,1.2,-74.0,193676.0,41.6,30.85333
4.1377,7.4605,193.4827,-78.1088,194055.1828,43.5956,31.6499
227.4,8.288,1.2,-68.0,193676.0,43.6,33.03053
2.1024,7.723,185.9996,-77.7227,194055.1182,43.6642,31.7573
1.2845,7.8631,191.5035,-77.4798,194056.6174,43.5209,31.7041
1.498,7.5925,194.8651,-77.4918,194056.1482,43.4672,31.6484
3.6883,7.1445,189.9828,-78.4821,194057.9525,43.5696,31.667
1.8338,7.6829,184.7106,-78.1691,194057.3868,43.8025,31.5834
1.2267,7.9054,186.975,-77.6758,194057.0996,43.5749,31.648
225.6,8.288,1.2,-78.0,193672.0,43.6,32.2047
2.4226,7.1587,190.6843,-78.4491,194056.1817,43.5545,31.7302
3.6425,7.5641,185.7774,-78.1322,194055.8835,43.6821,31.7381
2.2803,7.8911,192.1464,-78.307,194055.1555,43.698,31.7049
0.2364,7.9112,184.1256,-78.2925,194054.9246,43.5348,31.6554
220.2,8.288,1.2,-76.0,193672.0,42.6,30.82116
225.1,8.288,1.2,-77.0,193676.0,41.6,30.87478
221.3,8.288,1.2,-79.0,193676.0,42.6,31.12146
2.2422,7.1007,186.5516,-78.9651,194056.7373,43.8169,31.6313
0.7204,7.6098,191.6055,-78.0478,194056.3499,43.575,31.5464
224.6,8.288,1.2,-73.0,193672.0,43.6,32.31195
221.8,8.288,1.2,-64.0,193676.0,43.6,32.86965
1.444,7.9728,190.7085,-77.5567,194054.9937,43.6673,31.5472
2.5042,7.2097,192.1569,-78.247,194054.3815,43.5547,31.9125
2.3408,7.5758,188.1512,-77.6105,194054.8975,43.4904,31.6689
2.7674,7.7784,189.6258,-78.7419,194056.2236,43.7763,31.5478
4.3586,7.5062,185.9103,-77.7794,194056.3134,43.5846,31.7193
2.0267,7.3141,191.7421,-78.9161,194055.8767,43.5265,31.4585
228.0,8.144,-98.8,-69.0,193676.0,44.6,33.09488
222.3,8.288,1.2,-80.0,193676.0,42.6,30.94986
2.0509,7.6269,191.046,-78.2175,194055.7334,43.5104,31.6647
223.9,8.288,1.2,-75.0,193672.0,42.6,32.01164
2.6824,7.1617,189.1801,-78.9647,194054.902,43.4879,31.7485
213.2,8.288,1.2,-82.0,193676.0,45.6,30.67101
229.1,8.152,-99.2,-70.0,193676.0,43.6,32.94473
3.0123,7.1213,185.1999,-77.692,194056.152,43.7218,31.7169
223.1,8.288,1.2,-79.0,193672.0,42.6,31.11073
218.8,8.288,1.2,-79.0,193672.0,42.6,31.01421
2.9904,7.4574,187.3906,-78.2517,194054.6134,43.6637,31.8925
223.8,8.288,1.2,-72.0,193676.0,41.6,30.92841
2.4957,7.7058,189.1904,-77.3987,194057.2558,43.8208,31.6866
3.852,7.0189,191.5806,-78.316,194056.5929,43.4876,31.6011
225.4,8.288,1.2,-87.0,193676.0,42.6,31.36814
2.7461,7.8983,189.1767,-78.8779,194056.1236,43.8369,31.7636
218.4,8.28,1.2,-86.0,193672.0,41.6,30.84261
217.1,8.288,1.2,-78.0,193672.0,44.6,30.67101
2.304,7.7716,190.7533,-78.1554,194056.0025,43.7734,31.8226
219.9,8.288,1.2,-71.0,193672.0,42.6,31.03566
2.5822,7.6489,191.0378,-78.0287,194055.571,43.5967,31.7514
1.4831,7.0981,190.7363,-77.5468,194058.0059,43.8843,31.7964
4.8484,7.7873,189.279,-78.0178,194055.5794,43.6866,31.8937
221.7,8.112,-149.2,-63.0,194056.0,43.6,32.8053
3.2835,7.4272,189.0008,-78.1416,194056.6032,43.6216,31.8549
1.2666,7.0458,189.4521,-79.2672,194055.3765,43.649,31.6508
1.6098,7.2321,190.1981,-78.9854,194056.8659,43.4138,31.6601
221.9,8.288,1.2,-64.0,193672.0,43.6,32.55862
222.4,8.288,1.2,-83.0,193676.0,42.6,31.79714
1.9436,7.2476,189.0619,-78.182,194055.4421,43.5452,31.7677
221.2,8.288,1.2,-73.0,193676.0,41.6,30.93913
225.3,8.288,1.2,-65.0,193672.0,43.6,32.44065
4.1887,7.4856,188.7395,-78.3467,194054.5864,43.5896,31.7228
1.7081,7.2343,189.8095,-78.8417,194056.0381,43.7818,31.5623
218.1,8.288,1.2,-74.0,193676.0,41.6,30.83188
4.6251,7.1868,189.7584,-77.5786,194055.7265,43.674,31.6927
3.8649,7.385,186.1502,-78.1948,194055.5762,43.6753,31.7874
226.3,8.288,1.2,-79.0,193672.0,42.6,31.99019
223.6,8.288,1.2,-79.0,192100.0,42.6,31.12146
219.9,8.288,1.2,-76.0,193672.0,42.6,31.10001
3.5867,7.8559,191.286,-78.2383,194053.9732,43.4664,31.5807
227.7,8.288,1.2,-65.0,193672.0,43.6,32.03309
224.2,8.12,-124.8,-64.0,193684.0,43.6,32.85892
3.9596,7.1032,191.2076,-79.1795,194056.3072,43.701,31.5145
228.3,8.288,1.2,-68.0,193628.0,43.6,32.99835
0.8473,7.2237,191.5666,-77.2408,194054.3971,43.7228,31.7562
4.5855,7.3272,190.69,-77.4993,194056.0456,43.8395,31.7132
2.5013,7.0159,188.2533,-78.196,194057.7989,43.719,31.5352
1.2792,7.9482,190.3652,-79.3057,194056.1602,43.6629,31.633
224.8,8.288,1.2,-84.0,193672.0,41.6,31.12146
1.2344,7.8363,182.7394,-78.4333,194056.0105,43.7787,31.5635
220.8,8.288,1.2,-63.0,193676.0,43.6,32.86965
4.2784,7.1686,188.7789,-77.2864,194056.2245,43.9106,31.6095
224.4,8.288,1.2,-77.0,193672.0,42.6,31.15364
4.6027,7.8891,190.4461,-78.5557,194055.8655,43.7376,31.6802
226.0,8.288,1.2,-78.0,193676.0,42.6,30.77826
228.8,8.288,1.2,-82.0,193676.0,43.6,31.90439
2.2643,7.9292,189.311,-78.3967,194056.7573,43.5422,31.6974
224.8,8.136,-115.2,-76.0,193676.0,43.6,32.88037
2.9502,7.1057,186.9492,-77.6413,194056.2282,43.4637,31.6122
229.0,8.152,-97.2,-68.0,193676.0,44.6,33.00908
228.0,8.288,1.2,-70.0,193676.0,42.6,32.09744
224.9,8.288,1.2,-82.0,193672.0,42.6,31.35741
226.8,8.288,1.2,-69.0,193672.0,43.6,32.36557
3.692,7.4931,192.3978,-78.3125,194055.4292,43.5855,31.5614
229.8,8.152,-96.8,-69.0,193676.0,44.6,33.04125
1.4082,7.5572,189.1497,-77.6717,194056.5805,43.6575,31.6608
0.1994,7.2332,190.1706,-78.0661,194057.2171,43.4878,31.7341
229.5,8.288,1.2,-65.0,193676.0,43.6,33.05198
224.3,8.288,1.2,-79.0,193672.0,42.6,31.42176
1.9709,7.3619,195.4947,-78.1235,194056.6634,43.6271,31.7509
226.3,8.296,1.2,-83.0,192100.0,42.6,31.30379
3.5484,7.5499,190.2224,-78.0283,194055.5066,43.4022,31.9809
3.976,7.4108,192.2019,-78.1191,194056.1399,43.6927,31.527
225.7,8.296,1.2,-65.0,193676.0,43.6,32.95545
1.7801,7.5231,191.2234,-79.1675,194055.7437,43.6113,31.7685
0.9766,7.5217,188.5674,-78.4038,194056.279,43.6107,31.7351
221.8,8.288,1.2,-82.0,193672.0,42.6,31.08928
223.8,8.288,1.2,-77.0,193672.0,41.6,30.83188
227.8,8.296,1.2,-76.0,192104.0,41.6,30.78898
4.3623,7.666,188.9758,-77.972,194056.9192,43.4888,31.6969
4.2893,7.7442,190.7587,-78.1797,194056.0175,43.6759,31.8007
215.0,8.28,1.2,-70.0,193676.0,41.6,30.66028
229.2,8.288,1.2,-65.0,193676.0,43.6,33.08415
220.7,8.288,1.2,-77.0,193672.0,44.6,30.68173
1.4214,7.2618,189.797,-77.8066,194057.4401,43.6032,31.7184
229.7,8.152,-95.2,-69.0,193676.0,44.6,33.0627
2.643,7.7205,189.5153,-78.1315,194055.6887,43.617,31.6632
2.6692,7.9631,186.9865,-78.7153,194057.3157,43.5678,31.7267
2.4709,7.0731,192.2418,-78.2059,194056.1723,43.6427,31.7578
222.1,8.288,1.2,-77.0,193676.0,41.6,30.90696
223.6,8.288,1.2,-80.0,193672.0,41.6,30.85333
226.6,8.288,1.2,-75.0,193676.0,42.6,31.63626
4.6765,7.5014,189.9647,-78.2001,194056.3253,43.5203,31.6489
225.4,8.288,1.2,-71.0,193672.0,43.6,32.18324
226.1,8.288,1.2,-74.0,193676.0,42.6,31.70061
226.1,8.288,1.2,-77.0,193672.0,41.6,30.78898
4.5047,7.5232,190.305,-77.5463,194055.8011,43.4802,31.7368
2.1352,7.6818,188.927,-78.8086,194054.9299,43.5481,31.602
0.9734,7.2514,192.6511,-78.1875,194054.9435,43.7011,31.7745
3.7094,7.1811,189.3143,-78.6498,194056.1556,43.7479,31.5254
3.2349,7.14,186.7991,-77.5262,194056.0104,43.8114,31.5868
4.7714,7.8757,191.6022,-78.064,194056.5113,43.5962,31.613
222.5,8.288,1.2,-84.0,193676.0,42.6,31.36814
224.3,8.288,1.2,-76.0,193672.0,42.6,31.45394
4.6688,7.4769,190.9703,-77.9116,194055.7634,43.5865,31.6538
4.9404,7.7115,186.428,-79.4369,194056.4482,43.6658,31.7596
219.7,8.112,-229.2,-73.0,194056.0,43.6,32.07599
2.3377,7.3763,191.6332,-78.3111,194055.739,43.5093,31.7679
2.8859,7.2601,192.1587,-78.9139,194055.9359,43.5715,31.5771
4.5328,7.5292,191.6804,-78.4477,194055.6595,43.7242,31.7971
1.0196,7.2647,189.4712,-77.8082,194055.4495,43.666,31.867
219.5,8.288,1.2,-79.0,193676.0,41.6,31.06783
218.5,8.12,-136.0,-66.0,193684.0,44.6,32.81602
1.667,7.3898,189.6022,-77.794,194056.2099,43.6274,31.5985
0.8522,7.4062,189.2197,-77.6084,194055.144,43.5494,31.6363
3.8643,7.0094,188.6165,-78.132,194056.9486,43.6387,31.4395
223.0,8.144,-102.8,-72.0,193676.0,43.6,32.9769
3.4,7.7272,190.4554,-77.9601,194057.233,43.4954,31.7735
1.5101,7.7982,187.6056,-78.6068,194055.1254,43.652,31.4347
226.9,8.288,1.2,-78.0,193672.0,42.6,31.38959
3.0754,7.6625,189.7177,-77.4734,194055.0657,43.4464,31.5449
216.2,8.128,-231.2,-78.0,194056.0,43.6,32.505
1.5586,7.338,187.8923,-78.3503,194055.2665,43.4902,31.516
1.9313,7.0087,188.8836,-78.6733,194055.1655,43.5812,31.6641
3.1559,7.4526,190.5498,-78.5464,194055.52,43.6898,31.7671
3.816,7.9329,191.2873,-77.3088,194056.1349,43.4886,31.6594
223.4,8.288,1.2,-70.0,193676.0,43.6,32.79457
228.8,8.144,-103.6,-66.0,193628.0,43.6,33.13778
1.2604,7.4036,187.5247,-78.4482,194056.278,43.5983,31.7571
1.9486,7.2428,185.4585,-77.792,194057.6986,43.5509,31.7869
223.8,8.288,1.2,-78.0,193672.0,41.6,30.83188
1.2023,7.7662,191.9846,-77.9613,194055.1982,43.5174,31.5832
4.6806,7.8563,188.6125,-78.8739,194055.9206,43.5345,31.8117
2.887,7.8525,188.2768,-77.7909,194055.4289,43.6641,32.0989
0.7818,7.6537,191.8367,-77.8829,194056.2117,43.5519,31.7051
223.3,8.288,1.2,-79.0,193672.0,43.6,32.23687
227.7,8.288,1.2,-74.0,193672.0,43.6,32.25832
2.1332,7.7318,192.1152,-78.1023,194054.9961,43.5784,31.8729
224.8,8.288,1.2,-73.0,193672.0,43.6,32.17252
224.6,8.288,1.2,-80.0,193676.0,41.6,30.93913
225.2,8.288,1.2,-81.0,193672.0,41.6,31.20726
2.0088,7.7068,190.4465,-77.4353,194057.7425,43.7278,31.6495
4.8016,7.4648,190.7291,-78.8676,194056.4815,43.5566,31.5898
0.8997,7.435,193.0593,-78.4863,194054.977,43.6053,31.6858
225.2,8.288,1.2,-74.0,193672.0,42.6,32.15107
225.1,8.288,1.2,-75.0,193672.0,43.6,32.34412
2.7493,7.2742,188.1632,-77.6539,194055.3814,43.5773,31.7558
1.0058,7.7219,188.705,-78.2587,194057.1818,43.7225,31.7608
227.6,8.288,1.2,-74.0,193672.0,42.6,32.14034
222.1,8.288,1.2,-80.0,193672.0,41.6,30.82116
3.8091,7.2162,191.5294,-78.1655,194054.8837,43.7127,31.7881
222.1,8.28,1.2,-84.0,193672.0,41.6,31.14291
220.5,8.152,-233.2,-73.0,194056.0,44.6,32.6337
225.8,8.136,-115.2,-77.0,193676.0,43.6,32.90182
222.5,8.288,1.2,-83.0,193676.0,42.6,31.67916
4.0909,7.2403,186.6051,-76.797,194056.2447,43.6335,31.5771
0.5211,7.1761,194.0765,-77.9274,194056.7581,43.6116,31.7353
3.6,7.1544,191.4021,-78.0508,194055.0045,43.6465,31.8188
226.6,8.288,1.2,-71.0,193672.0,43.6,32.11889
4.3477,7.6679,189.4442,-77.0242,194056.0591,43.7227,31.7938
224.7,8.288,1.2,-87.0,193672.0,44.6,30.60666
227.6,8.288,1.2,-74.0,193672.0,42.6,32.27977
224.9,8.288,1.2,-74.0,193672.0,42.6,32.04382
225.8,8.288,1.2,-79.0,193676.0,42.6,31.12146
225.7,8.288,1.2,-83.0,193672.0,42.6,31.55046
1.2498,7.1867,190.6059,-77.9714,194055.5699,43.4053,31.7587
224.6,8.288,1.2,-79.0,193672.0,43.6,32.2047
227.4,8.288,1.2,-76.0,193676.0,42.6,30.89623
2.2288,7.9448,189.3489,-77.7864,194053.6066,43.6121,31.6914
0.3101,7.3758,190.9787,-77.9449,194054.9965,43.4631,31.6031
0.2112,7.7146,187.1667,-76.7612,194056.3826,43.5263,31.792
2.6307,7.6305,188.8691,-78.0359,194053.9551,43.6309,31.6693
0.6115,7.0143,187.682,-78.1275,194056.876,43.5958,31.6441
4.4748,7.759,191.5763,-76.6459,194056.8093,43.5449,31.6785
214.6,8.288,1.2,-79.0,193672.0,44.6,30.70318
3.7451,7.364,191.7584,-78.1012,194056.9135,43.5806,31.7685
220.1,8.288,1.2,-83.0,193668.0,45.6,30.57448
219.4,8.288,1.2,-75.0,193676.0,41.6,30.88551
221.6,8.28,1.2,-74.0,193628.0,41.6,30.90696
223.4,8.288,1.2,-73.0,193672.0,43.6,31.91512
224.9,8.288,1.2,-74.0,193672.0,43.6,32.2047
212.9,8.288,1.2,-83.0,193676.0,41.6,30.77826
2.2363,7.4297,191.6702,-78.7062,194056.3847,43.5596,31.7072
222.0,8.288,1.2,-81.0,193672.0,41.6,30.94986
2.0876,7.0256,191.1354,-78.2424,194055.7236,43.5254,31.6691
4.5638,7.8957,191.5237,-77.791,194055.417,43.5318,31.6411
4.318,7.5721,189.8119,-77.5624,194055.913,43.6661,31.7452
224.3,8.288,1.2,-78.0,193672.0,42.6,31.41104
3.6824,7.6321,190.3638,-78.6445,194057.1493,43.6881,31.7791
221.1,8.288,1.2,-88.0,193672.0,41.6,30.83188
224.5,8.28,1.2,-73.0,193672.0,43.6,32.09744
3.0357,7.3011,194.5976,-78.7828,194057.1034,43.564,31.5498
1.0079,7.0677,192.6596,-78.1515,194056.7847,43.5818,31.6298
2.8037,7.3745,189.8446,-78.0368,194054.4383,43.5016,31.8363
1.3771,7.1515,189.9582,-77.0151,194056.1937,43.6432,31.6297
224.7,8.288,1.2,-78.0,193672.0,41.6,30.78898
2.3699,7.0125,192.6363,-77.2787,194055.1961,43.5354,31.6562
222.1,8.288,1.2,-84.0,193676.0,42.6,31.59336
4.5715,7.9937,189.9618,-78.2262,194056.8022,43.562,31.6185
3.0853,7.0226,192.8136,-78.1415,194054.6891,43.6651,31.5807
217.0,8.264,1.2,-82.0,193672.0,44.6,30.68173
216.2,8.12,-229.6,-77.0,194056.0,43.6,32.3334
4.0965,7.5776,192.1584,-77.5078,194054.5819,43.474,31.5962
0.652,7.7108,189.803,-78.2824,194057.0301,43.664,31.8247
218.4,8.168,-230.0,-70.0,194056.0,43.6,32.78385
2.3465,7.3986,194.1124,-77.6947,194057.0149,43.654,31.7473
224.3,8.288,1.2,-75.0,193676.0,43.6,32.01164
226.3,8.288,1.2,-66.0,193672.0,43.6,32.18324
4.5383,7.3225,192.5198,-77.8865,194056.3821,43.6415,31.7651
224.4,8.28,1.2,-74.0,193676.0,42.6,31.41104
219.9,8.288,1.2,-79.0,193672.0,41.6,30.83188
3.2922,7.7958,191.755,-77.6093,194055.8979,43.6836,31.6531
1.9105,7.7806,191.2117,-79.0949,194055.4533,43.737,31.6455
0.0729,7.1858,191.8703,-77.9274,194055.0112,43.5413,31.6917
222.4,8.136,-146.0,-64.0,193684.0,43.6,32.85892
222.7,8.288,1.2,-80.0,193676.0,42.6,31.80787
228.2,8.288,1.2,-81.0,193676.0,43.6,31.90439
225.1,8.288,1.2,-75.0,193672.0,42.6,31.37886
4.2183,7.9192,190.2604,-77.8173,194054.7568,43.622,31.6415
2.6744,7.4519,194.1524,-78.4789,194055.3065,43.7923,31.7778
223.4,8.288,1.2,-80.0,193672.0,42.6,31.06783
225.4,8.288,1.2,-69.0,193676.0,43.6,33.08415
2.191,7.2825,186.566,-77.9189,194055.0182,43.5887,31.6454
221.5,8.12,-153.2,-67.0,194056.0,43.6,32.81602
0.8487,7.0356,196.4028,-78.0051,194055.3272,43.8098,31.7631
220.5,8.136,-159.2,-65.0,193684.0,44.6,32.78385
0.9568,7.5399,190.8476,-77.8229,194054.3052,43.6445,31.6816
224.9,8.288,1.2,-64.0,193672.0,43.6,32.78385
1.961,7.9241,190.2389,-77.9953,194055.3041,43.7537,31.653
4.8646,7.9839,189.5655,-76.6606,194055.7789,43.6726,31.7702
0.6149,7.7588,192.7099,-77.5815,194056.2147,43.4846,31.6852
227.4,8.288,1.2,-74.0,193672.0,43.6,32.04382
223.2,8.288,1.2,-84.0,192100.0,41.6,31.05711
0.378,7.5366,191.6505,-77.8017,194055.0698,43.6005,31.8303
3.4765,7.8524,190.3152,-77.8735,194055.4605,43.5401,31.7292
224.7,8.288,1.2,-73.0,193672.0,42.6,31.93657
2.3242,7.845,187.1655,-76.9689,194057.138,43.6351,31.8018
230.9,8.288,1.2,-78.0,193676.0,41.6,30.92841
213.6,8.288,1.2,-78.0,193676.0,44.6,30.67101
4.8843,7.3546,192.3771,-78.402,194056.4232,43.7081,31.648
228.0,8.288,1.2,-69.0,193676.0,42.6,32.12962
4.6208,7.2578,186.5789,-77.9923,194055.0915,43.5052,31.7684
2.2495,7.1456,193.2897,-77.1522,194055.1908,43.6517,31.6604
4.3465,7.4141,188.5765,-78.2277,194055.5241,43.5324,31.6462
219.9,8.288,1.2,-79.0,193676.0,45.6,30.5423
1.4034,7.3023,188.5664,-77.256,194056.2723,43.718,31.6994
1.8125,7.3739,188.4831,-77.5616,194054.2427,43.6027,31.576
222.1,8.288,1.2,-74.0,193672.0,41.6,30.83188
3.3666,7.421,187.9005,-77.9217,194055.6386,43.6323,31.6159
1.9532,7.5166,192.7245,-78.6631,194054.4612,43.6899,31.8633
221.1,8.288,1.2,-73.0,193676.0,41.6,30.85333
4.1222,7.1181,185.3605,-78.388,194056.3864,43.6519,31.6288
1.9786,7.0909,189.7213,-77.8436,194057.5273,43.5867,31.6406
1.841,7.1453,187.592,-77.98,194054.5833,43.5875,31.8688
4.0077,7.3739,193.2572,-77.941,194056.4131,43.5579,31.7416
0.4131,7.5802,191.6304,-77.2192,194056.3941,43.5671,31.8069
3.9415,7.0587,192.7649,-77.2122,194056.5984,43.5506,31.7289
2.0673,7.7557,191.4624,-78.2773,194055.1536,43.5599,31.7165
224.4,8.288,1.2,-78.0,193672.0,42.6,31.41104
224.3,8.288,1.2,-73.0,191192.0,43.6,32.15107
224.4,8.288,1.2,-79.0,193672.0,42.6,31.46466
217.0,8.288,1.2,-81.0,193676.0,41.6,30.78898
212.1,8.288,1.2,-81.0,193676.0,41.6,30.76753
0.1526,7.5211,190.4935,-78.0299,194056.513,43.6703,31.685
226.0,8.288,1.2,-78.0,193656.0,42.6,30.73536
217.8,8.288,1.2,-78.0,193672.0,41.6,30.78898
215.7,8.128,-231.6,-78.0,194056.0,43.6,32.47282
4.5809,7.6143,191.6826,-79.0644,194055.7728,43.4942,31.7217
230.1,8.128,-122.8,-69.0,192092.0,45.6,33.07343
2.784,7.7204,191.9693,-78.1853,194054.7749,43.525,31.811
1.298,7.7033,192.4689,-77.9663,194054.4306,43.807,31.7514
222.0,8.288,1.2,-73.0,193676.0,44.6,30.73536
3.5563,7.2783,189.2411,-78.3166,194056.6383,43.5699,31.5999
213.6,8.288,1.2,-81.0,193676.0,44.6,30.68173
2.7023,7.9778,192.9708,-77.2819,194056.4422,43.6826,31.5496
2.3473,7.0533,190.0323,-78.6431,194055.5477,43.6267,31.5912
1.7439,7.9374,189.3558,-77.8183,194056.0721,43.6735,31.8334
225.4,8.28,1.2,-74.0,193672.0,43.6,32.38702
3.0618,7.011,189.8562,-77.0773,194057.2196,43.7546,31.6054
224.4,8.288,1.2,-82.0,193672.0,43.6,31.51829
218.5,8.288,1.2,-75.0,193676.0,41.6,30.82116
222.2,8.28,1.2,-79.0,193676.0,41.6,30.88551
1.7153,7.0678,191.1729,-78.1762,194055.2743,43.6736,31.6722
4.725,7.9928,190.832,-77.665,194056.5148,43.5454,31.5962
221.6,8.288,1.2,-76.0,193676.0,41.6,30.90696
220.5,8.288,1.2,-78.0,193676.0,44.6,30.57448
225.6,8.288,1.2,-78.0,193676.0,41.6,30.91768
2.0979,7.6324,190.5641,-78.0822,194055.7885,43.5838,31.6858
226.9,8.28,1.2,-83.0,193672.0,42.6,31.35741
222.7,8.144,-106.4,-70.0,193676.0,44.6,32.934
3.5411,7.1731,190.9023,-78.0577,194057.4477,43.5458,31.6584
3.3255,7.172,190.6492,-77.9788,194055.5319,43.6531,31.6285
4.3003,7.884,189.025,-78.6053,194055.7508,43.5598,31.5947
2.9481,7.9633,188.6196,-77.724,194054.1193,43.4771,31.5813
218.7,8.288,1.2,-86.0,193672.0,41.6,30.82116
222.5,8.28,1.2,-74.0,193676.0,41.6,30.92841
226.4,8.288,1.2,-77.0,193656.0,42.6,31.37886
229.3,8.288,1.2,-75.0,193672.0,42.6,31.97947
227.7,8.288,1.2,-71.0,193672.0,43.6,32.14034
225.8,8.288,1.2,-80.0,193676.0,44.6,30.55303
1.0772,7.636,189.4931,-77.6826,194055.1056,43.5097,31.9311
225.0,8.12,-118.4,-76.0,193676.0,43.6,32.86965
3.5654,7.1546,191.6847,-77.9983,194054.758,43.4316,31.8603
0.6516,7.2172,192.5369,-78.6943,194056.2279,43.5042,31.745
2.6951,7.8408,189.1982,-77.7408,194056.0242,43.5188,31.4942
1.6216,7.9629,193.376,-78.8787,194056.1166,43.7604,31.7747
3.0438,7.1415,188.5329,-78.2362,194055.3788,43.6205,31.6868
224.2,8.288,1.2,-73.0,193672.0,43.6,32.32267
1.5033,7.1368,190.2945,-78.0085,194055.4634,43.6703,31.6292
0.7954,7.1839,188.5393,-78.2146,194056.9778,43.6166,31.751
0.6538,7.6568,191.9591,-77.778,194057.8446,43.6252,31.8517
3.8544,7.2159,190.83,-77.7474,194056.8568,43.6284,31.6901
223.0,8.12,-152.8,-62.0,193692.0,43.6,32.78385
227.1,8.296,1.2,-66.0,193672.0,43.6,32.42992
1.9167,7.5262,189.3144,-78.7319,194054.012,43.7351,31.6255
221.0,8.144,-106.4,-73.0,193676.0,44.6,32.94473
228.0,8.288,1.2,-76.0,192104.0,42.6,30.86406
0.0573,7.8767,189.2122,-77.7803,194056.0072,43.5418,31.7522
0.6582,7.5641,192.0749,-77.8807,194057.3978,43.6239,31.6473
2.8394,7.5493,189.3026,-77.7747,194056.3201,43.7614,31.448
220.1,8.288,1.2,-81.0,193672.0,42.6,30.88551
1.7059,7.2139,191.743,-78.3667,194056.9889,43.6448,31.7409
224.5,8.288,1.2,-74.0,193672.0,43.6,32.32267
225.8,8.288,1.2,-78.0,193672.0,42.6,31.97947
223.3,8.288,1.2,-83.0,193620.0,43.6,31.05711
1.3637,7.5205,188.2994,-77.0058,194056.1711,43.6999,31.7375
1.0148,7.937,188.9071,-78.0732,194056.4053,43.3994,31.562
0.3753,7.0558,190.4464,-78.2452,194054.3369,43.7885,31.4343
3.1279,7.5833,192.5629,-78.3833,194056.8138,43.6628,31.7476
225.8,8.136,-110.0,-75.0,193628.0,46.6,32.94473
230.0,8.288,1.2,-88.0,193676.0,45.6,30.53158
4.3225,7.3866,186.0625,-78.4682,194055.9624,43.4492,31.5285
0.187,7.3414,188.1021,-79.4806,194057.4053,43.5732,31.6626
219.7,8.12,-153.6,-66.0,190908.0,43.6,32.77312
0.5405,7.2721,184.4951,-78.1377,194056.1163,43.6109,31.7572
4.7839,7.9475,187.5006,-78.3546,194056.3691,43.5942,31.6739
1.8981,7.977,192.8041,-77.8615,194055.8392,43.6849,31.6891
2.4031,7.8687,188.433,-78.1313,194054.8265,43.6253,31.8005
212.2,8.288,1.2,-79.0,193676.0,44.6,30.70318
1.3399,7.0351,187.2351,-78.2608,194056.0675,43.5242,31.7103
214.3,8.288,1.2,-75.0,193676.0,41.6,30.66028
226.4,8.28,1.2,-78.0,193672.0,42.6,31.41104
226.5,8.288,1.2,-73.0,193676.0,42.6,31.72206
215.6,8.288,1.2,-77.0,193676.0,41.6,30.74608
222.2,8.296,1.2,-64.0,193672.0,43.6,32.4621
227.0,8.296,1.2,-79.0,193672.0,42.6,30.87478
0.738,7.4628,193.9689,-78.4399,194056.0483,43.4201,31.9703
2.3113,7.7541,193.0711,-78.1753,194055.7483,43.6457,31.8249
4.4172,7.7783,188.6409,-78.3475,194055.2885,43.5676,31.7889
225.1,8.288,1.2,-82.0,193672.0,41.6,31.41104
216.5,8.288,1.2,-77.0,193676.0,44.6,30.72463
227.2,8.288,1.2,-76.0,193672.0,41.6,30.93913
2.7413,7.458,191.4756,-77.3444,194053.6569,43.5272,31.5246
1.2085,7.7783,191.6075,-78.7216,194055.0577,43.6415,31.6447
213.9,8.288,1.2,-83.0,193676.0,41.6,30.67101
2.9339,7.8436,187.9897,-77.0185,194056.8904,43.7082,31.6403
224.4,8.288,1.2,-75.0,193672.0,42.6,31.45394
2.0676,7.3806,189.4884,-77.7517,194055.1271,43.6484,31.6377
221.8,8.288,1.2,-65.0,193672.0,43.6,32.4192
218.3,8.288,1.2,-79.0,193628.0,45.6,30.70318
4.9393,7.4469,191.3195,-77.2506,194055.9039,43.4587,31.6863
224.5,8.288,1.2,-78.0,193676.0,42.6,30.94986
228.6,8.288,1.2,-79.0,193676.0,43.6,30.5423
219.3,8.104,-230.0,-84.0,194056.0,43.6,31.96874
0.7973,7.2859,188.7775,-77.6932,194055.2804,43.5204,31.7177
224.6,8.288,1.2,-74.0,193672.0,42.6,32.32267
219.4,8.288,1.2,-76.0,193676.0,42.6,31.47539
227.9,8.288,1.2,-81.0,193676.0,42.6,31.90439
2.78,7.1421,186.7749,-77.5345,194057.2279,43.4034,31.8436
227.9,8.288,1.2,-72.0,193672.0,43.6,32.2905
219.5,8.12,-162.8,-70.0,194056.0,43.6,32.74095
226.1,8.288,1.2,-79.0,193676.0,41.6,30.88551
1.1205,7.0386,188.9481,-77.7153,194056.0186,43.5543,31.7133
3.9338,7.0024,189.7835,-79.1321,194056.3552,43.5409,31.6929
226.0,8.288,1.2,-82.0,193672.0,42.6,31.55046
1.7157,7.2491,190.6235,-78.3751,194055.1798,43.543,31.8228
0.5316,7.5334,187.8633,-78.5285,194055.6657,43.6147,31.6289
3.412,7.639,191.808,-77.6123,194053.8467,43.626,31.7789
226.6,8.288,1.2,-72.0,191192.0,43.6,32.10817
1.4675,7.7045,190.1171,-77.9581,194057.3183,43.4087,31.8418
221.8,8.288,1.2,-79.0,193676.0,42.6,31.10001
225.9,8.288,1.2,-76.0,193672.0,42.6,31.35741
2.5712,7.6065,188.6961,-77.4543,194054.3221,43.6271,31.7925
0.7135,7.4258,191.1778,-78.2709,194057.2887,43.6446,31.7565
226.1,8.288,1.2,-83.0,193672.0,42.6,31.23944
0.9152,7.4214,189.0274,-77.515,194055.9515,43.7337,31.67
225.9,8.288,1.2,-75.0,193676.0,42.6,31.73279
2.6183,7.0743,189.6137,-78.5961,194055.1137,43.4858,31.6749
223.6,8.288,1.2,-74.0,193672.0,43.6,32.3763
224.6,8.12,-117.6,-85.0,193676.0,43.6,32.79457
225.3,8.288,1.2,-74.0,193672.0,42.6,31.93657
226.8,8.288,1.2,-76.0,193656.0,41.6,30.77826
0.8994,7.6591,190.1873,-78.393,194054.9573,43.6053,31.78
226.7,8.288,1.2,-86.0,193676.0,44.6,30.60666
220.3,8.168,-233.2,-71.0,194056.0,43.6,32.73022
4.2605,7.838,190.5744,-77.9951,194053.9689,43.6876,31.7629
223.5,8.288,1.2,-79.0,193672.0,42.6,31.08928
0.0793,7.5274,190.8647,-78.0333,194055.1783,43.6824,31.7859
2.6502,7.517,188.8644,-78.0967,194054.3981,43.5148,31.6993
2.8648,7.3718,190.9324,-77.804,194055.7238,43.5632,31.6836
3.8035,7.781,192.0178,-77.9123,194055.9923,43.6331,31.6978
2.0797,7.097,193.3757,-78.0472,194056.7752,43.6135,31.7162
0.8002,7.3462,187.9247,-77.6514,194056.6059,43.7549,31.7746
225.0,8.288,1.2,-66.0,192100.0,43.6,32.22615
222.3,8.288,1.2,-67.0,193676.0,43.6,33.08415
226.5,8.288,1.2,-74.0,193672.0,43.6,32.26905
3.4704,7.8759,189.0972,-77.5985,194056.5948,43.6281,31.706
3.6871,7.2833,191.9502,-78.2587,194056.0903,43.4261,31.6814
221.3,8.144,-231.6,-71.0,194064.0,43.6,32.58007
223.5,8.288,1.2,-80.0,193672.0,42.6,31.53974
2.2432,7.7894,189.8341,-76.7908,194055.3986,43.6261,31.7664
2.7216,7.0827,192.8882,-77.4872,194056.3471,43.8833,31.7796
4.4388,7.6125,190.4453,-78.6264,194057.1476,43.4863,31.6468
1.0331,7.7773,191.9897,-77.926,194055.4462,43.5614,31.9943
222.3,8.288,1.2,-64.0,193672.0,43.6,32.40847
0.3598,7.2308,187.0804,-77.5737,194056.3292,43.5018,31.6482
3.916,7.507,190.4272,-77.9191,194059.1958,43.6776,31.5795
4.3393,7.4133,186.9631,-78.1491,194057.8118,43.7261,31.5296
4.5574,7.5378,187.7146,-77.6013,194054.8918,43.6263,31.7677
3.6699,7.4145,190.3483,-78.0767,194056.3084,43.5427,31.6575
2.5582,7.634,193.664,-78.1751,194055.5896,43.5667,31.7139
224.8,8.28,1.2,-74.0,193676.0,42.6,31.51829
221.2,8.288,1.2,-81.0,193636.0,44.6,30.56376
225.9,8.288,1.2,-81.0,193676.0,42.6,31.15364
228.2,8.288,1.2,-67.0,193628.0,44.6,32.98763
224.2,8.288,1.2,-80.0,193672.0,41.6,31.02493
223.7,8.128,-115.6,-72.0,193676.0,43.6,32.88037
226.6,8.288,1.2,-75.0,193676.0,42.6,31.70061
212.1,8.28,1.2,-80.0,193676.0,45.6,30.68173
225.5,8.288,1.2,-67.0,193672.0,43.6,32.18324
227.4,8.288,1.2,-68.0,193676.0,43.6,33.03053
225.8,8.288,1.2,-78.0,193672.0,43.6,31.92584
2.2938,7.536,191.6295,-77.1621,194056.0382,43.4039,31.7778
4.5527,7.9888,191.6064,-77.7741,194054.7797,43.3315,31.7271
1.4659,7.5962,189.9055,-78.0928,194055.6496,43.5944,31.6596
2.5176,7.5204,189.6725,-77.8816,194056.9314,43.7214,31.8654
4.8012,7.6866,187.7696,-78.5266,194055.7784,43.614,31.7549
3.366,7.7831,189.0538,-77.7906,194055.4347,43.5894,31.6506
2.3929,7.2386,188.7675,-78.3378,194056.2947,43.4534,31.8855
224.2,8.12,-119.2,-77.0,193676.0,43.6,32.85892
2.5608,7.8297,187.1244,-78.1259,194055.617,43.5242,31.7398
2.3417,7.402,189.9012,-77.7097,194056.4205,43.7205,31.7933
2.8567,7.7842,194.7889,-78.56,194055.847,43.5397,31.6688
225.5,8.28,1.2,-74.0,193672.0,41.6,30.91768
2.761,7.8998,189.4313,-77.3924,194057.274,43.4549,31.8388
225.7,8.288,1.2,-88.0,193672.0,42.6,31.37886
216.4,8.112,-223.6,-80.0,192484.0,43.6,32.2905
223.2,8.28,1.2,-85.0,193672.0,41.6,31.04638
222.6,8.288,1.2,-71.0,193672.0,42.6,30.64956
222.4,8.288,1.2,-79.0,193680.0,44.6,30.67101
1.3348,7.3063,191.0481,-77.6837,194058.2065,43.7843,31.8278
4.6377,7.6171,187.4909,-78.3062,194057.1406,43.5038,31.5617
3.2805,7.8126,189.0529,-77.8266,194057.2679,43.7393,31.8604
0.4055,7.231,190.6847,-77.4211,194057.1195,43.6181,31.756
0.9752,7.1442,191.8468,-77.7456,194056.4613,43.4643,31.4725
3.028,7.6992,186.1802,-79.1692,194055.9734,43.6829,31.5969
3.1001,7.7359,189.2754,-78.2755,194054.9811,43.5524,31.7098
216.7,8.288,1.2,-81.0,193676.0,41.6,30.78898
223.2,8.136,-110.0,-77.0,193676.0,44.6,32.934
0.5951,7.6408,189.9303,-77.4188,194054.7272,43.6371,31.6529
3.5678,7.5128,191.412,-77.9311,194055.0267,43.6636,31.6659
2.5094,7.699,190.9532,-78.1636,194056.3569,43.5778,31.7569
222.9,8.288,1.2,-81.0,193676.0,43.6,30.57448
1.767,7.7291,191.84,-78.4529,194055.2238,43.5239,31.7928
1.0555,7.8127,191.541,-77.8299,194054.4511,43.3943,31.6202
225.2,8.288,1.2,-74.0,193672.0,43.6,32.18324
4.6544,7.0043,190.2281,-78.1982,194055.8796,43.4743,31.4741
213.1,8.288,1.2,-75.0,193676.0,41.6,30.67101
227.3,8.288,1.2,-73.0,193672.0,42.6,32.12962
3.2279,7.4507,193.4614,-77.8872,194057.3459,43.6499,31.5258
225.8,8.288,1.2,-82.0,193672.0,42.6,31.56119
3.741,7.0871,188.7113,-78.371,194057.7504,43.584,31.7391
3.6619,7.2529,188.697,-77.4113,194055.6867,43.6621,31.9432
4.2809,7.1507,191.7167,-77.4312,194054.3626,43.5075,31.6451
227.3,8.28,1.2,-73.0,193672.0,43.6,32.10817
228.0,8.288,1.2,-79.0,193676.0,42.6,31.91512
0.7267,7.9913,188.5341,-78.4462,194054.9785,43.636,31.6766
4.7649,7.1397,187.6743,-77.7988,194056.5333,43.6636,31.6885
227.6,8.288,1.2,-82.0,193676.0,44.6,30.55303
4.7466,7.8222,190.0715,-76.6437,194055.914,43.7411,31.7368
226.3,8.288,1.2,-82.0,193672.0,42.6,31.26089
3.9878,7.9288,186.5083,-78.4292,194053.5076,43.7074,31.7222
230.3,8.288,1.2,-75.0,193672.0,42.6,32.00092
222.5,8.288,1.2,-82.0,193676.0,42.6,31.37886
228.0,8.288,1.2,-79.0,191144.0,43.6,32.05454
4.0375,7.813,191.1282,-78.7428,194056.2887,43.5957,31.832
220.5,8.28,1.2,-76.0,193672.0,41.6,30.81043
4.0607,7.6241,190.3141,-79.0119,194056.6595,43.5091,31.5108
0.3389,7.5368,191.3111,-77.9332,194054.9612,43.6015,31.69
227.2,8.288,1.2,-78.0,191192.0,42.6,30.88551
2.4177,7.5268,187.8166,-77.3726,194057.1009,43.6231,31.751
226.4,8.296,1.2,-76.0,192104.0,42.6,30.76753
225.3,8.288,1.2,-73.0,191144.0,43.6,32.09744
225.3,8.288,1.2,-80.0,193676.0,41.6,31.12146
0.675,7.8807,191.9597,-78.2309,194056.6293,43.8078,31.673
224.3,8.288,1.2,-79.0,193672.0,42.6,31.44321
211.3,8.288,1.2,-79.0,193676.0,45.6,30.66028
226.4,8.288,1.2,-76.0,193676.0,43.6,32.04382
222.9,8.288,1.2,-72.0,193676.0,41.6,30.94986
228.2,8.288,1.2,-80.0,193676.0,42.6,31.85077
4.424,7.4648,186.7091,-78.3103,194055.7473,43.7302,31.8135
219.6,8.288,1.2,-81.0,193676.0,42.6,31.64699
223.4,8.288,1.2,-64.0,193672.0,43.6,32.56935
0.8946,7.0254,190.0935,-77.761,194054.7586,43.5016,31.6935
1.1321,7.7938,192.527,-77.9811,194056.4421,43.4329,31.6652
229.8,8.288,1.2,-75.0,193672.0,42.6,32.00092
0.4222,7.6476,193.6568,-77.9427,194056.9184,43.3913,31.6874
4.4378,7.0175,193.7577,-78.206,194055.7702,43.6486,31.5294
223.1,8.288,1.2,-73.0,193672.0,42.6,31.92584
3.5329,7.2708,191.0761,-77.2085,194054.4416,43.5362,31.7339
1.8403,7.2979,192.5311,-78.3251,194056.2592,43.686,31.8075
1.3699,7.7064,189.8458,-78.4096,194057.2512,43.5866,31.5428
2.3976,7.9837,189.0475,-78.6618,194054.7405,43.4417,31.5454
0.2224,7.6199,193.7032,-78.195,194057.9441,43.5281,31.6332
2.0328,7.8969,189.4069,-77.9227,194057.1244,43.7316,31.8074
224.9,8.288,1.2,-81.0,193676.0,42.6,31.38959
228.8,8.288,1.2,-82.0,193676.0,42.6,31.87222
226.1,8.288,1.2,-80.0,193672.0,43.6,32.17252
2.3965,7.9853,192.7888,-77.0571,194056.0396,43.437,31.7243
2.75,7.0343,192.2684,-78.6455,194056.268,43.5297,31.5871
2.5145,7.5115,186.5268,-78.3074,194056.6761,43.5608,31.5856
4.0735,7.5854,189.4097,-77.8286,194056.8236,43.6084,31.7916
220.0,8.16,-231.6,-71.0,194056.0,43.6,32.70877
0.088,7.6716,186.9096,-78.6732,194054.3071,43.6757,31.7395
223.1,8.288,1.2,-84.0,193676.0,44.6,30.67101
224.3,8.288,1.2,-71.0,191156.0,44.6,31.96874
3.0751,7.8366,190.181,-78.1558,194055.609,43.5695,31.6678
227.8,8.288,1.2,-80.0,193676.0,43.6,31.93657
1.5551,7.4911,187.7853,-77.0497,194057.8793,43.5023,31.7031
225.7,8.288,1.2,-79.0,193672.0,43.6,32.19397
0.0819,7.3834,193.3542,-78.0071,194056.1226,43.628,31.4907
1.6368,7.402,187.1155,-78.3366,194056.3822,43.5936,31.7473
220.3,8.288,1.2,-81.0,193672.0,41.6,30.81043
3.2937,7.739,191.7112,-77.989,194056.0234,43.7587,31.7781
224.8,8.288,1.2,-69.0,193676.0,43.6,33.1056
222.2,8.288,1.2,-79.0,193672.0,43.6,32.25832
0.6403,7.364,191.1922,-78.9854,194055.8086,43.3988,31.4923
227.6,8.288,1.2,-70.0,193620.0,42.6,32.07599
219.6,8.168,-234.0,-72.0,192484.0,43.6,32.7624
224.4,8.288,1.2,-85.0,193672.0,42.6,31.16436
229.0,8.296,1.2,-72.0,192100.0,43.6,32.32267
225.6,8.136,-114.8,-78.0,193676.0,43.6,32.90182
225.5,8.296,1.2,-76.0,193672.0,43.6,31.37886
2.5845,7.7342,188.1383,-78.2461,194057.1775,43.5035,31.571
220.7,8.16,-232.8,-71.0,194056.0,43.6,32.6766
4.2543,7.1349,190.2004,-78.3485,194055.5623,43.5974,31.6431
1.17,7.7641,189.7084,-78.1992,194057.7228,43.6562,31.7169
0.5809,7.9782,188.0719,-77.6026,194056.921,43.5903,31.638
0.4905,7.5091,187.8716,-78.1332,194055.0568,43.5418,31.6158
224.4,8.288,1.2,-75.0,193676.0,42.6,31.50756
219.0,8.296,1.2,-86.0,192104.0,45.6,30.64956
228.0,8.288,1.2,-68.0,193676.0,44.6,32.96618
2.6852,7.6441,190.1058,-77.9722,194055.9282,43.7338,31.7164
226.8,8.288,1.2,-84.0,193676.0,42.6,31.35741
228.4,8.288,1.2,-78.0,193672.0,43.6,32.04382
1.1728,7.6545,191.1909,-78.5451,194054.2773,43.5779,31.6988
3.6231,7.8784,190.9514,-77.6551,194056.1551,43.5571,31.6552
221.2,8.288,1.2,-82.0,193676.0,42.6,31.61481
225.0,8.28,1.2,-74.0,193672.0,42.6,32.04382
2.7609,7.2967,188.0159,-77.4914,194056.1467,43.513,31.6876
4.05,7.5461,191.4993,-78.2404,194054.8058,43.6624,31.6441
3.5882,7.6139,190.814,-78.0294,194055.8065,43.5598,31.4958
222.2,8.288,1.2,-82.0,193676.0,42.6,31.12146
2.9175,7.7003,190.2593,-78.3509,194057.2327,43.5283,31.7661
223.8,8.288,1.2,-79.0,193676.0,41.6,30.86406
2.4778,7.7702,192.7861,-77.4543,194056.4707,43.7864,31.7727
217.0,8.288,1.2,-88.0,193628.0,45.6,30.69246
223.0,8.288,1.2,-64.0,193672.0,43.6,32.56935
3.3211,7.9443,188.7077,-77.2919,194055.8491,43.4973,31.5855
217.3,8.12,-156.4,-70.0,194056.0,44.6,32.8053
226.7,8.288,1.2,-66.0,193672.0,43.6,32.16179
230.0,8.28,1.2,-74.0,193676.0,42.6,31.95802
3.7669,7.1715,188.7185,-77.9351,194055.0452,43.7016,31.7086
0.4852,7.4368,189.1418,-77.3071,194056.1906,43.4342,31.9772
220.8,8.28,1.2,-80.0,193824.0,44.6,30.53158
225.0,8.288,1.2,-76.0,193624.0,45.6,30.5423
4.3818,7.1048,189.3183,-77.3405,194053.558,43.5504,31.6034
224.8,8.28,1.2,-82.0,193676.0,44.6,30.56376
3.5197,7.3639,190.5703,-77.8613,194055.6781,43.6988,31.7345
0.9304,7.5163,188.5546,-78.2728,194057.0962,43.8469,31.6646
2.0151,7.6645,189.9592,-77.6432,194056.2033,43.6211,31.7953
2.0695,7.2975,189.8367,-77.2742,194058.0048,43.8407,31.648
224.6,8.288,1.2,-74.0,193672.0,41.6,30.91768
225.2,8.288,1.2,-79.0,193672.0,41.6,30.87478
4.401,7.3935,194.9608,-78.3326,194056.8899,43.7191,31.8609
2.394,7.7696,190.7123,-77.015,194056.0613,43.6834,31.7683
3.784,7.3979,189.9664,-77.6718,194054.8422,43.5353,31.7692
224.5,8.288,1.2,-78.0,193672.0,42.6,31.47539
4.0238,7.0375,187.6559,-77.8861,194056.1289,43.5373,31.7972
227.3,8.28,1.2,-73.0,193672.0,43.6,32.09744
212.9,8.288,1.2,-77.0,193676.0,41.6,30.64956
4.1732,7.4617,189.7928,-78.4391,194055.9881,43.6841,31.5712
4.3315,7.3484,191.4922,-78.2438,194056.3478,43.4474,31.8284
4.7341,7.7375,188.6655,-78.3797,194056.2854,43.5021,31.6077
226.5,8.28,1.2,-80.0,193676.0,41.6,31.14291
222.2,8.288,1.2,-76.0,193672.0,41.6,30.86406
4.2337,7.0021,188.6209,-77.7173,194056.6922,43.6361,31.6807
227.6,8.288,1.2,-81.0,193672.0,42.6,32.08672
3.5867,7.86,186.3095,-77.7334,194055.7676,43.7081,31.7086
229.5,8.184,-97.6,-71.0,193628.0,44.6,33.1485
228.7,8.152,-99.99999,-70.0,193676.0,43.6,32.91255
228.1,8.288,1.2,-84.0,193672.0,43.6,32.08672
219.8,8.288,1.2,-76.0,193676.0,41.6,30.92841
224.5,8.288,1.2,-78.0,193672.0,42.6,31.46466
214.1,8.288,1.2,-77.0,193628.0,45.6,30.68173
1.2714,7.0406,191.9747,-77.9114,194057.411,43.4615,31.674
223.7,8.288,1.2,-85.0,193676.0,42.6,31.33596
225.6,8.288,1.2,-81.0,193676.0,42.6,31.81859
225.1,8.288,1.2,-75.0,193676.0,42.6,31.68989
2.2838,7.8329,194.1927,-77.0168,194056.7746,43.5995,31.6772
222.3,8.288,1.2,-66.0,193672.0,43.6,32.8053
219.2,8.288,1.2,-84.0,193672.0,41.6,30.83188
224.9,8.288,1.2,-79.0,193672.0,43.6,31.96874
229.3,8.288,1.2,-77.0,193672.0,43.6,32.03309
229.1,8.288,1.2,-77.0,193672.0,43.6,32.10817
1.3706,7.1212,188.8377,-77.2542,194056.5385,43.5509,31.7739
223.6,8.288,1.2,-79.0,193672.0,42.6,32.2047
225.2,8.288,1.2,-73.0,193672.0,42.6,32.09744
229.5,8.288,1.2,-74.0,193684.0,43.6,32.35485
229.4,8.288,1.2,-66.0,193676.0,43.6,33.0627
0.002,7.8006,190.2573,-77.8009,194057.3453,43.5832,31.8646
225.0,8.288,1.2,-65.0,193672.0,43.6,32.15107
212.0,8.288,1.2,-77.0,193676.0,44.6,30.67101
222.8,8.288,1.2,-82.0,193676.0,42.6,31.70061
225.5,8.28,1.2,-75.0,193672.0,42.6,31.40031
225.8,8.288,1.2,-82.0,193672.0,42.6,31.26089
0.6694,7.8673,190.9014,-77.4023,194055.9703,43.6258,31.6108
225.7,8.288,1.2,-65.0,193676.0,43.6,32.96618
1.5888,7.6622,189.0545,-78.2902,194055.521,43.6471,31.6592
226.1,8.288,1.2,-74.0,193672.0,43.6,32.10817
227.7,8.288,1.2,-74.0,193672.0,43.6,32.27977
1.8081,7.9091,188.5844,-77.1946,194056.0174,43.519,31.7703
224.8,8.288,1.2,-65.0,193672.0,43.6,32.17252
225.5,8.288,1.2,-81.0,193676.0,42.6,31.14291
225.5,8.288,1.2,-79.0,193676.0,42.6,31.77569
1.3388,7.7694,189.3413,-78.469,194055.3907,43.6101,31.6052
1.6027,7.3988,188.8187,-78.0436,194056.6884,43.7131,31.5881
4.2979,7.4275,187.9096,-78.536,194055.4857,43.7828,31.5355
225.7,8.288,1.2,-86.0,193676.0,42.6,31.33596
3.2731,7.0231,190.1461,-78.0674,194055.1375,43.7247,31.6645
4.3247,7.0375,189.5537,-78.0095,194056.2968,43.6413,31.6485
229.1,8.28,1.2,-85.0,193676.0,43.6,31.89367
222.2,8.288,1.2,-66.0,193672.0,43.6,32.40847
223.4,8.288,1.2,-68.0,193672.0,43.6,32.5908
0.1439,7.3144,191.0831,-76.6915,194054.4648,43.5203,31.8137
0.5269,7.7733,187.8048,-78.2662,194058.6626,43.6589,31.7327
227.3,8.28,1.2,-76.0,193676.0,41.6,30.85333
225.6,8.28,1.2,-70.0,193672.0,43.6,32.2905
2.1658,7.4988,190.9909,-78.7484,194056.7544,43.7698,31.715
226.6,8.288,1.2,-71.0,193620.0,42.6,32.17252
224.1,8.288,1.2,-76.0,193672.0,41.6,30.89623
3.5939,7.749,190.0523,-78.5694,194055.1076,43.6131,31.4955
225.9,8.288,1.2,-78.0,193624.0,41.6,31.00348
3.7179,7.4772,186.4717,-77.2762,194055.3854,43.6607,31.7612
216.1,8.28,1.2,-78.0,193676.0,41.6,30.73536
4.7747,7.4637,187.8614,-78.7602,194057.3248,43.7018,31.6638
1.0849,7.1611,187.3933,-77.3784,194056.7566,43.6421,31.621
219.3,8.112,-228.8,-73.0,194056.0,43.6,32.07599
2.7388,7.5595,186.7427,-78.0924,194056.4034,43.64,31.9082
3.4127,7.7686,191.9867,-77.6185,194056.654,43.6024,31.7157
2.935,7.4162,186.1162,-77.4798,194054.3219,43.3816,31.6304
228.2,8.16,-93.6,-73.0,193676.0,44.6,33.05198
220.6,8.152,-214.0,-71.0,192484.0,44.6,32.78385
223.5,8.288,1.2,-76.0,193676.0,42.6,31.47539
212.3,8.288,1.2,-76.0,193676.0,44.6,30.71391
2.1135,7.398,188.336,-79.0385,194057.0619,43.6726,31.6356
2.185,7.2115,189.4137,-77.2085,194056.7511,43.6949,31.6701
1.4105,7.0313,190.5924,-77.7932,194057.4031,43.3922,31.6668
2.4616,7.0412,191.1492,-78.3034,194055.2709,43.582,31.6144
4.6123,7.9997,192.4868,-78.0635,194056.7013,43.5746,31.5777
1.5071,7.1186,188.2758,-78.6624,194054.9358,43.5228,31.8062
226.4,8.288,1.2,-76.0,193672.0,42.6,31.38959
2.2268,7.2228,190.6557,-77.0831,194055.828,43.6617,31.6892
225.9,8.288,1.2,-74.0,193676.0,41.6,30.75681
220.8,8.144,-231.2,-74.0,194064.0,43.6,32.5908
1.0726,7.0823,187.7495,-77.4928,194055.5036,43.5269,31.8
224.5,8.12,-121.2,-71.0,193676.0,43.6,32.86965
222.2,8.288,1.2,-82.0,193676.0,42.6,31.65771
4.1662,7.5718,187.5184,-77.7715,194056.1251,43.779,31.4737
219.6,8.288,1.2,-72.0,193676.0,42.6,30.86406
3.7351,7.0849,189.3795,-77.6592,194055.7338,43.5137,31.8406
1.813,7.4691,192.4151,-78.4011,194057.6381,43.5187,31.5746
221.1,8.168,-226.8,-71.0,194056.0,44.6,32.79457
0.3997,7.4264,194.2874,-77.1505,194055.7657,43.4705,31.6005
220.7,8.288,1.2,-74.0,192104.0,42.6,30.90696
1.968,7.3688,191.6338,-77.6244,194054.7406,43.5135,31.7214
221.9,8.288,1.2,-83.0,193676.0,42.6,31.64699
1.2797,7.1992,191.6954,-77.7711,194054.9171,43.7125,31.7808
4.7642,7.1715,188.4618,-78.4568,194056.9837,43.5891,31.6191
1.0004,7.9115,192.0713,-77.6941,194054.4087,43.6581,31.5842
0.3046,7.7152,186.4312,-78.5167,194056.9203,43.7413,31.7053
1.0837,7.3693,185.3962,-78.5883,194055.902,43.6735,31.7789
2.3648,7.7991,189.8389,-77.6211,194055.4703,43.594,31.7226
224.7,8.288,1.2,-70.0,193676.0,43.6,33.08415
212.5,8.288,1.2,-76.0,193676.0,43.6,30.76753
1.6562,7.344,188.5922,-78.4253,194057.5492,43.7265,31.686
2.2449,7.8364,192.0007,-77.9659,194056.1608,43.6318,31.7175
229.3,8.288,1.2,-65.0,193676.0,43.6,33.07343
224.2,8.288,1.2,-78.0,193672.0,42.6,31.45394
224.6,8.288,1.2,-77.0,193676.0,41.6,30.94986
4.9214,7.314,189.38,-77.7737,194056.0,43.5186,31.7235
225.8,8.288,1.2,-74.0,193676.0,42.6,31.59336
0.4159,7.0932,195.6782,-77.4671,194054.6487,43.5311,31.7156
224.1,8.28,1.2,-83.0,193672.0,42.6,31.49684
0.4377,7.6093,192.7144,-78.0048,194055.421,43.7438,31.6189
229.7,8.288,1.2,-84.0,193672.0,42.6,32.00092
220.4,8.272,1.2,-75.0,193668.0,45.6,30.71391
212.8,8.288,1.2,-80.0,193672.0,44.6,30.69246
226.2,8.28,1.2,-77.0,193672.0,42.6,31.35741
222.0,8.288,1.2,-82.0,193676.0,42.6,31.58264
217.9,8.144,-188.0,-71.0,194056.0,43.6,32.81602
4.2596,7.5171,188.9142,-78.1505,194054.9876,43.5495,31.778
229.8,8.28,1.2,-84.0,193672.0,42.6,31.99019
4.5564,7.7262,184.9995,-77.3903,194055.8178,43.6213,31.5532
3.2882,7.9062,190.6448,-78.0893,194056.8467,43.5613,31.6994
4.5889,7.4509,186.5305,-77.9126,194056.1266,43.7211,31.8389
223.3,8.28,1.2,-75.0,193672.0,41.6,30.83188
217.7,8.288,1.2,-78.0,193676.0,41.6,30.81043
219.9,8.104,-234.0,-84.0,194056.0,43.6,31.82932
222.6,8.288,1.2,-65.0,193672.0,43.6,32.81602
4.1946,7.4076,190.8858,-78.0594,194056.518,43.4997,31.7145
3.043,7.078,188.2901,-78.6047,194057.7848,43.5472,31.7467
2.5731,7.1574,188.0587,-77.9884,194055.7456,43.6024,31.7354
4.1563,7.2305,187.1638,-77.7375,194057.4494,43.5356,31.7203
1.4593,7.5198,188.144,-77.6987,194056.8347,43.4631,31.6185
220.7,8.288,1.2,-74.0,193676.0,44.6,30.73536
224.8,8.12,-116.0,-72.0,193676.0,43.6,32.83747
227.6,8.288,1.2,-84.0,193672.0,43.6,32.07599
224.7,8.288,1.2,-80.0,193672.0,43.6,32.19397
216.4,8.12,-230.4,-78.0,194056.0,43.6,32.27977
224.0,8.288,1.2,-79.0,192100.0,43.6,32.2047
0.2532,7.1974,188.9752,-77.0475,194057.1841,43.5973,31.5825
3.1968,7.5077,188.4842,-77.8759,194056.6082,43.5258,31.6281
229.9,8.28,1.2,-73.0,193672.0,42.6,31.97947
227.8,8.288,1.2,-71.0,193672.0,42.6,32.09744
219.1,8.288,1.2,-85.0,193672.0,42.6,30.84261
217.6,8.152,-210.8,-70.0,194056.0,43.6,32.77312
226.7,8.288,1.2,-72.0,193672.0,42.6,32.16179
4.0803,7.2823,192.7096,-77.7969,194057.2826,43.508,31.6635
226.2,8.288,1.2,-72.0,193672.0,43.6,32.44065
224.7,8.288,1.2,-75.0,193624.0,43.6,31.56119
224.8,8.288,1.2,-74.0,193672.0,42.6,32.05454
4.5719,7.1361,190.6732,-77.6272,194054.8852,43.706,31.7775
4.9772,7.9697,192.2671,-78.33,194054.3572,43.4273,31.7317
4.5639,7.3056,191.4535,-78.2945,194056.1762,43.6524,31.7005
222.7,8.296,1.2,-83.0,192100.0,41.6,30.82116
0.3682,7.9885,191.8765,-77.8514,194055.5666,43.6223,31.5498
0.6152,7.8901,190.0083,-78.395,194057.0333,43.5717,31.719
4.7483,7.9769,190.078,-78.0524,194055.881,43.5636,31.7703
227.4,8.288,1.2,-82.0,193672.0,41.6,30.94986
224.0,8.288,1.2,-84.0,193672.0,41.6,30.79971
224.7,8.128,-116.4,-63.0,193676.0,43.6,32.88037
226.1,8.288,1.2,-75.0,193672.0,41.6,30.81043
4.0845,7.095,187.5153,-77.9417,194055.1423,43.6928,31.8075
213.0,8.28,1.2,-77.0,193676.0,41.6,30.64956
2.2235,7.9805,193.259,-78.1967,194056.9906,43.4645,31.6469
224.3,8.288,1.2,-64.0,193672.0,43.6,32.7624
227.3,8.288,1.2,-73.0,193672.0,43.6,32.2047
224.8,8.28,1.2,-85.0,193672.0,42.6,31.37886
228.5,8.28,1.2,-64.0,193676.0,44.6,32.96618
229.3,8.288,1.2,-66.0,193676.0,43.6,33.05198
0.28,7.8369,188.5896,-78.017,194054.8786,43.6189,31.9356
224.5,8.288,1.2,-76.0,193672.0,41.6,30.78898
1.7824,7.0515,190.7623,-77.5816,194054.8248,43.4913,31.5437
0.964,7.2697,191.0042,-77.9065,194055.3875,43.5834,31.7744
3.4977,7.6861,193.7872,-79.0635,194056.4582,43.7293,31.6553
223.5,8.288,1.2,-80.0,193672.0,41.6,31.13218
222.5,8.288,1.2,-85.0,193676.0,42.6,31.38959
219.8,8.288,1.2,-93.0,193672.0,43.6,30.62811
1.8778,7.2869,190.3474,-77.6948,194055.6786,43.7248,31.679
0.9153,7.4885,189.1099,-78.2287,194055.6217,43.6948,31.6487
224.4,8.28,1.2,-77.0,193672.0,41.6,30.81043
230.0,8.176,-97.6,-68.0,193676.0,43.6,33.12705
1.9592,7.8307,189.5167,-78.2701,194056.5093,43.6546,31.7922
227.4,8.176,-97.2,-69.0,193676.0,43.6,33.11633
3.6959,7.2031,186.4282,-78.0817,194054.4377,43.7436,31.7812
2.927,7.497,191.1828,-77.7284,194055.4934,43.639,31.6767
3.8407,7.3852,192.755,-77.5359,194055.7072,43.5977,31.6669
219.2,8.288,1.2,-82.0,193672.0,44.6,30.58521
0.5235,7.0825,190.4655,-78.4432,194057.0721,43.6828,31.6935
1.5624,7.0176,192.422,-78.6906,194055.5986,43.5134,31.7452
227.3,8.288,1.2,-77.0,193676.0,41.6,30.85333
211.7,8.28,1.2,-77.0,193676.0,44.6,30.68173
224.9,8.288,1.2,-74.0,193676.0,42.6,31.71134
0.7232,7.1248,190.9819,-78.1588,194053.334,43.7651,31.7503
226.5,8.288,1.2,-68.0,193672.0,43.6,32.45137
220.8,8.288,1.2,-92.0,193624.0,45.6,30.57448
217.1,8.28,1.2,-79.0,193676.0,41.6,30.71391
225.4,8.288,1.2,-77.0,193672.0,42.6,32.23687
224.9,8.288,1.2,-80.0,192056.0,42.6,31.16436
0.588,7.6781,187.5277,-78.0774,194056.5562,43.5402,31.6847
225.8,8.288,1.2,-74.0,193672.0,43.6,32.07599
227.0,8.288,1.2,-64.0,193672.0,43.6,32.44065
225.6,8.288,1.2,-81.0,193672.0,41.6,30.96058
1.8243,7.1004,188.8941,-77.6688,194057.4065,43.5584,31.7653
0.7164,7.3055,188.1995,-77.9602,194056.7253,43.6935,31.732
223.6,8.28,1.2,-73.0,193676.0,41.6,30.91768
0.1915,7.8373,192.1028,-77.8695,194056.7853,43.4478,31.6315
3.0239,7.9753,191.8056,-78.514,194054.1292,43.3425,31.8076
1.5468,7.1574,188.5977,-78.2033,194055.4087,43.3832,31.8226
3.1046,7.6196,188.3604,-77.8385,194057.3357,43.375,31.6471
219.0,8.288,1.2,-82.0,193676.0,41.6,30.86406
219.7,8.288,1.2,-85.0,193672.0,41.6,30.84261
223.6,8.288,1.2,-82.0,193672.0,42.6,31.47539
223.3,8.296,1.2,-63.0,192100.0,43.6,32.60152
225.8,8.288,1.2,-80.0,193672.0,41.6,30.86406
1.439,7.9381,187.4999,-78.372,194056.6775,43.6647,31.7697
4.4498,7.6426,187.8578,-77.5216,194053.5626,43.5735,31.8251
223.7,8.28,1.2,-76.0,193676.0,42.6,31.46466
228.4,8.136,-113.2,-67.0,193628.0,43.6,33.08415
4.2015,7.2152,191.5479,-77.5919,194053.5038,43.5524,31.546
228.2,8.288,1.2,-66.0,193676.0,43.6,32.98763
227.3,8.288,1.2,-78.0,193676.0,41.6,30.90696
0.0829,7.8898,188.8583,-76.9278,194054.5639,43.6944,31.6632
2.4844,7.166,190.137,-77.657,194057.1201,43.7025,31.8097
1.6951,7.9138,191.3834,-78.8571,194056.5406,43.6006,31.6045
2.9353,7.9275,190.8643,-78.2449,194054.3803,43.572,31.7353
0.9312,7.409,187.5003,-78.3897,194056.3229,43.4323,31.9
1.6277,7.7467,188.4365,-78.7218,194055.3157,43.4164,31.6722
224.6,8.288,1.2,-83.0,193676.0,45.6,30.56376
3.1432,7.4787,188.9714,-77.5163,194056.7745,43.4717,31.7722
224.5,8.288,1.2,-66.0,193672.0,43.6,32.17252
225.1,8.288,1.2,-80.0,193676.0,42.6,31.14291
3.2242,7.7235,190.5761,-78.2023,194055.8539,43.3822,31.6635
213.9,8.288,1.2,-77.0,193676.0,41.6,30.76753
219.3,8.288,1.2,-80.0,193672.0,42.6,30.89623
220.7,8.12,-136.8,-76.0,193684.0,44.6,32.79457
228.9,8.288,1.2,-81.0,193624.0,42.6,31.88294
1.3815,7.8683,191.3725,-77.9793,194057.4087,43.5559,31.731
227.6,8.288,1.2,-71.0,193672.0,43.6,32.08672
217.1,8.128,-230.8,-81.0,194056.0,43.6,32.42992
0.3144,7.7846,191.4429,-77.6828,194054.6644,43.5362,31.6517
228.0,8.288,1.2,-77.0,193672.0,42.6,32.10817
0.134,7.3988,192.9078,-77.6665,194055.0507,43.683,31.4178
3.0383,7.493,187.1151,-76.5118,194054.3422,43.672,31.7246
225.0,8.288,1.2,-75.0,193628.0,45.6,30.5423
219.5,8.288,1.2,-83.0,193672.0,41.6,30.83188
224.6,8.288,1.2,-65.0,193672.0,42.6,32.15107
3.1285,7.1896,189.1166,-77.0735,194055.9683,43.5391,31.6762
229.6,8.168,-97.6,-67.0,193676.0,43.6,33.09488
2.0625,7.1877,188.5732,-77.7463,194055.3812,43.5563,31.6221
1.4594,7.3777,191.175,-77.8254,194056.2477,43.5472,31.6685
221.7,8.288,1.2,-65.0,193672.0,44.6,32.505
2.9299,7.399,189.5409,-77.7137,194056.1191,43.6765,31.8913
2.3636,7.4602,191.6136,-78.357,194056.4049,43.7433,31.6937
3.2297,7.6846,190.278,-78.3324,194054.4565,43.5303,31.719
218.0,8.168,-228.0,-73.0,194056.0,43.6,32.78385
4.2185,7.3367,191.0046,-78.4329,194055.7108,43.6639,31.612
222.5,8.288,1.2,-79.0,193676.0,42.6,31.78642
221.1,8.288,1.2,-82.0,193676.0,42.6,31.59336
223.6,8.288,1.2,-83.0,193672.0,42.6,31.46466
0.5759,7.8633,193.9075,-78.2901,194056.6078,43.7229,31.6553
227.9,8.288,1.2,-76.0,191192.0,45.6,30.5423
0.8798,7.6923,183.1759,-77.9588,194056.9406,43.7157,31.4935
4.6948,7.2391,193.025,-77.1329,194054.7642,43.5796,31.6624
220.9,8.288,1.2,-72.0,193672.0,42.6,31.08928
2.4194,7.471,192.4512,-78.6905,194057.0577,43.8115,31.7295
3.3165,7.7988,192.7989,-78.1131,194053.5823,43.6656,31.6451
1.5233,7.1264,189.717,-78.8229,194056.9376,43.6107,31.579
226.6,8.288,1.2,-80.0,193672.0,42.6,31.96874
1.1253,7.0596,190.3495,-77.439,194056.1106,43.5696,31.6119
213.4,8.288,1.2,-76.0,193628.0,44.6,30.69246
0.7762,7.7584,192.3082,-78.0649,194055.7339,43.4938,31.9138
225.0,8.288,1.2,-79.0,193676.0,42.6,31.36814
223.7,8.288,1.2,-65.0,193672.0,43.6,32.18324
225.3,8.288,1.2,-75.0,193672.0,43.6,32.38702
0.6112,7.9495,193.2313,-77.9259,194056.0983,43.5516,31.8043
225.6,8.136,-114.0,-76.0,193676.0,43.6,32.94473
225.1,8.288,1.2,-87.0,193672.0,44.6,30.58521
1.2694,7.9152,190.7552,-78.2555,194056.0859,43.4376,31.6402
215.0,8.288,1.2,-83.0,193672.0,43.6,30.69246
229.4,8.16,-96.8,-69.0,193676.0,43.6,33.05198
0.366,7.2208,191.0573,-77.5828,194054.9461,43.7447,31.5343
4.8642,7.7786,191.2632,-77.882,194054.5121,43.5545,31.6857
222.0,8.288,1.2,-84.0,193624.0,46.6,30.66028
3.0514,7.3333,186.6814,-78.011,194055.6133,43.5902,31.5829
4.6923,7.0488,189.2418,-78.279,194057.537,43.5789,31.818
222.9,8.288,1.2,-79.0,193672.0,42.6,31.01421
221.8,8.288,1.2,-78.0,193676.0,42.6,31.04638
225.1,8.296,1.2,-76.0,192056.0,41.6,30.75681
4.0776,7.4097,190.6862,-79.4722,194055.5717,43.5526,31.6831
1.562,7.2264,194.9219,-77.4665,194056.7909,43.5459,31.5912
226.0,8.288,1.2,-78.0,193672.0,42.6,31.36814
221.1,8.288,1.2,-82.0,193676.0,42.6,31.57191
2.5823,7.0269,191.3685,-77.5304,194056.3927,43.5911,31.6469
224.3,8.288,1.2,-78.0,193672.0,42.6,31.46466
4.6871,7.3129,188.5336,-78.3804,194057.7041,43.5628,31.7264
223.4,8.288,1.2,-65.0,193672.0,43.6,32.58007
217.4,8.288,1.2,-75.0,193676.0,41.6,30.86406
2.5684,7.1263,191.8897,-78.3395,194057.3913,43.6441,31.8532
2.7333,7.6913,187.8751,-77.4766,194054.9698,43.536,31.5533
225.7,8.288,1.2,-74.0,193676.0,42.6,31.67916
4.6154,7.9144,191.5949,-77.7614,194055.5947,43.5642,31.7437
3.2373,7.4379,189.6659,-77.2351,194056.9221,43.5163,31.6851
225.5,8.288,1.2,-81.0,193676.0,41.6,31.14291
1.3761,7.5552,190.2916,-77.4107,194055.9916,43.6425,31.6959
1.4167,7.537,191.2935,-78.2398,194056.6896,43.6231,31.8401
4.8135,7.3995,188.8062,-78.2142,194056.3118,43.7042,31.8501
229.9,8.152,-97.2,-68.0,193676.0,43.6,33.05198
221.5,8.128,-163.6,-64.0,194056.0,43.6,32.81602
225.7,8.288,1.2,-76.0,193676.0,42.6,31.36814
224.1,8.288,1.2,-85.0,193672.0,42.6,31.07856
0.2977,7.5816,189.3304,-76.7765,194057.3918,43.4898,31.6568
0.0633,7.082,188.0053,-77.7456,194055.2857,43.584,31.6995
2.8178,7.4607,189.9509,-78.0525,194056.4691,43.6831,31.5289
225.0,8.296,1.2,-77.0,192104.0,44.6,30.53158
1.9504,7.1969,187.387,-78.066,194057.4129,43.6201,31.5997
225.7,8.28,1.2,-66.0,193672.0,43.6,32.2047
2.8895,7.3464,194.0498,-77.7131,194054.7676,43.4926,31.6947
223.0,8.128,-139.2,-64.0,193692.0,43.6,32.8482
2.2442,7.8678,191.3271,-77.9132,194055.9192,43.6899,31.6688
219.6,8.104,-232.0,-82.0,194064.0,43.6,31.92584
2.3863,7.0434,189.8552,-77.9406,194056.5468,43.7048,31.5525
225.5,8.288,1.2,-76.0,193676.0,42.6,31.82932
2.8492,7.2345,193.1311,-78.3135,194054.8581,43.5137,31.4868
3.5739,7.0091,194.1519,-77.5069,194056.3221,43.6154,31.7549
214.8,8.136,-178.8,-80.0,194056.0,43.6,32.8053
227.9,8.288,1.2,-79.0,193672.0,42.6,31.97947
1.1266,7.291,190.3238,-77.6771,194054.6408,43.603,31.7019
225.6,8.288,1.2,-74.0,193672.0,43.6,32.2476
224.9,8.288,1.2,-84.0,193676.0,43.6,30.58521
226.3,8.288,1.2,-74.0,193676.0,42.6,31.68989
225.2,8.288,1.2,-82.0,193672.0,42.6,31.38959
1.9683,7.0082,193.1417,-78.5893,194054.9234,43.5003,31.4223
4.1746,7.0888,191.1595,-77.9678,194054.1328,43.5901,31.8637
2.331,7.4033,193.7715,-78.4027,194057.5925,43.6363,31.7921
229.2,8.288,1.2,-77.0,193672.0,43.6,32.03309
215.6,8.28,1.2,-88.0,193672.0,45.6,30.68173
226.0,8.288,1.2,-75.0,193672.0,43.6,32.2047
223.0,8.144,-103.6,-72.0,193676.0,43.6,32.9769
1.0099,7.8615,189.5503,-77.2038,194055.937,43.6239,31.721
2.8163,7.5269,185.7485,-77.8183,194055.3781,43.5735,31.7162
227.8,8.288,1.2,-81.0,193672.0,42.6,31.93657
2.9483,7.273,188.9867,-79.0072,194055.4997,43.6375,31.6816
225.9,8.288,1.2,-86.0,193672.0,41.6,30.81043
3.351,7.2396,188.5617,-77.5388,194057.5136,43.7183,31.4413
3.8149,7.3102,188.6256,-78.0585,194054.3296,43.4558,31.6209
218.6,8.12,-133.2,-69.0,193692.0,43.6,32.86965
225.5,8.288,1.2,-79.0,192104.0,42.6,31.11073
0.1931,7.8111,190.2618,-78.0108,194054.0362,43.7044,31.7743
3.379,7.3499,190.5504,-78.2591,194056.3422,43.6136,31.6642
221.9,8.288,1.2,-65.0,193672.0,43.6,32.4621
4.9536,7.3716,191.7086,-78.1187,194055.1721,43.5218,31.6093
3.0361,7.855,191.629,-77.0123,194055.9524,43.7599,31.8363
222.1,8.288,1.2,-83.0,193676.0,42.6,31.58264
220.5,8.288,1.2,-73.0,193676.0,44.6,30.72463
226.0,8.288,1.2,-83.0,193672.0,42.6,31.56119
1.5188,7.8244,187.4868,-77.9612,194054.9272,43.6339,31.8159
224.9,8.288,1.2,-74.0,193672.0,43.6,32.23687
4.8843,7.3208,192.2054,-78.505,194055.6317,43.8497,31.7892
1.3039,7.0238,190.5323,-78.4346,194056.6568,43.443,31.8443
4.9236,7.9228,191.4499,-77.9042,194056.0363,43.5202,31.6854
2.9838,7.4001,189.8109,-78.4872,194056.7887,43.7883,31.8276
226.8,8.288,1.2,-81.0,193672.0,43.6,31.37886
217.3,8.28,1.2,-83.0,193676.0,41.6,30.81043
4.2308,7.7178,187.8517,-78.7306,194056.7341,43.5377,31.6967
2.6463,7.8562,192.0897,-77.9521,194055.9266,43.553,31.7214
1.5628,7.4641,190.9003,-78.4211,194054.5726,43.6491,31.7775
0.4963,7.6935,188.9483,-77.8562,194056.8533,43.6564,31.6959
221.8,8.12,-151.2,-63.0,194056.0,43.6,32.82675
220.3,8.28,1.2,-84.0,193672.0,45.6,30.67101
4.2315,7.0524,191.6637,-78.2458,194054.8959,43.5782,31.6746
218.3,8.288,1.2,-78.0,193672.0,42.6,31.01421
4.7746,7.0036,190.5293,-78.1365,194055.5243,43.5471,31.5309
223.8,8.288,1.2,-66.0,193672.0,42.6,32.18324
221.4,8.12,-148.4,-61.0,193692.0,43.6,32.77312
2.2227,7.4165,187.7044,-77.9152,194055.7541,43.77,31.7943
227.1,8.288,1.2,-71.0,193672.0,42.6,32.17252
4.1795,7.9287,186.9316,-78.5019,194055.5721,43.4536,31.6584
0.012,7.3327,195.1153,-78.1781,194056.808,43.773,31.6879
221.1,8.28,1.2,-79.0,193676.0,41.6,31.12146
215.6,8.288,1.2,-78.0,193676.0,45.6,30.68173
222.8,8.296,1.2,-77.0,192100.0,42.6,30.89623
230.0,8.168,-82.0,-71.0,192092.0,44.6,33.16995
2.4063,7.0408,190.126,-78.4811,194054.5454,43.6918,31.5244
2.6291,7.3449,189.4665,-78.3276,194056.093,43.7688,31.8192
4.5665,7.4396,190.6936,-77.9602,194058.3892,43.7566,31.7727
0.6855,7.6075,188.0347,-78.284,194056.4138,43.5285,31.6334
223.5,8.288,1.2,-75.0,193672.0,43.6,32.3763
221.0,8.288,1.2,-82.0,193672.0,45.6,30.59593
228.1,8.288,1.2,-69.0,193676.0,43.6,33.0198
4.6156,7.3886,193.3574,-77.3936,194059.004,43.5551,31.836
0.2372,7.6208,190.9542,-78.8885,194057.4442,43.8017,31.6009
0.4908,7.3919,189.3571,-77.0913,194056.8991,43.5945,31.6008
1.4494,7.5621,191.3513,-78.1273,194055.4757,43.4735,31.9405
221.8,8.288,1.2,-80.0,193672.0,41.6,31.12146
228.8,8.288,1.2,-77.0,193676.0,41.6,30.86406
2.7623,7.3579,190.7794,-77.9447,194055.8904,43.5528,31.623
225.9,8.288,1.2,-82.0,193656.0,42.6,31.49684
226.8,8.288,1.2,-68.0,193672.0,43.6,32.3334
0.959,7.9874,192.3965,-77.782,194056.0931,43.6738,31.7147
4.0721,7.6066,186.5007,-78.3217,194057.0189,43.3833,31.9294
3.6455,7.503,187.7848,-78.5035,194056.9454,43.542,31.598
221.9,8.288,1.2,-86.0,193676.0,42.6,31.37886
225.2,8.288,1.2,-88.0,193676.0,42.6,31.40031
225.6,8.288,1.2,-68.0,193672.0,43.6,32.38702
4.6401,7.989,192.5318,-78.832,194054.7363,43.5726,31.6916
224.2,8.288,1.2,-81.0,193672.0,42.6,31.06783
219.6,8.144,-233.2,-70.0,194056.0,43.6,32.5908
1.9517,7.1837,190.1331,-77.8024,194055.5792,43.6415,31.5761
224.6,8.288,1.2,-74.0,193672.0,43.6,32.04382
224.8,8.288,1.2,-75.0,193672.0,43.6,32.04382
225.5,8.288,1.2,-83.0,193672.0,42.6,31.35741
3.8206,7.1471,194.435,-78.8181,194055.7794,43.7447,31.7385
228.5,8.16,-96.0,-68.0,193676.0,43.6,33.05198
3.9493,7.6068,190.3867,-77.7794,194055.0111,43.642,31.4425
1.4733,7.0154,190.028,-77.6,194054.0226,43.4766,31.542
3.7764,7.3611,190.9392,-78.67,194055.7359,43.5291,31.6958
228.5,8.288,1.2,-79.0,193672.0,42.6,31.96874
1.1486,7.2539,187.4642,-77.6352,194056.39,43.6265,31.6053
216.1,8.144,-192.0,-78.0,194056.0,43.6,32.78385
218.8,8.288,1.2,-74.0,193676.0,42.6,30.63883
220.2,8.288,1.2,-74.0,193672.0,42.6,30.67101
222.3,8.112,-147.6,-63.0,193692.0,43.6,32.7624
4.9307,7.144,184.6378,-78.7354,194054.694,43.5334,31.7191
4.1455,7.1084,191.6408,-77.8768,194055.5882,43.6077,31.6599
0.1249,7.653,192.2783,-77.448,194055.2645,43.5012,31.6405
2.1803,7.1711,190.7709,-78.7029,194056.0968,43.6092,31.7491
0.2724,7.1601,186.5515,-77.7938,194055.3512,43.602,31.6658
3.6128,7.0224,189.7523,-78.3682,194056.5589,43.5656,31.6587
228.4,8.288,1.2,-69.0,193676.0,43.6,32.99835
223.9,8.288,1.2,-66.0,193672.0,43.6,32.61225
0.708,7.2331,191.6671,-78.5397,194054.5241,43.677,31.7271
2.4431,7.5253,188.1387,-78.3684,194057.2832,43.5829,31.7922
216.5,8.288,1.2,-81.0,193812.0,44.6,30.68173
226.6,8.288,1.2,-69.0,193672.0,43.6,32.35485
222.6,8.288,1.2,-86.0,193676.0,43.6,31.37886
1.9329,7.0514,188.9478,-78.9502,194056.5845,43.6883,31.7367
225.2,8.288,1.2,-66.0,193672.0,43.6,32.2047
0.3209,7.2003,194.9041,-78.0532,194056.6206,43.5654,31.781
2.8827,7.6033,192.6957,-78.0747,194057.0591,43.5677,31.7592
224.8,8.288,1.2,-81.0,193672.0,43.6,31.93657
227.3,8.288,1.2,-75.0,193672.0,43.6,32.3334
225.0,8.288,1.2,-90.0,193676.0,42.6,31.34669
224.1,8.288,1.2,-70.0,193676.0,43.6,33.1056
225.2,8.28,1.2,-77.0,193672.0,41.6,30.88551
224.4,8.288,1.2,-79.0,193672.0,42.6,31.44321
1.7743,7.1895,191.6161,-77.2274,194055.2878,43.4505,31.7158
0.8691,7.9143,189.9041,-77.4173,194057.1211,43.4433,31.7375
225.9,8.288,1.2,-65.0,193676.0,44.6,32.96618
221.4,8.12,-152.0,-62.0,194056.0,43.6,32.78385
0.3464,7.7495,190.0046,-77.978,194057.7719,43.6484,31.6733
4.2549,7.8949,188.767,-77.1582,194056.9302,43.7211,31.7117
223.5,8.288,1.2,-75.0,193672.0,42.6,32.00092
220.0,8.288,1.2,-73.0,193676.0,41.6,30.90696
3.0804,7.9358,191.9821,-78.3199,194055.7737,43.5932,31.752
1.0397,7.3763,186.405,-77.9448,194054.6977,43.6295,31.709
222.6,8.12,-144.4,-61.0,193692.0,43.6,32.7624
3.314,7.6466,191.5223,-78.6417,194056.3119,43.6394,31.7034
214.1,8.288,1.2,-82.0,193816.0,44.6,30.67101
0.3974,7.3999,191.3268,-77.9973,194057.6029,43.6816,31.6546
0.128,7.3339,189.5541,-78.6144,194054.433,43.635,31.7324
220.1,8.152,-223.2,-71.0,194056.0,44.6,32.68732
1.1413,7.3592,190.14,-77.5214,194056.2944,43.7144,31.6404
1.0339,7.8677,191.2005,-78.4015,194052.8304,43.5623,31.7304
219.8,8.288,1.2,-73.0,193672.0,42.6,31.02493
230.1,8.28,1.2,-74.0,193672.0,43.6,31.99019
4.5763,7.6333,192.3529,-78.6483,194054.9296,43.5472,31.6811
229.6,8.288,1.2,-78.0,193676.0,42.6,30.88551
4.1177,7.4285,193.6802,-78.4521,194057.7063,43.7647,31.7496
2.1887,7.1514,185.6443,-77.7648,194057.5835,43.5453,31.8028
223.0,8.288,1.2,-79.0,193624.0,41.6,31.02493
1.3203,7.721,191.9299,-77.716,194054.8937,43.4596,31.6986
225.8,8.288,1.2,-67.0,193672.0,43.6,32.12962
1.4601,7.871,189.5612,-77.9581,194054.6513,43.5692,31.6068
222.6,8.288,1.2,-64.0,193672.0,43.6,32.4192
1.9115,7.8137,188.8331,-76.7295,194057.3765,43.6107,31.7292
0.0656,7.0318,189.9226,-77.7618,194055.3351,43.5203,31.6677
222.0,8.288,1.2,-81.0,193676.0,42.6,31.74352
4.7475,7.2002,191.6594,-78.4549,194057.0608,43.5894,31.6216
227.1,8.288,1.2,-73.0,193672.0,43.6,32.16179
220.6,8.112,-231.2,-84.0,194056.0,43.6,32.05454
4.3208,7.7033,191.5334,-77.7766,194055.6707,43.6718,31.7007
227.2,8.296,1.2,-82.0,193672.0,42.6,31.36814
1.0219,7.2223,187.9788,-79.5958,194055.6428,43.6133,31.9733
4.0745,7.0162,188.3805,-77.9099,194056.2516,43.5786,31.7206
222.7,8.288,1.2,-74.0,193672.0,43.6,32.60152
222.5,8.12,-151.2,-61.0,193692.0,43.6,32.79457
2.7133,7.5609,187.5375,-77.3632,194056.2167,43.5628,31.5811
3.3779,7.0863,188.8337,-77.7421,194057.6892,43.7722,31.7306
222.1,8.288,1.2,-82.0,193676.0,42.6,31.68989
225.0,8.28,1.2,-73.0,193672.0,42.6,32.08672
3.1018,7.9714,191.0906,-77.8751,194056.2811,43.5379,31.6031
224.5,8.288,1.2,-83.0,193672.0,42.6,31.48611
3.1415,7.6637,194.6025,-77.1057,194056.1493,43.5304,31.8093
1.0414,7.1728,191.5618,-78.7013,194056.1528,43.443,31.684
225.8,8.288,1.2,-66.0,193672.0,43.6,32.17252
224.7,8.288,1.2,-65.0,193672.0,43.6,32.14034
3.9491,7.0287,192.8212,-77.6979,194056.1909,43.4368,31.633
0.5661,7.8119,187.2357,-78.7636,194056.1175,43.6226,31.7037
223.7,8.288,1.2,-77.0,193672.0,42.6,31.44321
226.1,8.288,1.2,-66.0,193672.0,43.6,32.17252
3.39,7.0759,191.8558,-77.6335,194054.8043,43.619,31.8156
225.5,8.288,1.2,-64.0,193672.0,43.6,32.08672
219.7,8.104,-234.0,-83.0,194056.0,43.6,31.85077
225.5,8.288,1.2,-83.0,193676.0,42.6,31.38959
0.9738,7.7894,188.4286,-78.7936,194053.6982,43.637,31.6542
1.831,7.9362,187.3864,-77.4883,194055.1541,43.615,31.6226
215.1,8.28,1.2,-65.0,193676.0,41.6,30.77826
3.3846,7.9567,190.9869,-78.1151,194055.1011,43.6639,31.671
1.0384,7.9825,191.6154,-77.4246,194056.9535,43.763,31.7842
224.8,8.288,1.2,-79.0,193680.0,41.6,30.88551
226.1,8.288,1.2,-77.0,193676.0,42.6,31.48611
2.642,7.5778,189.472,-78.0318,194057.6016,43.7128,31.5851
0.544,7.8743,189.2804,-78.2952,194054.1645,43.4069,31.7387
228.6,8.152,-89.99999,-68.0,193676.0,44.6,33.04125
225.9,8.288,1.2,-75.0,193676.0,42.6,31.67916
228.4,8.28,1.2,-80.0,193672.0,43.6,31.96874
3.3411,7.3656,186.9727,-77.4011,194055.2485,43.5705,31.8042
1.4003,7.0844,186.4419,-78.575,194056.87,43.5395,31.7166
221.6,8.152,-232.0,-74.0,194056.0,43.6,32.6337
228.7,8.288,1.2,-82.0,192104.0,42.6,31.85077
3.9155,7.4734,189.1733,-79.3577,194056.9636,43.4696,31.8033
228.3,8.296,1.2,-67.0,193676.0,43.6,32.95545
4.3225,7.6132,192.8556,-77.7263,194055.0188,43.5692,31.6133
227.2,8.288,1.2,-65.0,193672.0,43.6,32.06527
4.9535,7.6274,187.3154,-78.9105,194054.8702,43.5185,31.6111
225.5,8.136,-115.2,-73.0,193676.0,44.6,32.92327
225.2,8.288,1.2,-77.0,193672.0,43.6,30.55303
0.7469,7.5833,189.379,-78.2867,194056.6683,43.6574,31.8456
213.0,8.28,1.2,-75.0,193676.0,42.6,30.69246
228.8,8.152,-97.6,-68.0,193676.0,44.6,32.99835
1.9733,7.048,188.2309,-78.2535,194054.7654,43.6755,31.617
2.1398,7.7924,185.9083,-77.9658,194054.9744,43.6245,31.5293
3.1115,7.914,187.9721,-77.5431,194057.1022,43.6147,31.8163
3.066,7.2726,191.4037,-77.911,194056.0907,43.6785,31.765
225.6,8.288,1.2,-75.0,193620.0,42.6,31.38959
3.9186,7.3086,190.0302,-79.0752,194057.0177,43.5459,31.7934
4.3852,7.7985,190.2358,-78.0255,194056.4043,43.608,31.8507
215.0,8.288,1.2,-86.0,193676.0,42.6,30.68173
0.1416,7.9481,191.9578,-78.1565,194055.2569,43.6322,31.492
222.6,8.288,1.2,-70.0,193672.0,43.6,32.81602
2.2548,7.0961,187.6299,-78.6758,194055.7458,43.5737,31.6783
2.653,7.8969,189.913,-78.15,194055.8522,43.7647,31.7986
222.3,8.288,1.2,-81.0,193676.0,42.6,31.37886
227.5,8.288,1.2,-77.0,193672.0,42.6,31.34669
2.4587,7.2058,192.7156,-77.7163,194052.7122,43.5174,31.7955
2.4329,7.9522,191.4187,-77.6957,194055.9709,43.5686,31.7242
226.2,8.288,1.2,-73.0,193672.0,42.6,32.17252
223.9,8.296,1.2,-64.0,192100.0,43.6,32.7195
220.7,8.12,-126.8,-62.0,193692.0,43.6,32.85892
2.8664,7.679,186.8399,-76.8462,194056.0438,43.3856,31.6792
227.0,8.288,1.2,-72.0,193672.0,42.6,32.16179
217.4,8.128,-230.4,-81.0,194056.0,43.6,32.38702
228.0,8.28,1.2,-79.0,193672.0,43.6,31.97947
220.8,8.144,-102.8,-72.0,193676.0,43.6,32.9769
1.4874,7.9782,188.2602,-77.7297,194055.6394,43.5849,31.6327
225.1,8.288,1.2,-74.0,193672.0,43.6,32.06527
225.1,8.288,1.2,-80.0,193676.0,43.6,30.55303
220.8,8.144,-232.0,-72.0,194056.0,44.6,32.5908
3.6814,7.3086,189.6465,-77.671,194057.5821,43.5144,31.7905
227.6,8.288,1.2,-65.0,193672.0,43.6,32.05454
3.6697,7.568,190.1341,-78.4665,194054.6222,43.6058,31.7201
2.1715,7.0313,189.9716,-77.1762,194055.7012,43.7881,31.815
2.2503,7.4156,187.984,-77.5402,194055.7036,43.5588,31.7844
223.7,8.28,1.2,-87.0,193624.0,47.6,30.64956
2.1838,7.6499,189.9094,-78.8534,194055.6794,43.6975,31.7435
2.2595,7.8476,191.1544,-78.4021,194055.9566,43.561,31.68
0.9109,7.3176,188.3234,-78.4355,194055.4605,43.6191,31.7098
0.6772,7.6398,189.0664,-78.6151,194055.4935,43.6724,31.6763
3.2194,7.1313,191.9556,-77.9302,194056.2918,43.4616,31.974
3.8474,7.6077,190.0617,-78.1985,194054.2683,43.528,31.7449
3.5929,7.6122,189.1345,-78.2604,194053.9572,43.7298,31.6295
3.5237,7.2906,188.9637,-77.8174,194055.9631,43.6101,31.751
227.5,8.144,-101.6,-79.0,193676.0,44.6,32.88037
4.6843,7.4969,184.4136,-76.9499,194055.0564,43.6019,31.7513
2.3817,7.401,194.547,-77.8337,194054.6674,43.6456,31.809
1.8177,7.9219,191.397,-77.5637,194053.6369,43.6399,31.8764
1.0494,7.004,191.1726,-77.1958,194057.353,43.5722,31.7617
2.8559,7.4266,188.6253,-77.2741,194055.486,43.5468,31.5686
228.6,8.144,-100.4,-66.0,193676.0,44.6,33.12705
227.4,8.288,1.2,-75.0,193676.0,42.6,31.72206
226.8,8.288,1.2,-66.0,193672.0,43.6,32.4192
1.7077,7.0544,189.6544,-77.7081,194055.2603,43.6559,31.6473
3.0823,7.7374,192.367,-78.6561,194057.0,43.6076,31.7676
1.2384,7.4563,188.3972,-78.8519,194059.4436,43.6796,31.6647
2.7781,7.1929,191.942,-77.7649,194056.2511,43.686,31.659
222.2,8.104,-230.4,-80.0,194056.0,43.6,32.00092
227.3,8.184,-96.4,-68.0,193676.0,43.6,33.04125
3.7586,7.566,189.1667,-77.8625,194056.4267,43.6575,31.6639
220.5,8.288,1.2,-80.0,193672.0,41.6,30.79971
3.0983,7.8401,187.3618,-78.8559,194057.2648,43.7157,31.5843
2.758,7.3235,187.8145,-77.2474,194055.7762,43.6892,31.7332
4.89,7.3942,189.453,-78.2443,194055.7261,43.4515,31.616
3.8803,7.3887,188.3448,-78.0303,194055.3139,43.5912,31.8369
4.3683,7.8886,192.5968,-78.0353,194056.386,43.7437,31.6812
3.8153,7.1292,190.1826,-78.2547,194055.0498,43.5153,31.7107
214.1,8.288,1.2,-73.0,193676.0,41.6,30.68173
0.8239,7.5121,192.1357,-77.7789,194056.8301,43.4423,31.7826
0.4072,7.6728,189.972,-76.6308,194056.0804,43.8931,31.7001
214.1,8.288,1.2,-79.0,193676.0,42.6,30.84261
4.6084,7.4706,188.533,-77.9472,194056.7979,43.4311,31.6502
3.03,7.3268,187.0498,-77.4408,194055.2866,43.5831,31.6455
3.736,7.4151,191.4206,-78.7287,194056.9855,43.5294,31.8795
2.6783,7.7048,192.3173,-78.2712,194054.1756,43.5429,31.792
223.1,8.296,1.2,-66.0,193672.0,43.6,32.39775
2.4999,7.5252,187.408,-78.2221,194056.7858,43.8919,31.7318
225.7,8.288,1.2,-66.0,193672.0,43.6,32.4192
4.6584,7.8558,190.6082,-77.9773,194055.7669,43.6145,31.7568
0.3029,7.0049,186.8351,-77.3621,194055.92,43.6188,31.9141
0.7795,7.0933,190.9188,-78.6595,194056.6164,43.573,31.8417
225.3,8.288,1.2,-74.0,193672.0,43.6,31.99019
219.3,8.288,1.2,-81.0,193672.0,41.6,30.83188
4.0092,7.7231,191.6836,-77.6507,194056.3126,43.6638,31.7039
2.3112,7.453,188.1996,-78.4965,194055.6534,43.6359,31.7938
228.0,8.288,1.2,-70.0,193672.0,43.6,32.30122
1.9611,7.2183,186.7398,-77.7643,194055.6164,43.4268,31.6864
4.655,7.245,186.8824,-78.3724,194053.6924,43.8604,31.5966
220.0,8.296,1.2,-81.0,193620.0,42.6,30.88551
224.3,8.288,1.2,-74.0,193672.0,43.6,32.38702
215.1,8.28,1.2,-79.0,193676.0,42.6,30.68173
1.8029,7.3701,189.0998,-78.4235,194056.9727,43.4791,31.6879
222.4,8.288,1.2,-75.0,193672.0,41.6,30.85333
224.4,8.296,1.2,-65.0,192100.0,43.6,32.17252
222.8,8.12,-141.6,-73.0,193684.0,43.6,32.74095
1.0945,7.4008,189.409,-77.9538,194057.9855,43.4754,31.7438
1.7732,7.1873,189.4418,-77.7841,194056.4054,43.6071,31.7773
217.2,8.12,-229.2,-78.0,194064.0,43.6,32.18324
229.7,8.16,-97.2,-69.0,193676.0,44.6,33.03053
1.0024,7.9123,188.8459,-77.3894,194055.9717,43.6716,31.8271
222.6,8.288,1.2,-78.0,193676.0,43.6,30.56376
222.2,8.288,1.2,-80.0,193676.0,42.6,30.86406
2.7295,7.6546,188.6082,-78.5487,194055.8942,43.6548,31.7693
4.363,7.0868,193.1689,-78.3411,194056.8534,43.6547,31.6703
1.465,7.5541,189.8089,-77.5395,194055.5068,43.7712,31.432
223.3,8.288,1.2,-65.0,193672.0,43.6,32.51572
2.8308,7.2339,190.8396,-78.4722,194055.9901,43.4741,31.6105
4.2237,7.0006,187.4467,-78.0817,194056.7485,43.5918,31.6704
4.43,7.0429,192.2503,-78.1118,194054.387,43.5499,31.9116
225.4,8.288,1.2,-84.0,193672.0,42.6,31.36814
227.9,8.144,-100.8,-78.0,193676.0,43.6,32.8911
4.5289,7.2747,187.8933,-77.9384,194055.7216,43.5497,31.6077
3.6863,7.3088,188.2884,-77.5991,194054.0242,43.7105,31.686
227.4,8.288,1.2,-70.0,193672.0,43.6,32.16179
1.0073,7.0472,188.1588,-78.1413,194056.3065,43.5426,31.6719
1.3948,7.3113,193.2835,-77.9446,194057.7438,43.5498,31.7074
225.8,8.288,1.2,-67.0,193672.0,43.6,32.36557
224.8,8.12,-117.2,-70.0,193676.0,43.6,32.79457
223.7,8.288,1.2,-78.0,193676.0,41.6,30.93913
225.8,8.288,1.2,-74.0,193676.0,42.6,31.08928
4.5831,7.6229,190.9149,-78.3324,194057.273,43.5165,31.7265
3.9122,7.6421,193.9579,-78.0535,194055.6899,43.5592,31.7314
228.1,8.288,1.2,-74.0,193672.0,42.6,32.22615
225.5,8.288,1.2,-80.0,193676.0,42.6,31.16436
4.9964,7.6047,190.374,-78.3458,194056.7559,43.601,31.7277
4.6694,7.0646,190.83,-78.9492,194055.5,43.4921,31.7558
214.8,8.296,1.2,-79.0,192104.0,42.6,30.84261
2.2699,7.7935,189.0758,-77.2311,194056.2088,43.5469,31.7072
1.8363,7.1985,191.7983,-76.832,194057.4128,43.7927,31.7328
226.4,8.288,1.2,-80.0,193620.0,41.6,30.93913
221.0,8.288,1.2,-86.0,193672.0,41.6,30.82116
4.231,7.0756,191.3257,-77.9015,194055.225,43.5411,31.7154
215.4,8.136,-188.4,-71.0,194056.0,43.6,32.78385
1.6796,7.0386,191.8523,-77.8689,194057.191,43.494,31.7828
225.6,8.288,1.2,-75.0,193672.0,43.6,32.22615
3.118,7.0426,189.9606,-78.4843,194055.5767,43.5701,31.5783
3.7852,7.9185,189.487,-77.6769,194057.1348,43.6505,31.6797
225.7,8.288,1.2,-82.0,193676.0,42.6,31.32524
223.3,8.288,1.2,-77.0,193672.0,41.6,31.07856
225.1,8.288,1.2,-79.0,193672.0,42.6,30.94986
220.7,8.288,1.2,-82.0,193672.0,41.6,30.84261
220.7,8.12,-130.4,-64.0,193692.0,43.6,32.83747
223.5,8.288,1.2,-78.0,193676.0,43.6,30.59593
0.1582,7.5347,193.3489,-77.4349,194055.6868,43.5019,31.6767
3.5621,7.5549,189.0355,-78.7403,194053.5737,43.769,31.4843
1.5954,7.2242,191.8036,-77.7701,194055.2649,43.6446,31.6971
229.5,8.288,1.2,-69.0,193672.0,43.6,32.35485
225.8,8.288,1.2,-81.0,193672.0,42.6,31.23944
4.7469,7.1981,188.8234,-78.1008,194056.0866,43.5895,31.8241
225.2,8.28,1.2,-66.0,193672.0,42.6,32.21542
3.9776,7.6289,191.3387,-78.8199,194054.4791,43.6358,31.7202
3.2254,7.2374,189.8164,-78.2913,194055.1484,43.6595,31.7049
225.5,8.288,1.2,-74.0,193676.0,41.6,30.90696
222.4,8.288,1.2,-82.0,193676.0,42.6,30.94986
216.0,8.288,1.2,-76.0,192100.0,41.6,30.75681
3.5076,7.0453,187.4498,-78.4154,194056.4293,43.5548,31.72
215.4,8.288,1.2,-85.0,193676.0,44.6,30.69246
1.3093,7.0299,193.4124,-77.8404,194056.0762,43.5872,31.8297
1.2015,7.9963,187.3789,-77.5632,194055.878,43.6001,31.6451
216.2,8.288,1.2,-77.0,193676.0,41.6,30.83188
4.9102,7.5516,189.2374,-78.3118,194055.5076,43.7234,31.744
0.5153,7.7909,186.3969,-77.0572,194055.5736,43.5092,31.6169
228.0,8.288,1.2,-74.0,193672.0,43.6,32.30122
1.846,7.763,188.2578,-77.6174,194055.9761,43.5272,31.6596
1.53,7.2796,193.9328,-77.934,194056.9755,43.5201,31.7738
1.4207,7.889,188.7177,-77.9358,194056.1963,43.7834,31.7784
225.1,8.288,1.2,-79.0,193676.0,42.6,31.43249
1.9381,7.8229,191.0585,-77.6789,194055.8367,43.445,31.747
3.328,7.3487,188.186,-77.972,194056.1852,43.5027,31.6803
0.1259,7.1572,190.3934,-78.3192,194054.7213,43.5486,31.5705
4.0062,7.0066,195.2139,-77.5606,194055.4993,43.5415,31.9165
218.9,8.288,1.2,-81.0,193672.0,41.6,30.76753
218.1,8.104,-232.0,-83.0,194056.0,43.6,31.90439
2.3882,7.4884,188.156,-77.7275,194055.7656,43.5691,31.7986
3.3133,7.6395,188.7117,-77.5771,194055.5584,43.6237,31.6725
224.4,8.28,1.2,-77.0,193676.0,42.6,30.94986
217.9,8.288,1.2,-83.0,193676.0,41.6,30.83188
224.9,8.288,1.2,-79.0,193672.0,41.6,31.03566
0.0829,7.1446,188.5955,-78.1249,194054.8366,43.4682,31.7851
224.2,8.288,1.2,-78.0,193672.0,42.6,31.41104
215.6,8.288,1.2,-90.0,193672.0,43.6,30.68173
3.8314,7.5182,190.3124,-78.079,194054.0252,43.3356,31.6169
3.8996,7.9206,192.2796,-78.0477,194056.3279,43.6339,31.5969
224.8,8.28,1.2,-66.0,193672.0,43.6,32.09744
224.9,8.288,1.2,-75.0,193676.0,42.6,31.36814
3.3942,7.7954,190.0578,-77.9387,194055.4753,43.597,31.6909
221.8,8.288,1.2,-81.0,193672.0,41.6,31.10001
3.7727,7.7304,190.4661,-76.9937,194056.105,43.5295,31.7239
2.2916,7.0642,193.042,-77.5729,194056.1462,43.5479,31.6749
228.9,8.296,1.2,-65.0,193676.0,43.6,32.95545
226.1,8.28,1.2,-74.0,193676.0,42.6,31.64699
1.809,7.0576,188.2836,-78.1028,194056.368,43.5387,31.6056
220.1,8.288,1.2,-82.0,193672.0,42.6,30.85333
4.6589,7.8575,190.0462,-78.4677,194056.1771,43.4863,31.7386
1.5462,7.7844,191.6305,-78.188,194054.7929,43.5491,31.6912
3.7571,7.4224,186.4435,-78.7599,194055.5616,43.5075,31.8879
223.0,8.136,-112.4,-77.0,193684.0,43.6,32.934
1.8928,7.7812,188.7497,-78.4927,194056.4061,43.6421,31.7466
0.2807,7.8209,192.7766,-78.6772,194058.1378,43.6707,31.8251
227.0,8.288,1.2,-68.0,193672.0,43.6,32.4192
227.5,8.288,1.2,-77.0,193676.0,41.6,30.83188
3.6806,7.9514,191.9822,-78.3575,194056.532,43.6141,31.7937
1.1883,7.4098,190.1467,-77.5714,194054.7237,43.4883,31.6257
222.0,8.288,1.2,-79.0,191196.0,45.6,30.56376
3.6754,7.6719,191.21,-77.9185,194056.9783,43.5225,31.6808
221.7,8.288,1.2,-83.0,193676.0,42.6,30.96058
223.9,8.288,1.2,-75.0,193672.0,43.6,32.34412
226.3,8.288,1.2,-74.0,193672.0,43.6,32.2047
226.9,8.288,1.2,-76.0,193676.0,42.6,30.91768
229.6,8.288,1.2,-84.0,193672.0,43.6,32.00092
1.3369,7.6946,191.403,-77.9476,194057.0436,43.582,31.4877
2.5651,7.2482,191.5963,-78.0642,194055.8148,43.5219,31.8028
229.9,8.288,1.2,-77.0,193676.0,41.6,30.87478
2.0598,7.0923,190.1473,-77.5155,194055.4992,43.4904,31.7171
225.0,8.288,1.2,-72.0,193624.0,41.6,30.91768
214.2,8.288,1.2,-79.0,193676.0,44.6,30.67101
214.7,8.288,1.2,-78.0,193672.0,43.6,30.70318
224.1,8.288,1.2,-65.0,193672.0,43.6,32.74095
228.3,8.288,1.2,-77.0,193672.0,43.6,32.06527
2.1265,7.1083,187.9651,-78.4332,194056.9998,43.5585,31.5951
3.6126,7.8056,189.0912,-78.3254,194056.5543,43.6127,31.6682
222.3,8.288,1.2,-85.0,193676.0,42.6,31.37886
225.7,8.288,1.2,-82.0,193672.0,42.6,31.33596
4.405,7.0717,189.9436,-78.2656,194056.5107,43.5788,31.6782
215.8,8.288,1.2,-76.0,193676.0,41.6,30.64956
226.1,8.288,1.2,-79.0,193672.0,43.6,32.2047
1.6674,7.1253,188.8252,-78.7205,194054.6487,43.5988,31.5966
3.4099,7.0177,190.8652,-77.1821,194057.3657,43.6742,31.9196
0.5967,7.9857,186.2435,-78.0346,194055.3793,43.5179,31.6417
229.2,8.288,1.2,-76.0,193672.0,43.6,32.03309
217.6,8.128,-172.4,-71.0,194056.0,43.6,32.81602
221.9,8.288,1.2,-83.0,193620.0,41.6,30.93913
1.9887,7.443,191.3777,-77.9751,194055.2666,43.5318,31.717
2.3398,7.7308,191.693,-78.0628,194052.9275,43.5924,31.7397
223.6,8.288,1.2,-71.0,193672.0,42.6,31.99019
4.2318,7.3344,190.0858,-77.9608,194057.3,43.6218,31.6566
2.3935,7.3157,191.7589,-77.7887,194055.1209,43.6915,31.7104
0.6869,7.8626,194.2889,-76.9465,194057.6621,43.709,31.7953
3.8787,7.0916,189.8722,-77.6818,194056.6054,43.5582,31.7996
225.4,8.288,1.2,-77.0,193672.0,42.6,31.37886
225.2,8.288,1.2,-75.0,193672.0,43.6,32.35485
4.5759,7.6669,192.3324,-78.4242,194055.5457,43.6718,31.6334
219.3,8.288,1.2,-82.0,193672.0,41.6,30.84261
220.2,8.128,-219.2,-71.0,192484.0,43.6,32.5908
1.5973,7.3904,188.2071,-78.0077,194054.9786,43.7447,31.5885
227.0,8.288,1.2,-66.0,193672.0,43.6,32.35485
221.6,8.288,1.2,-66.0,193672.0,44.6,32.505
4.4473,7.9858,193.9112,-78.5519,194056.126,43.5843,31.5833
3.0885,7.2684,187.0136,-78.5277,194057.2211,43.5404,31.7607
0.1198,7.786,187.2108,-77.529,194055.2866,43.6734,31.7465
227.2,8.288,1.2,-81.0,193816.0,44.6,30.5423
2.8168,7.4168,188.1387,-77.9507,194055.6155,43.6147,31.8687
223.2,8.136,-112.8,-76.0,193676.0,44.6,32.94473
0.5028,7.5634,186.653,-77.9166,194056.7666,43.5296,31.6767
223.1,8.288,1.2,-72.0,193676.0,41.6,30.91768
3.4136,7.1963,188.143,-77.968,194056.3298,43.6719,31.726
0.1965,7.0786,188.7485,-77.9442,194055.366,43.6908,31.7029
230.0,8.28,1.2,-73.0,193672.0,42.6,31.99019
4.6492,7.0171,188.4495,-77.0578,194054.7997,43.823,31.6654
219.6,8.288,1.2,-82.0,193676.0,42.6,31.65771
1.3374,7.7279,191.8084,-78.5507,194056.4332,43.5026,31.5491
226.8,8.28,1.2,-77.0,193672.0,42.6,31.36814
4.9021,7.1983,188.62,-77.7616,194055.6503,43.7509,31.4726
1.7388,7.4955,186.5628,-77.5285,194056.6068,43.6717,31.6016
0.8645,7.5532,188.6398,-77.4966,194055.8598,43.5137,31.6918
228.4,8.152,-96.4,-67.0,193676.0,44.6,33.0627
1.4519,7.9922,190.1994,-78.0752,194057.6626,43.5578,31.8952
220.2,8.288,1.2,-80.0,193676.0,44.6,30.68173
4.7038,7.2787,190.632,-77.5117,194056.5292,43.6014,31.7151
1.8774,7.5113,187.5515,-77.9225,194055.249,43.5562,31.6693
4.3755,7.1038,189.7522,-78.8007,194057.4421,43.6813,31.6884
3.2615,7.9173,191.4042,-78.3,194054.9931,43.3879,31.8297
218.6,8.12,-136.4,-69.0,193692.0,43.6,32.86965
1.26,7.6738,186.7652,-77.7681,194055.8055,43.6331,31.6794
225.6,8.288,1.2,-74.0,193672.0,43.6,32.3763
224.4,8.288,1.2,-79.0,193672.0,42.6,32.2047
1.4387,7.6034,189.2001,-77.1799,194056.0107,43.6054,31.7001
2.6447,7.6196,189.6037,-77.5245,194055.2935,43.6586,31.6851
221.2,8.288,1.2,-82.0,193676.0,43.6,31.60409
224.0,8.28,1.2,-77.0,193676.0,41.6,30.73536
223.9,8.288,1.2,-85.0,193672.0,42.6,31.07856
1.5191,7.9075,193.9191,-78.28,194056.5489,43.6588,31.5268
4.8282,7.9704,187.884,-77.8038,194056.2623,43.6889,31.6874
218.6,8.288,1.2,-86.0,193676.0,44.6,30.59593
223.3,8.288,1.2,-78.0,193676.0,41.6,30.84261
229.5,8.16,-85.6,-69.0,192092.0,43.6,33.1056
227.2,8.288,1.2,-73.0,193672.0,43.6,32.11889
223.5,8.288,1.2,-60.0,193672.0,43.6,32.62297
220.7,8.12,-128.4,-62.0,193692.0,43.6,32.85892
221.1,8.288,1.2,-75.0,193672.0,42.6,31.15364
220.7,8.152,-230.0,-74.0,194056.0,43.6,32.65515
223.4,8.288,1.2,-65.0,193672.0,43.6,32.56935
0.9506,7.3024,190.0025,-78.0939,194054.0893,43.5605,31.7302
225.2,8.288,1.2,-78.0,193676.0,42.6,31.36814
224.8,8.296,1.2,-69.0,193676.0,43.6,33.07343
223.7,8.288,1.2,-64.0,193672.0,43.6,32.42992
224.3,8.288,1.2,-68.0,193672.0,43.6,32.17252
220.6,8.112,-231.2,-79.0,194056.0,43.6,31.99019
226.2,8.296,1.2,-75.0,192100.0,42.6,31.34669
4.0424,7.8853,189.7265,-78.3111,194056.0171,43.7076,31.733
2.6929,7.2753,188.8525,-77.5124,194054.7965,43.8197,31.9489
227.2,8.288,1.2,-67.0,193672.0,43.6,32.40847
0.5946,7.2688,188.24,-77.4823,194056.9881,43.6506,31.6171
230.4,8.288,1.2,-69.0,193676.0,43.6,33.00908
3.4576,7.4543,187.1784,-77.5606,194057.8833,43.4926,31.736
213.1,8.288,1.2,-78.0,193816.0,45.6,30.68173
224.1,8.288,1.2,-65.0,193672.0,43.6,32.09744
0.7702,7.8845,186.3392,-78.7016,194055.5931,43.5299,31.7269
4.7654,7.013,192.3796,-77.7496,194055.8539,43.5937,31.7902
4.0224,7.0288,192.8977,-77.5458,194056.5934,43.6252,31.6565
3.9184,7.2725,189.3208,-78.1044,194056.0051,43.794,31.6359
1.1081,7.4215,191.2723,-78.4378,194056.5479,43.5673,31.6167
3.313,7.6112,190.4841,-78.3382,194057.0043,43.5947,31.6337
227.5,8.288,1.2,-65.0,193672.0,43.6,32.01164
229.1,8.288,1.2,-84.0,193672.0,42.6,31.97947
3.2014,7.2212,190.3841,-77.7546,194055.4568,43.5958,31.7006
0.018,7.1238,192.6929,-77.4275,194055.0729,43.5712,31.9386
2.6322,7.6618,191.038,-77.3284,194056.5616,43.7037,31.7901
223.5,8.288,1.2,-76.0,193676.0,44.6,30.5423
1.801,7.1357,188.0585,-77.7053,194055.6596,43.4043,31.6421
0.0527,7.1683,187.3689,-77.7981,194055.6243,43.5197,31.8602
4.3108,7.3563,188.1422,-77.1133,194056.2152,43.772,31.6441
226.5,8.288,1.2,-76.0,193676.0,41.6,30.77826
218.8,8.288,1.2,-80.0,193676.0,43.6,30.69246
224.9,8.288,1.2,-82.0,193672.0,42.6,31.35741
1.6382,7.1034,190.7711,-78.5562,194055.3136,43.5675,31.664
4.0081,7.0303,189.5706,-77.1685,194058.3743,43.6368,31.6535
227.0,8.288,1.2,-77.0,193672.0,41.6,30.86406
4.7873,7.0417,188.0123,-77.9638,194057.3153,43.651,31.5694
2.4805,7.6426,192.5191,-77.6222,194056.3439,43.6021,31.591
220.8,8.288,1.2,-66.0,193676.0,43.6,32.88037
0.287,7.3213,191.5189,-78.1946,194055.6634,43.7184,31.6318
0.6706,7.5954,190.7913,-78.9632,194055.4836,43.4761,31.6174
4.2565,7.195,187.9376,-78.4629,194057.8298,43.5781,31.7107
219.9,8.168,-232.4,-70.0,194056.0,43.6,32.73022
4.21,7.2815,189.9792,-78.1632,194055.8371,43.5121,31.6583
223.4,8.288,1.2,-81.0,193672.0,42.6,31.06783
4.1277,7.9961,190.9593,-78.0158,194056.4569,43.8148,31.6713
227.5,8.288,1.2,-70.0,193672.0,43.6,32.15107
0.086,7.026,187.5682,-77.7359,194056.1042,43.4801,31.6922
217.4,8.288,1.2,-73.0,193676.0,41.6,30.81043
1.4643,7.9547,188.9805,-77.6987,194056.5141,43.4388,31.6078
224.3,8.288,1.2,-85.0,193672.0,41.6,30.81043
227.8,8.288,1.2,-79.0,193672.0,42.6,32.07599
220.3,8.288,1.2,-75.0,193676.0,41.6,30.91768
224.6,8.288,1.2,-80.0,193672.0,41.6,31.04638
1.6283,7.0885,188.5772,-78.3922,194055.9982,43.6527,31.6509
220.4,8.288,1.2,-77.0,193672.0,44.6,30.69246
220.4,8.288,1.2,-80.0,193672.0,43.6,30.59593
212.6,8.296,1.2,-80.0,193676.0,45.6,30.67101
0.6962,7.7077,189.17,-77.8748,194056.627,43.56,31.7008
225.8,8.288,1.2,-77.0,193676.0,42.6,31.43249
217.5,8.288,1.2,-79.0,193672.0,46.6,30.68173
221.1,8.288,1.2,-83.0,193672.0,41.6,30.79971
226.0,8.296,1.2,-76.0,193676.0,42.6,31.45394
4.6011,7.4726,190.9682,-77.6344,194054.7578,43.7524,31.7418
229.0,8.288,1.2,-81.0,193676.0,42.6,31.86149
2.0021,7.8655,187.5419,-77.6883,194054.394,43.5104,31.8047
223.6,8.288,1.2,-71.0,193672.0,42.6,31.97947
3.0971,7.5588,192.7102,-77.8666,194053.972,43.5003,31.7938
0.5286,7.5299,192.9464,-78.3498,194057.9471,43.6671,31.5971
223.6,8.288,1.2,-80.0,191144.0,43.6,31.10001
220.1,8.288,1.2,-83.0,193672.0,44.6,30.57448
225.7,8.288,1.2,-75.0,193672.0,42.6,31.74352
221.1,8.28,1.2,-82.0,193676.0,42.6,31.58264
219.6,8.28,1.2,-74.0,193676.0,42.6,31.48611
217.3,8.288,1.2,-81.0,193676.0,41.6,30.84261
4.3497,7.0664,188.8722,-77.6765,194055.7164,43.5489,31.8854
213.9,8.288,1.2,-72.0,193676.0,42.6,30.67101
3.6404,7.0199,188.5149,-78.4438,194056.3871,43.5745,31.8192
216.9,8.28,1.2,-79.0,193676.0,42.6,30.73536
220.9,8.288,1.2,-80.0,193676.0,41.6,31.11073
223.7,8.288,1.2,-65.0,193672.0,43.6,32.66587
3.4705,7.4034,192.3297,-78.3242,194054.2627,43.6567,31.8404
1.1436,7.2766,190.6138,-79.1305,194054.5516,43.4656,31.6283
226.6,8.288,1.2,-77.0,193672.0,41.6,30.79971
223.3,8.288,1.2,-79.0,193672.0,41.6,31.08928
1.6204,7.9636,189.9862,-78.2041,194056.3436,43.4582,31.7693
225.6,8.136,-114.4,-75.0,193676.0,43.6,32.95545
223.9,8.288,1.2,-80.0,193672.0,42.6,31.49684
226.9,8.288,1.2,-70.0,193672.0,43.6,32.16179
222.6,8.128,-165.6,-64.0,190912.0,43.6,32.7624
231.1,8.28,1.2,-74.0,193672.0,43.6,31.96874
4.8876,7.1492,189.7307,-78.1192,194056.7251,43.5778,31.6782
227.6,8.288,1.2,-63.0,193672.0,43.6,32.48355
227.5,8.28,1.2,-81.0,193672.0,42.6,32.06527
221.3,8.16,-232.4,-73.0,194064.0,43.6,32.65515
3.9905,7.3385,189.5931,-77.7379,194056.4745,43.7052,31.78
223.5,8.288,1.2,-78.0,193676.0,41.6,30.90696
2.5488,7.9507,189.0901,-79.0207,194056.5281,43.5475,31.6861
216.6,8.152,-206.4,-72.0,191576.0,45.6,32.78385
1.1265,7.4256,189.7278,-77.6163,194055.4964,43.5807,31.8164
225.7,8.288,1.2,-80.0,193672.0,43.6,31.93657
1.782,7.2451,185.7598,-77.5139,194055.6509,43.5641,31.8092
0.5464,7.0208,192.986,-77.5923,194055.7446,43.5186,31.6135
2.3935,7.2073,187.934,-77.7367,194057.1044,43.6305,31.7752
216.2,8.288,1.2,-76.0,193672.0,45.6,30.68173
224.5,8.288,1.2,-74.0,193676.0,42.6,31.48611
3.9004,7.7359,190.2337,-78.6157,194056.3709,43.742,31.6258
2.1942,7.6752,188.1149,-77.82,194053.6444,43.5872,31.6399
3.7784,7.7957,189.2945,-77.9129,194057.1198,43.5087,31.6481
215.0,8.28,1.2,-81.0,193676.0,41.6,30.72463
223.8,8.288,1.2,-76.0,193672.0,42.6,31.15364
220.8,8.288,1.2,-71.0,193672.0,42.6,31.05711
225.2,8.288,1.2,-74.0,193676.0,42.6,31.42176
1.8078,7.6039,191.5797,-78.157,194057.0434,43.6696,31.7584
2.9294,7.9752,192.1642,-78.7264,194057.3063,43.6258,31.5888
225.6,8.288,1.2,-74.0,193672.0,43.6,32.39775
213.0,8.288,1.2,-76.0,193676.0,44.6,30.70318
228.1,8.288,1.2,-70.0,193676.0,43.6,33.00908
1.8909,7.7152,188.0326,-77.6781,194055.8775,43.6811,31.6581
4.258,7.3213,187.3287,-78.5148,194055.2931,43.3925,31.7108
224.6,8.288,1.2,-81.0,193672.0,42.6,31.25016
212.0,8.28,1.2,-83.0,191196.0,43.6,30.74608
220.2,8.288,1.2,-81.0,193668.0,44.6,30.57448
223.6,8.288,1.2,-70.0,193676.0,43.6,33.1056
219.2,8.16,-233.6,-74.0,194056.0,43.6,32.70877
1.4459,7.5613,189.8856,-77.4785,194057.1971,43.4274,31.754
226.1,8.288,1.2,-75.0,193672.0,43.6,32.19397
224.5,8.288,1.2,-75.0,193672.0,42.6,32.07599
3.6599,7.888,194.2689,-77.8194,194056.3749,43.5443,31.8561
225.8,8.288,1.2,-82.0,193672.0,42.6,30.89623
221.2,8.288,1.2,-86.0,193816.0,45.6,30.66028
225.1,8.296,1.2,-78.0,192104.0,42.6,31.43249
225.9,8.288,1.2,-77.0,193676.0,42.6,31.48611
223.9,8.288,1.2,-78.0,193672.0,41.6,30.81043
0.6555,7.8578,188.1262,-76.8358,194057.9338,43.683,31.8308
228.5,8.152,-96.4,-67.0,193676.0,43.6,33.0627
2.858,7.8988,191.5478,-78.0923,194057.0447,43.5495,31.7161
4.2493,7.278,187.6484,-77.588,194054.224,43.7208,31.6421
225.6,8.288,1.2,-77.0,193624.0,42.6,31.41104
0.1752,7.1614,187.1226,-77.0655,194057.0959,43.5269,31.8152
0.3282,7.1452,190.8816,-77.7728,194054.3736,43.6237,31.7069
4.7596,7.1876,190.8952,-78.6047,194055.7449,43.5678,31.7073
219.6,8.288,1.2,-74.0,193672.0,42.6,31.07856
1.2575,7.2987,187.0239,-77.9527,194057.6269,43.5136,31.7037
225.2,8.288,1.2,-81.0,193672.0,41.6,30.86406
220.5,8.12,-138.8,-66.0,193684.0,43.6,32.8053
221.6,8.288,1.2,-77.0,193676.0,43.6,30.56376
222.4,8.288,1.2,-83.0,193672.0,43.6,30.67101
225.1,8.288,1.2,-74.0,193672.0,43.6,32.34412
223.6,8.288,1.2,-71.0,193676.0,43.6,33.07343
219.9,8.288,1.2,-79.0,191196.0,42.6,30.83188
224.6,8.296,1.2,-78.0,193672.0,44.6,30.56376
2.7438,7.8002,190.2431,-77.2646,194056.3053,43.4176,31.7465
227.0,8.288,1.2,-80.0,193672.0,41.6,30.87478
229.9,8.288,1.2,-74.0,193676.0,42.6,32.00092
1.3761,7.3075,189.9044,-78.6567,194055.5371,43.4946,31.7842
223.8,8.288,1.2,-78.0,193676.0,41.6,30.86406
1.7794,7.7091,192.8282,-78.07,194056.8377,43.4369,31.6177
3.1704,7.0281,191.7851,-77.6142,194055.565,43.4284,31.5528
224.5,8.288,1.2,-76.0,193672.0,41.6,30.89623
1.2695,7.8493,188.3124,-77.9159,194056.9431,43.578,31.5912
227.0,8.28,1.2,-76.0,193676.0,42.6,31.73279
0.4206,7.5214,188.4286,-79.8719,194057.8198,43.5782,31.6402
4.2131,7.5353,191.0848,-77.766,194056.1383,43.6059,31.6128
215.3,8.288,1.2,-81.0,193676.0,43.6,30.69246
0.9478,7.7484,186.3055,-79.1759,194053.9122,43.6402,31.7067
2.8501,7.9365,191.2875,-78.0009,194055.3665,43.4774,31.8236
1.5194,7.972,189.2616,-79.5255,194057.6134,43.6506,31.6267
0.3562,7.6719,189.6464,-77.5259,194055.1927,43.5538,31.6059
1.5664,7.0232,187.7912,-78.1251,194055.3663,43.6734,31.5811
222.9,8.288,1.2,-78.0,193672.0,41.6,30.82116
2.4952,7.4256,192.2906,-77.9571,194057.6447,43.5727,32.0067
1.5864,7.4136,189.8796,-77.4617,194055.337,43.5381,31.612
226.1,8.288,1.2,-74.0,193676.0,42.6,31.64699
230.1,8.288,1.2,-73.0,193676.0,43.6,32.3763
217.1,8.128,-231.2,-81.0,194056.0,43.6,32.45137
1.2623,7.518,187.5835,-78.1335,194056.003,43.6721,31.5333
4.5944,7.255,193.6869,-77.6395,194055.9166,43.5345,31.7849
223.2,8.288,1.2,-79.0,193672.0,42.6,31.00348
0.9578,7.5889,187.3925,-78.4312,194055.6473,43.832,31.652
226.6,8.288,1.2,-76.0,193672.0,42.6,31.37886
218.3,8.288,1.2,-79.0,193676.0,44.6,30.67101
226.3,8.288,1.2,-74.0,193672.0,43.6,32.19397
3.4699,7.496,188.6216,-77.4522,194057.2655,43.5415,31.759
4.652,7.0974,192.3271,-78.6306,194055.9867,43.7272,31.7039
217.7,8.144,-187.6,-71.0,194008.0,44.6,32.81602
229.2,8.168,-95.6,-67.0,193676.0,44.6,33.09488
222.2,8.288,1.2,-81.0,193676.0,42.6,31.71134
4.8933,7.0273,189.4941,-78.2146,194055.1109,43.5061,31.8588
3.5675,7.3992,186.9365,-78.2441,194056.5223,43.4833,31.744
0.8198,7.6849,191.2748,-78.0311,194055.1123,43.6274,31.7547
225.7,8.28,1.2,-69.0,193672.0,43.6,32.40847
3.6262,7.0569,191.6426,-78.9321,194055.8525,43.6268,31.7864
229.4,8.28,1.2,-76.0,193676.0,42.6,32.04382
213.4,8.288,1.2,-83.0,193676.0,41.6,30.64956
227.0,8.288,1.2,-74.0,193672.0,43.6,32.3334
224.8,8.288,1.2,-79.0,193672.0,43.6,32.21542
4.7022,7.9905,183.4969,-77.5931,194057.3315,43.567,31.5883
0.277,7.5385,186.7559,-77.3603,194055.2396,43.5899,31.6909
227.8,8.288,1.2,-71.0,193672.0,43.6,32.08672
2.9528,7.0749,189.4287,-78.0666,194056.9703,43.4407,31.7481
1.142,7.3517,190.3725,-78.2169,194058.2781,43.7781,31.8307
225.2,8.288,1.2,-67.0,192092.0,44.6,32.82675
222.5,8.128,-116.8,-77.0,193676.0,43.6,32.85892
3.9369,7.5851,190.5992,-78.2497,194054.7186,43.5849,31.6524
223.8,8.288,1.2,-82.0,193672.0,42.6,31.51829
224.9,8.288,1.2,-75.0,192100.0,43.6,32.15107
3.7621,7.0883,190.6848,-78.6198,194055.7741,43.6676,31.5801
2.5386,7.7376,191.2181,-77.5389,194056.0226,43.6031,31.6898
1.2458,7.4401,190.654,-78.1146,194055.1159,43.4547,31.6729
4.8988,7.7439,189.5586,-77.5402,194053.9232,43.5705,31.6689
3.465,7.609,191.0989,-78.3043,194056.4989,43.5873,31.5728
226.8,8.288,1.2,-71.0,193620.0,42.6,32.16179
0.2454,7.9339,187.0461,-77.9659,194055.0182,43.7852,31.869
224.0,8.288,1.2,-79.0,192104.0,42.6,31.13218
228.4,8.272,1.2,-81.0,193676.0,44.6,30.52085
4.1387,7.317,188.3931,-78.1874,194056.2645,43.501,31.8777
1.6738,7.0277,188.482,-77.4956,194054.4115,43.559,31.8007
223.1,8.288,1.2,-83.0,193672.0,42.6,31.04638
227.5,8.288,1.2,-77.0,193672.0,42.6,32.03309
0.4006,7.8842,190.4441,-77.7615,194054.998,43.6728,31.8316
4.3202,7.304,192.0711,-77.47,194055.7515,43.6393,31.7083
0.4531,7.4988,191.4008,-77.9147,194055.213,43.445,31.6642
4.2282,7.1444,190.4795,-77.8971,194055.8083,43.4142,31.6452
225.4,8.288,1.2,-67.0,193672.0,43.6,32.38702
224.8,8.288,1.2,-68.0,193672.0,43.6,32.23687
229.2,8.152,-99.99999,-69.0,193676.0,43.6,32.91255
4.8976,7.2631,186.9646,-78.5777,194055.4621,43.6378,31.4256
3.6728,7.422,191.3449,-79.0062,194055.4761,43.6915,31.523
0.1666,7.5662,188.9863,-77.927,194055.0774,43.5274,31.4426
225.9,8.288,1.2,-79.0,193676.0,41.6,30.87478
224.4,8.12,-122.4,-79.0,193676.0,43.6,32.83747
4.3357,7.1698,188.8425,-78.4191,194056.8497,43.5472,31.6246
2.768,7.0079,191.9136,-77.7931,194054.9541,43.6518,31.463
3.2143,7.0873,191.6115,-76.8952,194056.8585,43.5385,31.4858
217.7,8.288,1.2,-77.0,193676.0,44.6,30.69246
0.6836,7.9324,190.8698,-76.9873,194056.145,43.3944,31.7121
225.4,8.288,1.2,-76.0,193672.0,43.6,31.99019
4.2496,7.0758,188.7947,-77.9419,194056.3913,43.7074,31.7201
225.5,8.288,1.2,-66.0,193672.0,43.6,32.19397
223.4,8.288,1.2,-80.0,193672.0,42.6,31.52901
224.9,8.288,1.2,-79.0,193672.0,42.6,31.93657
225.7,8.288,1.2,-78.0,193676.0,41.6,30.99276
226.0,8.28,1.2,-77.0,193676.0,42.6,31.47539
0.3251,7.0776,189.1091,-78.1392,194056.7791,43.5493,31.7367
0.1728,7.2648,191.1676,-78.0553,194055.759,43.6251,31.7395
1.1681,7.2308,192.7667,-77.8766,194057.6696,43.4758,31.7082
226.8,8.288,1.2,-70.0,193672.0,43.6,32.16179
226.8,8.288,1.2,-76.0,193676.0,42.6,31.66844
224.8,8.288,1.2,-78.0,193672.0,42.6,31.96874
3.1165,7.3836,190.2387,-77.9018,194055.9382,43.6173,31.6269
1.5037,7.2772,186.2423,-76.8771,194057.6428,43.7209,31.8357
224.0,8.288,1.2,-75.0,193672.0,43.6,32.32267
222.3,8.28,1.2,-80.0,193676.0,41.6,31.10001
219.9,8.288,1.2,-73.0,193676.0,41.6,30.87478
223.9,8.288,1.2,-78.0,193624.0,41.6,30.84261
4.3003,7.5108,195.3867,-77.6514,194057.2015,43.6195,31.6835
222.9,8.288,1.2,-79.0,193672.0,42.6,31.01421
1.7665,7.6181,190.5349,-78.1001,194056.2038,43.6654,31.7465
4.7691,7.8868,189.7192,-78.4585,194054.2384,43.5237,31.5588
4.7836,7.7134,191.7274,-78.5593,194055.4122,43.7243,31.6447
3.7849,7.9628,194.3434,-77.4734,194056.668,43.6495,31.712
215.2,8.296,1.2,-78.0,192056.0,42.6,30.66028
1.1504,7.8672,188.3094,-77.1678,194056.0584,43.5255,31.653
2.2205,7.2456,187.2323,-78.279,194056.9084,43.5706,31.6992
219.3,8.288,1.2,-83.0,193672.0,41.6,30.91768
215.2,8.128,-181.2,-70.0,194056.0,44.6,32.78385
1.296,7.0021,194.1554,-78.9622,194056.7048,43.6347,31.7366
3.2679,7.8109,190.9604,-78.2047,194055.4168,43.5938,31.7342
1.455,7.3875,190.0259,-78.0539,194056.6381,43.4963,31.7277
2.2731,7.5317,191.7116,-77.7334,194055.258,43.7469,31.6892
2.5018,7.0825,189.8866,-78.0333,194054.1522,43.5828,31.732
0.0884,7.3659,191.5707,-77.7151,194056.1169,43.6627,31.6043
3.5167,7.5085,188.2501,-78.6312,194055.4889,43.6046,31.8269
230.1,8.288,1.2,-77.0,193672.0,42.6,32.04382
225.7,8.288,1.2,-76.0,193676.0,42.6,31.41104
1.6638,7.4191,190.1683,-78.1644,194058.1355,43.6568,31.6085
226.6,8.288,1.2,-79.0,193672.0,42.6,32.22615
225.5,8.288,1.2,-77.0,193672.0,42.6,31.38959
2.9715,7.2938,189.0246,-78.0531,194057.8386,43.5977,31.8247
3.4561,7.9219,191.7202,-77.6303,194056.336,43.6492,31.6537
220.2,8.168,-231.6,-72.0,194008.0,43.6,32.78385
2.6414,7.9967,191.3943,-77.8062,194055.1856,43.5578,31.6298
1.7211,7.3659,189.2037,-78.1643,194059.4282,43.501,31.6967
216.9,8.104,-234.4,-80.0,194056.0,43.6,31.81859
225.1,8.288,1.2,-81.0,191192.0,43.6,31.95802
3.1532,7.5789,188.2852,-78.8028,194056.8119,43.5915,31.8488
1.5513,7.5768,190.5852,-77.5862,194056.6238,43.52,31.7428
223.5,8.288,1.2,-74.0,193672.0,43.6,32.38702
4.0223,7.2653,191.5029,-78.0234,194056.6999,43.592,31.7545
222.9,8.112,-142.4,-63.0,193692.0,43.6,32.7624
2.8896,7.7438,187.5698,-78.5625,194055.4523,43.6271,31.6948
228.7,8.28,1.2,-72.0,193672.0,43.6,32.2905
0.914,7.906,190.5912,-77.2791,194056.0678,43.6856,31.7679
227.7,8.288,1.2,-67.0,193676.0,43.6,32.9769
4.6897,7.8517,191.1935,-78.6973,194056.2712,43.7534,31.4723
230.1,8.288,1.2,-74.0,193672.0,42.6,32.01164
222.8,8.12,-138.8,-73.0,193692.0,43.6,32.74095
223.3,8.288,1.2,-65.0,193480.0,44.6,32.505
3.236,7.7329,192.3509,-78.0495,194057.5633,43.5833,31.5978
224.0,8.288,1.2,-62.0,193672.0,43.6,32.73022
1.026,7.9037,190.0915,-78.0749,194056.1036,43.5945,31.4613
223.8,8.288,1.2,-71.0,193672.0,43.6,32.00092
225.7,8.288,1.2,-77.0,193672.0,42.6,31.38959
225.7,8.288,1.2,-74.0,193672.0,43.6,32.38702
228.8,8.288,1.2,-81.0,193676.0,44.6,30.53158
225.2,8.288,1.2,-76.0,193676.0,41.6,30.86406
224.1,8.288,1.2,-82.0,193676.0,44.6,30.56376
4.6367,7.1946,189.037,-78.3964,194054.381,43.6678,31.5162
1.509,7.1724,191.5866,-78.4165,194055.6413,43.5291,31.5772
1.5101,7.7505,187.7424,-77.7083,194057.2954,43.7257,31.6867
226.6,8.288,1.2,-68.0,193672.0,43.6,32.38702
224.5,8.12,-118.8,-79.0,193676.0,43.6,32.8482
4.7088,7.0825,189.7151,-77.7036,194054.0112,43.6226,31.625
4.9679,7.3358,189.1893,-77.5002,194056.2674,43.6399,31.5702
2.6152,7.3784,187.2415,-78.6692,194056.1199,43.413,31.6144
220.8,8.28,1.2,-71.0,193672.0,42.6,31.08928
1.2523,7.0664,192.5803,-77.8958,194055.2609,43.5793,31.735
226.5,8.288,1.2,-79.0,193672.0,43.6,31.96874
224.1,8.288,1.2,-86.0,192096.0,45.6,30.61738
217.4,8.288,1.2,-78.0,193672.0,41.6,30.78898
4.02,7.2723,192.3984,-77.7772,194057.9944,43.7175,31.7643
0.1336,7.8916,193.3447,-78.6858,194056.273,43.5303,31.7144
0.6447,7.3322,190.1465,-78.0597,194056.4343,43.4975,31.8104
221.5,8.296,1.2,-84.0,193672.0,44.6,30.66028
4.2492,7.9333,191.6704,-76.9793,194057.9582,43.5123,31.9305
225.6,8.288,1.2,-77.0,193672.0,42.6,31.38959
2.7268,7.3263,192.567,-77.8539,194054.6933,43.6137,31.8383
1.1748,7.9544,191.3629,-77.5557,194055.2743,43.5224,31.9777
224.2,8.288,1.2,-73.0,193624.0,41.6,30.91768
219.0,8.288,1.2,-74.0,192104.0,41.6,30.84261
1.3256,7.7658,191.4558,-77.5716,194053.821,43.4706,31.7991
227.3,8.288,1.2,-71.0,193672.0,43.6,32.16179
4.5685,7.76,188.4842,-77.801,194056.9648,43.6842,31.7537
222.1,8.288,1.2,-82.0,193672.0,42.6,30.93913
2.2798,7.8409,186.3723,-79.1184,194055.2326,43.693,31.8232
1.4476,7.3389,187.667,-78.1741,194056.1184,43.6724,31.7294
225.9,8.288,1.2,-75.0,193672.0,43.6,32.22615
4.8254,7.449,190.2462,-77.9062,194055.6118,43.7497,31.5592
225.9,8.288,1.2,-65.0,193672.0,42.6,32.12962
216.2,8.144,-199.2,-80.0,194056.0,43.6,32.8053
2.5909,7.4334,189.3635,-77.8306,194055.2303,43.77,31.7092
225.4,8.288,1.2,-75.0,193676.0,42.6,31.44321
224.6,8.288,1.2,-79.0,191148.0,43.6,30.72463
2.7217,7.7362,188.608,-78.2602,194055.033,43.57,31.6447
212.0,8.288,1.2,-88.0,193676.0,44.6,30.67101
224.9,8.288,1.2,-74.0,193624.0,42.6,31.75424
4.4931,7.616,191.8621,-77.8135,194057.3186,43.5908,31.9903
3.0682,7.9844,191.2216,-79.1253,194056.0074,43.6573,31.9172
1.5197,7.7662,188.3709,-78.0728,194055.7409,43.7862,31.6825
3.4099,7.9809,189.5303,-78.157,194055.5186,43.3994,31.8825
4.864,7.0369,191.3653,-77.4954,194055.7171,43.6021,31.728
2.9968,7.4351,185.6267,-77.6651,194055.4915,43.753,31.7577
2.0357,7.8893,189.9064,-77.9063,194055.6007,43.6408,31.6086
228.5,8.16,-96.8,-67.0,193676.0,43.6,33.05198
226.0,8.28,1.2,-83.0,193672.0,42.6,31.23944
3.7283,7.1874,190.7787,-77.6083,194056.3457,43.6219,31.5722
214.9,8.128,-168.0,-73.0,194056.0,43.6,32.82675
4.4543,7.7104,188.1677,-78.8693,194054.1938,43.5314,31.5278
2.5233,7.3171,189.452,-77.6247,194058.3448,43.4929,31.6833
227.3,8.288,1.2,-76.0,193672.0,42.6,31.36814
224.1,8.288,1.2,-73.0,193672.0,43.6,32.17252
217.2,8.28,1.2,-78.0,193676.0,44.6,30.56376
3.3832,7.9753,189.4379,-78.0939,194057.3614,43.5124,31.6401
224.8,8.288,1.2,-81.0,193676.0,42.6,31.44321
216.3,8.12,-230.4,-76.0,194056.0,43.6,32.3334
230.0,8.288,1.2,-78.0,193676.0,41.6,30.89623
0.525,7.7899,192.3739,-77.3797,194055.2965,43.4823,31.7085
0.7621,7.107,189.5271,-78.1529,194055.9614,43.6846,31.6814
228.1,8.288,1.2,-79.0,193676.0,43.6,31.90439
226.4,8.288,1.2,-74.0,193676.0,42.6,31.71134
0.4638,7.9385,187.0173,-78.8694,194056.2419,43.4077,31.8055
0.6367,7.8711,191.0107,-77.3861,194056.7422,43.6644,31.5609
228.4,8.288,1.2,-65.0,193676.0,43.6,32.96618
0.062,7.2743,190.5593,-79.0117,194056.6093,43.6484,31.6559
4.4209,7.4658,191.9979,-78.8381,194055.5547,43.5913,31.4895
225.5,8.288,1.2,-77.0,193676.0,42.6,31.42176
221.8,8.288,1.2,-74.0,193676.0,41.6,30.94986
3.2173,7.4476,190.6184,-77.37,194056.0042,43.4968,31.6552
2.309,7.0437,189.0488,-78.0664,194056.3994,43.5719,31.7393
2.3811,7.0999,188.7019,-77.8031,194054.5975,43.5197,31.5679
4.9295,7.8133,191.1946,-78.2734,194055.5538,43.823,31.5368
229.8,8.288,1.2,-72.0,193684.0,43.6,32.36557
225.0,8.288,1.2,-76.0,193676.0,42.6,31.67916
216.5,8.288,1.2,-78.0,193676.0,41.6,30.70318
224.4,8.28,1.2,-74.0,193672.0,41.6,30.87478
0.2221,7.5356,188.3113,-78.1323,194055.6093,43.6478,31.6865
4.6758,7.2907,190.61,-77.417,194057.1137,43.5725,31.5373
2.4899,7.9951,188.7893,-78.05,194055.6379,43.5273,31.6741
228.1,8.288,1.2,-77.0,193676.0,41.6,30.85333
225.0,8.288,1.2,-65.0,193672.0,43.6,32.18324
2.8364,7.3175,188.2987,-77.2691,194055.9499,43.6006,31.6452
3.4179,7.3405,191.7867,-78.2263,194054.9154,43.4416,31.8442
223.9,8.28,1.2,-75.0,193672.0,41.6,30.89623
229.2,8.288,1.2,-88.0,193624.0,42.6,31.89367
230.9,8.288,1.2,-77.0,193676.0,42.6,30.92841
225.0,8.288,1.2,-73.0,193672.0,42.6,32.16179
0.142,7.5408,188.7763,-77.9865,194057.3587,43.4432,31.8253
217.1,8.128,-230.8,-79.0,194056.0,43.6,32.39775
3.507,7.8782,191.3359,-77.9819,194055.786,43.7382,31.7814
0.9259,7.9944,190.3822,-77.9259,194055.242,43.742,31.7143
225.7,8.288,1.2,-76.0,193672.0,43.6,32.22615
4.7188,7.8639,184.9359,-78.3972,194055.4822,43.5327,31.7352
222.1,8.144,-106.0,-71.0,193676.0,43.6,32.934
226.4,8.288,1.2,-79.0,193676.0,43.6,30.56376
1.5644,7.6175,189.1497,-77.8151,194057.0705,43.6093,31.6119
3.4736,7.9169,191.0758,-77.5215,194056.8455,43.6226,31.6226
222.2,8.288,1.2,-87.0,193676.0,42.6,31.37886
3.5852,7.1093,192.1046,-77.2997,194056.4073,43.6818,31.8258
229.1,8.16,-83.6,-68.0,193628.0,44.6,33.1056
225.8,8.288,1.2,-79.0,193672.0,41.6,30.86406
0.5352,7.5341,188.9564,-78.9225,194055.3201,43.6298,31.9084
226.7,8.288,1.2,-76.0,193676.0,42.6,31.74352
4.1273,7.4812,189.0144,-78.153,194053.9454,43.5172,31.6629
4.9175,7.085,188.4696,-77.9894,194055.7195,43.6296,31.6852
2.0617,7.3535,190.3472,-78.0152,194057.8136,43.6448,31.724
2.2756,7.5883,186.2738,-77.5922,194055.8958,43.7026,31.7951
1.6156,7.495,192.0866,-77.489,194056.1873,43.6873,31.5682
226.7,8.288,1.2,-77.0,193672.0,42.6,31.37886
3.9342,7.4105,187.9189,-78.4415,194055.5491,43.703,31.9324
1.043,7.2464,190.0486,-78.1713,194055.7952,43.46,31.6875
225.0,8.288,1.2,-78.0,193676.0,41.6,30.78898
227.0,8.288,1.2,-72.0,193620.0,43.6,32.07599
2.036,7.5307,188.9594,-78.0876,194058.0785,43.3936,31.6787
215.5,8.288,1.2,-82.0,193676.0,44.6,30.68173
223.2,8.288,1.2,-74.0,193672.0,42.6,31.93657
1.3513,7.9091,187.9045,-78.1032,194056.669,43.5341,31.783
0.4569,7.7248,191.2,-78.5985,194057.4295,43.5525,31.7015
225.4,8.288,1.2,-88.0,193672.0,42.6,31.41104
229.0,8.288,1.2,-75.0,193676.0,41.6,30.92841
2.162,7.9546,191.185,-77.9086,194055.4388,43.7535,31.6757
223.5,8.288,1.2,-64.0,193672.0,43.6,32.5479
220.8,8.288,1.2,-73.0,193672.0,42.6,31.08928
228.4,8.288,1.2,-77.0,193672.0,42.6,32.05454
229.7,8.176,-97.2,-68.0,193676.0,43.6,33.07343
1.5304,7.5008,190.2611,-78.021,194055.3976,43.7906,31.715
216.9,8.104,-234.4,-85.0,194056.0,43.6,31.82932
0.5558,7.1673,189.2452,-79.0009,194055.6319,43.5408,31.7828
226.0,8.288,1.2,-75.0,193676.0,42.6,31.58264
212.6,8.288,1.2,-80.0,193624.0,45.6,30.70318
1.4718,7.532,191.8886,-78.7485,194055.2256,43.5924,31.715
222.3,8.288,1.2,-64.0,193672.0,43.6,32.39775
223.7,8.28,1.2,-78.0,193672.0,41.6,31.12146
229.0,8.144,-90.8,-71.0,192092.0,44.6,32.91255
224.5,8.288,1.2,-78.0,193672.0,42.6,31.48611
4.346,7.3999,187.6062,-78.5024,194056.026,43.579,31.6581
3.7116,7.3552,185.6645,-77.8431,194057.7176,43.6679,31.737
0.3208,7.7787,190.3412,-78.5417,194057.8157,43.6937,31.6108
0.5287,7.2756,187.9559,-78.2659,194055.5427,43.713,31.906
0.7979,7.5036,189.904,-77.6605,194057.2899,43.5725,31.7486
2.2827,7.79,193.7644,-77.4441,194056.7577,43.6703,31.7482
4.0152,7.4955,190.4074,-78.1007,194057.4103,43.681,31.5738
226.6,8.288,1.2,-77.0,193676.0,42.6,31.87222
217.2,8.104,-230.8,-82.0,194056.0,43.6,31.99019
0.839,7.1306,187.5639,-78.3342,194055.111,43.6058,31.5493
4.0574,7.4571,191.2045,-77.3902,194056.2652,43.5878,31.7866
224.5,8.288,1.2,-65.0,193672.0,43.6,32.8053
217.6,8.288,1.2,-79.0,193676.0,44.6,30.68173
0.6846,7.926,186.5758,-78.0247,194054.1111,43.7288,31.672
4.4163,7.6158,188.3809,-77.5381,194057.276,43.7802,31.7552
227.7,8.288,1.2,-70.0,193620.0,43.6,32.12962
1.9343,7.5967,190.5765,-78.3372,194055.3111,43.5699,31.4804
3.2334,7.1646,194.5692,-77.976,194056.3155,43.4455,31.6188
2.078,7.0782,188.7266,-77.7721,194057.2705,43.5655,31.5963
229.0,8.152,-98.0,-69.0,193628.0,43.6,32.94473
229.2,8.288,1.2,-71.0,193676.0,43.6,32.35485
2.3345,7.1236,191.1135,-77.9566,194056.6355,43.6009,31.5728
0.365,7.9056,188.8533,-78.7696,194056.2284,43.5588,31.722
1.1079,7.4075,190.3241,-77.5602,194056.3288,43.5424,31.7037
4.5002,7.6437,188.5015,-78.1829,194055.0772,43.4676,31.6396
217.0,8.288,1.2,-80.0,193676.0,41.6,30.77826
223.9,8.296,1.2,-66.0,192100.0,43.6,32.51572
2.6092,7.4968,186.1291,-77.4975,194056.7249,43.7109,31.7197
224.8,8.288,1.2,-78.0,193672.0,43.6,32.21542
4.2951,7.6811,186.0144,-77.7863,194055.6335,43.7519,31.7179
227.0,8.288,1.2,-77.0,193656.0,42.6,31.43249
222.1,8.272,1.2,-75.0,193672.0,44.6,30.64956
223.3,8.136,-113.2,-76.0,193676.0,43.6,32.94473
224.9,8.288,1.2,-76.0,193676.0,42.6,31.75424
219.9,8.16,-233.2,-72.0,194056.0,43.6,32.7195
1.4953,7.4354,190.5441,-77.7089,194056.408,43.5699,31.4086
1.7116,7.235,191.8067,-78.4404,194055.3903,43.7499,31.657
0.7354,7.7972,188.9054,-77.9184,194054.4084,43.6937,31.639
228.0,8.176,-97.6,-67.0,193676.0,43.6,33.04125
2.4025,7.9999,187.4973,-77.8336,194057.5332,43.6266,31.6289
220.5,8.288,1.2,-75.0,193676.0,41.6,30.91768
226.1,8.288,1.2,-81.0,193676.0,42.6,31.79714
3.6603,7.0113,193.5692,-78.8664,194056.6959,43.6268,31.773
4.6275,7.6741,187.4238,-78.2243,194055.4135,43.652,31.752
226.0,8.296,1.2,-77.0,192104.0,42.6,31.44321
226.9,8.288,1.2,-77.0,193672.0,43.6,32.00092
224.7,8.128,-116.4,-63.0,193676.0,43.6,32.8911
1.4986,7.1497,192.0372,-77.836,194055.3238,43.7751,31.7579
1.3109,7.2781,189.7936,-78.4763,194057.9706,43.6625,31.9374
2.9672,7.7337,188.7533,-78.6418,194055.1204,43.5405,31.8585
228.6,8.288,1.2,-75.0,193676.0,42.6,32.02237
223.5,8.288,1.2,-74.0,193676.0,41.6,30.91768
221.0,8.288,1.2,-73.0,191144.0,42.6,30.86406
3.5112,7.6029,190.3839,-77.9215,194054.2669,43.6084,31.6712
1.3445,7.6591,188.5472,-78.8066,194056.8194,43.4619,31.7857
4.4852,7.3487,188.616,-78.8141,194056.1781,43.6468,31.5945
227.7,8.288,1.2,-74.0,193672.0,43.6,32.17252
229.7,8.288,1.2,-83.0,193672.0,42.6,32.00092
3.7514,7.6181,192.6464,-77.0578,194058.2885,43.5352,31.6488
225.9,8.288,1.2,-82.0,193672.0,42.6,31.55046
0.0789,7.6655,194.2875,-77.1678,194055.8831,43.6465,31.689
0.7229,7.233,191.8792,-77.6683,194055.5248,43.5497,31.7029
217.9,8.136,-185.2,-72.0,194056.0,43.6,32.8053
220.3,8.16,-220.8,-71.0,194044.0,44.6,32.79457
1.5207,7.8564,190.6987,-78.5661,194056.7485,43.5233,31.7794
1.6462,7.3649,191.0886,-77.6507,194057.5301,43.5215,31.7502
2.7908,7.3953,187.1347,-78.8903,194055.106,43.6524,31.738
1.289,7.0309,191.2881,-78.4819,194054.0701,43.7528,31.65
227.0,8.28,1.2,-77.0,193672.0,41.6,30.79971
221.9,8.288,1.2,-82.0,193676.0,42.6,31.57191
225.0,8.28,1.2,-74.0,193672.0,42.6,32.05454
222.5,8.288,1.2,-79.0,193676.0,41.6,30.85333
224.2,8.288,1.2,-70.0,193672.0,42.6,31.97947
222.5,8.288,1.2,-67.0,193676.0,43.6,32.934
4.1372,7.2795,189.1745,-78.8753,194056.8303,43.6957,31.7111
1.3732,7.1394,187.329,-77.9585,194056.359,43.5832,31.4299
223.6,8.288,1.2,-76.0,193676.0,42.6,31.46466
221.0,8.152,-232.8,-73.0,194056.0,43.6,32.64442
4.7916,7.0235,188.9246,-77.5732,194055.4024,43.6309,31.6929
225.6,8.288,1.2,-65.0,193676.0,43.6,32.96618
4.2526,7.4201,191.1942,-79.1106,194055.0014,43.613,31.7947
228.3,8.288,1.2,-65.0,193684.0,44.6,32.934
228.0,8.288,1.2,-68.0,193672.0,43.6,32.3763
1.5036,7.967,187.6924,-78.4801,194055.0514,43.5498,31.8202
228.8,8.288,1.2,-77.0,193676.0,43.6,32.03309
1.886,7.9634,190.7218,-78.504,194056.102,43.5267,31.6769
0.3503,7.6489,190.4321,-78.0635,194054.615,43.552,31.744
1.8149,7.0687,188.8851,-77.7578,194056.2512,43.6191,31.5642
217.2,8.128,-229.6,-80.0,194056.0,43.6,32.40847
223.1,8.288,1.2,-83.0,193676.0,44.6,30.56376
219.5,8.12,-129.6,-66.0,193692.0,44.6,32.83747
3.8584,7.554,189.9678,-77.5417,194056.865,43.5568,31.5666
224.8,8.288,1.2,-67.0,193672.0,43.6,32.21542
226.7,8.288,1.2,-78.0,193672.0,43.6,32.22615
0.2985,7.7831,190.8712,-77.8939,194055.1975,43.5576,31.6768
1.7579,7.6319,192.7109,-77.299,194055.7975,43.6188,31.8575
1.8399,7.582,190.9641,-78.1342,194055.4787,43.6931,31.5866
223.8,8.288,1.2,-66.0,193672.0,42.6,32.18324
220.7,8.168,-232.8,-71.0,194056.0,43.6,32.7624
220.5,8.288,1.2,-80.0,193624.0,41.6,30.86406
4.0146,7.282,191.5131,-77.2273,194054.8499,43.5682,31.7976
222.7,8.288,1.2,-84.0,193672.0,41.6,30.83188
0.0964,7.2644,189.3145,-78.9563,194055.9629,43.5793,31.6523
230.2,8.28,1.2,-74.0,193672.0,43.6,31.94729
1.5276,7.259,192.4702,-78.5419,194056.0168,43.5917,31.6368
3.0575,7.4497,191.8902,-78.6241,194055.5249,43.5879,31.6833
224.3,8.136,-116.0,-64.0,193676.0,43.6,32.88037
223.8,8.296,1.2,-66.0,193672.0,44.6,32.8053
227.6,8.288,1.2,-79.0,193672.0,42.6,32.05454
0.7024,7.584,184.7266,-78.0669,194058.3853,43.7297,31.6747
225.9,8.296,1.2,-74.0,192104.0,42.6,30.89623
221.9,8.288,1.2,-79.0,193676.0,42.6,31.58264
223.7,8.288,1.2,-80.0,193672.0,42.6,31.07856
226.1,8.288,1.2,-81.0,193676.0,41.6,31.07856
225.6,8.288,1.2,-72.0,193672.0,43.6,32.09744
1.6866,7.3208,190.1897,-78.0781,194055.9595,43.58,31.6835
4.4192,7.5611,189.5052,-77.724,194057.043,43.649,31.7355
4.6559,7.0626,192.6811,-77.5896,194055.5353,43.5175,31.7095
224.5,8.288,1.2,-73.0,193672.0,43.6,32.21542
2.26,7.6463,190.6768,-77.9059,194056.61,43.634,31.7512
223.7,8.288,1.2,-76.0,193672.0,42.6,31.15364
2.1886,7.378,192.7832,-78.1942,194056.2974,43.4912,31.6425
0.9776,7.4396,184.9633,-77.8442,194055.0748,43.652,31.721
1.615,7.0144,186.9741,-78.6213,194057.6297,43.395,31.7781
216.2,8.136,-188.0,-78.0,194056.0,44.6,32.78385
220.3,8.272,1.2,-83.0,193764.0,45.6,30.69246
225.7,8.288,1.2,-77.0,193676.0,42.6,31.36814
207.8,8.296,1.2,-78.0,192104.0,41.6,30.63883
226.5,8.288,1.2,-76.0,193672.0,42.6,31.41104
2.5274,7.9725,190.5765,-78.4527,194056.4453,43.544,31.8327
4.1196,7.1299,190.3314,-78.588,194057.4278,43.6505,31.7347
3.5273,7.4819,188.6287,-78.056,194058.697,43.6496,31.7976
3.1267,7.1841,191.569,-77.6759,194057.4351,43.5838,31.7303
224.5,8.288,1.2,-63.0,193672.0,43.6,32.73022
3.6917,7.7555,187.8577,-78.5521,194055.6429,43.713,31.6767
0.4273,7.1534,190.7825,-77.9744,194057.2209,43.625,31.5089
1.6556,7.805,186.7249,-77.4357,194056.2279,43.596,31.7308
3.2909,7.3646,190.041,-78.1359,194056.1095,43.8105,31.714
223.0,8.288,1.2,-65.0,193672.0,43.6,32.8053
4.9865,7.595,190.9364,-77.896,194055.3635,43.4355,31.6839
225.0,8.288,1.2,-79.0,193676.0,42.6,31.40031
221.6,8.12,-128.4,-64.0,193692.0,44.6,32.85892
2.14,7.8453,189.2328,-78.1807,194055.2353,43.5937,31.6667
222.9,8.288,1.2,-80.0,193672.0,42.6,31.12146
4.3625,7.2712,190.2965,-78.1362,194055.8491,43.6997,31.7912
3.7693,7.6136,190.6685,-78.2299,194056.2429,43.5668,31.6812
228.0,8.28,1.2,-74.0,193672.0,42.6,32.23687
225.3,8.288,1.2,-77.0,193676.0,44.6,30.53158
4.6018,7.1214,187.7455,-77.2154,194056.9684,43.6859,31.5838
2.4799,7.6059,187.7605,-77.7902,194055.7044,43.4337,31.6447
224.2,8.288,1.2,-73.0,193672.0,43.6,32.2476
2.6,7.9973,189.9329,-78.3569,194056.4957,43.6963,31.7038
219.9,8.288,1.2,-82.0,193676.0,41.6,30.84261
4.4574,7.6591,191.1458,-79.0162,194056.1428,43.6709,31.5736
2.1816,7.4822,190.0069,-77.8117,194055.3071,43.2904,31.7878
224.8,8.288,1.2,-80.0,193672.0,42.6,31.40031
219.7,8.288,1.2,-76.0,193676.0,42.6,30.89623
4.5473,7.9362,188.7545,-77.8382,194056.9777,43.6978,31.9025
225.6,8.28,1.2,-78.0,193672.0,42.6,31.99019
1.9005,7.5744,189.2434,-78.135,194055.5561,43.6804,31.5734
3.5009,7.3869,189.8846,-78.2139,194056.795,43.6238,31.7866
4.626,7.9159,195.0254,-77.2168,194056.3828,43.7986,31.7114
221.0,8.288,1.2,-72.0,193672.0,42.6,31.04638
3.048,7.7162,188.4489,-78.0193,194055.6756,43.3772,31.7637
4.8761,7.4634,190.5311,-78.3861,194055.7749,43.5621,31.5644
225.1,8.288,1.2,-77.0,193676.0,42.6,31.43249
224.0,8.288,1.2,-84.0,193672.0,42.6,31.06783
2.1403,7.3734,192.1505,-78.3073,194054.5834,43.681,31.6216
222.4,8.296,1.2,-74.0,192104.0,41.6,30.84261
223.0,8.288,1.2,-77.0,193676.0,42.6,31.51829
225.6,8.288,1.2,-73.0,193672.0,43.6,32.09744
1.3369,7.2327,189.8533,-77.9548,194055.7696,43.534,31.8421
4.4906,7.4883,192.4608,-77.2401,194056.0609,43.6492,31.8687
4.0407,7.597,191.7496,-78.5117,194055.2998,43.6799,31.617
0.167,7.352,189.9082,-77.617,194055.6899,43.7169,31.7206
3.3194,7.8095,189.1702,-78.0919,194056.6778,43.4821,31.6661
225.7,8.288,1.2,-85.0,193672.0,41.6,30.78898
1.2087,7.2253,187.7993,-78.4494,194056.307,43.5604,31.6308
2.5283,7.3102,193.0105,-78.3819,194056.0323,43.4852,31.8754
4.9703,7.4959,186.5166,-78.575,194054.9074,43.7279,31.6994
227.4,8.28,1.2,-78.0,193672.0,42.6,32.06527
222.9,8.288,1.2,-84.0,193672.0,42.6,31.10001
0.0564,7.3906,192.278,-77.8898,194053.4918,43.6267,31.6242
4.5725,7.444,188.3189,-77.4557,194057.4373,43.6757,31.7867
3.8399,7.8772,192.625,-78.042,194057.521,43.6818,31.7416
3.7266,7.352,187.6415,-77.5543,194054.3774,43.8293,31.5458
2.7086,7.7948,188.5485,-77.2967,194054.9527,43.4048,31.6485
225.9,8.28,1.2,-75.0,193676.0,42.6,31.67916
4.9068,7.15,191.3239,-77.2935,194056.0427,43.6745,31.4445
0.8121,7.5326,192.5116,-78.3473,194056.1107,43.6717,31.738
229.0,8.288,1.2,-87.0,193676.0,42.6,31.89367
220.5,8.16,-233.2,-72.0,194056.0,43.6,32.66587
224.1,8.288,1.2,-79.0,193676.0,41.6,30.72463
229.9,8.272,1.2,-64.0,193628.0,49.6,33.09488
225.7,8.28,1.2,-74.0,193672.0,43.6,32.19397
3.8914,7.4121,191.8207,-77.4761,194055.3655,43.6902,31.8348
2.1118,7.3742,192.3376,-77.7755,194056.5853,43.6718,31.694
224.7,8.288,1.2,-75.0,193672.0,43.6,32.07599
225.7,8.288,1.2,-74.0,193624.0,43.6,31.42176
3.5084,7.0273,187.5661,-77.8263,194057.326,43.6963,31.6377
219.7,8.288,1.2,-81.0,193676.0,42.6,31.05711
0.8476,7.8684,190.1938,-77.158,194054.5959,43.5979,31.7303
220.7,8.264,1.2,-92.0,193672.0,44.6,30.61738
219.0,8.288,1.2,-81.0,193672.0,41.6,30.76753
2.101,7.8146,193.2279,-77.2027,194055.8459,43.5837,31.7017
220.8,8.152,-225.6,-72.0,194056.0,44.6,32.64442
3.5347,7.8577,190.2487,-77.934,194055.4844,43.6053,31.7934
0.0402,7.394,187.1609,-77.9864,194055.3378,43.5803,31.7017
4.2178,7.267,188.4903,-78.563,194056.3893,43.7201,31.6176
0.9616,7.3633,189.0115,-78.0173,194055.071,43.6021,31.6714
4.6259,7.8612,187.2746,-77.9318,194056.6593,43.6661,31.8787
228.0,8.296,1.2,-67.0,193676.0,44.6,32.96618
4.8799,7.3592,190.4061,-78.3255,194057.4937,43.4939,31.9068
219.6,8.288,1.2,-79.0,193676.0,42.6,31.06783
229.6,8.288,1.2,-74.0,193676.0,42.6,31.97947
217.3,8.288,1.2,-81.0,193676.0,41.6,30.78898
1.2899,7.2584,189.4582,-78.4845,194055.8888,43.7874,31.6295
0.2977,7.3789,188.334,-78.0685,194054.7234,43.5275,31.7365
1.2447,7.8591,192.1859,-78.2535,194054.1968,43.6104,31.6329
222.1,8.112,-230.0,-76.0,194064.0,43.6,32.10817
2.6899,7.2299,189.1043,-77.5039,194054.0466,43.673,31.7139
4.921,7.2576,190.8977,-78.5078,194055.5916,43.5827,31.5752
228.1,8.288,1.2,-68.0,193676.0,43.6,32.9769
4.4536,7.7647,189.015,-77.9949,194053.8838,43.5755,31.5692
224.8,8.136,-115.6,-68.0,193676.0,43.6,32.88037
221.7,8.288,1.2,-64.0,193672.0,43.6,32.55862
218.4,8.28,1.2,-82.0,193672.0,41.6,30.84261
2.6045,7.4797,191.464,-78.4165,194057.113,43.4174,31.4459
4.6127,7.3486,192.2437,-78.4575,194056.3262,43.7757,31.7241
0.375,7.2074,187.3826,-77.923,194054.8662,43.7596,31.6598
1.141,7.7382,191.0052,-77.4023,194055.811,43.6619,31.7253
0.9039,7.3812,189.9814,-78.8711,194059.5917,43.6763,31.8921
224.1,8.28,1.2,-63.0,193672.0,43.6,32.44065
2.6545,7.9306,190.2514,-77.7449,194056.4525,43.6567,31.6628
224.0,8.288,1.2,-75.0,193676.0,42.6,31.40031
225.1,8.28,1.2,-76.0,193672.0,42.6,31.41104
3.4987,7.9309,188.717,-78.2559,194056.2118,43.4991,31.706
4.822,7.771,187.7385,-78.1714,194054.2507,43.5158,31.725
219.2,8.288,1.2,-82.0,193684.0,44.6,30.56376
4.1847,7.5229,189.0907,-77.0445,194054.1432,43.4861,31.6439
222.4,8.288,1.2,-71.0,193676.0,42.6,30.66028
216.5,8.144,-195.2,-80.0,194056.0,43.6,32.81602
4.5496,7.8411,186.6764,-76.9795,194057.1965,43.4508,31.6194
1.6456,7.7088,191.0269,-78.1475,194058.024,43.6112,31.5727
218.5,8.136,-231.6,-79.0,194056.0,43.6,32.55862
224.9,8.288,1.2,-85.0,193676.0,42.6,31.34669
2.3163,7.9815,192.1215,-77.9235,194056.3796,43.7231,31.7202
0.9114,7.8479,189.7708,-78.1493,194056.6882,43.575,31.7522
2.857,7.7924,190.3585,-78.0499,194056.3438,43.4793,31.6568
225.5,8.12,-126.4,-63.0,193684.0,43.6,32.92327
4.3241,7.7846,189.9776,-77.4642,194055.9312,43.6993,31.91
225.1,8.288,1.2,-78.0,193672.0,41.6,30.77826
3.9887,7.8608,190.7069,-78.2779,194055.5751,43.6295,31.8558
0.4905,7.5303,187.3706,-77.5791,194055.4311,43.5483,31.656
225.0,8.28,1.2,-80.0,193672.0,42.6,31.42176
3.1446,7.0796,187.3365,-78.6557,194057.0073,43.4903,31.9493
0.8063,7.6246,192.2075,-77.7289,194057.4063,43.6157,31.8167
221.8,8.112,-230.0,-80.0,194064.0,43.6,32.12962
224.0,8.288,1.2,-76.0,193672.0,42.6,31.17509
220.6,8.288,1.2,-74.0,193676.0,41.6,30.92841
222.3,8.288,1.2,-63.0,193672.0,44.6,32.55862
225.2,8.28,1.2,-74.0,193672.0,43.6,32.03309
0.846,7.1215,190.7177,-77.5686,194056.3358,43.7499,31.4791
219.9,8.288,1.2,-81.0,193672.0,42.6,30.88551
220.7,8.288,1.2,-81.0,193672.0,41.6,30.82116
4.9334,7.4762,189.1393,-78.1559,194057.1698,43.7022,31.4903
226.2,8.288,1.2,-72.0,193676.0,42.6,32.12962
4.5204,7.027,188.2283,-77.9834,194056.7707,43.5382,31.4891
223.6,8.288,1.2,-66.0,193672.0,43.6,32.18324
4.4945,7.5178,189.4413,-78.4407,194055.5427,43.5106,31.6981
4.6046,7.6683,190.6274,-77.5871,194056.834,43.6165,31.6432
0.0943,7.6389,188.2153,-77.999,194055.7242,43.4594,31.5964
1.5247,7.5839,193.8364,-77.5987,194055.3976,43.6973,31.5502
2.7473,7.7243,189.852,-78.3745,194056.7058,43.4931,31.7683
223.6,8.288,1.2,-70.0,193672.0,43.6,32.5908
221.7,8.288,1.2,-67.0,193672.0,43.6,32.39775
222.6,8.288,1.2,-77.0,193624.0,41.6,30.91768
227.1,8.288,1.2,-68.0,193672.0,43.6,32.35485
223.1,8.288,1.2,-74.0,193676.0,41.6,30.90696
229.9,8.176,-96.8,-70.0,193676.0,43.6,33.1485
224.8,8.288,1.2,-78.0,193676.0,42.6,31.35741
229.0,8.28,1.2,-75.0,193672.0,43.6,32.16179
226.2,8.288,1.2,-74.0,191192.0,44.6,32.22615
225.4,8.128,-108.8,-78.0,192092.0,44.6,32.90182
4.5907,7.843,191.178,-77.9679,194054.7713,43.5362,31.6273
220.7,8.288,1.2,-74.0,193672.0,42.6,31.13218
0.4744,7.0427,193.1139,-78.653,194055.8225,43.3679,31.8746
224.4,8.288,1.2,-78.0,193676.0,42.6,31.13218
3.1359,7.421,192.0848,-77.7458,194056.3843,43.5417,31.7246
228.5,8.16,-95.6,-67.0,193676.0,43.6,33.0627
221.9,8.144,-108.0,-72.0,193676.0,43.6,32.95545
0.7635,7.1667,196.1758,-77.5512,194056.9357,43.6626,31.6622
223.9,8.288,1.2,-80.0,193672.0,42.6,31.49684
223.2,8.288,1.2,-73.0,193672.0,42.6,31.93657
2.3126,7.3399,188.4113,-77.489,194055.5969,43.6191,31.73
0.9621,7.3778,190.9495,-78.7734,194055.9046,43.5879,31.7224
222.9,8.288,1.2,-74.0,192100.0,42.6,31.92584
227.1,8.288,1.2,-73.0,192052.0,43.6,32.12962
1.0221,7.9449,191.7039,-78.5516,194056.0582,43.4936,31.8355
0.9228,7.0444,191.5366,-77.8598,194054.4977,43.6971,31.7996
0.3709,7.014,191.1584,-76.617,194056.1472,43.4563,31.7352
0.1336,7.7712,189.0324,-78.5628,194056.6894,43.6255,31.7678
226.3,8.28,1.2,-72.0,193672.0,42.6,32.12962
3.3054,7.6578,188.4326,-78.3782,194056.7879,43.3998,31.6886
3.5383,7.2501,190.2948,-77.7502,194056.5794,43.7256,31.7366
229.2,8.288,1.2,-78.0,192104.0,42.6,30.91768
2.7328,7.923,190.6739,-76.7436,194057.4579,43.5903,31.7341
4.4335,7.0412,190.308,-77.6222,194055.6045,43.635,31.7516
2.91,7.8298,193.0407,-78.7249,194054.8695,43.5422,31.6459
3.4522,7.1264,187.7548,-78.4372,194054.9553,43.4411,31.8939
0.6191,7.7948,189.2052,-76.4359,194057.1801,43.4858,31.8275
228.0,8.288,1.2,-65.0,191148.0,45.6,32.94473
222.0,8.288,1.2,-79.0,191140.0,43.6,31.07856
221.0,8.16,-233.6,-70.0,194056.0,44.6,32.6766
225.0,8.28,1.2,-75.0,192052.0,43.6,32.07599
3.4532,7.6855,192.2847,-77.5673,194056.3082,43.5373,31.6807
226.3,8.288,1.2,-79.0,193628.0,41.6,31.15364
221.9,8.288,1.2,-66.0,193676.0,43.6,32.88037
1.6435,7.2193,191.9414,-78.1004,194055.2381,43.602,31.5948
0.4652,7.1654,185.5774,-78.7431,194055.4055,43.5504,31.8239
3.1448,7.1554,192.7025,-77.5754,194057.2854,43.7431,31.7024
219.1,8.136,-231.2,-74.0,194008.0,43.6,32.60152
214.4,8.28,1.2,-78.0,193676.0,41.6,30.77826
223.6,8.296,1.2,-66.0,193676.0,43.6,33.09488
226.6,8.288,1.2,-78.0,193672.0,43.6,31.95802
4.2607,7.5295,188.1753,-78.0135,194057.2663,43.5868,31.6815
222.0,8.288,1.2,-75.0,193672.0,41.6,30.86406
226.4,8.28,1.2,-78.0,193672.0,43.6,32.22615
223.4,8.288,1.2,-65.0,193672.0,43.6,32.6766
227.4,8.288,1.2,-71.0,193672.0,43.6,32.03309
226.7,8.28,1.2,-76.0,193672.0,42.6,31.43249
0.0454,7.7834,188.5103,-78.2759,194054.653,43.6185,31.6031
220.5,8.12,-135.2,-66.0,193684.0,43.6,32.8053
224.3,8.288,1.2,-76.0,193672.0,42.6,31.44321
2.9738,7.9902,190.4589,-78.3661,194055.4582,43.3858,31.6451
225.7,8.296,1.2,-65.0,193676.0,43.6,32.94473
216.5,8.28,1.2,-77.0,193676.0,41.6,30.82116
3.2108,7.5701,188.2312,-78.6908,194054.1426,43.5162,31.5976
4.6118,7.7069,189.9881,-78.4024,194055.4028,43.5383,31.5362
225.6,8.288,1.2,-82.0,193672.0,41.6,30.81043
226.5,8.288,1.2,-74.0,193676.0,42.6,31.66844
3.447,7.2624,185.6694,-77.8532,194057.6447,43.5327,31.6656
1.6327,7.8304,193.074,-78.7055,194056.5889,43.464,31.6514
3.7916,7.0838,187.6766,-78.5056,194055.0724,43.6694,31.5467
222.3,8.288,1.2,-85.0,193676.0,42.6,31.35741
226.1,8.296,1.2,-69.0,192100.0,43.6,32.36557
222.4,8.112,-141.6,-62.0,193692.0,43.6,32.77312
220.7,8.288,1.2,-75.0,193672.0,41.6,30.81043
1.9941,7.94,191.1606,-78.1484,194056.9237,43.4995,31.7301
223.9,8.28,1.2,-65.0,193672.0,43.6,32.52645
228.0,8.288,1.2,-72.0,193672.0,43.6,32.23687
221.5,8.288,1.2,-84.0,193672.0,42.6,31.08928
3.9553,7.1364,190.6729,-77.707,194056.2832,43.6813,31.9136
220.2,8.288,1.2,-79.0,193624.0,46.6,30.58521
2.542,7.5563,193.1879,-78.2067,194055.7379,43.588,32.0957
225.2,8.288,1.2,-83.0,193676.0,42.6,31.84004
225.2,8.288,1.2,-81.0,193620.0,41.6,30.89623
221.4,8.288,1.2,-64.0,193672.0,43.6,32.4192
3.2432,7.7224,190.6064,-77.6178,194055.9134,43.6581,31.5647
226.0,7.952,36.4,-85.0,193676.0,44.6,30.57448
4.9878,7.1287,191.0333,-77.9074,194055.4008,43.6841,31.8398
227.1,8.288,1.2,-78.0,193676.0,41.6,30.91768
220.4,8.288,1.2,-85.0,193672.0,42.6,30.86406
4.0957,7.3099,189.2568,-78.4498,194055.903,43.4405,31.7048
222.0,8.288,1.2,-65.0,193672.0,43.6,32.45137
0.8065,7.9374,192.4926,-79.0529,194057.1017,43.5421,31.7338
0.2245,7.7554,188.3888,-78.4247,194055.447,43.3452,31.6352
221.1,8.288,1.2,-65.0,193676.0,43.6,32.86965
225.0,8.288,1.2,-80.0,193672.0,43.6,31.94729
218.1,8.28,1.2,-78.0,193672.0,44.6,30.70318
220.0,8.288,1.2,-81.0,191144.0,42.6,30.88551
226.3,8.288,1.2,-78.0,193676.0,41.6,30.86406
227.0,8.288,1.2,-77.0,193676.0,42.6,30.90696
0.7038,7.3505,185.1235,-78.1607,194054.3262,43.6175,31.5933
228.1,8.288,1.2,-75.0,193672.0,43.6,32.30122
2.4449,7.9951,191.2251,-79.0661,194055.8028,43.5723,31.5469
0.8517,7.3052,189.3181,-77.5344,194056.7036,43.5932,31.7102
222.8,8.144,-104.8,-74.0,193676.0,43.6,32.99835
3.1033,7.8931,191.1747,-77.8383,194056.7468,43.6659,31.854
214.7,8.28,1.2,-73.0,193676.0,42.6,30.70318
220.6,8.288,1.2,-73.0,193624.0,45.6,30.74608
0.8411,7.784,188.6248,-78.21,194056.5501,43.5468,31.6939
3.8889,7.5038,189.0539,-78.2635,194055.4447,43.4772,31.6107
229.6,8.288,1.2,-84.0,193672.0,42.6,32.00092
1.5254,7.234,188.9364,-78.6195,194054.8027,43.6617,31.6322
228.8,8.144,-98.0,-70.0,193676.0,43.6,32.92327
3.6708,7.7037,191.9274,-78.419,194054.1717,43.7953,31.4591
3.2811,7.9924,191.4676,-77.4663,194056.2432,43.7801,31.6118
2.4575,7.7822,189.7998,-77.5512,194056.8504,43.6506,31.769
227.3,8.288,1.2,-74.0,193672.0,43.6,32.11889
223.9,8.296,1.2,-81.0,192100.0,41.6,30.81043
229.4,8.16,-92.39999,-67.0,193676.0,45.6,33.11633
224.5,8.288,1.2,-74.0,193672.0,43.6,32.08672
224.3,8.288,1.2,-79.0,193672.0,42.6,31.41104
2.8844,7.8056,191.5652,-78.4515,194057.0262,43.6379,31.5724
4.0632,7.5665,188.2413,-78.0105,194056.6512,43.7117,31.9127
1.2711,7.295,189.3845,-77.6836,194054.406,43.4798,31.6684
216.2,8.304,1.2,-76.0,192088.0,45.6,30.68173
228.5,8.288,1.2,-69.0,193676.0,44.6,32.94473
4.438,7.3312,190.6374,-78.473,194055.2816,43.579,31.6278
3.3284,7.0425,191.2845,-77.8061,194057.1269,43.4978,31.7595
217.9,8.136,-232.8,-78.0,194056.0,43.6,32.55862
224.7,8.12,-116.4,-70.0,193676.0,43.6,32.83747
224.9,8.288,1.2,-74.0,193676.0,41.6,30.90696
224.7,8.288,1.2,-75.0,193676.0,41.6,30.75681
221.7,8.288,1.2,-74.0,193676.0,41.6,30.93913
227.8,8.288,1.2,-71.0,193672.0,43.6,32.03309
225.2,8.288,1.2,-79.0,193672.0,42.6,32.2047
4.8529,7.1946,191.1149,-78.6242,194056.1639,43.6275,31.6222
225.2,8.296,1.2,-74.0,193672.0,43.6,32.2476
4.9362,7.105,190.4185,-77.5161,194056.4073,43.5311,31.5023
3.0038,7.0085,190.2145,-77.7409,194056.1828,43.8013,31.8146
222.9,8.288,1.2,-78.0,193672.0,41.6,31.02493
4.4266,7.1277,192.1128,-77.4229,194057.2878,43.8184,31.7016
0.5501,7.606,190.3326,-78.029,194056.6848,43.6849,31.7982
1.1794,7.7235,191.681,-77.6571,194053.8708,43.5979,31.7416
214.7,8.288,1.2,-80.0,193676.0,44.6,30.67101
223.4,8.288,1.2,-65.0,193672.0,43.6,32.6766
1.7079,7.9053,189.7436,-77.9392,194056.1472,43.4458,31.7763
229.1,8.288,1.2,-91.0,193676.0,42.6,32.09744
1.1472,7.2089,188.6225,-78.2786,194056.2742,43.7446,31.6452
1.6989,7.6827,188.6233,-78.1127,194055.6139,43.6527,31.584
2.1856,7.8596,190.0862,-77.9665,194055.7809,43.5972,31.7634
2.0377,7.3824,186.8166,-77.9358,194055.4464,43.6058,31.848
0.3249,7.549,187.0642,-77.7304,194056.2758,43.6006,31.7909
4.4552,7.7651,189.7625,-78.4191,194054.1397,43.572,31.6565
222.1,8.288,1.2,-77.0,193676.0,42.6,31.04638
220.7,8.288,1.2,-77.0,193676.0,43.6,30.57448
4.5357,7.3232,188.1563,-77.7633,194057.6149,43.6995,31.6261
220.5,8.16,-233.2,-71.0,194056.0,43.6,32.6766
222.0,8.288,1.2,-79.0,193676.0,41.6,31.04638
4.4494,7.5757,189.6816,-77.78,194055.9288,43.5628,31.6119
220.3,8.144,-216.8,-71.0,192484.0,43.6,32.70877
4.1558,7.149,191.2223,-78.0996,194056.1413,43.4961,31.7337
1.4827,7.3154,189.3939,-77.9064,194054.9022,43.6654,31.533
0.9002,7.8171,188.6915,-77.8118,194054.7974,43.6055,31.6266
224.0,8.296,1.2,-65.0,193672.0,43.6,32.53717
225.7,8.288,1.2,-83.0,193672.0,42.6,31.55046
225.7,8.288,1.2,-65.0,193672.0,43.6,32.15107
0.2012,7.2568,192.3532,-78.2811,194056.6385,43.6153,31.7028
220.9,8.28,1.2,-74.0,193676.0,41.6,30.90696
2.1408,7.7826,193.8462,-77.2709,194053.4938,43.6217,31.7456
4.2341,7.3415,188.0393,-77.9054,194055.6426,43.5217,31.5668
2.9464,7.1138,189.6448,-78.6945,194055.7202,43.4055,31.6141
1.212,7.4721,190.357,-78.0918,194056.48,43.6571,31.7311
224.7,8.128,-116.0,-72.0,193676.0,43.6,32.88037
228.6,8.288,1.2,-79.0,193676.0,42.6,31.86149
220.0,8.288,1.2,-75.0,193672.0,41.6,31.12146
0.9964,7.1259,187.2542,-78.2841,194057.1981,43.6603,31.796
1.1221,7.8759,191.1192,-78.2147,194054.5889,43.6257,31.5283
2.9845,7.2106,193.1395,-77.9935,194056.7667,43.7564,31.673
225.6,8.288,1.2,-80.0,193672.0,42.6,31.93657
226.1,8.288,1.2,-81.0,193676.0,43.6,30.56376
1.1406,7.9928,188.3401,-77.3429,194055.7746,43.6976,31.6842
4.2737,7.4279,189.0436,-77.5383,194057.2181,43.5186,31.7856
227.7,8.288,1.2,-65.0,193672.0,42.6,32.03309
0.3632,7.3099,191.0183,-77.2659,194053.9307,43.5568,31.6647
227.4,8.144,-101.2,-68.0,193676.0,43.6,32.91255
1.3724,7.4009,190.9553,-77.7202,194056.2864,43.6812,31.7897
228.8,8.288,1.2,-67.0,193676.0,43.6,32.99835
224.8,8.288,1.2,-75.0,193672.0,42.6,31.41104
2.9264,7.3229,192.5018,-78.161,194055.4187,43.6829,31.7569
1.0792,7.9232,191.8786,-77.6807,194056.6184,43.6601,31.6895
225.2,8.288,1.2,-64.0,193672.0,43.6,32.09744
222.0,8.288,1.2,-82.0,193624.0,42.6,31.66844
1.7469,7.95,190.3,-77.7327,194055.9965,43.5823,31.8031
0.1489,7.1722,190.9783,-78.0032,194056.0386,43.6377,31.5943
2.7298,7.4899,187.7804,-77.9186,194057.6137,43.5554,31.7022
3.3867,7.5184,189.6301,-78.0548,194056.5295,43.5345,31.6428
225.8,8.288,1.2,-79.0,193676.0,41.6,31.13218
1.3202,7.858,191.0601,-78.7049,194054.6929,43.5743,31.8278
4.9583,7.7766,190.4991,-77.5658,194055.7377,43.5469,31.6953
2.7004,7.1822,188.9487,-78.009,194057.6712,43.6957,31.6202
225.0,8.288,1.2,-81.0,193672.0,43.6,31.95802
1.6672,7.3933,189.3197,-77.8743,194056.2631,43.5623,31.6242
224.9,8.288,1.2,-82.0,193676.0,42.6,31.35741
226.9,8.288,1.2,-66.0,193672.0,43.6,32.36557
222.3,8.288,1.2,-69.0,193672.0,42.6,30.64956
217.1,8.128,-176.8,-70.0,194056.0,43.6,32.8053
221.7,8.288,1.2,-84.0,193672.0,44.6,30.68173
216.8,8.288,1.2,-81.0,193672.0,43.6,30.68173
4.5656,7.1749,192.6225,-77.6192,194054.5047,43.3827,31.8103
4.3365,7.3658,189.4771,-78.1751,194056.1431,43.6901,31.6354
2.9553,7.0468,185.9313,-77.0105,194055.0677,43.4901,31.7273
225.5,8.28,1.2,-80.0,193672.0,41.6,30.88551
222.1,8.288,1.2,-80.0,193672.0,42.6,31.10001
223.2,8.288,1.2,-78.0,193676.0,41.6,30.85333
225.9,8.136,-115.6,-78.0,193676.0,43.6,32.8911
226.2,8.288,1.2,-71.0,193676.0,42.6,31.85077
224.9,8.288,1.2,-81.0,193672.0,42.6,31.40031
216.4,8.288,1.2,-78.0,193676.0,45.6,30.67101
3.9789,7.2958,190.4734,-78.5074,194056.5051,43.5838,31.7045
0.1689,7.8114,188.4995,-77.3123,194055.1584,43.564,31.7029
222.5,8.288,1.2,-85.0,193676.0,42.6,31.35741
3.4123,7.4349,190.1798,-78.168,194057.0309,43.5339,31.6284
0.1211,7.9337,188.6748,-78.4476,194056.2052,43.6859,31.809
219.8,8.28,1.2,-82.0,193672.0,44.6,30.67101
0.9683,7.5273,189.625,-78.1544,194057.2457,43.6529,31.8634
227.2,8.288,1.2,-77.0,193672.0,42.6,31.41104
2.7174,7.8158,188.7154,-78.0325,194054.9488,43.7114,31.8689
228.1,8.288,1.2,-69.0,193676.0,43.6,33.0198
226.8,8.288,1.2,-77.0,193672.0,43.6,31.38959
223.2,8.288,1.2,-68.0,193676.0,43.6,33.09488
1.0033,7.7778,189.0887,-77.7685,194056.1372,43.693,31.6996
219.8,8.288,1.2,-81.0,193656.0,44.6,30.71391
2.8627,7.0371,189.5357,-77.9893,194055.8579,43.6247,31.6958
221.5,8.288,1.2,-82.0,191196.0,43.6,31.56119
225.6,8.288,1.2,-78.0,193672.0,41.6,30.86406
212.3,8.288,1.2,-83.0,193676.0,41.6,30.74608
223.6,8.288,1.2,-65.0,193672.0,43.6,32.60152
0.124,7.257,189.6972,-78.0248,194055.3027,43.6056,31.772
2.5295,7.5564,190.7306,-77.3256,194055.43,43.7178,31.9712
216.2,8.288,1.2,-73.0,193676.0,43.6,30.69246
226.0,8.28,1.2,-79.0,193676.0,42.6,31.10001
220.4,8.28,1.2,-84.0,193672.0,42.6,30.93913
224.9,8.288,1.2,-75.0,193676.0,42.6,31.50756
223.3,8.288,1.2,-66.0,193672.0,43.6,32.55862
227.4,8.288,1.2,-79.0,193672.0,42.6,32.04382
224.8,8.12,-116.4,-70.0,193676.0,43.6,32.79457
227.3,8.288,1.2,-85.0,193816.0,44.6,30.57448
222.4,8.288,1.2,-65.0,193672.0,43.6,32.81602
1.9969,7.5102,189.507,-78.2244,194056.6896,43.555,31.6969
3.3719,7.9053,194.075,-78.5963,194055.0398,43.5697,31.7489
4.0072,7.469,192.5857,-79.0989,194054.2424,43.5346,31.6557
2.9287,7.6529,186.2646,-77.5696,194054.8025,43.5809,31.6672
228.3,8.288,1.2,-71.0,193672.0,43.6,32.2905
2.5136,7.8223,192.3321,-78.6303,194057.1082,43.5875,31.773
2.8804,7.6312,190.4667,-77.482,194055.4429,43.6246,31.6674
218.9,8.288,1.2,-82.0,193672.0,41.6,30.86406
4.8439,7.5466,188.8406,-78.1961,194056.9359,43.4205,31.7917
1.8206,7.029,191.1927,-77.154,194055.4366,43.6944,31.5712
229.1,8.288,1.2,-73.0,193676.0,43.6,32.35485
223.9,8.288,1.2,-77.0,193672.0,42.6,32.00092
4.3486,7.5834,194.7025,-77.5754,194055.9067,43.6199,31.7774
0.6271,7.5333,189.7794,-78.1506,194055.7989,43.7173,31.6035
2.0925,7.9474,187.7255,-77.9766,194055.1399,43.6512,31.6477
4.085,7.3177,187.0517,-78.3205,194055.6958,43.406,31.7505
229.0,8.288,1.2,-69.0,193672.0,43.6,32.3334
0.9869,7.875,188.1688,-77.538,194055.4943,43.5566,31.6864
0.4025,7.726,189.6043,-77.4398,194056.0757,43.5297,31.6551
219.1,8.296,1.2,-83.0,193672.0,44.6,30.64956
2.7255,7.3551,190.8846,-78.593,194056.5121,43.7245,31.725
230.8,8.288,1.2,-68.0,193676.0,43.6,33.04125
3.1986,7.4397,187.1163,-78.2801,194056.2439,43.6664,31.5845
224.8,8.288,1.2,-78.0,193624.0,42.6,31.38959
0.9437,7.2669,187.795,-78.0897,194056.1529,43.4628,31.7176
225.3,8.288,1.2,-64.0,193672.0,43.6,32.15107
223.1,8.288,1.2,-79.0,193676.0,41.6,30.91768
222.9,8.296,1.2,-65.0,193672.0,44.6,32.5908
223.6,8.288,1.2,-79.0,193676.0,41.6,30.99276
1.963,7.0426,191.1827,-78.2243,194056.7353,43.4518,31.7821
225.8,8.288,1.2,-74.0,193672.0,42.6,32.21542
222.4,8.288,1.2,-71.0,193676.0,42.6,30.66028
216.1,8.288,1.2,-79.0,193624.0,43.6,30.68173
223.1,8.288,1.2,-67.0,193672.0,43.6,32.8053
225.6,8.28,1.2,-74.0,193672.0,43.6,32.23687
227.0,8.288,1.2,-76.0,193672.0,41.6,30.94986
2.4513,7.4875,192.6879,-77.356,194056.9459,43.6405,31.7205
228.5,8.288,1.2,-75.0,193676.0,43.6,31.88294
1.6287,7.3133,188.9875,-77.6916,194056.7832,43.6786,31.812
222.6,8.128,-156.8,-63.0,193684.0,43.6,32.78385
0.5036,7.6861,188.3705,-77.6394,194056.9139,43.5524,31.643
0.5516,7.6377,188.211,-78.1736,194056.7202,43.6466,31.7263
0.5803,7.5989,190.1675,-78.2804,194055.8609,43.6132,31.7592
222.7,8.144,-108.0,-73.0,193676.0,46.6,32.94473
229.0,8.288,1.2,-82.0,193676.0,42.6,31.89367
4.6516,7.0824,195.2414,-78.3613,194054.9625,43.6755,31.4721
215.3,8.288,1.2,-83.0,193684.0,44.6,30.55303
3.8495,7.6116,187.166,-78.6319,194054.0419,43.7315,31.6802
219.5,8.288,1.2,-75.0,193676.0,42.6,31.47539
4.2561,7.6367,190.8327,-77.8611,194056.4584,43.5289,31.7011
227.5,8.288,1.2,-72.0,193672.0,43.6,32.03309
4.8791,7.3442,191.8511,-77.5732,194057.4544,43.6191,31.6615
2.5337,7.7091,189.4083,-77.598,194057.2234,43.8391,31.6376
2.3506,7.9655,190.3409,-78.5111,194055.7777,43.5532,31.6178
4.6241,7.4148,190.4696,-78.5527,194055.2365,43.7562,31.6181
0.4708,7.7095,188.1781,-77.9089,194055.8989,43.4109,31.7951
226.3,8.288,1.2,-75.0,193676.0,42.6,31.66844
224.3,8.288,1.2,-66.0,193672.0,43.6,32.21542
3.5658,7.5203,188.5933,-78.4863,194057.0032,43.4893,31.7498
224.8,8.288,1.2,-82.0,193672.0,42.6,31.40031
2.801,7.9781,189.938,-78.3529,194055.5927,43.6829,31.7863
225.6,8.288,1.2,-74.0,193672.0,43.6,32.34412
0.4414,7.1816,194.9799,-77.6867,194055.9057,43.6755,31.7126
223.8,8.288,1.2,-80.0,193672.0,42.6,31.47539
226.4,8.288,1.2,-87.0,193676.0,44.6,30.57448
224.1,8.288,1.2,-65.0,193672.0,43.6,32.74095
220.1,8.288,1.2,-82.0,193672.0,42.6,30.89623
3.7713,7.2788,192.7986,-77.7943,194056.0903,43.5466,31.7803
227.6,8.288,1.2,-71.0,193672.0,43.6,32.14034
4.7654,7.1723,187.2942,-78.1336,194056.0401,43.5656,31.7032
212.8,8.288,1.2,-88.0,193676.0,44.6,30.66028
219.8,8.288,1.2,-82.0,193676.0,42.6,31.63626
224.7,8.288,1.2,-76.0,192100.0,42.6,31.44321
222.8,8.288,1.2,-73.0,193676.0,41.6,30.96058
4.5671,7.6792,189.0592,-78.3452,194054.3097,43.4574,31.752
3.5478,7.8923,191.9961,-77.1414,194055.9105,43.6326,31.6624
3.1639,7.737,191.0917,-77.6814,194055.2447,43.636,31.6415
1.0001,7.6389,190.1906,-78.4513,194054.5807,43.4226,31.7357
3.8798,7.2087,191.6955,-78.4019,194052.012,43.5831,31.6651
2.9971,7.767,188.8555,-77.8207,194055.1804,43.7155,31.5286
2.2091,7.1111,189.5361,-77.8397,194055.3747,43.6942,31.7196
2.9521,7.1175,188.0847,-77.8614,194056.0519,43.6615,31.6169
4.25,7.6116,192.3741,-78.3768,194056.5871,43.6686,31.6121
226.9,8.288,1.2,-75.0,193672.0,42.6,32.3334
4.2668,7.854,188.1672,-77.0351,194055.7852,43.4916,31.6136
0.6229,7.4074,194.5069,-77.8312,194054.9064,43.5861,31.5203
0.384,7.9151,192.143,-77.8931,194054.9842,43.5642,31.8607
211.4,8.288,1.2,-70.0,193676.0,43.6,30.75681
221.3,8.136,-227.6,-70.0,194056.0,43.6,32.60152
226.6,8.288,1.2,-77.0,193624.0,41.6,30.86406
0.4385,7.4082,189.3886,-77.6842,194056.2396,43.6835,31.5049
223.6,8.288,1.2,-78.0,193672.0,41.6,30.79971
214.6,8.288,1.2,-81.0,193672.0,44.6,30.67101
221.8,8.288,1.2,-82.0,193672.0,42.6,31.13218
225.1,8.288,1.2,-82.0,193672.0,42.6,31.97947
214.5,8.288,1.2,-77.0,193676.0,41.6,30.64956
3.3455,7.4378,191.6162,-78.713,194055.6302,43.7722,31.6632
224.2,8.288,1.2,-70.0,193676.0,43.6,33.07343
0.3088,7.6262,192.0141,-78.5207,194051.0231,43.6322,31.7827
227.0,8.28,1.2,-76.0,193656.0,42.6,31.44321
226.1,8.288,1.2,-75.0,193676.0,41.6,30.76753
225.5,8.288,1.2,-82.0,193672.0,42.6,31.40031
2.9714,7.9235,191.5107,-77.7337,194056.8369,43.6934,31.6352
4.7779,7.6581,188.6792,-77.577,194056.833,43.7135,31.7812
216.1,8.136,-230.4,-76.0,194056.0,43.6,32.52645
222.5,8.288,1.2,-79.0,193672.0,41.6,30.83188
223.9,8.288,1.2,-82.0,193672.0,42.6,31.50756
225.0,8.288,1.2,-81.0,193676.0,41.6,31.13218
224.2,8.288,1.2,-78.0,193672.0,41.6,30.78898
223.6,8.288,1.2,-80.0,193676.0,41.6,31.02493
0.6337,7.2237,191.9998,-78.7209,194059.005,43.6535,31.598
227.9,8.288,1.2,-74.0,193672.0,43.6,32.2476
230.0,8.16,-96.8,-67.0,193676.0,43.6,33.03053
218.6,8.288,1.2,-79.0,193676.0,41.6,30.72463
219.9,8.288,1.2,-75.0,193676.0,41.6,30.92841
227.2,8.288,1.2,-84.0,193676.0,44.6,30.58521
4.8852,7.6569,188.2878,-77.4132,194055.0002,43.5741,31.5968
1.783,7.2453,189.9236,-78.0647,194055.3324,43.4604,31.6888
229.2,8.288,1.2,-76.0,193676.0,43.6,32.04382
226.1,8.288,1.2,-65.0,193672.0,43.6,32.45137
228.2,8.288,1.2,-83.0,193624.0,43.6,31.87222
224.0,8.288,1.2,-79.0,193672.0,41.6,31.06783
222.8,8.288,1.2,-76.0,193672.0,43.6,32.61225
2.533,7.5697,188.9691,-78.0235,194055.621,43.5474,31.7266
222.9,8.28,1.2,-78.0,193676.0,44.6,30.57448
225.7,8.288,1.2,-64.0,193676.0,44.6,32.96618
0.7035,7.0654,192.6047,-78.1962,194054.9417,43.5671,31.7335
3.9626,7.8591,191.3877,-77.6995,194055.1296,43.6486,31.7431
0.2764,7.8634,187.8009,-78.0157,194056.8432,43.6962,31.6228
3.1272,7.0722,190.9237,-76.9466,194057.9127,43.3445,31.5178
228.1,8.288,1.2,-81.0,193672.0,42.6,32.08672
226.1,8.288,1.2,-83.0,193672.0,42.6,31.23944
226.9,8.288,1.2,-88.0,193672.0,42.6,31.34669
3.1949,7.4748,188.0002,-77.8966,194055.0252,43.4925,31.5709
230.0,8.152,-97.2,-69.0,193676.0,45.6,33.07343
226.1,8.288,1.2,-66.0,193672.0,43.6,32.16179
222.5,8.288,1.2,-80.0,193676.0,42.6,31.13218
226.4,8.288,1.2,-76.0,193672.0,42.6,31.34669
223.6,8.288,1.2,-75.0,193672.0,42.6,30.63883
226.0,8.288,1.2,-81.0,193672.0,41.6,30.93913
223.0,8.288,1.2,-79.0,193672.0,42.6,31.08928
2.5013,7.007,187.0743,-78.4306,194055.0907,43.5906,31.7703
212.4,8.288,1.2,-79.0,193628.0,46.6,30.66028
2.8503,7.0858,192.8531,-77.8804,194056.7965,43.5989,31.9096
4.1459,7.7006,190.6018,-78.2176,194056.3237,43.7611,31.7708
1.8072,7.1876,190.0463,-77.9815,194056.2466,43.4713,31.6055
2.5766,7.3407,187.9719,-77.9784,194057.4733,43.4268,31.7328
225.4,8.288,1.2,-64.0,193672.0,43.6,32.06527
1.6466,7.6927,190.1608,-78.2338,194056.93,43.5748,31.5734
4.2195,7.7978,188.7645,-77.4943,194055.4214,43.6308,31.6573
222.3,8.288,1.2,-65.0,193672.0,43.6,32.82675
224.7,8.288,1.2,-74.0,193676.0,42.6,31.50756
218.2,8.128,-230.4,-76.0,194056.0,43.6,32.36557
225.9,8.288,1.2,-64.0,193676.0,43.6,32.95545
3.3739,7.4888,189.146,-78.1481,194056.1163,43.5893,31.6773
227.7,8.288,1.2,-76.0,193676.0,41.6,30.86406
228.9,8.288,1.2,-77.0,193676.0,43.6,32.03309
227.3,8.288,1.2,-76.0,193672.0,42.6,31.36814
0.3041,7.601,193.6647,-77.4473,194056.7563,43.6566,31.6848
2.7077,7.3593,192.8426,-78.4082,194057.1791,43.6204,31.8078
4.418,7.3863,189.6606,-79.4406,194055.7985,43.5194,31.6915
221.9,8.288,1.2,-78.0,193672.0,44.6,30.66028
218.1,8.12,-229.6,-78.0,194056.0,43.6,32.34412
3.1961,7.1642,189.8338,-78.2605,194054.4913,43.4428,31.6386
225.7,8.288,1.2,-78.0,193676.0,42.6,30.99276
212.9,8.288,1.2,-79.0,193676.0,41.6,30.68173
217.5,8.288,1.2,-81.0,193672.0,45.6,30.70318
2.0075,7.1361,191.8178,-77.632,194054.8582,43.5863,31.7482
224.6,8.12,-117.2,-69.0,193676.0,43.6,32.77312
228.4,8.288,1.2,-80.0,193676.0,42.6,31.86149
224.6,8.288,1.2,-80.0,193624.0,43.6,31.36814
221.7,8.288,1.2,-64.0,193676.0,43.6,32.86965
222.0,8.288,1.2,-79.0,193676.0,42.6,31.12146
215.0,8.28,1.2,-73.0,193676.0,41.6,30.64956
223.9,8.288,1.2,-74.0,193676.0,41.6,30.90696
1.0569,7.3851,193.2875,-77.5044,194056.7594,43.5908,31.5858
224.3,8.288,1.2,-79.0,193672.0,43.6,32.21542
228.5,8.296,1.2,-64.0,192092.0,44.6,32.96618
217.2,8.136,-182.8,-82.0,194056.0,43.6,32.8053
2.272,7.7714,191.949,-78.1099,194057.4076,43.5464,31.6433
219.9,8.28,1.2,-73.0,193676.0,41.6,30.89623
227.5,8.288,1.2,-79.0,193672.0,42.6,31.34669
1.5128,7.1045,189.822,-77.6676,194056.5339,43.5335,31.7273
228.4,8.28,1.2,-71.0,192100.0,43.6,32.30122
229.0,8.288,1.2,-81.0,193676.0,42.6,31.87222
222.6,8.288,1.2,-74.0,192104.0,42.6,30.97131
225.6,8.288,1.2,-81.0,193676.0,42.6,31.37886
1.8613,7.5172,189.9603,-78.3326,194057.15,43.5454,31.7838
2.4405,7.5945,188.9667,-77.3983,194057.5661,43.5938,31.6247
222.4,8.288,1.2,-90.0,193676.0,44.6,30.61738
225.4,8.144,-150.8,-61.0,192112.0,43.6,32.91255
4.1254,7.8115,192.1215,-77.9528,194055.7712,43.5124,31.6275
225.6,8.288,1.2,-65.0,193672.0,43.6,32.16179
227.5,8.288,1.2,-70.0,193672.0,43.6,32.15107
223.1,8.288,1.2,-72.0,193620.0,44.6,32.61225
226.0,8.288,1.2,-82.0,193672.0,42.6,31.34669
0.7038,7.5049,189.8762,-78.5251,194056.7555,43.6585,31.7484
230.1,8.176,-97.6,-67.0,193676.0,44.6,33.11633
1.4642,7.6708,188.6819,-78.5313,194054.6483,43.4253,31.7426
227.7,8.288,1.2,-68.0,193672.0,42.6,32.02237
226.0,8.288,1.2,-75.0,193676.0,42.6,31.45394
1.3834,7.311,191.8904,-78.3606,194057.6705,43.6078,31.6496
223.2,8.288,1.2,-71.0,193672.0,43.6,32.6337
3.1826,7.0784,187.9562,-77.9715,194055.4678,43.6318,31.7333
223.2,8.28,1.2,-73.0,193676.0,41.6,30.92841
221.5,8.28,1.2,-73.0,193676.0,41.6,30.85333
220.3,8.28,1.2,-74.0,193672.0,41.6,30.84261
1.5614,7.3814,189.7122,-78.1122,194055.6623,43.608,31.5785
3.4475,7.9867,191.1197,-78.059,194055.0278,43.8089,31.614
222.3,8.288,1.2,-78.0,193676.0,41.6,31.10001
3.0543,7.329,191.0636,-76.6552,194056.9316,43.7315,31.7515
228.7,8.296,1.2,-71.0,192092.0,43.6,32.38702
222.0,8.288,1.2,-81.0,193672.0,41.6,30.92841
1.1752,7.3117,190.6256,-77.2537,194058.2655,43.5511,31.6695
0.9496,7.8068,188.3448,-78.0408,194057.0075,43.5625,31.6404
2.0435,7.0965,188.7079,-77.4692,194055.0359,43.5176,31.7277
0.8585,7.8178,191.8724,-78.1099,194055.4792,43.4914,31.6366
221.1,8.288,1.2,-74.0,193676.0,41.6,30.85333
4.0105,7.0023,187.932,-77.7293,194054.8321,43.4395,31.7959
225.6,8.288,1.2,-82.0,193676.0,41.6,31.12146
2.9957,7.397,189.4065,-78.5258,194055.4368,43.4508,31.7794
224.5,8.288,1.2,-75.0,193676.0,42.6,31.58264
0.873,7.4431,187.7678,-78.0863,194054.8621,43.5787,31.7713
3.4241,7.187,192.09,-77.1073,194058.1131,43.6072,31.7354
225.0,8.288,1.2,-74.0,193672.0,42.6,32.03309
4.945,7.5563,191.6772,-78.4329,194057.4817,43.5582,31.6622
1.1869,7.5626,187.5099,-78.519,194053.0933,43.5802,31.7497
225.6,8.288,1.2,-82.0,193672.0,42.6,31.40031
2.8285,7.4317,191.3726,-78.1588,194055.0194,43.6947,31.6533
217.6,8.288,1.2,-78.0,193676.0,45.6,30.70318
1.9957,7.5841,189.6745,-77.6435,194057.3085,43.6329,31.8011
224.4,8.12,-118.8,-76.0,193676.0,43.6,32.86965
225.0,8.288,1.2,-75.0,193672.0,42.6,31.38959
225.0,8.288,1.2,-80.0,193672.0,42.6,31.97947
4.7684,7.205,191.29,-77.3342,194055.2799,43.5705,31.6001
3.2958,7.2265,188.8989,-78.1637,194056.8565,43.5616,31.6692
4.1193,7.4902,188.717,-76.8517,194056.6248,43.4031,31.5933
2.0465,7.7315,188.2997,-78.2416,194056.8724,43.41,31.6261
4.2644,7.3841,192.6246,-77.4974,194057.6548,43.4453,31.5603
1.2868,7.1357,189.3396,-77.3215,194058.3323,43.4324,31.8071
4.5373,7.6837,188.431,-77.4264,194055.7894,43.5546,31.6305
219.5,8.288,1.2,-75.0,193672.0,42.6,31.08928
220.4,8.288,1.2,-78.0,193676.0,44.6,30.73536
229.8,8.28,1.2,-75.0,193672.0,42.6,32.00092
2.2745,7.3689,193.2543,-77.8909,194055.4877,43.5464,31.5648
0.6249,7.8862,189.7635,-77.9279,194056.7313,43.6528,31.7668
0.5525,7.0934,192.5233,-77.183,194055.0548,43.5944,31.7047
226.3,8.288,1.2,-67.0,193672.0,43.6,32.34412
3.6542,7.9988,192.0051,-77.0245,194054.6754,43.5883,31.6885
219.4,8.28,1.2,-86.0,193672.0,44.6,30.67101
221.7,8.288,1.2,-72.0,193676.0,41.6,30.90696
220.3,8.288,1.2,-83.0,193676.0,41.6,30.85333
220.4,8.288,1.2,-81.0,193676.0,42.6,31.60409
219.3,8.128,-173.6,-63.0,194008.0,43.6,32.7624
2.719,7.8004,186.9503,-78.0581,194056.0777,43.6175,31.6657
227.8,8.288,1.2,-83.0,193672.0,42.6,32.06527
225.2,8.288,1.2,-74.0,193672.0,43.6,32.32267
1.4654,7.2352,193.0307,-78.0093,194056.0377,43.5371,31.7525
2.4937,7.1283,191.6619,-78.0652,194055.126,43.4953,31.6477
3.4236,7.131,190.107,-78.0184,194054.87,43.5113,31.804
229.4,8.168,-96.8,-69.0,193676.0,43.6,33.0627
222.2,8.288,1.2,-79.0,192100.0,41.6,30.82116
226.3,8.28,1.2,-76.0,193676.0,41.6,30.86406
224.0,8.288,1.2,-77.0,193672.0,41.6,31.16436
226.1,8.296,1.2,-82.0,192100.0,43.6,31.55046
0.8769,7.5166,188.2083,-77.8436,194056.5721,43.5831,31.8247
220.8,8.288,1.2,-72.0,193624.0,41.6,30.84261
2.1783,7.3936,191.24,-78.8483,194054.173,43.6232,31.8737
222.8,8.272,1.2,-86.0,193624.0,42.6,31.36814
229.1,8.288,1.2,-73.0,193676.0,43.6,32.38702
1.7697,7.404,189.8222,-78.1424,194055.3272,43.5412,31.5343
225.7,8.288,1.2,-74.0,193672.0,43.6,32.2047
2.9523,7.7431,191.5507,-78.4806,194055.3719,43.6194,31.6432
4.2128,7.8584,193.3817,-77.4964,194056.4217,43.574,31.659
225.3,8.288,1.2,-66.0,193620.0,42.6,32.25832
1.8399,7.9906,193.3769,-78.377,194055.9949,43.4081,31.6293
4.1136,7.4188,187.5223,-76.8889,194056.4132,43.4229,31.6817
3.3647,7.0377,187.7485,-79.4883,194055.2973,43.5068,31.743
227.7,8.144,-103.2,-78.0,193676.0,44.6,32.88037
223.3,8.288,1.2,-81.0,193672.0,42.6,31.12146
214.8,8.288,1.2,-79.0,193676.0,41.6,30.74608
223.5,8.288,1.2,-79.0,193672.0,42.6,31.55046
226.8,8.288,1.2,-76.0,193656.0,42.6,31.45394
220.5,8.288,1.2,-77.0,193672.0,41.6,30.81043
216.1,8.288,1.2,-81.0,193624.0,45.6,30.69246
230.8,8.288,1.2,-67.0,193676.0,43.6,33.03053
1.3373,7.0765,190.1864,-78.4487,194057.5285,43.6527,31.6605
2.9374,7.3472,191.2339,-77.5542,194055.9341,43.5811,31.6205
219.6,8.288,1.2,-76.0,193676.0,42.6,31.50756
224.5,8.288,1.2,-73.0,193676.0,42.6,31.44321
2.3916,7.2768,193.0089,-77.089,194055.7572,43.6521,31.4718
2.2594,7.2075,191.9506,-78.1234,194057.5208,43.5333,31.7812
4.2038,7.1984,184.2727,-78.5527,194054.7918,43.8835,31.9286
223.8,8.288,1.2,-63.0,193672.0,43.6,32.61225
222.9,8.12,-141.2,-61.0,193692.0,43.6,32.78385
2.1743,7.8257,190.4545,-77.3954,194055.8242,43.4586,31.7942
222.0,8.296,1.2,-83.0,193676.0,42.6,31.36814
221.7,8.288,1.2,-85.0,193676.0,42.6,31.35741
226.8,8.288,1.2,-76.0,193656.0,42.6,31.44321
226.0,8.28,1.2,-74.0,193672.0,43.6,32.22615
1.2383,7.5784,191.4418,-78.3516,194054.2646,43.4519,31.7473
2.1733,7.6365,188.1513,-78.076,194057.0548,43.5852,31.687
220.2,8.128,-94.0,-73.0,192092.0,43.6,32.934
226.3,8.288,1.2,-69.0,193640.0,43.6,32.35485
0.1079,7.9687,190.1317,-78.1134,194056.2578,43.5608,31.4757
2.4452,7.3178,189.491,-76.8939,194056.1306,43.5038,31.9756
229.8,8.288,1.2,-84.0,193672.0,42.6,31.99019
4.7562,7.6154,190.9943,-78.1247,194056.8859,43.4813,31.6935
229.7,8.152,-97.6,-67.0,193676.0,43.6,33.03053
229.1,8.16,-96.8,-68.0,193676.0,43.6,33.03053
1.9444,7.3737,192.5506,-77.4894,194056.6248,43.6294,31.6869
215.9,8.28,1.2,-83.0,193676.0,41.6,30.66028
2.7667,7.4573,192.466,-77.5305,194055.2028,43.7186,31.7331
222.9,8.288,1.2,-72.0,193672.0,43.6,32.62297
2.9046,7.3715,189.0925,-77.7331,194057.1245,43.6846,31.608
226.9,8.288,1.2,-76.0,193676.0,43.6,32.04382
212.4,8.288,1.2,-78.0,193676.0,43.6,30.68173
224.4,8.288,1.2,-74.0,193672.0,43.6,32.15107
225.3,8.288,1.2,-77.0,193676.0,44.6,30.5423
0.0512,7.0382,188.0292,-77.9089,194056.5864,43.6135,31.6894
213.4,8.288,1.2,-78.0,193676.0,41.6,30.68173
221.6,8.288,1.2,-81.0,193676.0,42.6,31.12146
219.0,8.104,-238.4,-79.0,194056.0,43.6,31.75424
225.0,8.288,1.2,-75.0,193672.0,43.6,32.35485
4.7462,7.0394,189.1463,-77.4335,194055.5786,43.6124,31.6189
1.2777,7.859,190.4206,-77.8903,194057.7331,43.5158,31.8648
216.6,8.168,-229.2,-72.0,194056.0,43.6,32.7624
0.0865,7.557,191.4879,-78.2029,194054.4069,43.4597,31.5611
223.4,8.28,1.2,-81.0,193672.0,41.6,31.06783
228.4,8.288,1.2,-77.0,193672.0,42.6,31.37886
228.3,8.288,1.2,-78.0,193676.0,41.6,30.92841
4.4514,7.4223,188.8222,-77.3383,194056.8121,43.5971,31.8152
225.2,8.288,1.2,-80.0,193672.0,42.6,31.96874
226.7,8.288,1.2,-77.0,193676.0,41.6,30.87478
4.5979,7.1048,191.522,-78.0526,194057.1579,43.5596,31.7262
2.6706,7.7226,191.4997,-78.9336,194055.4147,43.6239,31.7493
229.3,8.168,-96.8,-68.0,193676.0,43.6,33.07343
227.8,8.296,1.2,-79.0,192104.0,43.6,31.93657
2.8207,7.233,192.1657,-77.9541,194058.341,43.5592,31.6781
215.1,8.288,1.2,-82.0,191144.0,45.6,30.67101
0.6952,7.7721,189.9205,-78.4577,194055.0199,43.5911,31.8588
0.9978,7.7838,191.0836,-78.375,194056.6213,43.5727,31.6456
218.2,8.128,-230.0,-76.0,194056.0,43.6,32.35485
227.3,8.288,1.2,-75.0,193672.0,42.6,32.32267
227.0,8.296,1.2,-72.0,192100.0,43.6,32.10817
4.3516,7.6415,190.3505,-77.775,194055.0725,43.4838,31.578
2.3151,7.2081,188.6288,-77.7809,194054.0183,43.5104,31.7347
4.8073,7.9622,190.6345,-78.4259,194057.6586,43.5892,31.9448
3.7851,7.0643,190.2018,-77.5935,194056.6752,43.5828,31.6648
3.6749,7.0071,193.2013,-78.0314,194055.6783,43.6378,31.645
2.7719,7.795,190.4574,-77.8615,194055.8467,43.7193,31.6872
4.5012,7.7824,187.5721,-77.9793,194057.5241,43.5462,31.8834
217.6,8.144,-200.0,-81.0,194056.0,43.6,32.8053
1.6757,7.166,191.8901,-77.1535,194057.1471,43.5665,31.7737
3.1006,7.6137,189.2945,-76.6877,194055.9083,43.8431,31.8895
227.8,8.28,1.2,-79.0,193676.0,42.6,31.91512
3.8813,7.5462,187.611,-78.3083,194057.8669,43.5599,31.4236
1.2934,7.3211,190.1467,-78.5005,194057.0535,43.6214,31.7541
218.8,8.128,-164.4,-65.0,194056.0,43.6,32.74095
2.0652,7.0785,191.7313,-78.3935,194056.5589,43.6335,31.594
219.6,8.288,1.2,-76.0,193624.0,46.6,30.71391
222.7,8.144,-106.0,-72.0,191148.0,44.6,32.95545
220.6,8.28,1.2,-86.0,193672.0,42.6,30.66028
0.8094,7.4084,192.3628,-78.1231,194056.5379,43.6824,31.7426
225.4,8.288,1.2,-76.0,193676.0,41.6,30.75681
4.4018,7.1228,189.9494,-78.4656,194054.769,43.492,31.7688
222.7,8.288,1.2,-74.0,193676.0,41.6,30.98203
219.4,8.288,1.2,-75.0,193676.0,42.6,31.48611
225.8,8.288,1.2,-80.0,193676.0,42.6,31.13218
224.6,8.288,1.2,-81.0,193672.0,42.6,31.51829
4.8509,7.988,190.8433,-78.2046,194056.1265,43.4445,31.7684
0.6472,7.3651,188.3326,-77.0629,194056.203,43.5877,31.7199
4.3797,7.2184,192.6127,-79.0979,194056.0486,43.4065,31.6532
3.1466,7.6549,186.8436,-78.3965,194057.5386,43.5425,31.5802
2.8305,7.7877,190.2408,-77.8185,194055.9332,43.659,31.7981
1.6645,7.0451,193.206,-77.8636,194055.7834,43.605,31.7883
218.7,8.288,1.2,-83.0,193676.0,41.6,30.81043
0.8828,7.7756,186.1062,-78.3344,194054.5327,43.5274,31.6595
219.4,8.144,-105.2,-71.0,193676.0,43.6,32.934
4.6449,7.771,191.0611,-77.8549,194057.0231,43.4976,31.8304
3.0753,7.3055,190.8939,-78.5655,194057.616,43.7773,31.6547
2.9443,7.3252,186.7775,-78.1716,194057.0624,43.6772,31.8361
230.3,8.288,1.2,-74.0,193672.0,42.6,31.95802
225.1,8.288,1.2,-74.0,193676.0,42.6,31.76497
0.6491,7.0924,189.925,-77.8424,194055.3438,43.5691,31.7429
3.9896,7.7028,191.0875,-77.6992,194054.3945,43.4391,31.6296
214.8,8.288,1.2,-81.0,193676.0,43.6,30.68173
228.0,8.288,1.2,-67.0,193684.0,44.6,32.98763
221.9,8.288,1.2,-80.0,193672.0,41.6,30.84261
2.3429,7.8219,188.4075,-78.3796,194055.0726,43.6158,31.6233
3.4161,7.2775,191.9207,-78.0213,194055.0543,43.6274,31.7813
4.1021,7.6797,189.3656,-78.3447,194056.4651,43.5856,31.6427
223.0,8.288,1.2,-74.0,193672.0,42.6,31.92584
221.1,8.168,-229.6,-70.0,194056.0,44.6,32.79457
2.3524,7.8612,188.428,-78.2196,194054.7847,43.3992,31.6918
230.8,8.28,1.2,-74.0,193676.0,43.6,31.96874
1.9979,7.1985,193.8212,-78.2894,194055.6942,43.6077,31.7454
0.3566,7.4729,189.0882,-78.4247,194057.9811,43.3806,31.6885
0.8211,7.0706,189.6765,-77.9036,194056.0346,43.7236,31.7756
222.1,8.288,1.2,-82.0,193676.0,42.6,31.64699
222.2,8.288,1.2,-74.0,193672.0,42.6,30.86406
0.6869,7.5111,189.5002,-78.1896,194058.2392,43.7545,31.6246
223.8,8.288,1.2,-75.0,193672.0,43.6,32.35485
214.6,8.288,1.2,-78.0,193676.0,41.6,30.82116
1.517,7.0936,188.0954,-78.236,194055.1766,43.5958,31.5064
2.5612,7.583,190.7848,-78.9202,194056.419,43.6853,31.8062
223.0,8.288,1.2,-64.0,193672.0,43.6,32.52645
216.8,8.288,1.2,-78.0,193672.0,42.6,30.83188
218.1,8.288,1.2,-81.0,193676.0,45.6,30.69246
2.0679,7.2589,189.981,-77.4973,194056.3853,43.6206,31.4376
2.6514,7.1773,190.8844,-79.0192,194057.4411,43.6356,31.7314
229.7,8.288,1.2,-76.0,193676.0,41.6,30.88551
1.938,7.6861,190.161,-77.854,194056.8711,43.6792,31.838
1.7899,7.7036,190.8689,-78.0624,194055.5845,43.5972,31.6892
218.0,8.288,1.2,-76.0,193672.0,41.6,30.78898
214.3,8.288,1.2,-79.0,193660.0,45.6,30.68173
3.3242,7.0519,192.0346,-77.848,194055.9406,43.5906,31.626
2.1584,7.6532,191.2431,-78.4792,194056.262,43.6516,31.683
2.7873,7.2726,193.6278,-78.696,194054.3853,43.4191,31.6354
224.8,8.128,-115.6,-65.0,193676.0,43.6,32.90182
4.0315,7.4158,187.4591,-78.1755,194056.8249,43.6885,31.7292
222.0,8.288,1.2,-79.0,193676.0,42.6,31.12146
2.8675,7.2794,191.8928,-78.0507,194056.697,43.7298,31.7144
4.1159,7.0993,189.412,-77.4886,194055.033,43.4202,31.7789
220.3,8.16,-230.4,-72.0,194056.0,43.6,32.74095
0.6018,7.478,190.9648,-76.1476,194057.2042,43.6335,31.6578
223.3,8.288,1.2,-68.0,193676.0,43.6,32.81602
225.4,8.288,1.2,-76.0,193672.0,42.6,31.99019
4.427,7.7784,189.3846,-77.7972,194055.8439,43.5743,31.6556
223.8,8.28,1.2,-76.0,193672.0,41.6,30.85333
2.973,7.2419,189.1766,-77.8921,194055.4495,43.5017,31.7611
222.5,8.12,-143.2,-63.0,193692.0,43.6,32.77312
4.931,7.115,192.3289,-78.3134,194055.5842,43.6901,31.7502
216.3,8.288,1.2,-79.0,193624.0,44.6,30.68173
3.4642,7.3682,191.2801,-77.983,194055.8432,43.6251,31.6535
1.3526,7.9883,191.7227,-77.227,194055.178,43.7019,31.7075
227.3,8.288,1.2,-76.0,193672.0,42.6,31.36814
222.5,8.288,1.2,-78.0,193676.0,41.6,30.91768
225.2,8.288,1.2,-78.0,193672.0,41.6,31.04638
224.6,8.288,1.2,-78.0,193676.0,42.6,31.40031
0.8519,7.9896,191.5589,-77.4382,194055.7612,43.5548,31.9704
225.3,8.288,1.2,-65.0,193672.0,43.6,32.15107
4.8744,7.9373,190.792,-78.2474,194056.0172,43.62,31.7874
3.7615,7.0708,192.4505,-76.9079,194056.8764,43.6279,31.797
222.3,8.288,1.2,-74.0,193672.0,41.6,30.82116
1.3388,7.0798,187.7445,-78.6104,194055.9674,43.5643,31.9147
219.7,8.288,1.2,-79.0,193672.0,44.6,30.68173
225.2,8.296,1.2,-74.0,193672.0,43.6,32.38702
226.2,8.288,1.2,-76.0,193672.0,42.6,31.50756
0.211,7.2134,188.4588,-77.4909,194055.3227,43.5933,31.8774
0.0209,7.0661,187.0501,-78.3029,194056.6173,43.4512,31.8178
219.8,8.144,-231.6,-71.0,194056.0,43.6,32.5908
225.3,8.184,-98.0,-66.0,193676.0,45.6,33.09488
3.3316,7.4698,191.2446,-77.6485,194055.4644,43.6036,31.8199
3.642,7.2362,187.6851,-78.4177,194057.1124,43.6608,31.8713
0.3548,7.1823,186.2458,-78.295,194054.9663,43.4658,31.6806
0.8597,7.2321,190.4759,-78.5168,194056.4503,43.5351,31.6994
230.1,8.176,-96.4,-69.0,193676.0,44.6,33.13778
223.9,8.288,1.2,-78.0,193672.0,42.6,31.13218
4.1908,7.1331,190.1437,-78.029,194056.5379,43.7435,31.6266
224.3,8.288,1.2,-75.0,193676.0,42.6,31.51829
227.8,8.288,1.2,-79.0,193624.0,41.6,30.90696
228.9,8.296,1.2,-75.0,192100.0,43.6,32.09744
0.2429,7.334,189.1778,-78.2409,194057.171,43.7069,31.7044
0.9833,7.5113,189.5437,-78.4546,194055.7668,43.7001,31.729
1.1732,7.1612,188.0875,-78.1524,194056.0342,43.4633,31.9752
0.8937,7.6845,189.4649,-77.9172,194055.0624,43.583,31.7243
221.8,8.288,1.2,-68.0,193676.0,43.6,32.88037
218.4,8.12,-132.4,-70.0,193684.0,43.6,32.86965
227.2,8.288,1.2,-67.0,193672.0,43.6,32.3763
2.9798,7.3648,188.2389,-77.8645,194056.003,43.5638,31.6983
4.2193,7.5987,186.6912,-77.3252,194055.217,43.503,31.7596
3.4784,7.4007,190.2499,-78.1329,194056.3722,43.6325,31.747
222.6,8.288,1.2,-86.0,193676.0,44.6,30.66028
230.0,8.288,1.2,-75.0,192100.0,43.6,32.00092
219.7,8.288,1.2,-75.0,193676.0,42.6,31.50756
1.7172,7.4771,188.7307,-77.9488,194054.1112,43.4611,31.7534
3.3607,7.2892,189.9316,-78.0992,194056.0493,43.6014,31.5169
1.4412,7.3766,190.1229,-77.8908,194056.3934,43.4216,31.6852
0.464,7.4946,188.9185,-78.2182,194057.5392,43.5596,31.8172
227.5,8.288,1.2,-78.0,193672.0,43.6,31.96874
227.5,8.28,1.2,-83.0,193672.0,42.6,31.35741
0.3082,7.8647,186.8704,-78.4494,194056.2599,43.7097,31.6993
230.3,8.288,1.2,-65.0,193676.0,43.6,33.0627
223.0,8.288,1.2,-78.0,193676.0,41.6,30.88551
4.1907,7.0333,190.364,-78.4006,194056.2519,43.7112,31.7655
2.5622,7.9658,188.5511,-78.4865,194055.7644,43.6455,31.769
222.8,8.288,1.2,-64.0,193672.0,43.6,32.55862
223.8,8.288,1.2,-85.0,193672.0,42.6,31.03566
2.3254,7.8423,192.8659,-77.5253,194054.3336,43.535,31.6444
1.7206,7.5856,191.9685,-78.0076,194056.2661,43.6741,31.722
2.5183,7.5474,188.5441,-77.3983,194055.0416,43.6238,31.7887
214.9,8.136,-185.6,-79.0,194056.0,43.6,32.81602
223.0,8.12,-146.8,-63.0,193692.0,43.6,32.77312
225.2,8.288,1.2,-79.0,193624.0,41.6,31.16436
224.9,8.288,1.2,-76.0,193672.0,41.6,30.78898
225.1,8.288,1.2,-74.0,193672.0,43.6,32.3334
225.3,8.296,1.2,-95.0,192104.0,44.6,30.62811
225.6,8.28,1.2,-76.0,193676.0,42.6,31.42176
1.4452,7.5644,188.8828,-77.7124,194055.5652,43.631,31.4845
227.9,8.288,1.2,-76.0,193676.0,41.6,30.92841
228.0,8.288,1.2,-76.0,193676.0,41.6,30.92841
2.0353,7.7919,189.8165,-77.6315,194057.3308,43.6394,31.6156
222.6,8.112,-230.0,-74.0,194064.0,43.6,32.06527
225.2,8.288,1.2,-78.0,193672.0,42.6,31.41104
223.7,8.288,1.2,-80.0,193676.0,42.6,31.03566
1.4764,7.9264,190.3329,-76.9994,194055.8091,43.4826,31.7071
4.7661,7.24,187.5557,-78.3519,194054.723,43.6251,31.7964
227.2,8.288,1.2,-75.0,193672.0,43.6,32.25832
228.3,8.288,1.2,-74.0,193672.0,43.6,32.2476
221.6,8.288,1.2,-65.0,193676.0,43.6,32.88037
4.6659,7.8833,186.0503,-77.9699,194055.7262,43.6575,31.7104
0.6983,7.7184,186.1798,-78.2133,194056.6297,43.6056,31.661
3.5029,7.3146,192.4885,-76.8079,194055.4133,43.5091,31.7463
1.9965,7.9409,192.5014,-77.8872,194055.6927,43.7482,31.7591
0.2663,7.7655,190.9623,-78.6107,194058.0074,43.5395,31.6465
2.9985,7.6386,189.8779,-77.4626,194058.9559,43.7565,31.6178
224.6,8.12,-116.8,-72.0,193676.0,43.6,32.78385
226.6,8.288,1.2,-76.0,193676.0,42.6,31.67916
0.3113,7.3914,197.6245,-77.2696,194054.7898,43.5976,31.6231
0.215,7.6988,189.6029,-78.4647,194056.3342,43.4406,31.7075
1.6435,7.6502,184.6468,-78.3908,194055.9377,43.6031,31.7244
225.1,8.288,1.2,-76.0,193672.0,42.6,31.45394
0.0458,7.285,189.9888,-78.0417,194054.5421,43.442,31.7568
228.1,8.288,1.2,-74.0,193672.0,42.6,32.2476
0.2359,7.5222,189.796,-77.8464,194055.964,43.5552,31.7016
227.7,8.288,1.2,-74.0,193676.0,41.6,30.78898
225.3,8.288,1.2,-73.0,193672.0,42.6,32.10817
2.9031,7.062,189.1407,-78.128,194057.4359,43.6147,31.6734
1.4302,7.989,192.2195,-77.7847,194054.8399,43.5365,31.7943
228.4,8.288,1.2,-65.0,193676.0,44.6,32.94473
221.1,8.288,1.2,-64.0,193676.0,43.6,32.86965
0.2903,7.5556,186.653,-78.2755,194055.4153,43.5568,31.6184
3.8399,7.4049,192.5369,-77.2259,194055.1389,43.6773,31.705
2.8832,7.1108,187.0848,-78.9187,194054.8917,43.4863,31.7516
224.5,8.288,1.2,-76.0,193672.0,41.6,30.78898
223.5,8.288,1.2,-79.0,193676.0,42.6,31.00348
1.5046,7.985,186.4151,-78.0838,194053.8961,43.4961,31.5472
0.6028,7.1999,191.6785,-77.5168,194057.1845,43.6148,31.9214
215.7,8.12,-230.0,-78.0,194064.0,43.6,32.18324
2.5628,7.4308,192.7711,-77.4924,194056.0988,43.7497,31.5395
3.3671,7.964,191.9476,-77.5418,194055.6514,43.7501,31.6274
224.4,8.288,1.2,-74.0,193672.0,43.6,32.34412
2.6223,7.7181,188.9443,-78.2762,194055.3775,43.5438,31.746
3.8932,7.1188,186.4136,-78.3752,194055.0193,43.7072,31.718
4.9578,7.9899,194.1747,-78.1286,194055.0037,43.7309,31.7886
1.1603,7.3728,194.1597,-77.6847,194055.2949,43.5788,31.6862
219.9,8.288,1.2,-82.0,193676.0,44.6,30.69246
220.7,8.12,-128.4,-65.0,193692.0,43.6,32.8482
225.5,8.288,1.2,-75.0,193676.0,42.6,31.43249
220.4,8.288,1.2,-83.0,193672.0,41.6,30.92841
227.3,8.288,1.2,-69.0,193628.0,43.6,33.00908
227.2,8.288,1.2,-68.0,193676.0,44.6,33.0198
3.1925,7.4646,188.8279,-77.3963,194053.5501,43.4394,31.7844
2.0484,7.4482,191.9145,-78.0533,194056.523,43.4612,31.7963
227.1,8.288,1.2,-66.0,193672.0,43.6,32.25832
4.2577,7.0514,187.8673,-77.9378,194055.0193,43.7358,31.7833
224.0,8.288,1.2,-67.0,193672.0,43.6,32.23687
4.7319,7.695,190.3897,-77.477,194055.259,43.5598,31.8398
224.6,8.288,1.2,-79.0,193672.0,42.6,31.44321
4.2535,7.4332,189.6369,-78.402,194055.5589,43.7866,31.8964
4.6489,7.3111,188.2929,-77.5787,194056.184,43.4866,31.6737
0.0484,7.1182,188.5653,-77.4015,194054.5169,43.8631,31.814
223.0,8.112,-145.6,-62.0,194056.0,43.6,32.7624
4.4641,7.6642,191.8642,-78.4817,194056.9122,43.7695,31.6181
3.6431,7.3164,187.1985,-77.6593,194054.8194,43.6665,31.5306
1.7219,7.1232,190.937,-77.4519,194056.0574,43.6944,31.7938
1.6985,7.2435,188.3406,-78.5126,194056.8643,43.6504,31.6712
228.3,8.288,1.2,-83.0,193676.0,42.6,31.89367
3.939,7.1562,193.3679,-78.405,194056.2483,43.6608,31.7516
220.1,8.288,1.2,-81.0,193672.0,42.6,30.88551
0.4332,7.1037,190.8022,-77.3975,194055.1579,43.5571,31.7644
2.6379,7.604,189.113,-79.1803,194055.9431,43.6601,31.6887
217.3,8.144,-196.0,-81.0,194056.0,43.6,32.8053
225.3,8.296,1.2,-73.0,193672.0,43.6,32.16179
226.5,8.288,1.2,-81.0,193676.0,42.6,31.50756
226.9,8.288,1.2,-78.0,193676.0,41.6,30.87478
224.7,8.288,1.2,-81.0,193672.0,42.6,31.22871
218.0,8.104,-231.6,-79.0,191580.0,44.6,31.91512
3.2144,7.3167,188.4823,-76.6514,194055.8973,43.765,31.6664
221.8,8.272,1.2,-79.0,193676.0,44.6,30.53158
225.9,8.288,1.2,-67.0,193672.0,43.6,32.39775
2.4558,7.0891,185.809,-76.9917,194055.4879,43.4413,31.755
227.0,8.288,1.2,-76.0,193656.0,42.6,31.44321
213.7,8.288,1.2,-77.0,193672.0,44.6,30.70318
220.5,8.28,1.2,-77.0,193620.0,41.6,30.82116
1.4758,7.8727,187.8213,-78.0751,194054.7704,43.6537,31.8294
1.9371,7.277,187.8849,-78.0047,194056.4399,43.5323,31.6664
221.7,8.144,-104.8,-75.0,193676.0,43.6,32.92327
225.0,8.28,1.2,-74.0,193672.0,43.6,32.04382
224.4,8.288,1.2,-77.0,193676.0,41.6,30.85333
222.2,8.288,1.2,-76.0,193672.0,41.6,30.84261
2.8405,7.5683,189.4313,-78.2658,194055.7654,43.69,31.6198
214.0,8.288,1.2,-79.0,193624.0,45.6,30.53158
225.8,8.288,1.2,-65.0,193672.0,43.6,32.16179
3.9065,7.0985,188.3093,-78.1209,194055.3534,43.7612,31.5221
0.1379,7.9132,190.7039,-77.7894,194056.5824,43.4815,31.8044
2.3248,7.2543,190.0849,-78.6507,194055.1836,43.5928,31.6569
2.4098,7.486,193.7657,-77.6751,194054.854,43.623,31.6123
225.8,8.288,1.2,-82.0,193672.0,42.6,31.32524
218.8,8.16,-216.4,-72.0,194056.0,43.6,32.78385
226.0,8.136,-114.8,-78.0,193676.0,43.6,32.91255
3.483,7.2393,189.207,-77.6766,194055.3273,43.6542,31.8153
2.3946,7.0755,191.8123,-77.7323,194055.405,43.5752,31.6376
223.0,8.128,-116.0,-63.0,193676.0,43.6,32.86965
218.0,8.136,-177.6,-74.0,194056.0,43.6,32.8053
0.2043,7.643,187.9309,-78.1146,194055.0994,43.6096,31.6447
220.6,8.28,1.2,-75.0,193672.0,41.6,30.82116
224.4,8.288,1.2,-66.0,193672.0,42.6,32.2476
0.6911,7.4521,189.4159,-77.3254,194053.7654,43.7598,31.6588
4.7748,7.5309,190.0998,-77.4708,194056.1418,43.477,31.6364
4.7107,7.5019,192.0094,-78.0155,194055.6295,43.5365,31.6352
221.0,8.28,1.2,-84.0,193672.0,41.6,30.82116
222.5,8.288,1.2,-66.0,193672.0,43.6,32.4192
216.4,8.152,-206.0,-72.0,194056.0,43.6,32.79457
226.3,8.288,1.2,-89.0,193672.0,44.6,30.59593
227.9,8.288,1.2,-70.0,193676.0,43.6,32.3763
3.7728,7.6345,188.5446,-79.0704,194057.1117,43.6431,31.6351
0.346,7.9479,188.877,-78.0401,194055.3406,43.6838,31.6653
210.4,8.296,1.2,-80.0,193676.0,44.6,30.72463
0.9282,7.1922,188.9072,-77.2928,194054.1338,43.5796,31.8321
219.1,8.288,1.2,-77.0,193676.0,42.6,31.48611
225.9,8.288,1.2,-79.0,193676.0,42.6,31.15364
2.3448,7.9867,192.2472,-77.8827,194054.9661,43.5362,31.6895
2.1606,7.2563,188.1057,-78.6121,194057.8521,43.5036,31.8261
225.7,8.288,1.2,-65.0,193672.0,42.6,32.12962
1.3911,7.5852,192.1201,-77.8616,194057.2498,43.7344,31.8878
226.1,8.288,1.2,-76.0,193676.0,42.6,31.48611
226.3,8.288,1.2,-84.0,193672.0,41.6,30.78898
2.4675,7.0195,193.3466,-77.6572,194057.997,43.5117,31.7824
0.02,7.981,193.2649,-77.1951,194055.0321,43.5838,31.7108
0.5045,7.0103,187.6229,-78.1437,194055.3947,43.644,31.668
217.7,8.12,-156.0,-66.0,194056.0,43.6,32.75167
222.7,8.288,1.2,-89.0,193676.0,42.6,31.34669
2.5014,7.0935,192.693,-77.0282,194056.1882,43.5932,31.5848
222.7,8.288,1.2,-77.0,193672.0,42.6,31.00348
228.6,8.288,1.2,-82.0,193676.0,43.6,31.87222
4.2214,7.0866,190.6788,-78.4142,194056.0072,43.7346,31.8368
3.8943,7.1103,187.5754,-77.9007,194052.8913,43.6544,31.5475
0.6165,7.0989,185.9246,-77.1433,194053.7269,43.6147,31.5175
223.9,8.288,1.2,-65.0,193672.0,43.6,32.52645
1.9939,7.2335,187.1039,-78.4181,194057.5914,43.4916,31.5762
220.8,8.288,1.2,-80.0,193676.0,42.6,31.08928
0.2927,7.8199,189.5157,-78.8895,194055.2133,43.5182,31.7204
222.2,8.28,1.2,-78.0,193676.0,44.6,30.56376
2.6495,7.0397,191.6646,-78.1838,194054.3282,43.5366,31.783
222.9,8.136,-110.0,-76.0,193676.0,43.6,32.934
3.244,7.8773,190.8447,-76.7234,194055.7463,43.7035,31.6742
228.3,8.288,1.2,-68.0,193676.0,44.6,32.99835
223.9,8.288,1.2,-79.0,193672.0,43.6,32.23687
0.3291,7.422,188.2815,-78.0825,194054.2744,43.5933,31.7965
3.4224,7.8398,189.6577,-77.8443,194057.0275,43.6336,31.4857
229.4,8.288,1.2,-65.0,193676.0,43.6,33.0627
0.0681,7.686,192.1083,-78.0642,194056.6628,43.5936,31.6678
225.0,8.288,1.2,-77.0,193676.0,45.6,30.5423
222.5,8.12,-127.2,-63.0,193684.0,43.6,32.85892
223.1,8.12,-139.2,-75.0,193684.0,43.6,32.77312
2.1512,7.6135,192.2817,-78.5285,194055.6238,43.5539,31.8671
1.0527,7.4942,188.3808,-78.0938,194055.5763,43.5368,31.5844
2.5029,7.5739,188.4091,-77.5196,194055.2628,43.6963,31.7724
227.9,8.288,1.2,-71.0,193672.0,43.6,32.2905
227.9,8.288,1.2,-78.0,193676.0,42.6,31.92584
225.9,8.288,1.2,-66.0,193672.0,43.6,32.11889
1.5721,7.5396,189.1505,-78.4667,194057.6343,43.4642,31.5315
224.7,8.288,1.2,-74.0,193676.0,42.6,31.46466
0.4787,7.2894,191.1095,-77.9767,194055.5418,43.6527,31.814
3.966,7.0357,192.5675,-77.964,194056.492,43.6356,31.8384
225.3,8.288,1.2,-75.0,193628.0,42.6,31.65771
2.6028,7.8752,187.3735,-78.3121,194055.0109,43.6484,31.7533
223.4,8.12,-125.2,-63.0,193692.0,43.6,32.8482
217.2,8.288,1.2,-83.0,192100.0,41.6,30.83188
222.8,8.296,1.2,-66.0,192100.0,43.6,32.39775
2.6238,7.0489,190.0732,-78.7312,194056.0665,43.7647,31.8228
4.4473,7.2783,192.2442,-78.4503,194055.0601,43.561,31.6036
1.3568,7.2903,189.5291,-78.3344,194057.157,43.8452,31.7758
4.5044,7.4625,192.16,-77.5483,194057.1582,43.5577,31.5831
1.1857,7.8371,190.3038,-78.3499,194056.5454,43.4125,31.7013
223.8,8.288,1.2,-78.0,193672.0,43.6,32.21542
224.9,8.288,1.2,-82.0,193672.0,42.6,31.46466
4.632,7.3966,188.4332,-77.844,194057.1779,43.5658,31.5724
224.8,8.288,1.2,-74.0,193676.0,42.6,31.71134
225.9,8.288,1.2,-83.0,193620.0,42.6,31.57191
3.4472,7.8932,187.2338,-77.8573,194056.3991,43.6102,31.6388
224.9,8.28,1.2,-79.0,193672.0,42.6,31.42176
3.6455,7.6017,192.5602,-77.9194,194057.2228,43.6495,31.6194
0.6365,7.4022,191.9869,-77.882,194056.2398,43.5695,31.7275
1.9117,7.5733,188.6303,-78.3867,194056.2978,43.486,31.691
226.5,8.288,1.2,-79.0,193672.0,42.6,32.18324
3.6083,7.1156,188.0322,-78.16,194055.5619,43.6962,31.7695
220.3,8.288,1.2,-78.0,193672.0,41.6,30.83188
229.6,8.288,1.2,-72.0,193676.0,43.6,32.36557
223.9,8.288,1.2,-83.0,193672.0,42.6,31.50756
219.1,8.296,1.2,-81.0,192100.0,42.6,30.89623
0.9106,7.9611,190.6946,-77.4328,194054.3499,43.5454,31.6478
1.7194,7.204,189.6135,-77.6553,194055.7706,43.5568,31.7315
1.91,7.3541,190.4437,-77.5612,194055.8608,43.7107,31.6781
2.028,7.4405,191.1389,-78.8853,194055.3414,43.6704,31.8554
3.0207,7.6057,193.0044,-77.57,194056.1125,43.8268,31.5765
227.1,8.288,1.2,-79.0,193672.0,42.6,32.04382
222.0,8.296,1.2,-67.0,193676.0,43.6,32.8911
225.0,8.288,1.2,-74.0,193676.0,42.6,31.75424
4.8707,7.2062,187.1095,-76.0994,194055.1082,43.5748,31.7475
1.4428,7.8829,193.3936,-78.8391,194056.1895,43.3957,31.6941
223.5,8.288,1.2,-83.0,193672.0,41.6,30.81043
3.6473,7.3675,189.6262,-78.4437,194056.3984,43.6559,31.7336
2.4805,7.5743,190.5383,-78.0738,194056.4023,43.3939,31.7463
4.2702,7.6701,192.7617,-78.7479,194056.3065,43.6733,31.7496
2.4742,7.6628,191.0657,-78.3982,194055.0343,43.6214,31.7041
224.9,8.288,1.2,-86.0,192104.0,42.6,31.36814
223.2,8.288,1.2,-79.0,193676.0,42.6,31.06783
2.9618,7.3481,194.1274,-77.7924,194055.4898,43.563,31.6007
4.8954,7.3585,189.3485,-78.1433,194056.4323,43.5741,31.7328
1.5984,7.6293,188.4225,-78.4659,194055.7217,43.6314,31.565
226.7,8.288,1.2,-80.0,193672.0,42.6,31.99019
2.3669,7.4873,189.7378,-77.6548,194054.7434,43.6945,31.6322
224.1,8.296,1.2,-80.0,192100.0,42.6,31.03566
3.0212,7.4641,191.6288,-78.9255,194056.3421,43.5412,31.6458
222.1,8.288,1.2,-65.0,193676.0,43.6,32.90182
1.315,7.3478,185.6417,-78.0592,194056.2034,43.664,31.8232
2.971,7.007,188.5097,-78.2081,194056.1452,43.5726,31.732
226.1,8.288,1.2,-76.0,193676.0,42.6,31.49684
4.9256,7.42,189.3372,-78.7059,194054.0199,43.5814,31.8428
222.1,8.288,1.2,-76.0,193672.0,41.6,30.82116
2.3307,7.8841,192.2557,-77.1773,194054.7228,43.49,31.7822
225.6,8.28,1.2,-76.0,192104.0,41.6,30.87478
227.4,8.288,1.2,-70.0,193672.0,42.6,32.15107
4.7946,7.3159,196.7706,-78.2835,194055.242,43.521,31.6575
225.1,8.288,1.2,-77.0,193672.0,42.6,31.46466
4.1022,7.8858,191.7262,-78.6119,194057.3463,43.5307,31.7779
225.0,8.288,1.2,-82.0,193676.0,42.6,31.36814
227.5,8.288,1.2,-77.0,193676.0,41.6,30.90696
1.6721,7.1774,191.9793,-77.5781,194057.7523,43.6085,31.5547
4.3036,7.9226,191.4846,-77.4393,194055.9393,43.5256,31.4747
220.3,8.12,-135.6,-66.0,193684.0,43.6,32.78385
228.8,8.128,-115.2,-67.0,193676.0,44.6,33.09488
4.9037,7.0722,189.4679,-78.0265,194056.1266,43.4,31.4989
229.1,8.288,1.2,-72.0,193684.0,43.6,32.3763
4.0131,7.6934,187.4571,-77.964,194054.9463,43.7183,31.7148
217.1,8.288,1.2,-78.0,193676.0,43.6,30.57448
2.9451,7.1172,192.9222,-78.2848,194053.5318,43.6519,31.7511
221.3,8.296,1.2,-65.0,193672.0,43.6,32.4621
2.128,7.6789,189.0829,-78.1336,194056.3712,43.5967,31.5434
1.2645,7.0488,189.0905,-78.0042,194056.4386,43.7246,31.5698
0.4743,7.6667,187.9724,-77.3769,194055.3782,43.6179,31.8744
216.4,8.288,1.2,-76.0,193672.0,43.6,30.70318
214.6,8.28,1.2,-76.0,193676.0,44.6,30.69246
1.3037,7.0479,187.3065,-78.4157,194055.2116,43.6647,31.7703
0.733,7.6518,190.1698,-77.8482,194055.8516,43.6076,31.7573
225.5,8.296,1.2,-72.0,192100.0,43.6,32.15107
228.5,8.288,1.2,-81.0,193676.0,42.6,31.91512
224.2,8.296,1.2,-87.0,192104.0,44.6,30.57448
1.1452,7.3781,187.5103,-78.3202,194057.3838,43.4912,31.6322
0.7135,7.252,193.0751,-78.0135,194056.3623,43.5953,31.584
1.469,7.6722,189.3972,-78.1161,194055.9709,43.5301,31.7685
0.8796,7.9952,188.6597,-78.6909,194056.0039,43.5126,31.8261
1.4229,7.5763,188.1451,-78.1161,194055.4025,43.6093,31.6406
3.5009,7.3682,188.453,-78.5228,194056.0175,43.7075,31.6951
0.5602,7.3078,187.6454,-77.615,194056.8302,43.6632,31.6131
226.8,8.288,1.2,-77.0,193676.0,42.6,31.73279
2.2821,7.8228,189.611,-77.2805,194059.3797,43.6263,31.8639
2.2045,7.6877,185.61,-78.0686,194055.4379,43.4467,31.6443
220.3,8.168,-234.0,-71.0,194056.0,43.6,32.73022
224.6,8.12,-116.4,-69.0,193676.0,43.6,32.83747
228.6,8.288,1.2,-67.0,193676.0,43.6,32.99835
225.5,8.288,1.2,-76.0,193676.0,42.6,31.44321
4.7281,7.5139,192.3358,-77.4458,194055.8279,43.5527,31.7854
4.3394,7.2317,191.247,-76.9263,194055.512,43.5665,31.8039
4.7657,7.9029,190.2136,-77.2021,194055.8707,43.7326,31.7111
0.8781,7.6158,190.8676,-78.2894,194056.3445,43.6449,31.7242
2.2504,7.4365,189.145,-78.1515,194057.7095,43.794,31.7042
4.7513,7.3308,187.9456,-77.8111,194057.7989,43.6262,31.4408
226.0,8.288,1.2,-72.0,193672.0,43.6,32.14034
4.679,7.5814,188.7463,-77.8384,194055.5151,43.633,31.8287
223.6,8.288,1.2,-65.0,193672.0,43.6,32.52645
224.0,8.288,1.2,-79.0,193672.0,43.6,32.19397
218.1,8.104,-234.0,-81.0,194056.0,43.6,31.88294
4.7881,7.2937,188.8137,-77.8644,194057.175,43.6551,31.608
0.1827,7.1634,188.6365,-77.2053,194056.0717,43.5554,31.632
224.4,8.288,1.2,-66.0,193672.0,43.6,32.10817
219.0,8.136,-174.4,-65.0,192484.0,44.6,32.74095
224.5,8.296,1.2,-70.0,193676.0,43.6,33.08415
226.4,8.288,1.2,-79.0,193672.0,43.6,32.23687
2.5644,7.5759,189.3792,-77.9493,194056.0965,43.4215,31.6817
2.8786,7.7107,185.262,-77.5727,194056.8811,43.4967,31.7052
2.9774,7.4992,190.8395,-76.875,194056.9029,43.6194,31.6172
3.9177,7.7014,190.9881,-77.4896,194056.962,43.627,31.6553
4.9762,7.1508,190.6792,-78.1002,194057.8544,43.7516,31.7948
1.8014,7.2543,186.9015,-78.3173,194054.6482,43.8174,31.7417
2.3154,7.7469,188.6428,-78.117,194056.966,43.7418,31.5937
1.4802,7.8367,189.0345,-78.2119,194055.0696,43.6383,31.7658
1.5815,7.8216,185.341,-78.6454,194054.5956,43.5958,31.6217
2.4033,7.5416,191.017,-77.9435,194055.1593,43.8113,31.6606
0.7508,7.261,187.2656,-77.8436,194054.7605,43.5603,31.6967
219.9,8.168,-231.6,-70.0,194056.0,43.6,32.7624
4.887,7.3833,187.7105,-77.6539,194056.1578,43.7243,31.8524
1.3422,7.031,190.965,-77.7314,194055.5652,43.658,31.678
4.7935,7.6504,190.9909,-77.8856,194056.6967,43.474,31.7995
230.6,8.288,1.2,-66.0,193676.0,43.6,33.05198
223.5,8.288,1.2,-80.0,193672.0,42.6,31.10001
215.2,8.28,1.2,-82.0,193676.0,41.6,30.75681
225.1,8.288,1.2,-65.0,193672.0,43.6,32.15107
222.4,8.288,1.2,-74.0,193672.0,41.6,30.85333
1.3237,7.7715,188.6607,-77.1895,194056.7457,43.6662,31.7036
3.9006,7.951,188.0187,-78.3392,194054.7707,43.4279,31.7325
1.849,7.6127,184.9802,-78.7229,194057.5539,43.4933,31.6813
215.5,8.288,1.2,-81.0,193676.0,44.6,30.68173
3.7144,7.7477,191.361,-78.5242,194057.3321,43.7434,31.8417
3.893,7.2323,188.0607,-77.6278,194055.8695,43.6496,31.7655
216.9,8.288,1.2,-79.0,193672.0,43.6,30.55303
4.5363,7.9217,188.9136,-77.3933,194056.9448,43.3692,31.7399
226.2,8.288,1.2,-69.0,193672.0,43.6,32.39775
219.9,8.288,1.2,-74.0,193676.0,41.6,30.90696
228.8,8.288,1.2,-63.0,193676.0,43.6,32.94473
2.029,7.8659,192.2858,-77.3689,194056.2739,43.2762,31.5894
4.3889,7.6591,186.2057,-77.5785,194056.2887,43.543,31.8191
3.5799,7.8178,189.1881,-78.0397,194055.8026,43.5089,31.835
2.5389,7.0365,187.9987,-78.0491,194055.708,43.6368,31.667
219.4,8.288,1.2,-82.0,193672.0,44.6,30.58521
0.8343,7.8595,188.3355,-77.3926,194056.2695,43.6153,31.83
224.4,8.288,1.2,-65.0,193676.0,44.6,33.1056
226.0,8.288,1.2,-76.0,191196.0,43.6,31.74352
2.6017,7.6223,190.3729,-78.3689,194056.0904,43.5378,31.8347
229.8,8.184,-98.0,-69.0,193676.0,43.6,33.13778
225.4,8.296,1.2,-68.0,192092.0,43.6,33.09488
2.7699,7.0918,189.4544,-77.8874,194055.2268,43.6688,31.6604
224.3,8.288,1.2,-79.0,193672.0,42.6,31.04638
1.4235,7.7692,192.0334,-77.7014,194057.2012,43.4477,31.8427
222.2,8.288,1.2,-66.0,193676.0,43.6,32.90182
2.3433,7.6494,188.7442,-77.927,194056.097,43.6336,31.7747
220.3,8.28,1.2,-79.0,191192.0,46.6,30.58521
4.8595,7.5717,188.4182,-78.2593,194055.6291,43.6117,31.7571
4.1962,7.7107,190.7395,-78.2404,194056.5037,43.6764,31.6156
220.5,8.288,1.2,-76.0,193672.0,41.6,30.79971
214.9,8.136,-187.6,-79.0,194056.0,43.6,32.81602
1.1036,7.4752,190.8616,-78.0407,194056.3413,43.7674,31.5543
1.5245,7.9812,191.8605,-78.4704,194057.8389,43.53,31.6673
4.4088,7.9361,186.4096,-77.6624,194054.8077,43.4526,31.7639
4.2552,7.0025,191.5627,-78.393,194057.1499,43.5824,31.7329
3.2759,7.0115,191.4507,-77.5675,194056.8348,43.5384,31.6074
220.6,8.288,1.2,-73.0,193676.0,41.6,30.87478
221.1,8.288,1.2,-81.0,193812.0,44.6,30.66028
0.5577,7.433,188.0826,-78.218,194056.1437,43.4557,31.8292
227.0,8.288,1.2,-70.0,193672.0,43.6,32.10817
4.2597,7.4615,189.9819,-78.0697,194057.3592,43.7308,31.6861
2.3028,7.987,187.0075,-79.021,194057.3719,43.5691,31.558
223.2,8.288,1.2,-73.0,193676.0,41.6,30.90696
3.149,7.4981,194.6397,-76.9644,194055.4362,43.7797,31.6687
2.6763,7.6923,188.3703,-77.4086,194054.8892,43.5722,31.6908
224.4,8.288,1.2,-65.0,193676.0,43.6,33.11633
229.9,8.16,-96.4,-69.0,193676.0,44.6,33.04125
225.5,8.288,1.2,-74.0,193676.0,42.6,31.55046
226.9,8.288,1.2,-77.0,193628.0,45.6,30.52085
227.7,8.288,1.2,-64.0,193672.0,43.6,32.44065
224.6,8.12,-116.4,-76.0,193676.0,43.6,32.8053
223.8,8.288,1.2,-82.0,193672.0,42.6,31.49684
216.7,8.288,1.2,-78.0,193624.0,45.6,30.71391
0.5305,7.2813,189.5882,-78.5656,194054.7516,43.6437,31.6101
228.5,8.288,1.2,-77.0,193672.0,43.6,32.05454
1.0098,7.4854,188.4471,-78.6504,194056.3875,43.5184,31.7565
4.5976,7.0636,194.5992,-78.1715,194054.566,43.7113,31.5711
219.8,8.128,-164.0,-64.0,194056.0,44.6,32.77312
224.0,8.288,1.2,-81.0,193672.0,42.6,31.47539
0.6744,7.4762,191.9697,-79.2887,194055.5927,43.5107,31.8028
227.6,8.288,1.2,-74.0,193672.0,43.6,32.25832
1.3259,7.649,190.9874,-78.203,194056.2183,43.5979,31.5536
221.0,8.288,1.2,-84.0,193676.0,43.6,30.59593
228.8,8.288,1.2,-84.0,191196.0,46.6,30.53158
0.3395,7.14,190.7625,-78.5499,194056.886,43.5753,31.9144
1.212,7.4537,189.0397,-78.742,194055.3085,43.6401,31.751
3.9301,7.3301,192.3057,-77.758,194054.2309,43.5918,31.9503
222.9,8.288,1.2,-83.0,193676.0,44.6,30.67101
227.4,8.296,1.2,-74.0,193672.0,43.6,32.26905
3.1461,7.8327,187.833,-78.6597,194056.8659,43.4828,31.6792
1.203,7.798,192.3201,-78.4099,194056.5017,43.537,31.777
225.1,8.28,1.2,-73.0,193672.0,43.6,32.15107
225.5,8.288,1.2,-84.0,193676.0,44.6,30.58521
1.3507,7.0375,192.3977,-78.0185,194057.8912,43.6577,31.7553
222.6,8.12,-145.6,-65.0,193692.0,43.6,32.78385
229.8,8.288,1.2,-74.0,193676.0,42.6,32.02237
2.5692,7.1554,192.9464,-77.3059,194055.601,43.3074,31.8651
228.8,8.296,1.2,-68.0,193676.0,44.6,32.94473
214.7,8.288,1.2,-81.0,193676.0,44.6,30.70318
0.9647,7.5854,190.5332,-78.434,194055.8049,43.7677,31.7412
4.9152,7.1866,189.1748,-77.8866,194055.222,43.7024,31.5746
3.6155,7.8514,191.2349,-78.3982,194055.8461,43.627,31.7774
224.8,8.28,1.2,-74.0,193676.0,42.6,31.48611
4.7959,7.0774,188.8693,-77.5846,194055.9627,43.6371,31.7234
4.6105,7.9003,190.3292,-77.285,194055.9186,43.5124,31.7466
214.8,8.288,1.2,-78.0,193628.0,45.6,30.72463
0.6656,7.3261,187.7917,-78.7707,194055.8425,43.7163,31.588
2.3029,7.767,190.8123,-78.1874,194055.9263,43.5215,31.6853
225.5,8.288,1.2,-74.0,193672.0,43.6,32.36557
223.0,8.288,1.2,-65.0,193624.0,43.6,32.8053
0.2813,7.8981,191.5426,-77.886,194055.6047,43.6635,31.5865
0.7536,7.9974,191.0198,-78.2135,194054.843,43.5144,31.7189
1.6287,7.5297,194.3703,-78.0328,194057.7798,43.5202,31.733
3.4118,7.3315,189.7572,-78.5778,194055.97,43.6463,31.5503
0.5038,7.4043,192.792,-78.2271,194055.5821,43.5993,31.6259
212.5,8.288,1.2,-80.0,193676.0,45.6,30.67101
2.0633,7.6646,190.6422,-77.9701,194055.8598,43.4636,31.7383
2.6372,7.0375,191.0765,-77.8216,194057.871,43.4044,31.716
4.6831,7.2693,192.9595,-77.4912,194055.2302,43.486,31.6932
0.4743,7.1161,192.0523,-77.7836,194056.7391,43.5832,31.7625
2.5221,7.3673,192.0004,-77.8069,194053.3375,43.5255,31.7079
1.909,7.32,191.1064,-77.5328,194058.1165,43.4979,31.7922
2.9297,7.317,187.6804,-77.7754,194056.9261,43.6593,31.989
4.6411,7.2407,187.1578,-77.917,194056.5318,43.5122,31.8481
219.5,8.288,1.2,-80.0,193672.0,42.6,30.93913
215.2,8.288,1.2,-82.0,193676.0,41.6,30.70318
226.0,8.288,1.2,-80.0,193676.0,42.6,31.79714
0.6069,7.2209,190.3214,-78.8594,194056.1473,43.7359,31.5562
228.8,8.152,-98.4,-70.0,193676.0,43.6,32.95545
4.7821,7.2855,188.4034,-78.3626,194054.5373,43.5561,31.6772
3.9954,7.848,191.2311,-78.6717,194055.4059,43.6103,31.8603
2.2238,7.7008,187.5788,-77.4683,194056.6212,43.4558,31.7314
226.5,8.288,1.2,-77.0,193672.0,41.6,30.89623
2.5148,7.5543,189.6356,-78.2539,194057.944,43.7749,31.6339
227.0,8.28,1.2,-71.0,193620.0,42.6,32.16179
220.0,8.288,1.2,-77.0,193672.0,41.6,30.82116
0.3795,7.693,190.5491,-77.4569,194057.8662,43.5546,31.5113
229.6,8.288,1.2,-77.0,193676.0,41.6,30.90696
224.9,8.288,1.2,-74.0,193676.0,42.6,31.74352
223.3,8.288,1.2,-83.0,193672.0,42.6,31.47539
4.3307,7.4341,190.9298,-77.9836,194056.7088,43.4199,31.583
225.0,8.288,1.2,-75.0,193676.0,42.6,31.68989
1.1383,7.6094,191.78,-77.6064,194055.3988,43.5288,31.6758
4.9736,7.4632,190.3301,-78.0153,194056.2211,43.5054,31.5818
4.145,7.9538,188.9933,-77.4313,194054.4375,43.6234,31.6109
225.9,8.288,1.2,-76.0,193676.0,41.6,30.93913
225.7,8.288,1.2,-75.0,193672.0,43.6,32.25832
3.7378,7.4513,191.4182,-77.5695,194054.8856,43.4783,31.6312
219.2,8.288,1.2,-79.0,193672.0,41.6,30.84261
217.8,8.288,1.2,-80.0,192104.0,45.6,30.70318
226.4,8.288,1.2,-78.0,193672.0,43.6,31.99019
2.826,7.766,189.7632,-78.6805,194056.391,43.7755,31.6794
3.9158,7.1158,191.8911,-78.1439,194056.8974,43.6593,31.672
0.7066,7.7561,192.9011,-77.0549,194057.1379,43.5158,31.7038
228.6,8.144,-105.6,-68.0,193676.0,44.6,33.11633
216.2,8.28,1.2,-83.0,193676.0,41.6,30.75681
229.2,8.152,-99.6,-69.0,193676.0,43.6,32.95545
4.256,7.38,191.7031,-78.0369,194056.0847,43.6576,31.7434
225.9,8.288,1.2,-83.0,193656.0,42.6,31.50756
226.2,8.28,1.2,-74.0,193676.0,42.6,31.66844
225.8,8.288,1.2,-76.0,193676.0,42.6,31.43249
226.7,8.288,1.2,-65.0,193672.0,43.6,32.44065
228.7,8.144,-99.99999,-67.0,193676.0,43.6,33.11633
3.609,7.4403,190.5082,-77.7278,194055.0435,43.5317,31.6238
1.7174,7.6819,191.4443,-77.7915,194056.0004,43.5976,31.6039
2.7447,7.0066,190.5116,-77.0162,194056.6503,43.5923,31.7791
222.6,8.288,1.2,-75.0,193672.0,42.6,31.96874
3.486,7.2891,190.1656,-77.1237,194055.2099,43.605,31.6343
3.4722,7.1891,190.3555,-78.4683,194055.8177,43.3846,31.7549
3.2565,7.1815,190.5956,-78.1391,194056.7972,43.5267,31.7329
226.7,8.288,1.2,-81.0,193672.0,41.6,30.96058
1.4812,7.2624,187.4592,-78.1092,194055.1427,43.5287,31.8273
223.0,8.288,1.2,-78.0,193684.0,43.6,30.57448
223.2,8.288,1.2,-79.0,193672.0,43.6,32.23687
0.8371,7.5096,189.0175,-78.2164,194054.4237,43.8085,31.7439
1.7929,7.1796,189.3046,-77.997,194056.9649,43.6631,31.7029
0.2642,7.321,189.212,-78.2216,194054.2621,43.547,31.5811
227.1,8.288,1.2,-65.0,191192.0,43.6,32.06527
0.2852,7.2991,189.0989,-77.9236,194057.9637,43.5681,31.6614
225.4,8.288,1.2,-72.0,193672.0,43.6,32.10817
220.3,8.288,1.2,-82.0,193672.0,45.6,30.64956
3.0192,7.6657,192.2179,-77.9909,194054.3395,43.5425,31.5739
0.1296,7.4225,191.1432,-78.7382,194055.6662,43.6008,31.6917
2.2043,7.2859,195.5215,-77.7873,194057.2665,43.607,31.6696
228.3,8.152,-96.0,-66.0,193676.0,43.6,33.07343
226.1,8.288,1.2,-76.0,193676.0,41.6,30.85333
226.5,8.28,1.2,-77.0,193620.0,42.6,31.43249
3.1107,7.7808,187.7751,-77.7673,194055.8842,43.6972,31.8864
0.7185,7.6876,193.9201,-78.728,194056.2487,43.7421,31.7545
223.8,8.128,-115.6,-71.0,193676.0,43.6,32.88037
226.8,8.288,1.2,-73.0,193672.0,43.6,32.18324
219.3,8.288,1.2,-81.0,193672.0,45.6,30.64956
223.5,8.288,1.2,-64.0,193672.0,43.6,32.68732
227.2,8.288,1.2,-74.0,193672.0,43.6,32.15107
223.2,8.288,1.2,-64.0,193672.0,43.6,32.5479
0.0356,7.9167,188.3293,-77.3743,194055.7899,43.5804,31.7778
0.1722,7.3277,190.2256,-78.3907,194055.6235,43.6993,31.6893
2.6946,7.0272,186.2179,-79.267,194055.4194,43.5393,31.8233
225.9,8.288,1.2,-75.0,193672.0,43.6,32.2476
222.2,8.272,1.2,-80.0,193676.0,42.6,31.08928
1.9942,7.0208,187.7903,-77.9014,194056.088,43.6215,31.8201
0.6214,7.7514,185.0542,-78.1142,194057.9839,43.5643,31.713
219.0,8.12,-135.6,-69.0,193684.0,43.6,32.81602
4.0623,7.8755,190.191,-77.9878,194056.3358,43.4329,31.6868
1.5548,7.6789,188.4857,-78.0454,194056.8711,43.4891,31.6157
4.4799,7.8929,191.8133,-77.9059,194055.8406,43.6254,31.6931
217.3,8.128,-229.6,-80.0,194056.0,43.6,32.42992
4.6401,7.3076,192.5177,-78.2494,194056.2345,43.6061,31.6391
216.2,8.288,1.2,-79.0,193676.0,44.6,30.68173
227.3,8.288,1.2,-65.0,193672.0,43.6,32.07599
1.2251,7.0871,189.4388,-77.5198,194056.8691,43.6322,31.5961
226.2,8.288,1.2,-79.0,193672.0,43.6,32.23687
4.6416,7.0526,192.2612,-78.3661,194055.0048,43.629,31.6075
2.1631,7.855,194.5728,-78.067,194056.064,43.6029,31.5292
229.9,8.288,1.2,-71.0,193672.0,43.6,32.3763
4.2001,7.8314,189.1079,-78.3887,194055.6734,43.5769,31.7312
4.6028,7.4283,190.8935,-77.4965,194056.7825,43.517,31.8318
229.1,8.288,1.2,-66.0,193676.0,44.6,32.95545
224.1,8.288,1.2,-64.0,193672.0,43.6,32.45137
225.1,8.288,1.2,-82.0,193676.0,42.6,31.40031
226.9,8.28,1.2,-74.0,193676.0,42.6,31.68989
0.1146,7.9747,190.5265,-78.032,194056.3028,43.4615,31.6302
226.4,8.288,1.2,-73.0,193672.0,43.6,32.36557
4.0774,7.6592,192.7663,-77.8331,194055.5306,43.5312,31.5243
224.4,8.288,1.2,-84.0,193620.0,41.6,30.79971
1.8985,7.5157,190.5571,-78.0939,194055.825,43.661,31.7147
2.7447,7.0709,189.5737,-78.1198,194057.9573,43.5917,31.6103
1.3259,7.2365,190.3041,-78.403,194056.2393,43.5663,31.6817
218.4,8.12,-134.0,-64.0,193692.0,43.6,32.86965
4.4565,7.106,186.9539,-78.0915,194057.099,43.6366,31.7222
3.0721,7.4304,192.4484,-78.295,194055.1621,43.5597,31.5342
0.4507,7.6124,186.4726,-77.9738,194055.808,43.7565,31.8719
223.6,8.136,-115.2,-77.0,193676.0,44.6,32.8911
217.1,8.288,1.2,-78.0,193672.0,41.6,30.74608
1.6837,7.4399,192.4382,-78.2565,194055.724,43.542,31.8209
1.761,7.8287,184.9687,-78.2247,194054.3935,43.7116,31.5545
217.7,8.28,1.2,-80.0,193676.0,41.6,30.81043
4.3403,7.0413,189.2167,-78.0287,194055.0779,43.4074,31.5838
228.3,8.288,1.2,-75.0,193672.0,43.6,32.21542
226.3,8.288,1.2,-68.0,193672.0,43.6,32.36557
2.5506,7.0953,188.132,-78.0708,194055.2751,43.594,31.7106
3.0535,7.6551,191.8346,-78.0099,194054.0208,43.5648,31.5707
1.821,7.8509,191.5985,-77.5838,194058.1278,43.5624,31.8639
3.7273,7.2358,191.5088,-77.9595,194055.2543,43.7151,31.7651
1.1789,7.4762,191.729,-77.3561,194056.6162,43.6159,31.7214
0.7106,7.3077,191.1296,-78.1348,194056.6647,43.6326,31.7276
1.1601,7.8906,191.7498,-77.8272,194056.1792,43.5666,31.6417
219.2,8.12,-131.6,-66.0,193692.0,43.6,32.82675
2.5306,7.0001,189.471,-78.3961,194055.2974,43.701,31.6871
1.1515,7.0084,189.7601,-78.4739,194055.365,43.6957,31.7801
4.6872,7.6805,191.397,-77.4113,194057.6068,43.4405,31.9103
227.2,8.184,-97.2,-65.0,193676.0,43.6,33.11633
225.2,8.288,1.2,-67.0,193676.0,43.6,32.82675
225.3,8.288,1.2,-64.0,193672.0,43.6,32.08672
228.2,8.16,-96.8,-67.0,193676.0,43.6,33.04125
1.145,7.1958,189.9233,-78.4854,194055.8911,43.6018,31.8431
228.5,8.288,1.2,-79.0,193672.0,42.6,32.05454
222.8,8.296,1.2,-64.0,193672.0,43.6,32.40847
221.0,8.288,1.2,-81.0,193676.0,42.6,31.61481
229.8,8.152,-96.4,-70.0,193676.0,43.6,33.05198
4.5944,7.4647,188.5708,-78.4421,194055.2742,43.6901,31.4759
4.3259,7.7125,191.6133,-78.1965,194056.1844,43.667,31.7154
0.3811,7.35,190.3448,-78.3847,194056.3335,43.6961,31.7113
1.2654,7.1434,187.9526,-77.4256,194056.62,43.4647,31.5584
3.6746,7.6566,187.237,-77.8631,194054.9658,43.6974,31.7149
220.6,8.28,1.2,-73.0,193676.0,41.6,30.86406
1.0343,7.8576,188.018,-78.336,194056.735,43.689,31.698
4.7087,7.2686,189.8475,-77.6027,194057.0995,43.6648,31.4888
2.3129,7.6681,189.0812,-78.1547,194055.5878,43.5422,31.6844
224.2,8.296,1.2,-77.0,192104.0,44.6,30.53158
2.6952,7.3576,190.5509,-77.9104,194056.3252,43.4447,31.6344
219.5,8.288,1.2,-76.0,193672.0,42.6,31.46466
0.137,7.0442,190.3648,-78.7174,194055.6699,43.6379,31.8448
1.072,7.178,188.5902,-77.7303,194054.4458,43.4576,31.6
218.6,8.136,-230.4,-79.0,194056.0,43.6,32.5908
2.283,7.8836,188.8032,-78.0976,194056.4943,43.4659,31.754
3.1618,7.0716,188.9013,-78.6887,194055.3723,43.4707,31.7543
223.2,8.288,1.2,-65.0,193620.0,43.6,32.53717
0.1273,7.9016,192.5705,-78.2203,194056.4923,43.694,31.8397
4.3871,7.7209,192.0337,-79.2506,194053.9456,43.7585,31.5976
0.9185,7.2192,188.9394,-78.9542,194056.2781,43.6727,31.7411
222.0,8.288,1.2,-65.0,193672.0,43.6,32.39775
3.3752,7.8853,189.0355,-78.1529,194054.2835,43.5719,31.8665
0.0733,7.6416,187.0459,-78.7778,194056.3287,43.4605,31.8242
217.7,8.144,-188.0,-63.0,194056.0,43.6,32.75167
224.7,8.288,1.2,-81.0,193676.0,42.6,31.85077
0.282,7.8979,185.3588,-78.2853,194054.8458,43.5611,31.6263
223.7,8.288,1.2,-79.0,193676.0,42.6,31.00348
226.0,8.288,1.2,-65.0,193672.0,43.6,32.11889
1.1421,7.6522,186.7174,-77.7493,194056.8002,43.5135,31.6364
228.2,8.28,1.2,-71.0,193672.0,43.6,32.31195
225.4,8.288,1.2,-78.0,193672.0,42.6,31.41104
226.1,8.288,1.2,-79.0,193672.0,43.6,31.95802
0.6792,7.6215,191.0437,-77.7598,194056.8225,43.6362,31.788
1.5164,7.1046,189.5319,-77.8391,194054.3106,43.5096,31.8167
220.4,8.28,1.2,-73.0,193676.0,42.6,30.92841
0.0361,7.8195,192.7276,-77.6445,194056.8978,43.5338,31.7742
216.6,8.288,1.2,-77.0,193676.0,44.6,30.70318
0.7803,7.0159,194.0947,-77.8144,194057.4082,43.565,31.7312
223.9,8.288,1.2,-87.0,193676.0,43.6,30.61738
2.7642,7.5517,189.7855,-77.5492,194057.0643,43.583,31.644
4.4013,7.9419,189.2943,-78.1161,194056.6077,43.7443,31.7193
221.5,8.144,-106.0,-71.0,193676.0,44.6,32.92327
0.8792,7.2627,193.8646,-77.2954,194055.858,43.4938,31.7198
220.6,8.136,-232.0,-70.0,194016.0,44.6,32.5908
1.8018,7.0431,194.1852,-77.5946,194056.2511,43.6006,31.7057
227.7,8.288,1.2,-76.0,193676.0,42.6,32.12962
1.7925,7.3684,191.1299,-77.8255,194054.6937,43.6095,31.687
2.9668,7.058,189.9638,-78.1043,194055.7071,43.6793,31.7341
3.7055,7.1502,191.2027,-77.6422,194056.5102,43.514,31.6889
225.0,8.12,-121.6,-77.0,193676.0,43.6,32.88037
227.5,8.288,1.2,-79.0,193672.0,43.6,32.07599
222.4,8.288,1.2,-78.0,193672.0,42.6,31.05711
0.9391,7.4581,188.8231,-78.2858,194056.2917,43.5876,31.6673
1.5003,7.9503,191.5003,-77.9279,194056.6267,43.5851,31.8312
2.1881,7.0131,190.3858,-77.3074,194055.9368,43.5964,31.6855
1.2258,7.4801,188.9993,-77.5181,194055.861,43.5228,31.6349
229.9,8.128,-116.0,-66.0,193676.0,44.6,33.08415
226.0,8.288,1.2,-78.0,193672.0,43.6,32.2047
0.0362,7.4689,186.5633,-77.937,194055.8792,43.5112,31.7702
219.3,8.168,-233.2,-72.0,194056.0,43.6,32.7195
226.1,8.288,1.2,-82.0,193676.0,44.6,30.62811
224.9,8.288,1.2,-65.0,193672.0,43.6,32.14034
1.4164,7.4571,194.2482,-78.3257,194057.7906,43.7063,31.5506
1.6275,7.7126,191.8307,-78.6664,194056.3581,43.5951,31.7332
219.6,8.288,1.2,-85.0,193672.0,42.6,30.84261
4.5868,7.7611,193.4525,-78.2848,194057.2207,43.5392,31.6667
2.0627,7.5028,188.2368,-77.7896,194056.0561,43.6432,31.828
220.9,8.288,1.2,-72.0,193676.0,41.6,30.84261
223.6,8.288,1.2,-83.0,193672.0,41.6,30.83188
227.6,8.28,1.2,-71.0,193672.0,43.6,32.30122
224.3,8.288,1.2,-72.0,193672.0,43.6,32.26905
3.7493,7.5758,190.0232,-77.9977,194053.727,43.6082,31.8058
2.7495,7.8272,191.2403,-77.305,194055.9,43.5541,31.7177
1.2552,7.6088,191.7451,-78.4042,194055.8236,43.4992,31.928
221.8,8.288,1.2,-82.0,193672.0,41.6,30.83188
4.905,7.8227,187.4838,-78.1797,194055.7777,43.5605,31.7034
224.5,8.288,1.2,-73.0,193676.0,42.6,31.46466
2.1164,7.7856,187.9769,-78.0675,194056.8724,43.3908,31.5464
2.0407,7.4637,194.824,-78.1744,194056.3998,43.627,31.5907
1.8634,7.1601,192.043,-78.1506,194052.8989,43.6196,31.7997
0.0352,7.7645,188.6659,-78.103,194056.5968,43.6381,31.7998
223.0,8.152,-234.0,-69.0,194056.0,44.6,32.62297
225.6,8.288,1.2,-87.0,193676.0,44.6,30.61738
1.9017,7.1897,190.8062,-77.7497,194056.8122,43.6375,31.7841
222.9,8.288,1.2,-84.0,193672.0,46.6,30.68173
221.0,8.288,1.2,-81.0,193672.0,44.6,30.66028
0.1607,7.8641,194.9793,-77.4754,194056.8852,43.7948,31.6038
0.9047,7.9366,189.7132,-77.9843,194055.5928,43.7061,31.6283
1.6714,7.8028,190.3795,-78.7542,194056.758,43.526,31.75
2.0961,7.4875,188.2512,-76.4443,194054.8544,43.5603,31.6786
224.7,8.288,1.2,-79.0,193672.0,43.6,32.17252
0.5713,7.1615,190.8086,-78.6285,194055.2413,43.5413,31.8455
0.8502,7.9907,188.332,-77.6098,194056.4081,43.6987,31.7542
0.033,7.4415,188.3898,-77.837,194054.0078,43.6183,31.8283
0.7407,7.0684,192.3486,-78.2498,194055.3227,43.7004,31.6896
2.5991,7.1899,191.8873,-77.8729,194057.8267,43.5916,31.8282
1.882,7.9527,189.8218,-77.9934,194056.6206,43.2838,31.6128
226.0,8.288,1.2,-75.0,193676.0,41.6,30.87478
223.5,8.288,1.2,-79.0,193660.0,43.6,32.25832
221.1,8.128,-220.8,-73.0,194056.0,43.6,32.5908
222.7,8.296,1.2,-78.0,192100.0,43.6,32.22615
215.7,8.136,-183.6,-80.0,194056.0,43.6,32.8053
224.9,8.288,1.2,-88.0,193676.0,42.6,31.35741
219.5,8.288,1.2,-76.0,193672.0,42.6,31.46466
3.707,7.8597,190.5386,-79.0885,194055.6787,43.6512,31.5791
229.0,8.288,1.2,-75.0,193676.0,42.6,32.02237
224.9,8.288,1.2,-75.0,193672.0,43.6,32.3334
230.3,8.288,1.2,-67.0,193676.0,43.6,32.99835
229.2,8.288,1.2,-65.0,193676.0,43.6,32.94473
2.9647,7.068,188.5765,-78.2879,194055.9351,43.5142,31.6004
223.9,8.288,1.2,-65.0,193620.0,43.6,32.08672
229.4,8.288,1.2,-76.0,193676.0,42.6,30.92841
3.6024,7.3908,186.9914,-77.4715,194055.926,43.603,31.6867
4.0217,7.4322,189.8738,-77.8182,194056.812,43.5959,31.8447
2.5185,7.5104,192.0821,-77.9649,194056.9596,43.6493,31.6322
0.0085,7.5399,190.6165,-77.8599,194056.4615,43.5975,31.6883
2.8841,7.2221,190.6862,-78.2122,194057.2051,43.575,31.592
220.1,8.288,1.2,-78.0,193684.0,45.6,30.67101
226.5,8.288,1.2,-83.0,193676.0,42.6,31.52901
2.7168,7.4592,192.2509,-77.7063,194055.3289,43.549,31.6345
227.3,8.288,1.2,-79.0,193672.0,42.6,32.08672
0.7687,7.3452,188.7809,-78.0752,194055.64,43.5503,31.6521
226.3,8.288,1.2,-77.0,192100.0,41.6,30.78898
1.3197,7.515,188.9608,-77.2832,194057.8636,43.6904,31.6913
225.1,8.288,1.2,-85.0,193672.0,41.6,30.83188
0.9357,7.7504,187.091,-78.4174,194054.7465,43.4594,31.8347
214.0,8.288,1.2,-75.0,193676.0,41.6,30.67101
217.2,8.288,1.2,-79.0,193676.0,44.6,30.66028
226.7,8.28,1.2,-64.0,193672.0,43.6,32.05454
0.0023,7.1668,192.9516,-78.9,194056.3043,43.5564,31.6063
3.0863,7.7865,188.961,-77.2876,194055.8608,43.637,31.8306
4.4406,7.6144,186.635,-77.5196,194054.1745,43.5332,31.9127
227.5,8.288,1.2,-74.0,193672.0,42.6,32.19397
3.7121,7.7599,188.7134,-78.3984,194053.6471,43.5595,31.7117
4.0838,7.4592,189.5556,-78.8882,194055.2017,43.803,31.5834
229.4,8.296,1.2,-64.0,193676.0,44.6,33.08415
2.5135,7.0089,188.2577,-77.819,194057.2111,43.5743,31.8562
218.6,8.288,1.2,-84.0,193672.0,41.6,30.83188
226.3,8.288,1.2,-78.0,193672.0,42.6,30.92841
225.8,8.136,-113.6,-77.0,193676.0,43.6,32.91255
226.0,8.288,1.2,-82.0,193672.0,42.6,31.31451
0.8294,7.0979,193.9946,-78.2703,194055.5381,43.5298,31.6844
4.3565,7.4959,190.1985,-78.0822,194054.369,43.6576,31.7009
225.0,8.288,1.2,-78.0,193672.0,41.6,30.93913
1.5665,7.2533,191.9995,-78.8974,194052.8639,43.5755,31.7018
222.9,8.12,-143.2,-65.0,191164.0,44.6,32.75167
216.6,8.28,1.2,-83.0,193676.0,41.6,30.75681
1.5585,7.128,188.6378,-78.8651,194055.4534,43.4247,31.6438
221.9,8.288,1.2,-79.0,193672.0,45.6,30.59593
1.1131,7.6177,191.7033,-77.7774,194055.8366,43.5735,31.8397
4.6309,7.6762,193.0285,-78.0325,194058.2805,43.7046,31.699
4.8677,7.1614,189.0172,-78.0356,194056.2323,43.5102,31.6734
4.7129,7.7407,191.3053,-77.6582,194054.4366,43.5671,31.566
0.644,7.2112,191.3328,-77.9459,194055.3574,43.487,31.7253
225.3,8.288,1.2,-79.0,193672.0,41.6,30.91768
221.1,8.12,-150.0,-63.0,194056.0,43.6,32.78385
222.4,8.288,1.2,-84.0,193676.0,42.6,31.64699
4.3626,7.961,191.177,-77.6202,194054.8545,43.7021,31.8509
2.6614,7.7898,189.0906,-78.652,194057.4817,43.6712,31.8304
0.1782,7.2593,192.0515,-78.0481,194056.8295,43.5337,31.879
4.4424,7.093,189.1154,-77.6364,194055.5698,43.5288,31.6135
219.5,8.12,-130.0,-66.0,193692.0,43.6,32.83747
223.1,8.296,1.2,-65.0,192100.0,43.6,32.53717
225.4,8.288,1.2,-66.0,193672.0,43.6,32.3763
0.9605,7.624,191.5882,-77.5553,194056.4554,43.439,31.6386
224.8,8.288,1.2,-79.0,193676.0,44.6,30.61738
221.5,8.112,-135.6,-76.0,193684.0,43.6,32.77312
0.076,7.4907,189.4977,-77.3897,194055.6906,43.6115,31.759
224.7,8.288,1.2,-75.0,193672.0,43.6,32.06527
219.1,8.296,1.2,-76.0,192100.0,42.6,31.02493
227.2,8.296,1.2,-85.0,192092.0,44.6,30.55303
4.4091,7.711,189.3216,-77.3927,194055.6761,43.6395,31.6904
0.2332,7.9328,185.9851,-77.932,194056.6088,43.5772,31.8273
218.2,8.12,-133.2,-69.0,193692.0,43.6,32.8911
4.5412,7.9285,190.1111,-79.2258,194056.4254,43.6864,31.7491
224.5,8.288,1.2,-79.0,193672.0,43.6,32.18324
225.1,8.288,1.2,-82.0,193620.0,42.6,31.37886
2.1066,7.9035,190.6803,-77.7806,194056.1092,43.4871,31.7892
4.0156,7.879,183.9312,-76.4461,194056.4469,43.5883,31.8735
222.3,8.288,1.2,-79.0,193672.0,42.6,31.10001
221.0,8.288,1.2,-79.0,193672.0,42.6,31.12146
222.4,8.112,-230.0,-81.0,194056.0,43.6,32.07599
226.0,8.28,1.2,-78.0,193656.0,41.6,30.74608
3.0084,7.3761,187.6791,-78.0088,194055.7696,43.6146,31.8753
3.2692,7.3384,188.4962,-78.6932,194053.9046,43.7805,31.5591
2.733,7.0424,189.1088,-78.2776,194055.5611,43.5949,31.7293
221.9,8.288,1.2,-78.0,193672.0,42.6,31.10001
224.0,8.288,1.2,-79.0,193672.0,42.6,31.10001
3.336,7.4175,188.3385,-78.4193,194054.5677,43.5136,31.6575
4.3863,7.933,193.4758,-78.2575,194055.5263,43.5693,31.8225
218.3,8.288,1.2,-79.0,193620.0,41.6,30.75681
0.3779,7.3097,187.591,-77.4084,194055.0388,43.6473,31.7426
230.9,8.288,1.2,-66.0,193676.0,43.6,33.04125
224.4,8.288,1.2,-79.0,193672.0,42.6,31.46466
225.7,8.288,1.2,-79.0,193676.0,42.6,31.82932
222.4,8.288,1.2,-72.0,193672.0,41.6,30.62811
219.6,8.288,1.2,-87.0,193676.0,44.6,30.66028
217.4,8.288,1.2,-76.0,193672.0,41.6,30.73536
3.6533,7.6036,191.1416,-78.1017,194055.4368,43.591,31.7083
230.9,8.288,1.2,-75.0,193676.0,41.6,30.93913
4.8199,7.4021,187.192,-78.1813,194054.8759,43.6772,31.7103
225.4,8.288,1.2,-67.0,193672.0,43.6,32.16179
224.6,8.288,1.2,-81.0,193676.0,42.6,31.85077
4.2632,7.2531,188.3848,-77.5672,194056.1792,43.7942,31.7452
223.9,8.288,1.2,-77.0,193672.0,41.6,30.81043
223.9,8.288,1.2,-72.0,193676.0,41.6,30.92841
222.9,8.136,-114.8,-77.0,193676.0,43.6,32.90182
2.8395,7.6558,191.3465,-78.1131,194056.2613,43.7383,31.8042
225.0,8.288,1.2,-78.0,193672.0,41.6,30.77826
221.6,8.144,-101.2,-73.0,193676.0,45.6,32.92327
224.1,8.288,1.2,-76.0,193672.0,42.6,31.44321
226.1,8.288,1.2,-66.0,193672.0,43.6,32.26905
3.0448,7.976,189.8823,-77.6401,194055.4718,43.6247,31.7014
4.6935,7.1111,187.9052,-77.8159,194057.5196,43.5024,31.6851
229.2,8.184,-97.2,-67.0,193676.0,43.6,33.1056
3.3056,7.5081,189.7686,-78.0694,194055.5242,43.6228,31.8314
228.0,8.136,-90.8,-69.0,193628.0,45.6,33.08415
4.7528,7.1873,191.4232,-77.5346,194057.2828,43.6111,31.7766
4.9516,7.0158,192.2766,-78.7996,194056.1362,43.6134,31.6309
0.5696,7.3837,186.6018,-78.0585,194055.239,43.6291,31.8687
226.5,8.288,1.2,-76.0,193676.0,42.6,31.57191
228.3,8.288,1.2,-78.0,193676.0,42.6,30.90696
4.8638,7.7955,189.2094,-77.9896,194055.4998,43.7215,31.5478
217.2,8.288,1.2,-78.0,193672.0,44.6,30.68173
2.2765,7.7086,192.408,-77.4219,194056.476,43.488,31.7506
0.3777,7.3936,189.76,-77.8479,194057.7198,43.4274,31.6713
227.4,8.288,1.2,-71.0,193672.0,42.6,32.16179
222.4,8.288,1.2,-64.0,193672.0,43.6,32.81602
0.4852,7.5536,191.2955,-78.0796,194055.844,43.526,31.6479
224.4,8.288,1.2,-74.0,193672.0,42.6,32.07599
222.0,8.288,1.2,-71.0,193620.0,45.6,30.64956
3.2961,7.2686,191.5241,-78.33,194055.8216,43.7034,31.6898
226.8,8.28,1.2,-72.0,193672.0,43.6,32.15107
220.9,8.28,1.2,-75.0,193676.0,44.6,30.71391
211.9,8.288,1.2,-77.0,193676.0,44.6,30.69246
225.0,8.288,1.2,-69.0,193676.0,43.6,32.82675
1.6193,7.7991,188.1504,-77.777,194057.6588,43.592,31.7884
229.7,8.288,1.2,-78.0,193676.0,41.6,30.91768
0.0283,7.3416,191.2662,-77.5732,194056.1177,43.6111,31.824
1.2634,7.3912,191.3869,-78.6329,194056.2331,43.6983,31.8056
1.8324,7.6354,192.4872,-77.826,194056.7477,43.5623,31.7681
223.9,8.288,1.2,-71.0,193672.0,43.6,31.97947
224.0,8.288,1.2,-79.0,193624.0,41.6,30.99276
228.0,8.288,1.2,-73.0,193672.0,43.6,32.2476
3.9575,7.1002,192.5979,-77.3171,194054.7793,43.673,31.7269
219.7,8.288,1.2,-76.0,193672.0,42.6,31.10001
1.3501,7.1137,187.9284,-77.2233,194055.5044,43.5553,31.5263
2.5783,7.2853,189.8501,-79.1345,194055.1929,43.4444,31.7731
218.6,8.136,-157.2,-65.0,192120.0,43.6,32.85892
1.0682,7.3743,188.1999,-79.2824,194056.2059,43.6666,31.8732
4.4862,7.4857,189.4267,-78.7559,194055.6723,43.4537,31.9041
222.2,8.28,1.2,-82.0,192104.0,42.6,31.63626
213.4,8.288,1.2,-82.0,193676.0,41.6,30.73536
220.6,8.28,1.2,-89.0,193672.0,44.6,30.59593
1.1009,7.3156,190.5309,-78.1506,194057.672,43.6267,31.703
228.9,8.288,1.2,-64.0,193676.0,43.6,32.94473
229.0,8.288,1.2,-80.0,192104.0,43.6,31.87222
229.2,8.288,1.2,-76.0,193672.0,43.6,32.05454
227.1,8.288,1.2,-72.0,193672.0,43.6,32.16179
220.4,8.288,1.2,-81.0,193672.0,44.6,30.66028
2.2226,7.2347,187.7547,-77.8743,194056.1793,43.4225,31.8718
1.8399,7.0087,188.3609,-78.129,194054.8399,43.4442,31.5345
227.2,8.152,-103.2,-78.0,193676.0,43.6,32.91255
2.0815,7.0849,191.9396,-77.49,194055.0902,43.8291,31.6234
225.9,8.288,1.2,-82.0,193672.0,42.6,31.57191
0.428,7.7081,190.2759,-76.9726,194057.5693,43.6388,31.5506
222.3,8.28,1.2,-80.0,193672.0,41.6,30.83188
2.9293,7.3212,190.893,-77.6881,194055.6264,43.5306,31.6061
225.3,8.136,-113.6,-79.0,193676.0,44.6,32.92327
224.8,8.28,1.2,-76.0,193672.0,42.6,31.37886
224.4,8.288,1.2,-74.0,193672.0,43.6,32.3334
4.4807,7.8016,191.9401,-77.9234,194056.2783,43.4806,31.8075
226.2,8.288,1.2,-63.0,193676.0,43.6,32.934
1.9431,7.4061,189.9291,-77.3434,194057.6679,43.7851,31.7815
224.1,8.288,1.2,-76.0,193672.0,43.6,31.97947
4.1661,7.4303,186.1514,-78.654,194058.033,43.5085,31.6892
3.9026,7.0083,193.0723,-77.4433,194055.965,43.604,31.8001
4.1931,7.6198,189.466,-78.5383,194057.2722,43.62,31.7881
1.2853,7.4746,190.1139,-78.7149,194054.9492,43.4226,31.8267
2.5418,7.31,189.2366,-77.6908,194055.9455,43.4724,31.6983
3.9256,7.1036,189.7554,-79.2252,194056.1574,43.6826,31.654
2.7552,7.6714,186.6898,-78.0627,194057.1115,43.5928,31.5418
216.3,8.152,-208.8,-70.0,194056.0,43.6,32.77312
224.4,8.288,1.2,-76.0,193672.0,42.6,31.44321
2.3224,7.1372,191.1236,-78.0007,194054.9234,43.6947,31.6868
227.5,8.288,1.2,-80.0,193672.0,42.6,32.06527
226.5,8.288,1.2,-79.0,193672.0,43.6,32.17252
3.8482,7.5536,190.9755,-77.8367,194056.9782,43.6765,31.7961
229.0,8.152,-96.0,-68.0,193676.0,44.6,32.99835
2.4159,7.7451,192.2047,-78.3552,194056.0647,43.4461,31.7413
225.3,8.288,1.2,-74.0,193672.0,42.6,32.10817
224.0,8.28,1.2,-83.0,193676.0,44.6,30.57448
214.2,8.288,1.2,-80.0,193676.0,41.6,30.78898
225.6,8.288,1.2,-74.0,193672.0,42.6,32.2476
222.7,8.288,1.2,-64.0,193672.0,43.6,32.8053
227.2,8.288,1.2,-65.0,193672.0,43.6,32.42992
0.5428,7.7136,191.546,-77.65,194058.6847,43.6091,31.6965
222.4,8.288,1.2,-82.0,193676.0,42.6,31.72206
223.1,8.136,-107.6,-74.0,193628.0,43.6,32.94473
231.2,8.288,1.2,-73.0,193672.0,42.6,31.97947
0.6756,7.1836,193.4013,-77.9319,194056.1584,43.4779,31.509
209.9,8.28,1.2,-78.0,193676.0,44.6,30.70318
0.7601,7.1059,187.8257,-78.0887,194053.6498,43.5895,31.5206
2.0822,7.3776,190.0413,-78.5627,194056.957,43.5731,31.7392
216.6,8.288,1.2,-79.0,193672.0,42.6,30.73536
228.7,8.16,-94.0,-69.0,193676.0,43.6,33.04125
225.1,8.288,1.2,-74.0,193672.0,43.6,32.3334
225.8,8.288,1.2,-78.0,193672.0,43.6,32.19397
224.8,8.288,1.2,-74.0,193672.0,43.6,32.09744
222.3,8.112,-230.0,-78.0,194056.0,43.6,32.09744
0.6108,7.0886,185.5828,-77.7123,194056.9724,43.3805,31.7337
222.5,8.12,-147.2,-62.0,193692.0,44.6,32.77312
225.0,8.296,1.2,-80.0,192100.0,45.6,30.68173
220.4,8.136,-161.2,-67.0,192112.0,43.6,32.81602
3.6879,7.2747,190.8056,-78.0313,194055.9727,43.6842,31.6091
221.1,8.288,1.2,-80.0,193672.0,41.6,30.79971
230.1,8.16,-96.4,-70.0,193676.0,43.6,33.04125
218.8,8.288,1.2,-81.0,193672.0,42.6,30.88551
223.5,8.28,1.2,-76.0,193676.0,44.6,30.55303
2.8791,7.8177,184.8341,-78.2471,194056.4487,43.5393,31.6206
224.6,8.288,1.2,-81.0,193672.0,42.6,31.19654
228.9,8.136,-87.59999,-68.0,193676.0,46.6,32.934
224.7,8.288,1.2,-74.0,193672.0,43.6,32.06527
2.1317,7.0298,190.0573,-78.8085,194054.981,43.429,31.6176
1.1371,7.2878,188.2158,-78.1929,194056.2148,43.5028,31.5749
226.0,8.288,1.2,-63.0,193676.0,43.6,32.94473
228.0,8.28,1.2,-78.0,193672.0,42.6,32.03309
4.3269,7.7857,187.7336,-77.9808,194055.149,43.6829,31.6156
2.0287,7.9578,190.7337,-78.0819,194055.648,43.6211,31.5659
226.3,8.28,1.2,-72.0,193672.0,43.6,32.2905
2.5571,7.7857,192.7521,-78.751,194055.4906,43.4881,31.6074
3.679,7.8525,189.1235,-77.3631,194056.0369,43.6446,31.7045
226.8,8.288,1.2,-75.0,193656.0,42.6,31.42176
220.4,8.288,1.2,-76.0,193672.0,41.6,30.83188
227.1,8.288,1.2,-72.0,193672.0,43.6,32.17252
228.3,8.288,1.2,-78.0,193676.0,41.6,30.90696
3.2354,7.8189,188.392,-78.3088,194054.8045,43.5691,31.6458
4.9141,7.3869,189.4484,-77.9689,194055.7074,43.6732,31.5818
0.9146,7.6941,189.426,-76.9766,194055.1194,43.5112,31.5298
223.9,8.288,1.2,-85.0,193672.0,41.6,30.83188
223.8,8.288,1.2,-72.0,193672.0,43.6,32.19397
0.4511,7.9464,186.2159,-77.9114,194055.028,43.6472,31.7208
2.4043,7.205,193.4763,-78.3695,194056.7211,43.6349,31.6001
3.6915,7.4331,187.8805,-78.6236,194056.7572,43.4664,31.85
3.2505,7.0956,189.2651,-77.4097,194056.0504,43.7519,31.7103
226.1,8.288,1.2,-87.0,193816.0,44.6,30.55303
3.1559,7.4942,189.406,-78.3927,194056.2644,43.5083,31.572
1.3168,7.88,188.8367,-79.0278,194054.4659,43.661,31.611
3.3646,7.0831,189.2163,-77.8035,194055.2298,43.6236,31.6625
2.1838,7.5809,191.0187,-78.0547,194055.0099,43.7277,31.6064
0.7448,7.0394,188.7885,-78.3943,194057.9327,43.4196,31.781
1.8908,7.8703,190.6965,-78.409,194058.054,43.5782,31.7337
225.8,8.288,1.2,-65.0,193672.0,43.6,32.10817
0.38,7.5035,187.9982,-77.3504,194057.8649,43.5883,31.7421
224.0,8.288,1.2,-78.0,193672.0,42.6,32.21542
1.3479,7.374,189.3646,-78.0917,194054.6452,43.5587,31.7434
223.7,8.288,1.2,-71.0,193672.0,42.6,31.99019
0.4388,7.4332,189.8468,-78.5615,194057.0171,43.5516,31.7614
1.7638,7.9037,188.3331,-77.6056,194056.7962,43.7677,31.6517
0.9202,7.7967,190.07,-77.8678,194058.2967,43.5166,31.7021
225.6,8.288,1.2,-83.0,193672.0,41.6,30.82116
3.104,7.4572,190.7329,-78.3961,194056.2391,43.484,31.5084
3.8893,7.4626,192.6722,-78.1684,194056.25,43.6127,31.5316
224.4,8.296,1.2,-81.0,193672.0,42.6,31.04638
224.0,8.136,-105.2,-72.0,193676.0,43.6,32.95545
222.8,8.288,1.2,-82.0,193676.0,42.6,31.38959
211.9,8.288,1.2,-77.0,193676.0,44.6,30.68173
1.6339,7.4522,190.7241,-77.9965,194056.2842,43.5807,31.7058
2.0358,7.4709,188.6064,-78.9727,194057.5888,43.6024,31.739
229.7,8.184,-96.8,-69.0,193676.0,43.6,33.12705
1.7758,7.0478,187.4625,-77.8359,194054.4632,43.5181,31.584
3.1297,7.9155,192.4861,-77.8401,194055.4873,43.869,31.6108
1.4027,7.5129,189.7074,-78.6039,194054.9839,43.5733,31.6235
217.3,8.288,1.2,-81.0,193676.0,45.6,30.69246
225.0,8.288,1.2,-82.0,193676.0,42.6,31.38959
226.7,8.288,1.2,-76.0,193672.0,42.6,31.38959
4.4274,7.3886,188.8009,-78.1047,194056.4819,43.7862,31.641
4.0022,7.3046,192.1666,-77.8877,194055.9946,43.5882,31.8545
225.1,8.288,1.2,-74.0,193672.0,43.6,32.39775
1.1002,7.7327,189.8025,-77.8567,194056.5625,43.5737,31.7574
4.7687,7.4172,190.0937,-77.7429,194056.8117,43.7161,31.5422
4.148,7.0423,191.9911,-78.3624,194055.7161,43.573,31.6641
2.4732,7.9309,191.1869,-77.5004,194058.2531,43.7098,31.7373
218.1,8.288,1.2,-78.0,193676.0,44.6,30.68173
0.199,7.6488,187.4056,-78.4505,194057.3795,43.4676,31.7241
218.4,8.104,-230.4,-80.0,194056.0,43.6,31.92584
0.6717,7.5763,186.7998,-77.4309,194057.3679,43.5108,31.8129
2.906,7.9554,189.9412,-77.7423,194055.9049,43.741,31.738
225.3,8.288,1.2,-86.0,193676.0,42.6,31.36814
227.7,8.288,1.2,-77.0,193672.0,42.6,31.36814
222.3,8.288,1.2,-67.0,193676.0,43.6,32.90182
225.0,8.288,1.2,-78.0,193676.0,42.6,31.36814
224.2,8.288,1.2,-82.0,193672.0,42.6,31.50756
0.3769,7.2799,189.4583,-76.7443,194056.005,43.7928,31.7541
4.4481,7.773,187.4217,-78.6443,194054.9694,43.4388,31.7676
220.3,8.288,1.2,-73.0,193676.0,41.6,30.90696
1.9334,7.1494,194.2152,-78.0529,194054.7745,43.693,31.6279
4.2065,7.7962,187.2432,-77.6187,194055.6659,43.3995,31.5278
224.0,8.288,1.2,-75.0,193672.0,42.6,31.16436
228.1,8.288,1.2,-79.0,193672.0,43.6,32.09744
223.5,8.296,1.2,-78.0,192104.0,41.6,30.90696
225.6,8.288,1.2,-74.0,193676.0,42.6,31.62554
226.4,8.288,1.2,-77.0,193676.0,41.6,30.88551
4.0093,7.3283,189.5142,-78.2131,194054.6892,43.7169,31.6634
2.3838,7.381,190.0844,-77.6023,194054.0701,43.5499,31.6778
3.8481,7.6102,189.5504,-77.6759,194056.0961,43.582,31.7078
1.965,7.3432,191.2526,-79.1817,194056.1815,43.7049,31.7258
2.9526,7.2514,193.1902,-78.342,194056.3589,43.5647,31.7902
221.9,8.288,1.2,-82.0,193676.0,41.6,31.07856
224.6,8.288,1.2,-77.0,193676.0,41.6,30.73536
3.1814,7.9079,191.5778,-78.6446,194055.956,43.5235,31.6268
1.8505,7.3035,190.89,-77.9241,194056.0319,43.4797,31.8646
0.5373,7.6624,188.906,-77.9093,194055.9458,43.7884,31.7012
224.7,8.128,-116.0,-62.0,193676.0,43.6,32.91255
224.3,8.288,1.2,-75.0,193676.0,42.6,31.41104
0.4643,7.5309,192.1295,-78.2936,194056.8604,43.6755,31.8387
228.7,8.288,1.2,-80.0,193676.0,44.6,30.52085
1.0083,7.9582,190.4146,-78.0184,194055.2878,43.4718,31.6621
1.8042,7.5484,187.0315,-77.053,194055.6246,43.6995,31.5095
3.2827,7.8047,189.7862,-77.5881,194057.2115,43.6778,31.6386
215.6,8.152,-202.4,-78.0,194056.0,43.6,32.78385
1.6331,7.9276,190.9742,-77.5467,194056.7629,43.5009,31.8048
225.2,8.288,1.2,-74.0,193672.0,42.6,31.92584
219.9,8.288,1.2,-68.0,193672.0,43.6,30.68173
224.2,8.288,1.2,-66.0,193672.0,43.6,32.15107
4.727,7.0608,188.348,-77.3546,194054.6575,43.7187,31.6231
226.7,8.288,1.2,-77.0,193672.0,42.6,31.96874
226.4,8.288,1.2,-68.0,193672.0,43.6,32.35485
1.1379,7.9661,188.3948,-77.1981,194056.533,43.6621,31.7765
226.0,8.288,1.2,-65.0,193676.0,43.6,32.94473
0.844,7.6971,187.0262,-78.018,194054.1736,43.7562,31.6967
4.0685,7.1813,189.0075,-77.9357,194056.4986,43.5948,31.5533
1.7792,7.7973,188.4836,-78.1449,194057.2478,43.5848,31.4459
213.8,8.288,1.2,-78.0,193624.0,43.6,30.5423
4.0867,7.3418,185.7097,-78.3486,194056.4117,43.7367,31.6296
0.389,7.4569,190.0573,-77.9823,194057.1919,43.6634,31.5186
226.1,8.288,1.2,-78.0,193672.0,41.6,30.88551
223.0,8.288,1.2,-81.0,193816.0,44.6,30.57448
223.0,8.288,1.2,-79.0,193672.0,42.6,31.10001
221.6,8.288,1.2,-64.0,193672.0,44.6,32.49427
2.834,7.8416,189.9754,-77.6894,194056.3796,43.5739,31.6857
3.046,7.2036,189.846,-79.2426,194055.5558,43.5171,31.5891
1.9269,7.1203,190.2902,-77.7329,194055.1123,43.522,31.8162
224.3,8.288,1.2,-79.0,193672.0,43.6,32.2047
0.1602,7.1263,191.9583,-77.4715,194058.8379,43.7657,31.7361
224.1,8.288,1.2,-75.0,193676.0,42.6,31.41104
226.3,8.288,1.2,-76.0,193672.0,41.6,30.81043
2.0459,7.1492,189.5496,-77.9276,194054.2466,43.4849,31.8545
222.5,8.136,-113.6,-78.0,193676.0,43.6,32.934
2.6756,7.9187,190.6781,-78.2042,194056.7575,43.5848,31.6558
220.7,8.288,1.2,-82.0,193672.0,42.6,31.11073
223.0,8.288,1.2,-81.0,193672.0,41.6,31.07856
4.1928,7.0672,185.2118,-77.7921,194055.657,43.4652,31.5601
220.3,8.28,1.2,-81.0,193672.0,41.6,30.79971
219.3,8.112,-229.2,-75.0,194056.0,43.6,32.08672
0.5247,7.9491,188.3663,-78.5349,194057.5771,43.6332,31.7639
3.315,7.6571,191.2335,-77.4406,194055.721,43.7489,31.7158
226.6,8.288,1.2,-67.0,193672.0,43.6,32.4192
226.3,8.288,1.2,-82.0,193672.0,42.6,31.30379
0.8154,7.4221,188.4238,-78.0595,194057.7372,43.5794,31.4994
227.6,8.288,1.2,-78.0,193672.0,43.6,32.01164
227.6,8.288,1.2,-85.0,191192.0,43.6,32.07599
3.4829,7.3839,185.9232,-76.9798,194055.7811,43.7286,31.7751
216.8,8.112,-229.2,-77.0,194064.0,43.6,32.17252
0.3982,7.5512,190.2356,-77.9885,194055.8819,43.4972,31.702
2.8275,7.3838,188.6474,-77.917,194056.9021,43.6361,31.6858
222.8,8.288,1.2,-85.0,193676.0,42.6,31.40031
223.0,8.28,1.2,-80.0,193672.0,42.6,31.07856
3.8256,7.6509,193.3342,-78.2083,194057.3161,43.4487,31.7286
225.1,8.288,1.2,-78.0,193676.0,42.6,31.38959
221.1,8.288,1.2,-84.0,193672.0,41.6,31.11073
226.0,8.288,1.2,-89.0,193676.0,42.6,31.35741
222.1,8.288,1.2,-90.0,193676.0,42.6,31.35741
0.1179,7.3653,184.9136,-77.5814,194056.0153,43.7849,31.782
1.3035,7.4516,191.4766,-78.0331,194056.6596,43.713,31.8192
3.3543,7.7151,192.3358,-78.112,194058.4677,43.5875,31.722
225.0,8.288,1.2,-76.0,193676.0,42.6,31.71134
228.3,8.152,-96.8,-67.0,193676.0,43.6,33.0627
2.3561,7.6141,193.18,-77.5992,194055.453,43.5264,31.9034
0.1031,7.7454,189.0388,-77.8705,194054.5148,43.5527,31.736
1.1325,7.3866,188.3727,-78.5591,194056.9135,43.6365,31.7275
3.909,7.7218,190.7365,-77.6259,194055.4498,43.7014,31.6961
4.3954,7.3842,191.5129,-77.8151,194055.7686,43.524,31.6938
219.1,8.288,1.2,-81.0,193676.0,41.6,30.88551
1.6239,7.6298,190.7426,-78.2224,194055.99,43.6263,31.55
4.182,7.1937,191.0131,-78.208,194057.8911,43.4556,31.6277
227.4,8.288,1.2,-76.0,193676.0,42.6,31.67916
3.9383,7.2961,192.6577,-77.3394,194055.706,43.6143,31.7016
3.1213,7.7122,188.9634,-78.3419,194057.0416,43.6099,31.6467
1.4227,7.6429,192.3281,-78.0272,194056.4539,43.7039,31.7807
3.3681,7.9234,190.2852,-77.4036,194055.9836,43.5611,31.6262
3.4717,7.7897,192.3726,-78.735,194055.5299,43.6125,31.6984
1.3837,7.0081,189.0852,-77.9375,194057.3618,43.6782,31.5901
228.4,8.136,-113.2,-67.0,193676.0,44.6,33.09488
208.7,8.28,1.2,-74.0,193676.0,41.6,30.64956
3.4816,7.8435,187.3732,-77.7787,194057.2274,43.496,31.8466
1.773,7.5176,191.8363,-76.9044,194056.052,43.6493,31.972
227.1,8.288,1.2,-75.0,193676.0,42.6,31.61481
3.5925,7.8995,193.4558,-77.5876,194056.3789,43.6602,31.8906
229.2,8.288,1.2,-72.0,193676.0,43.6,32.36557
4.3415,7.2942,192.4545,-78.4718,194056.8095,43.7234,31.6213
225.9,8.288,1.2,-66.0,193672.0,43.6,32.17252
225.9,8.288,1.2,-77.0,193676.0,42.6,31.43249
224.8,8.296,1.2,-64.0,193672.0,43.6,32.42992
219.4,8.288,1.2,-74.0,193672.0,41.6,30.83188
224.1,8.288,1.2,-77.0,193676.0,41.6,30.94986
224.8,8.288,1.2,-66.0,193672.0,43.6,32.22615
0.8816,7.9638,186.7476,-76.9913,194055.8593,43.6823,31.8187
2.0276,7.0956,190.1298,-77.393,194056.7576,43.6624,31.6086
0.7857,7.2547,190.0552,-77.4061,194055.0435,43.5805,31.7178
225.4,8.288,1.2,-80.0,193676.0,41.6,31.17509
226.5,8.288,1.2,-76.0,193676.0,42.6,31.78642
1.4183,7.3328,188.7515,-77.6257,194054.0063,43.5454,31.7714
224.6,8.144,-109.6,-73.0,193676.0,44.6,32.95545
2.0591,7.4649,190.1198,-78.0647,194056.5931,43.5173,31.7869
216.1,8.136,-185.6,-80.0,194056.0,43.6,32.8053
224.0,8.288,1.2,-76.0,193672.0,43.6,32.01164
227.4,8.288,1.2,-73.0,193672.0,43.6,32.03309
2.4567,7.8357,190.6488,-78.4932,194056.5618,43.6415,31.7984
4.9095,7.4543,191.6661,-77.3777,194058.243,43.5962,31.9193
2.1555,7.2091,187.8214,-77.8688,194055.5887,43.6089,31.7289
1.8176,7.6163,192.133,-78.4253,194057.6703,43.7671,31.6355
3.5216,7.6184,187.7343,-78.891,194054.9946,43.6666,31.6039
4.3353,7.2162,189.0569,-79.2854,194056.1978,43.7435,31.7225
218.4,8.12,-135.2,-68.0,193692.0,43.6,32.82675
0.1279,7.9566,191.6654,-78.3091,194056.2112,43.3835,31.6262
4.1152,7.0186,187.5503,-77.615,194056.9362,43.6521,31.5259
2.3115,7.3867,190.5931,-77.9557,194056.9755,43.642,31.4769
222.6,8.12,-142.4,-62.0,193692.0,43.6,32.77312
3.3708,7.2414,187.667,-78.2956,194056.5919,43.6942,31.6893
226.2,8.28,1.2,-79.0,193624.0,42.6,31.15364
226.5,8.296,1.2,-85.0,193676.0,45.6,30.58521
225.1,8.288,1.2,-65.0,192100.0,43.6,32.18324
221.1,8.288,1.2,-72.0,193676.0,41.6,30.86406
2.8008,7.4434,191.1988,-77.2233,194056.3783,43.716,31.5796
225.4,8.288,1.2,-84.0,193676.0,42.6,31.37886
1.0607,7.404,196.126,-78.8882,194057.0565,43.5466,31.8201
4.5986,7.9313,191.6461,-78.2935,194054.4419,43.7761,31.7568
223.8,8.288,1.2,-75.0,193672.0,42.6,31.95802
1.3864,7.8011,192.3686,-77.5673,194055.3055,43.588,31.5779
1.8612,7.7429,190.9666,-78.5589,194055.8094,43.6407,31.6978
220.1,8.168,-231.2,-71.0,194056.0,44.6,32.75167
224.2,8.288,1.2,-79.0,193676.0,44.6,30.53158
4.6833,7.1668,195.5751,-78.4374,194056.4642,43.5592,31.8467
223.9,8.288,1.2,-63.0,193672.0,43.6,32.62297
0.2358,7.9226,188.9913,-78.7299,194057.2534,43.5715,31.7686
229.7,8.288,1.2,-65.0,193676.0,43.6,33.0627
1.2357,7.7297,191.5636,-77.7441,194054.6894,43.67,31.8409
2.746,7.6969,189.081,-78.2081,194056.819,43.5147,31.7406
223.3,8.288,1.2,-67.0,193672.0,43.6,32.81602
2.0055,7.7933,193.3539,-78.6444,194056.1582,43.5762,31.7401
217.1,8.288,1.2,-80.0,193672.0,41.6,30.82116
219.2,8.112,-151.6,-65.0,194056.0,43.6,32.77312
217.1,8.288,1.2,-78.0,193676.0,42.6,30.69246
3.4914,7.4407,188.9369,-77.1928,194056.3106,43.5715,31.8152
224.4,8.288,1.2,-75.0,193672.0,43.6,32.04382
222.3,8.288,1.2,-90.0,193676.0,42.6,31.36814
224.9,8.288,1.2,-81.0,191192.0,42.6,31.40031
4.0525,7.7222,191.7216,-78.274,194056.1004,43.6557,31.585
215.3,8.168,-228.4,-72.0,194056.0,43.6,32.77312
218.5,8.288,1.2,-74.0,193676.0,41.6,30.87478
229.1,8.288,1.2,-86.0,193816.0,44.6,30.53158
3.2391,7.0691,191.9196,-77.9635,194054.923,43.4671,31.6668
225.0,8.288,1.2,-73.0,193672.0,42.6,32.32267
4.8105,7.3762,189.7592,-78.3398,194056.134,43.5307,31.6043
1.8209,7.2641,188.1477,-77.7026,194055.671,43.8019,31.7581
227.3,8.288,1.2,-78.0,193672.0,42.6,31.99019
2.8549,7.5373,190.4686,-77.5057,194054.4864,43.6063,31.7893
1.058,7.5759,190.3314,-78.2902,194057.8082,43.6169,31.7976
214.0,8.288,1.2,-79.0,193676.0,44.6,30.5423
224.3,8.12,-116.0,-74.0,193676.0,43.6,32.79457
4.2685,7.1564,192.7996,-77.4226,194055.4596,43.7169,31.7685
227.1,8.288,1.2,-75.0,193672.0,43.6,32.3334
229.0,8.152,-98.4,-69.0,193676.0,43.6,33.03053
1.228,7.5875,192.3863,-77.4312,194055.9422,43.7665,31.707
222.6,8.288,1.2,-83.0,193676.0,43.6,31.65771
223.7,8.288,1.2,-80.0,193672.0,42.6,31.53974
3.0576,7.3331,191.7855,-78.6116,194055.5271,43.6168,31.6816
0.7163,7.5986,190.9851,-78.0438,194056.755,43.6843,31.7744
222.5,8.288,1.2,-78.0,193672.0,41.6,30.83188
1.1117,7.1853,191.113,-79.0351,194056.4697,43.6339,31.6053
2.2055,7.3663,190.5128,-78.6516,194056.6529,43.6201,31.8261
223.7,8.288,1.2,-85.0,193672.0,41.6,30.82116
1.4739,7.0764,190.7295,-77.6576,194055.7601,43.6763,31.5867
222.8,8.288,1.2,-65.0,193672.0,43.6,32.55862
2.5644,7.0077,187.884,-78.5929,194056.287,43.3594,31.7058
0.1499,7.074,192.4772,-78.442,194056.4394,43.4938,31.8916
215.8,8.28,1.2,-75.0,193676.0,41.6,30.67101
2.8424,7.5362,187.8801,-77.7311,194056.8128,43.5805,31.647
222.2,8.28,1.2,-78.0,193676.0,41.6,30.90696
2.3154,7.3807,190.4388,-78.6574,194056.8691,43.6014,31.7506
3.4661,7.3844,186.7201,-78.2125,194054.2018,43.5822,31.6694
227.2,8.288,1.2,-74.0,193672.0,42.6,32.2476
4.1122,7.6832,188.1255,-78.3164,194055.9719,43.5301,31.7059
2.2216,7.1936,187.0923,-78.0067,194053.8242,43.6,31.6689
2.838,7.914,188.1028,-77.8288,194056.9098,43.5011,31.5101
220.0,8.288,1.2,-79.0,193684.0,44.6,30.58521
222.5,8.288,1.2,-78.0,193676.0,41.6,30.91768
221.8,8.12,-151.2,-64.0,194056.0,44.6,32.81602
224.6,8.136,-115.6,-77.0,193676.0,43.6,32.88037
2.7278,7.8135,192.8364,-77.8025,194056.4308,43.4929,31.6435
218.7,8.288,1.2,-83.0,193672.0,42.6,30.86406
217.5,8.288,1.2,-84.0,193676.0,41.6,30.81043
219.7,8.168,-231.6,-72.0,194008.0,43.6,32.75167
3.2793,7.0817,191.502,-77.8084,194057.3819,43.6328,31.6466
3.2304,7.6566,190.1991,-77.49,194054.949,43.6023,31.6905
3.2244,7.1484,192.0275,-78.4881,194056.3726,43.6353,31.9562
226.7,8.288,1.2,-76.0,193672.0,42.6,31.36814
224.8,8.288,1.2,-85.0,193620.0,42.6,31.38959
219.0,8.288,1.2,-82.0,193672.0,41.6,30.85333
0.6914,7.5496,192.1236,-78.1515,194054.8643,43.6074,31.6741
1.8875,7.933,184.4704,-78.0867,194055.229,43.6507,31.7324
228.2,8.16,-96.8,-67.0,193676.0,43.6,33.0627
221.6,8.288,1.2,-82.0,193676.0,42.6,31.58264
3.7974,7.8954,189.5336,-77.8301,194056.928,43.4861,31.7355
0.1008,7.3846,190.198,-77.7936,194055.8059,43.7469,31.4382
216.1,8.296,1.2,-79.0,193684.0,44.6,30.55303
220.7,8.288,1.2,-74.0,193676.0,41.6,30.90696
216.7,8.288,1.2,-81.0,193628.0,45.6,30.69246
1.0882,7.3726,192.7182,-77.7122,194054.398,43.4042,31.6897
0.9742,7.5448,188.7691,-78.0232,194056.1046,43.5239,31.5887
3.6261,7.0594,189.9497,-77.328,194055.6179,43.5563,31.7825
229.4,8.288,1.2,-76.0,193676.0,42.6,32.03309
4.2576,7.8941,189.974,-78.3545,194055.6616,43.4354,31.6114
4.0146,7.8401,192.3136,-78.9836,194055.8835,43.4693,31.6309
0.3342,7.3066,185.8771,-78.0798,194053.962,43.5721,31.7327
225.2,8.28,1.2,-85.0,193672.0,42.6,31.35741
227.5,8.288,1.2,-71.0,193672.0,43.6,32.12962
221.3,8.288,1.2,-76.0,193672.0,42.6,31.15364
227.8,8.288,1.2,-73.0,193672.0,42.6,32.30122
223.8,8.288,1.2,-80.0,193672.0,42.6,31.55046
1.2027,7.3719,184.4871,-77.3382,194055.8658,43.5573,31.5564
225.7,8.288,1.2,-79.0,193676.0,41.6,31.13218
1.4561,7.7514,189.0097,-77.3675,194055.8611,43.705,31.7872
3.3472,7.1478,190.2708,-77.7978,194057.8239,43.519,31.6775
1.5947,7.0333,189.9974,-77.83,194056.4771,43.6755,31.4889
228.5,8.296,1.2,-74.0,192100.0,43.6,32.25832
224.4,8.288,1.2,-79.0,193672.0,43.6,32.2047
4.2838,7.8977,189.1842,-78.1711,194057.2727,43.6102,31.7096
216.6,8.136,-187.2,-72.0,194056.0,43.6,32.7624
1.5641,7.3293,193.3849,-78.4651,194056.2623,43.6131,31.6707
225.8,8.288,1.2,-68.0,193672.0,43.6,32.38702
224.4,8.288,1.2,-81.0,193672.0,42.6,31.47539
1.6824,7.2994,192.3798,-78.4906,194055.1245,43.6588,31.6634
216.0,8.288,1.2,-84.0,193676.0,41.6,30.84261
1.1284,7.4663,189.5707,-78.043,194055.1846,43.5415,31.6531
225.0,8.288,1.2,-82.0,193672.0,42.6,31.37886
225.7,8.288,1.2,-67.0,193672.0,42.6,32.11889
226.1,8.28,1.2,-78.0,193672.0,43.6,31.99019
0.3178,7.8717,189.7198,-77.9041,194057.0762,43.6057,31.6109
228.0,8.144,-103.2,-71.0,193676.0,43.6,32.90182
4.6143,7.7074,192.9749,-79.2823,194058.4705,43.7507,31.6846
3.1356,7.7411,186.6264,-77.9829,194055.457,43.7057,31.7964
227.1,8.288,1.2,-72.0,193628.0,42.6,32.12962
1.8525,7.2878,190.111,-77.4784,194056.5874,43.569,31.9019
225.2,8.288,1.2,-71.0,193672.0,43.6,32.11889
3.0756,7.772,189.473,-77.8476,194055.3463,43.7327,31.8692
3.5173,7.0848,191.6756,-78.5902,194055.4762,43.595,31.7256
1.3146,7.3445,191.7162,-78.1894,194056.7627,43.5331,31.7475
220.0,8.288,1.2,-79.0,193684.0,44.6,30.57448
4.767,7.5686,190.2421,-78.1441,194056.6113,43.5783,31.6197
4.3481,7.1266,192.0812,-78.1069,194055.5004,43.6594,31.7601
225.3,8.288,1.2,-65.0,193672.0,43.6,32.14034
4.6086,7.1825,191.606,-78.4538,194054.4815,43.6232,31.7184
226.8,8.296,1.2,-71.0,192100.0,43.6,32.11889
220.0,8.288,1.2,-78.0,193676.0,44.6,30.55303
2.4269,7.7378,191.6543,-78.1064,194054.8847,43.6446,31.4486
1.6437,7.7305,191.8517,-78.1188,194056.6374,43.6006,31.6548
226.3,8.288,1.2,-79.0,193672.0,41.6,30.87478
213.6,8.288,1.2,-78.0,193628.0,46.6,30.73536
0.0936,7.1226,190.4431,-77.8109,194054.0266,43.6013,31.6435
217.0,8.288,1.2,-79.0,193672.0,43.6,30.69246
224.2,8.288,1.2,-85.0,193628.0,45.6,30.56376
0.3793,7.6101,194.364,-78.7092,194055.691,43.795,31.6979
2.6465,7.9208,190.8347,-78.0887,194055.8678,43.6306,31.5994
2.7221,7.2327,193.4254,-77.5006,194055.3107,43.6923,31.5904
227.7,8.136,-86.8,-70.0,193684.0,45.6,32.90182
228.1,8.288,1.2,-81.0,193672.0,43.6,32.08672
4.4176,7.8728,189.5178,-77.5289,194057.73,43.6243,31.7098
226.8,8.288,1.2,-76.0,193672.0,42.6,31.37886
3.3028,7.4695,188.4766,-78.8135,194055.1452,43.4549,31.879
2.0267,7.9755,189.7138,-78.0221,194056.3693,43.656,31.8755
0.0913,7.5991,192.7423,-77.9826,194056.856,43.4834,31.7418
4.5326,7.7418,191.972,-78.3622,194055.5374,43.5364,31.8513
1.9941,7.7457,191.3967,-77.7596,194054.9448,43.7613,31.7438
0.1039,7.8788,186.3524,-78.0602,194055.6161,43.7004,31.7294
1.2854,7.1342,191.3245,-78.1058,194056.9797,43.6231,31.8264
225.5,8.288,1.2,-65.0,193672.0,43.6,32.15107
0.7598,7.1474,190.5448,-77.6167,194057.4954,43.7662,31.8244
4.8106,7.5684,189.1293,-77.6286,194053.7388,43.7188,31.9138
227.8,8.288,1.2,-81.0,193672.0,42.6,31.90439
3.8582,7.7169,191.7885,-78.599,194055.8182,43.6333,31.7053
216.4,8.104,-238.8,-78.0,194056.0,43.6,31.75424
211.5,8.288,1.2,-82.0,192104.0,42.6,30.70318
0.249,7.2875,189.2062,-78.099,194055.8077,43.7201,31.8617
220.7,8.168,-231.6,-73.0,194056.0,43.6,32.77312
4.9403,7.2772,189.5965,-77.2456,194055.3217,43.8099,31.7131
225.8,8.288,1.2,-69.0,193672.0,43.6,32.38702
3.8069,7.5989,189.7158,-77.7974,194055.0759,43.6799,31.7509
217.4,8.104,-231.2,-83.0,194056.0,43.6,31.97947
3.0474,7.0373,189.9624,-77.7341,194056.419,43.4824,31.642
1.3341,7.9377,188.2053,-77.1884,194054.8072,43.639,31.6601
0.3648,7.3157,189.6859,-78.4083,194055.7577,43.5008,31.7056
221.1,8.288,1.2,-81.0,193672.0,42.6,31.56119
224.4,8.288,1.2,-75.0,193672.0,42.6,32.3334
222.5,8.12,-150.0,-64.0,193692.0,43.6,32.7624
219.1,8.288,1.2,-76.0,193676.0,42.6,31.47539
0.7093,7.1537,189.855,-78.9333,194055.5467,43.693,31.5874
1.0204,7.5901,190.0699,-78.4875,194054.9712,43.5847,31.7709
226.1,8.288,1.2,-72.0,192104.0,43.6,31.84004
4.9747,7.7885,189.437,-78.0115,194054.9208,43.5405,31.6151
222.0,8.296,1.2,-65.0,192092.0,43.6,32.88037
220.5,8.288,1.2,-78.0,193672.0,41.6,30.83188
2.3122,7.1744,189.3228,-78.1546,194055.5416,43.6717,31.6075
225.4,8.288,1.2,-78.0,193672.0,42.6,31.99019
3.9917,7.6593,189.6561,-78.4952,194056.3209,43.6293,31.635
0.1175,7.3709,186.7874,-77.5286,194056.1517,43.5582,31.6126
1.3493,7.7456,193.7441,-78.8731,194056.2063,43.4929,31.69
4.168,7.8291,188.9616,-76.4133,194055.961,43.3476,31.6863
3.8322,7.5592,189.746,-78.7746,194056.2669,43.6142,31.6902
221.5,8.144,-107.2,-80.0,193676.0,44.6,32.92327
1.4621,7.6192,192.4235,-77.9764,194056.151,43.6809,31.5806
220.2,8.288,1.2,-82.0,191148.0,42.6,30.87478
2.1203,7.1501,192.7016,-77.3843,194055.9338,43.7464,31.849
3.1713,7.1824,194.2394,-79.0291,194058.4905,43.6961,31.7467
224.3,8.288,1.2,-68.0,193676.0,44.6,33.11633
229.3,8.288,1.2,-72.0,193676.0,43.6,32.35485
222.6,8.288,1.2,-89.0,193676.0,42.6,31.34669
4.9007,7.4907,186.0051,-77.4345,194055.7272,43.5744,31.7828
221.8,8.288,1.2,-85.0,193676.0,42.6,31.36814
224.8,8.128,-116.0,-67.0,193676.0,43.6,32.88037
225.6,8.288,1.2,-79.0,193676.0,42.6,31.14291
3.4959,7.308,190.2762,-77.9983,194055.7879,43.6883,31.7834
223.3,8.288,1.2,-68.0,193672.0,43.6,32.62297
216.0,8.136,-232.0,-81.0,194056.0,43.6,32.49427
4.6596,7.3397,190.1852,-77.6225,194056.1067,43.4794,31.6528
2.7068,7.8459,188.9329,-78.002,194056.9707,43.5618,31.7136
0.6505,7.8718,189.4313,-78.4791,194058.3487,43.6181,31.7908
0.522,7.8131,190.1301,-79.0094,194055.5555,43.4412,31.7958
220.8,8.28,1.2,-74.0,193624.0,41.6,30.88551
3.5882,7.7299,191.5367,-78.0579,194057.9784,43.5738,31.9019
0.8279,7.3027,190.8874,-77.9352,194055.6115,43.6251,31.7921
219.5,8.288,1.2,-74.0,193676.0,41.6,30.90696
3.0055,7.5352,190.0656,-77.6159,194055.5269,43.7396,31.7411
223.8,8.288,1.2,-78.0,193672.0,43.6,32.21542
0.0419,7.172,186.8893,-78.0997,194055.6368,43.5398,31.6301
225.2,8.288,1.2,-75.0,193676.0,41.6,30.85333
0.6769,7.8182,190.4133,-78.0322,194054.1742,43.5942,31.5563
224.4,8.288,1.2,-74.0,193676.0,42.6,31.44321
4.0731,7.105,189.6359,-77.7067,194057.1243,43.6329,31.7617
225.0,8.288,1.2,-75.0,193624.0,42.6,32.32267
224.5,8.288,1.2,-76.0,191144.0,42.6,31.55046
2.6562,7.2875,188.5709,-77.6818,194055.119,43.5536,31.84
0.2062,7.6131,192.4952,-77.8578,194054.9781,43.6175,31.7967
0.7503,7.2903,189.9003,-77.7177,194056.1148,43.4764,31.6883
3.1302,7.4175,189.237,-78.5431,194053.7101,43.5964,31.6557
2.8735,7.171,193.1632,-78.1073,194056.1906,43.6412,31.5279
1.7594,7.4984,187.9514,-78.8991,194056.8178,43.6323,31.7403
4.3202,7.1493,188.9044,-77.7543,194056.1946,43.575,31.7949
227.8,8.296,1.2,-64.0,193672.0,43.6,32.45137
1.4397,7.7798,190.7203,-77.1755,194055.1935,43.5107,31.6507
225.6,8.288,1.2,-68.0,193672.0,43.6,32.15107
227.6,8.288,1.2,-75.0,193672.0,43.6,32.26905
218.4,8.136,-181.6,-76.0,194056.0,43.6,32.75167
225.5,8.288,1.2,-77.0,193672.0,42.6,31.40031
223.9,8.288,1.2,-66.0,193672.0,42.6,32.10817
226.0,8.288,1.2,-75.0,193676.0,42.6,31.48611
0.0811,7.9787,187.243,-78.4627,194056.4289,43.65,31.4772
3.6987,7.4552,189.9198,-78.5069,194056.807,43.4175,31.8457
224.9,8.12,-124.0,-64.0,193684.0,43.6,32.8911
228.3,8.288,1.2,-71.0,193672.0,43.6,32.2905
223.5,8.288,1.2,-76.0,191196.0,44.6,30.55303
226.0,8.288,1.2,-73.0,193676.0,42.6,31.60409
220.5,8.128,-155.6,-81.0,193684.0,44.6,32.77312
2.9726,7.842,188.1345,-77.9571,194055.5529,43.5412,31.5613
219.6,8.296,1.2,-76.0,191144.0,43.6,31.50756
224.4,8.288,1.2,-80.0,193676.0,42.6,31.12146
3.3278,7.8093,191.3932,-77.6372,194057.5738,43.4742,31.6004
227.4,8.28,1.2,-74.0,193672.0,42.6,32.11889
225.2,8.288,1.2,-65.0,193672.0,43.6,32.14034
225.4,8.288,1.2,-73.0,193672.0,42.6,30.92841
227.1,8.288,1.2,-86.0,193672.0,41.6,30.78898
223.9,8.288,1.2,-73.0,193676.0,41.6,30.91768
0.688,7.8849,188.0114,-77.8136,194055.5159,43.7134,31.643
221.3,8.296,1.2,-92.0,193672.0,45.6,30.62811
215.0,8.28,1.2,-74.0,193676.0,41.6,30.64956
2.7375,7.1729,192.734,-78.0134,194056.819,43.4416,31.7726
4.6421,7.3553,191.0292,-78.7955,194054.9733,43.5123,31.5802
2.4504,7.2724,189.5094,-78.5882,194057.6876,43.583,31.7636
4.727,7.2719,192.1131,-78.2935,194055.6067,43.6359,31.5551
4.1406,7.3571,186.768,-78.3396,194057.5025,43.6487,31.8064
4.3527,7.5925,191.8454,-78.4821,194056.4706,43.5352,31.5552
227.4,8.288,1.2,-71.0,193672.0,43.6,32.15107
227.4,8.288,1.2,-79.0,193676.0,41.6,30.92841
4.9393,7.8232,188.6691,-77.3507,194054.4794,43.5961,31.8274
4.7307,7.8813,191.2567,-78.1207,194055.1368,43.7708,31.5282
213.5,8.296,1.2,-80.0,193676.0,45.6,30.69246
2.9053,7.4364,189.3469,-77.5038,194054.8198,43.4821,31.7891
0.7611,7.2993,187.9475,-78.0921,194056.1961,43.5308,31.6321
215.8,8.288,1.2,-85.0,193672.0,44.6,30.71391
216.2,8.12,-231.2,-79.0,194056.0,43.6,32.3334
1.6435,7.095,190.9677,-78.3437,194054.8584,43.5235,31.6793
228.8,8.16,-96.8,-68.0,193676.0,43.6,33.04125
227.0,8.28,1.2,-71.0,193672.0,43.6,32.17252
2.033,7.4973,192.2861,-77.5138,194054.8637,43.4795,31.7902
222.0,8.144,-106.4,-72.0,193676.0,43.6,32.95545
224.7,8.288,1.2,-78.0,193676.0,41.6,30.98203
4.5196,7.0745,187.7581,-78.563,194057.2949,43.6537,31.7785
214.0,8.288,1.2,-80.0,193676.0,45.6,30.66028
220.2,8.288,1.2,-76.0,193676.0,41.6,30.89623
0.3095,7.444,188.1134,-77.6901,194055.6311,43.5632,31.8194
3.1583,7.0345,188.4148,-77.4618,194055.1058,43.5321,31.548
0.7737,7.1989,190.0815,-78.7879,194056.4207,43.5323,31.6517
1.7182,7.1415,189.877,-78.2639,194056.4945,43.6972,31.8052
219.9,8.112,-230.0,-87.0,194064.0,43.6,32.16179
226.0,8.288,1.2,-80.0,193676.0,42.6,31.07856
226.2,8.288,1.2,-73.0,193672.0,43.6,32.12962
224.7,8.288,1.2,-73.0,193672.0,43.6,32.2905
1.9578,7.5172,185.2418,-77.4328,194055.9181,43.6669,31.6665
2.6832,7.5995,190.6908,-77.3886,194056.5305,43.3892,31.609
223.7,8.288,1.2,-75.0,193672.0,43.6,32.05454
1.2655,7.2652,189.2121,-78.0063,194056.7346,43.6046,31.5835
0.1859,7.7409,188.2934,-79.1417,194056.2389,43.7449,31.765
227.9,8.288,1.2,-80.0,193676.0,42.6,31.90439
0.1275,7.0646,189.5852,-77.7366,194053.3089,43.5741,31.7177
225.4,8.288,1.2,-77.0,193672.0,43.6,31.99019
222.3,8.288,1.2,-80.0,193624.0,43.6,31.08928
4.1037,7.5829,191.7974,-78.2181,194056.1947,43.6144,31.7319
0.3516,7.0272,188.1709,-78.4775,194055.7957,43.5513,31.5385
0.8277,7.1297,191.4972,-77.7652,194055.7698,43.5653,31.7117
2.1148,7.7339,190.0835,-77.6325,194055.6033,43.4627,31.804
220.9,8.288,1.2,-76.0,193628.0,46.6,30.53158
1.6426,7.6457,191.2117,-77.9504,194054.0297,43.5103,31.6641
1.1377,7.1724,189.1258,-77.6951,194055.1764,43.5155,31.865
4.5061,7.5049,189.7132,-78.4354,194056.246,43.6145,31.7564
225.4,8.288,1.2,-81.0,193672.0,42.6,31.37886
1.1452,7.4359,191.7247,-77.7585,194055.6946,43.7658,31.4867
0.6721,7.4286,189.4649,-78.1677,194056.3083,43.7408,31.6079
0.399,7.0149,188.9391,-78.1873,194056.7124,43.6414,31.5881
3.8294,7.5619,187.2987,-78.5599,194054.725,43.7711,31.7612
225.0,8.288,1.2,-69.0,193684.0,44.6,33.09488
221.1,8.28,1.2,-67.0,193676.0,43.6,32.88037
223.1,8.144,-109.6,-73.0,193676.0,43.6,32.94473
4.8972,7.9503,188.9737,-77.7252,194056.633,43.6535,31.6785
2.5305,7.1026,188.2297,-78.7772,194056.1801,43.5256,31.6066
0.3709,7.7688,187.8789,-77.3771,194055.5657,43.5538,31.7861
3.8557,7.493,192.3961,-77.1492,194056.1474,43.5307,31.5919
3.3067,7.4977,192.8493,-77.1549,194054.0724,43.6176,31.6703
4.2906,7.559,186.9496,-77.3677,194054.2083,43.7337,31.6902
216.8,8.288,1.2,-79.0,193672.0,43.6,30.69246
2.9828,7.1206,190.3484,-78.0431,194057.2739,43.4718,31.745
224.8,8.288,1.2,-74.0,193672.0,42.6,32.04382
221.8,8.288,1.2,-79.0,193676.0,44.6,30.57448
4.5074,7.7781,189.0642,-78.119,194055.8419,43.5338,31.7877
2.8371,7.9555,188.4722,-77.669,194056.1292,43.6557,31.582
0.9896,7.2181,191.0999,-77.4297,194057.0283,43.7342,31.7213
1.6241,7.399,190.8458,-78.6919,194055.1798,43.3034,31.7209
0.9193,7.1315,189.5361,-78.0789,194055.5639,43.5043,31.7834
4.5953,7.0729,188.1563,-77.6865,194056.1921,43.5319,31.8913
219.3,8.288,1.2,-78.0,193672.0,41.6,30.83188
2.536,7.3045,190.1188,-77.9823,194056.9001,43.4236,31.5997
1.1472,7.0774,188.2133,-78.295,194055.827,43.7344,31.566
0.3438,7.4259,191.9801,-77.2725,194056.1117,43.5307,31.6851
223.4,8.288,1.2,-78.0,193676.0,43.6,30.5423
219.4,8.296,1.2,-76.0,192104.0,42.6,31.48611
2.6837,7.2739,187.4012,-78.0726,194054.7394,43.5919,31.8532
4.2641,7.2324,189.3525,-78.1515,194055.9993,43.6509,31.743
1.356,7.7167,193.3322,-77.8333,194056.0443,43.5255,31.644
4.9427,7.8184,187.9736,-78.0505,194054.938,43.5161,31.6513
1.9517,7.6612,185.2282,-77.633,194055.892,43.6503,31.5468
4.0613,7.6385,189.9892,-78.3167,194053.9768,43.5528,31.6552
2.5762,7.8162,191.2206,-77.3119,194055.9273,43.3915,31.6118
222.9,8.288,1.2,-72.0,193676.0,41.6,30.96058
220.7,8.296,1.2,-65.0,193676.0,43.6,32.91255
3.068,7.9864,189.6957,-77.3833,194055.1146,43.5862,31.7378
225.2,8.288,1.2,-73.0,193672.0,43.6,32.17252
225.5,8.288,1.2,-88.0,193672.0,42.6,31.41104
0.471,7.6823,194.2941,-78.5231,194055.8387,43.5122,31.6099
1.0521,7.6457,190.7076,-78.4092,194056.6257,43.5708,31.7083
4.6933,7.3941,188.9902,-77.9171,194055.3939,43.5329,31.7001
224.4,8.288,1.2,-74.0,193672.0,43.6,32.31195
4.8149,7.3714,190.8022,-78.0963,194055.2177,43.4328,31.8129
2.6547,7.7879,188.486,-77.6807,194056.4892,43.5787,31.8983
225.8,8.288,1.2,-83.0,193672.0,42.6,31.56119
222.6,8.12,-143.2,-63.0,191204.0,44.6,32.77312
230.0,8.288,1.2,-74.0,193676.0,42.6,31.96874
218.8,8.288,1.2,-77.0,193672.0,41.6,30.82116
3.1276,7.4384,192.1551,-77.7381,194054.6039,43.5872,31.6624
2.3397,7.6974,187.3371,-77.913,194056.858,43.5638,31.614
1.0533,7.0665,192.6658,-77.6905,194054.6776,43.5485,31.8039
223.9,8.288,1.2,-86.0,193672.0,41.6,31.05711
3.3786,7.7196,190.1497,-79.0095,194055.2143,43.6826,31.612
222.4,8.296,1.2,-82.0,193676.0,42.6,30.94986
0.8362,7.3796,191.3307,-77.9629,194058.2211,43.4448,31.7696
226.8,8.288,1.2,-67.0,193672.0,43.6,32.34412
222.8,8.288,1.2,-72.0,193676.0,41.6,30.88551
3.0727,7.2002,192.6253,-77.333,194056.2144,43.7298,31.7792
1.0977,7.5437,190.1086,-78.1562,194056.7999,43.6318,31.6551
223.2,8.288,1.2,-67.0,193676.0,43.6,33.09488
0.1627,7.5088,192.4589,-77.8552,194055.2405,43.752,31.7824
3.8092,7.3153,189.9596,-78.1108,194056.9596,43.4847,31.65
1.1688,7.4771,191.9209,-78.2705,194057.8808,43.5117,31.8405
225.7,8.128,-105.6,-75.0,192092.0,43.6,32.934
1.3666,7.8223,190.6575,-77.6238,194056.9181,43.5798,31.7166
3.7969,7.2825,187.2933,-77.8319,194054.1489,43.5406,31.7173
2.6631,7.7007,189.9961,-78.6309,194056.6568,43.527,31.8562
224.7,8.288,1.2,-74.0,193672.0,43.6,32.38702
2.2789,7.1891,192.3415,-78.0659,194055.0872,43.5725,31.7557
221.3,8.288,1.2,-74.0,193676.0,41.6,30.90696
2.7041,7.0978,187.4192,-77.4509,194055.6512,43.6209,31.671
3.4281,7.6194,189.1672,-78.6209,194057.579,43.7233,31.8644
219.7,8.288,1.2,-81.0,193676.0,42.6,31.66844
221.6,8.28,1.2,-64.0,193676.0,43.6,32.88037
4.6083,7.9321,195.0339,-77.6561,194055.9959,43.5917,31.6426
4.2525,7.1778,190.3718,-77.2165,194054.3468,43.5855,31.5951
1.5928,7.3571,192.6497,-78.3206,194056.399,43.7147,31.6236
4.8717,7.3607,192.5365,-78.1321,194055.3258,43.4713,31.6986
4.2959,7.7519,194.4671,-78.4172,194055.7401,43.7135,31.6449
217.0,8.104,-235.6,-81.0,194056.0,44.6,31.80787
225.1,8.144,-102.4,-72.0,193676.0,44.6,32.934
225.4,8.288,1.2,-66.0,191192.0,43.6,32.26905
223.3,8.136,-110.8,-81.0,193676.0,43.6,32.934
229.6,8.288,1.2,-65.0,193676.0,44.6,33.04125
221.0,8.288,1.2,-76.0,193676.0,43.6,30.70318
225.0,8.288,1.2,-86.0,193672.0,42.6,31.33596
3.4272,7.0265,188.6731,-78.4208,194056.6733,43.3988,31.7471
1.8132,7.7915,190.4156,-78.643,194054.4468,43.6428,31.7138
229.6,8.288,1.2,-71.0,193672.0,43.6,32.3334
228.4,8.288,1.2,-74.0,193672.0,43.6,32.23687
217.5,8.288,1.2,-79.0,193676.0,41.6,30.73536
3.8681,7.935,195.4019,-78.3179,194056.2593,43.6398,31.63
2.2707,7.8983,189.168,-78.0533,194056.1104,43.6793,31.6671
3.0017,7.5981,190.7072,-77.8225,194056.1182,43.5278,31.7478
224.8,8.288,1.2,-91.0,193676.0,41.6,30.73536
219.4,8.288,1.2,-74.0,193676.0,42.6,31.47539
217.9,8.288,1.2,-82.0,193628.0,44.6,30.69246
225.9,8.288,1.2,-74.0,193676.0,42.6,31.44321
2.9022,7.323,189.9809,-78.1747,194054.9095,43.7235,31.7346
3.4397,7.5831,186.7071,-78.3534,194055.6686,43.6065,31.6261
226.4,8.288,1.2,-68.0,193672.0,43.6,32.35485
3.3943,7.5473,189.5134,-77.5218,194057.9033,43.7007,31.546
228.0,8.288,1.2,-84.0,193672.0,43.6,31.97947
223.6,8.288,1.2,-76.0,193668.0,44.6,30.55303
4.0773,7.1033,188.6405,-78.5593,194058.5682,43.4408,31.8071
228.9,8.288,1.2,-77.0,193672.0,43.6,32.04382
4.9255,7.2486,190.3856,-76.9911,194056.9379,43.7712,31.7806
4.9728,7.4155,190.3232,-77.6399,194056.2375,43.5186,31.7221
225.1,8.288,1.2,-80.0,193672.0,43.6,31.97947
1.1096,7.5851,190.757,-77.9048,194054.8915,43.5715,31.746
223.0,8.288,1.2,-77.0,193676.0,42.6,30.89623
223.9,8.288,1.2,-93.0,193676.0,44.6,30.61738
222.8,8.12,-150.8,-62.0,193692.0,45.6,32.77312
225.2,8.288,1.2,-78.0,193676.0,41.6,31.16436
3.9019,7.7796,186.9995,-78.2113,194055.417,43.5085,31.7502
225.8,8.296,1.2,-84.0,192104.0,44.6,30.57448
222.5,8.288,1.2,-72.0,193676.0,42.6,30.94986
2.1895,7.2274,193.9556,-77.4685,194057.3091,43.5817,31.66
2.2049,7.3035,188.8378,-78.3801,194055.8788,43.7004,31.66
4.9321,7.4287,190.0123,-77.5931,194054.9578,43.6836,31.6358
0.8678,7.2443,191.9903,-78.4677,194057.3589,43.644,31.5322
212.4,8.288,1.2,-77.0,193676.0,44.6,30.70318
2.3847,7.2809,189.3324,-77.5248,194055.5115,43.6362,31.7443
3.7692,7.8807,190.9899,-77.6666,194055.788,43.5305,31.9432
224.9,8.288,1.2,-74.0,193676.0,42.6,31.70061
3.1602,7.5365,192.0743,-77.3737,194056.2113,43.6498,31.6394
1.6487,7.7932,188.0565,-77.8674,194055.154,43.5704,31.5968
225.1,8.288,1.2,-78.0,193676.0,42.6,31.37886
3.4252,7.9327,191.6203,-77.4229,194056.6236,43.4464,31.5753
210.3,8.28,1.2,-78.0,193676.0,41.6,30.66028
224.8,8.128,-116.0,-62.0,193676.0,43.6,32.90182
1.689,7.312,187.0251,-78.6424,194055.9579,43.4457,31.4776
228.0,8.288,1.2,-72.0,193672.0,43.6,32.23687
216.3,8.12,-225.6,-77.0,194056.0,43.6,32.31195
1.4111,7.7686,193.2905,-77.8511,194055.6681,43.6452,31.7545
3.2495,7.5478,186.0269,-77.7571,194055.3657,43.56,31.6673
3.9187,7.7651,185.2135,-78.0206,194056.9932,43.457,31.7192
2.9772,7.1155,190.4833,-77.4837,194057.4798,43.5053,31.7532
220.6,8.288,1.2,-82.0,193672.0,44.6,30.61738
223.9,8.288,1.2,-83.0,193672.0,42.6,31.50756
3.6969,7.5122,188.9397,-77.0598,194057.7608,43.6604,31.8934
2.9911,7.0806,186.5577,-77.5993,194055.5598,43.5702,31.8202
3.2751,7.7008,189.2671,-78.3083,194054.3565,43.5358,31.8608
3.9638,7.8187,190.713,-78.4411,194055.5284,43.486,31.7503
224.0,8.288,1.2,-77.0,193672.0,41.6,30.81043
4.0612,7.0252,189.6425,-77.5979,194054.9412,43.4983,31.67
219.2,8.28,1.2,-80.0,193672.0,41.6,30.83188
228.0,8.288,1.2,-73.0,193672.0,43.6,32.03309
2.9373,7.2495,192.0184,-78.5753,194057.1324,43.6198,31.8318
222.9,8.288,1.2,-74.0,193672.0,43.6,32.6337
218.4,8.12,-137.6,-69.0,193684.0,43.6,32.81602
230.9,8.28,1.2,-66.0,193676.0,43.6,33.00908
223.6,8.288,1.2,-79.0,193672.0,42.6,31.06783
4.5779,7.937,189.4207,-78.3397,194056.455,43.3121,31.7551
227.3,8.288,1.2,-72.0,193672.0,42.6,32.03309
222.8,8.288,1.2,-78.0,193672.0,42.6,31.05711
1.7968,7.4789,191.0193,-77.2268,194055.6821,43.6401,31.7997
223.9,8.288,1.2,-65.0,193672.0,43.6,32.58007
4.6687,7.9649,190.7131,-77.7415,194056.1643,43.7619,31.7973
222.9,8.288,1.2,-79.0,193676.0,42.6,30.96058
224.9,8.288,1.2,-68.0,193676.0,43.6,33.08415
4.9905,7.38,192.2456,-78.1071,194057.2086,43.4661,31.7771
3.5041,7.4837,191.7068,-77.2879,194054.8187,43.6041,31.8188
0.3873,7.5841,186.2707,-77.1802,194056.0051,43.4771,31.7504
225.0,8.288,1.2,-75.0,193676.0,42.6,31.73279
2.7027,7.9069,191.333,-77.0413,194057.545,43.4514,31.5761
219.7,8.288,1.2,-86.0,193672.0,44.6,30.70318
0.9874,7.6081,191.9362,-77.4527,194055.9419,43.6168,31.6364
4.9344,7.7053,189.9233,-78.1103,194055.5918,43.7015,31.6425
0.7927,7.0628,188.2049,-77.5503,194057.0184,43.4936,31.7337
229.4,8.16,-92.8,-66.0,193676.0,44.6,33.08415
2.2255,7.2087,193.2839,-78.0505,194054.8857,43.6728,31.8297
0.542,7.1344,188.4326,-78.4291,194056.4359,43.6596,31.7153
225.4,8.288,1.2,-65.0,193672.0,43.6,32.16179
1.2692,7.6038,189.4112,-77.6776,194054.9129,43.7314,31.7677
228.1,8.288,1.2,-85.0,193672.0,42.6,32.08672
228.4,8.288,1.2,-74.0,193672.0,43.6,32.2476
0.7131,7.9249,185.7743,-77.4034,194056.3132,43.6171,31.6344
3.7149,7.1324,189.6257,-77.9215,194057.5398,43.582,31.7304
223.0,8.288,1.2,-80.0,193672.0,41.6,31.00348
0.2871,7.8077,192.7145,-78.0532,194055.6186,43.4079,31.8042
3.8967,7.0297,189.5412,-78.4946,194054.9352,43.6299,31.8511
2.734,7.4402,191.9444,-77.9068,194054.2067,43.6376,31.6213
219.0,8.288,1.2,-75.0,193676.0,41.6,30.89623
0.9555,7.839,188.8226,-77.8883,194056.8341,43.6517,31.7342
2.6568,7.2574,189.8351,-78.0911,194055.6593,43.6951,31.8302
227.9,8.288,1.2,-76.0,193676.0,41.6,30.92841
213.4,8.28,1.2,-77.0,193676.0,46.6,30.68173
2.3189,7.1956,193.6413,-78.1275,194056.9047,43.4787,31.5523
222.7,8.152,-234.0,-75.0,194056.0,43.6,32.62297
1.6631,7.5567,190.7101,-77.1582,194055.3072,43.607,31.6328
4.3084,7.0145,191.1861,-78.4816,194055.0304,43.6873,31.7209
1.6299,7.7173,194.4087,-77.123,194054.6011,43.5563,31.7838
224.9,8.288,1.2,-80.0,193672.0,43.6,31.93657
226.0,8.288,1.2,-82.0,193676.0,42.6,31.08928
2.1453,7.7991,190.7638,-78.266,194054.7782,43.5743,31.8795
2.1187,7.0211,189.4062,-78.6831,194055.5484,43.522,31.5408
225.1,8.288,1.2,-73.0,193672.0,43.6,32.16179
0.7255,7.5432,189.3176,-77.9586,194054.9398,43.4404,31.664
220.7,8.28,1.2,-73.0,193676.0,41.6,30.88551
2.8505,7.1374,189.0274,-77.5805,194056.7791,43.5382,31.6894
3.7854,7.6199,191.8301,-77.5549,194054.9868,43.6536,31.6129
224.8,8.12,-126.4,-67.0,193684.0,43.6,32.90182
4.9011,7.2202,187.7925,-78.5757,194056.4055,43.7547,31.6207
3.5664,7.8086,187.201,-79.0288,194055.563,43.697,31.7122
0.8029,7.2908,190.7992,-78.806,194055.2529,43.5453,31.6975
224.7,8.288,1.2,-84.0,193676.0,42.6,31.37886
2.7351,7.3398,190.4706,-77.3389,194056.2062,43.5774,31.6117
224.9,8.288,1.2,-77.0,193676.0,41.6,30.72463
226.9,8.288,1.2,-76.0,193656.0,42.6,31.45394
0.4619,7.7673,190.5717,-78.3334,194055.7249,43.4744,31.6995
220.3,8.296,1.2,-77.0,193676.0,45.6,30.71391
226.5,8.288,1.2,-73.0,193672.0,43.6,32.11889
0.5292,7.6974,189.6429,-77.3427,194056.9599,43.4889,31.6384
219.2,8.296,1.2,-83.0,192104.0,41.6,30.84261
219.4,8.288,1.2,-78.0,193672.0,43.6,30.58521
4.6113,7.5269,188.7326,-77.9575,194055.6853,43.6975,31.6962
222.4,8.288,1.2,-83.0,193676.0,41.6,30.93913
221.8,8.288,1.2,-83.0,192092.0,44.6,30.64956
227.5,8.288,1.2,-74.0,193672.0,43.6,32.11889
0.694,7.9372,189.8205,-78.1282,194056.6901,43.6663,31.6234
217.5,8.288,1.2,-81.0,193816.0,44.6,30.69246
218.6,8.136,-231.6,-75.0,194056.0,43.6,32.60152
1.1554,7.7947,188.2984,-77.29,194057.1649,43.7591,31.6526
222.6,8.288,1.2,-81.0,193672.0,41.6,30.82116
214.2,8.288,1.2,-82.0,193684.0,44.6,30.55303
227.3,8.288,1.2,-80.0,193672.0,41.6,30.88551
215.2,8.288,1.2,-78.0,193676.0,41.6,30.67101
4.9625,7.5456,188.5959,-78.7181,194056.1484,43.7041,31.7408
2.9051,7.6489,193.5463,-78.5949,194056.2405,43.6649,31.5977
4.6273,7.0052,187.9287,-78.7531,194053.9468,43.5102,31.8065
3.2182,7.6111,190.8404,-78.0168,194053.7564,43.619,31.9101
0.7893,7.9228,191.7644,-78.0267,194055.756,43.3921,31.8099
0.1173,7.5194,188.803,-78.8406,194055.4999,43.4688,31.6121
222.9,8.288,1.2,-80.0,193676.0,42.6,30.99276
222.4,8.12,-148.0,-61.0,192120.0,43.6,32.77312
4.015,7.0735,189.6648,-77.7093,194054.4132,43.5827,31.678
2.5368,7.5602,192.676,-78.7581,194055.4085,43.7352,31.7721
4.1816,7.3146,187.5643,-77.6779,194054.6317,43.6615,31.8055
2.942,7.856,189.821,-77.1855,194056.9059,43.7367,31.6166
1.8967,7.1914,188.2603,-78.2585,194055.6419,43.5797,31.682
221.5,8.288,1.2,-63.0,193672.0,43.6,32.505
223.6,8.288,1.2,-79.0,193676.0,41.6,31.01421
215.2,8.288,1.2,-83.0,193676.0,44.6,30.73536
226.9,8.288,1.2,-81.0,193672.0,42.6,31.37886
0.5614,7.6615,190.1666,-79.3155,194056.7596,43.4909,31.8068
0.5643,7.3556,190.2545,-78.607,194055.8511,43.6417,31.7486
0.1644,7.0279,190.0399,-79.6123,194056.9,43.4984,31.6663
1.8773,7.7488,191.3814,-77.952,194055.7879,43.6816,31.8945
226.8,8.288,1.2,-76.0,193672.0,42.6,31.37886
221.9,8.288,1.2,-66.0,193676.0,43.6,32.8911
3.0656,7.26,193.3108,-77.6551,194057.6209,43.6696,31.7863
229.3,8.288,1.2,-83.0,193672.0,43.6,31.97947
216.2,8.12,-220.0,-76.0,194052.0,44.6,32.505
1.8614,7.2533,190.4901,-77.4992,194057.0076,43.6315,31.7125
0.3859,7.5605,192.036,-77.5691,194055.686,43.4552,31.7144
228.5,8.296,1.2,-74.0,193672.0,43.6,32.22615
3.4386,7.1847,188.1714,-78.4449,194055.9092,43.5003,31.5101
3.2243,7.4078,187.6737,-78.0584,194055.6529,43.5715,31.7001
227.6,8.288,1.2,-71.0,193672.0,43.6,32.18324
223.2,8.288,1.2,-78.0,193672.0,43.6,32.23687
215.1,8.28,1.2,-76.0,193676.0,44.6,30.69246
2.9524,7.2722,189.1203,-77.5771,194056.1079,43.6693,31.7868
224.4,8.288,1.2,-79.0,193672.0,42.6,31.45394
215.3,8.136,-232.4,-77.0,194008.0,43.6,32.55862
213.4,8.288,1.2,-83.0,193676.0,41.6,30.72463
223.8,8.288,1.2,-75.0,193672.0,43.6,32.02237
220.5,8.28,1.2,-82.0,193672.0,41.6,30.81043
221.6,8.288,1.2,-65.0,193672.0,43.6,32.52645
225.2,8.288,1.2,-79.0,193676.0,41.6,31.00348
0.1343,7.7506,191.2621,-78.1405,194054.0023,43.5474,31.9175
224.4,8.12,-116.8,-73.0,193676.0,43.6,32.77312
1.5146,7.3425,190.834,-77.2164,194055.4358,43.5922,31.8782
2.6784,7.1594,193.7944,-77.6791,194055.4839,43.6084,31.8481
4.1474,7.5461,190.4638,-77.3065,194055.3749,43.6853,31.5354
224.5,8.288,1.2,-78.0,193676.0,42.6,30.72463
221.0,8.288,1.2,-79.0,193672.0,41.6,31.08928
226.7,8.288,1.2,-86.0,193676.0,42.6,31.34669
3.25,7.2817,190.0282,-78.1626,194056.1406,43.6051,31.6203
223.5,8.28,1.2,-82.0,193672.0,42.6,31.47539
224.9,8.288,1.2,-75.0,193676.0,42.6,31.74352
0.1322,7.1165,193.81,-79.0802,194054.7776,43.6627,31.8124
226.3,8.288,1.2,-79.0,193676.0,41.6,30.86406
3.9355,7.8227,188.0699,-77.9424,194055.4131,43.4211,31.8557
227.0,8.288,1.2,-76.0,191196.0,43.6,31.58264
0.9141,7.233,192.4026,-77.1928,194055.1499,43.7637,31.6996
224.7,8.288,1.2,-75.0,193672.0,43.6,32.03309
0.506,7.9066,193.1775,-77.6488,194054.7195,43.552,31.7018
4.3814,7.3788,190.3063,-77.6577,194055.1161,43.4523,31.6643
1.52,7.1363,191.5846,-78.6292,194056.4005,43.7431,31.7893
1.0726,7.9834,191.8806,-77.1773,194054.9389,43.6153,31.6769
227.6,8.288,1.2,-74.0,193672.0,42.6,32.2047
223.3,8.288,1.2,-79.0,193676.0,42.6,31.03566
4.4097,7.9215,190.5752,-77.8026,194056.4095,43.55,31.68
2.2723,7.0999,196.0758,-77.5883,194056.0195,43.6375,31.6323
1.5388,7.7856,186.2933,-79.1295,194054.5267,43.4631,31.6729
229.9,8.184,-97.6,-70.0,193628.0,44.6,33.1056
2.6719,7.0893,188.439,-78.3967,194056.3939,43.4671,31.6035
4.3764,7.7972,191.7314,-77.8273,194056.2682,43.6067,31.753
0.0713,7.3757,192.1248,-77.6443,194056.414,43.4105,31.7613
219.6,8.288,1.2,-76.0,193676.0,42.6,31.50756
2.2175,7.3313,190.9169,-77.9694,194056.2267,43.5695,31.6886
3.7928,7.199,190.2094,-77.2283,194055.4631,43.6805,31.8422
2.0094,7.6156,191.6777,-78.0487,194054.0206,43.4075,31.6949
214.8,8.288,1.2,-82.0,193676.0,41.6,30.75681
4.9961,7.0545,189.7197,-77.2921,194055.467,43.5129,31.8088
0.8438,7.3957,190.4907,-78.5482,194056.5325,43.6381,31.6989
0.1945,7.8573,191.6331,-77.7618,194055.9345,43.5261,31.7518
222.7,8.288,1.2,-88.0,193676.0,42.6,31.37886
226.3,8.288,1.2,-78.0,193620.0,41.6,30.78898
4.1966,7.9664,189.8752,-78.5717,194056.2299,43.552,31.5922
4.8814,7.7763,192.1603,-77.9172,194056.395,43.543,31.6837
224.6,8.288,1.2,-81.0,193676.0,42.6,31.40031
221.9,8.288,1.2,-82.0,193676.0,42.6,31.59336
4.817,7.0279,189.4095,-77.7983,194057.7925,43.7035,31.808
2.3548,7.1014,191.2262,-77.7304,194056.6479,43.5936,31.5527
1.8327,7.4542,190.0068,-77.8198,194056.0742,43.664,31.7574
3.088,7.3925,188.0806,-77.6206,194057.1746,43.5504,31.7711
226.6,8.288,1.2,-72.0,193672.0,43.6,32.15107
213.4,8.288,1.2,-77.0,193676.0,44.6,30.66028
227.9,8.288,1.2,-79.0,193672.0,41.6,30.93913
4.8226,7.3586,189.2308,-77.6212,194055.3441,43.4799,31.6264
1.2057,7.909,190.4047,-77.7872,194056.9343,43.5955,31.4221
0.4323,7.424,191.6054,-78.5001,194056.4085,43.8066,31.7156
230.9,8.288,1.2,-76.0,193676.0,41.6,30.93913
218.3,8.28,1.2,-82.0,193672.0,41.6,30.83188
0.1566,7.3601,191.7212,-78.5519,194055.8348,43.6687,31.6922
219.2,8.288,1.2,-84.0,193672.0,41.6,30.83188
221.9,8.288,1.2,-80.0,193676.0,45.6,30.62811
4.2975,7.8857,189.022,-77.449,194055.0426,43.6772,31.6408
4.4774,7.7895,185.2661,-78.5648,194057.1961,43.6807,31.8933
0.9851,7.2571,188.3879,-78.5531,194056.403,43.4352,31.6841
225.8,8.288,1.2,-74.0,193672.0,43.6,32.19397
2.5512,7.1531,190.5651,-77.5525,194057.0045,43.4439,31.6764
2.1109,7.8264,191.3585,-78.447,194054.5068,43.6731,31.6381
223.3,8.288,1.2,-75.0,193672.0,42.6,32.36557
224.9,8.288,1.2,-75.0,193676.0,42.6,31.68989
3.0803,7.3688,192.5127,-77.4461,194056.9026,43.6495,31.6602
223.7,8.28,1.2,-73.0,193672.0,42.6,31.91512
226.4,8.288,1.2,-80.0,193672.0,43.6,31.99019
0.3722,7.0261,186.9359,-77.8574,194055.0438,43.651,31.7617
3.6893,7.3815,191.2189,-78.1203,194054.9673,43.6675,31.6562
2.1611,7.4075,189.6479,-78.4707,194057.4645,43.425,31.7912
1.7,7.0039,189.4896,-77.3353,194056.3306,43.6404,31.6312
225.5,8.288,1.2,-76.0,191196.0,43.6,31.42176
226.2,8.288,1.2,-79.0,193656.0,41.6,30.75681
1.33,7.2266,190.5662,-77.2938,194055.3836,43.4944,31.8361
4.8108,7.9526,189.6928,-77.6913,194055.858,43.7178,31.567
2.4134,7.6077,187.7452,-78.3335,194055.2537,43.6177,31.6781
1.009,7.9931,191.9257,-78.5639,194056.9738,43.6622,31.7065
2.5555,7.3285,191.4708,-78.4468,194056.5376,43.6899,31.8152
219.6,8.288,1.2,-68.0,193672.0,42.6,30.63883
222.0,8.288,1.2,-76.0,193672.0,41.6,30.83188
218.7,8.288,1.2,-82.0,193676.0,41.6,30.85333
0.2761,7.0746,189.7772,-77.891,194056.8261,43.4863,31.511
216.9,8.144,-195.6,-70.0,194056.0,43.6,32.79457
224.5,8.12,-116.0,-70.0,193684.0,43.6,32.82675
1.7264,7.8316,192.4951,-77.7678,194056.8979,43.4596,31.5436
4.051,7.4065,189.5184,-77.3203,194055.8869,43.5069,31.8594
224.5,8.288,1.2,-79.0,193676.0,42.6,31.12146
227.4,8.288,1.2,-76.0,193672.0,43.6,30.5423
225.1,8.288,1.2,-78.0,193672.0,41.6,30.92841
0.3894,7.5709,191.4026,-78.4557,194056.8518,43.5911,31.8416
224.7,8.288,1.2,-79.0,193672.0,42.6,31.49684
4.5676,7.0387,191.1997,-79.2904,194055.3387,43.5283,31.6925
3.0533,7.8726,190.4634,-77.9412,194055.7248,43.5908,31.4857
0.4942,7.7646,190.5905,-78.5771,194055.612,43.53,31.665
227.9,8.144,-103.6,-73.0,193676.0,44.6,32.90182
227.8,8.288,1.2,-69.0,193672.0,43.6,32.38702
2.7576,7.9938,188.4343,-76.7288,194057.0639,43.6889,31.8526
3.3123,7.1764,191.6257,-78.2008,194054.6263,43.7771,31.5771
0.2342,7.9213,187.5932,-78.6874,194054.7387,43.6024,31.5701
225.0,8.288,1.2,-74.0,193672.0,43.6,32.08672
222.3,8.288,1.2,-80.0,193676.0,42.6,31.57191
4.3672,7.9699,191.4845,-78.4132,194056.4075,43.4223,31.5265
224.5,8.288,1.2,-78.0,193676.0,41.6,30.89623
0.0446,7.2473,190.8083,-78.0426,194056.6715,43.6343,31.6578
2.3484,7.8072,187.1782,-77.6758,194056.4476,43.6893,31.6329
225.6,8.288,1.2,-77.0,193676.0,42.6,31.36814
2.7221,7.8164,189.799,-78.8973,194055.9366,43.593,31.8331
228.2,8.288,1.2,-73.0,193672.0,42.6,32.21542
219.3,8.288,1.2,-78.0,193684.0,44.6,30.52085
4.3586,7.2826,187.8141,-77.6133,194053.8743,43.5609,31.7012
220.6,8.288,1.2,-74.0,193676.0,41.6,30.85333
225.1,8.288,1.2,-67.0,193672.0,43.6,32.17252
4.7783,7.1763,191.9927,-78.4208,194056.1895,43.6067,31.6766
225.1,8.288,1.2,-68.0,193676.0,43.6,33.05198
218.1,8.288,1.2,-82.0,193676.0,45.6,30.69246
0.7507,7.7181,190.4306,-78.0116,194056.9624,43.6176,31.7503
3.8902,7.6939,189.1289,-77.6297,194055.8089,43.5818,31.7984
226.2,8.288,1.2,-82.0,191192.0,43.6,31.97947
225.4,8.288,1.2,-82.0,193676.0,42.6,31.37886
2.4883,7.3245,192.8959,-77.3789,194055.3844,43.6185,31.6429
222.4,8.288,1.2,-68.0,193676.0,43.6,32.83747
2.527,7.7513,187.5185,-78.1164,194055.8545,43.5899,31.7973
219.9,8.168,-231.2,-69.0,194056.0,43.6,32.75167
2.2928,7.1468,194.0119,-78.2184,194055.3654,43.5482,31.6517
3.2442,7.9385,193.1543,-77.818,194055.9541,43.6624,31.5723
2.5262,7.3321,185.8607,-77.8069,194057.3206,43.5744,31.74
4.3758,7.9401,192.7811,-78.2924,194056.2104,43.7037,31.8611
0.3863,7.3038,189.7965,-77.4094,194055.9847,43.5216,31.7417
228.0,8.288,1.2,-81.0,193672.0,43.6,31.91512
225.2,8.288,1.2,-85.0,193672.0,42.6,31.38959
2.7109,7.0997,188.3595,-76.911,194055.0055,43.5349,31.6189
216.6,8.104,-230.8,-81.0,194056.0,43.6,31.94729
4.9345,7.1933,190.9369,-78.6414,194056.7814,43.5748,31.8218
223.6,8.288,1.2,-64.0,193672.0,43.6,32.45137
224.8,8.28,1.2,-73.0,193676.0,42.6,31.52901
223.6,8.288,1.2,-85.0,192104.0,42.6,31.33596
4.9968,7.5335,190.6756,-78.4929,194055.2524,43.7214,31.6421
222.4,8.288,1.2,-79.0,192104.0,42.6,31.00348
227.9,8.296,1.2,-72.0,193672.0,44.6,32.04382
4.2396,7.1617,190.8261,-78.0195,194054.4984,43.4421,31.6882
226.6,8.288,1.2,-77.0,193676.0,42.6,31.66844
224.1,8.288,1.2,-75.0,193672.0,42.6,31.15364
227.2,8.264,1.2,-85.0,193664.0,45.6,30.55303
222.1,8.112,-229.2,-77.0,194064.0,43.6,32.10817
228.3,8.168,-98.0,-73.0,193676.0,43.6,33.0627
2.6769,7.0057,188.2142,-77.4159,194056.5089,43.6958,31.7493
227.8,8.144,-102.4,-78.0,193676.0,43.6,32.88037
4.3189,7.7322,192.7369,-77.5445,194054.2365,43.5764,31.7715
1.3606,7.536,188.8005,-77.8066,194057.6014,43.4873,31.6058
2.09,7.5351,191.6252,-78.5938,194056.4056,43.5745,31.791
4.4941,7.0696,192.6353,-78.6572,194056.8532,43.7225,31.7333
2.2348,7.0601,193.696,-78.077,194055.6445,43.4716,31.8059
0.4541,7.7528,192.0896,-78.1103,194056.1383,43.6075,31.8143
4.4451,7.1253,190.0813,-78.462,194056.8738,43.6504,31.7475
4.4834,7.2053,194.9058,-78.855,194055.539,43.3761,31.6879
219.7,8.152,-201.2,-71.0,192484.0,43.6,32.7624
226.8,8.288,1.2,-86.0,193676.0,45.6,30.57448
0.4711,7.1163,192.3006,-78.4896,194057.1592,43.6006,31.8223
225.2,8.288,1.2,-74.0,193676.0,42.6,31.71134
219.6,8.288,1.2,-82.0,193672.0,42.6,30.85333
0.5843,7.2757,191.2581,-78.143,194053.674,43.9237,31.7813
228.8,8.288,1.2,-68.0,193676.0,43.6,32.95545
0.1949,7.649,189.5482,-78.4616,194054.9516,43.5607,31.6863
3.5669,7.2242,190.3658,-78.0399,194056.3057,43.4785,31.6096
4.4155,7.4496,186.856,-77.7001,194055.9,43.6279,31.6222
221.3,8.288,1.2,-81.0,193672.0,44.6,30.59593
4.4886,7.7501,187.0876,-78.0029,194055.2002,43.3678,31.6326
1.5319,7.2952,188.2099,-77.7896,194055.1671,43.4996,31.9056
4.4872,7.4401,192.508,-77.9927,194054.5478,43.7302,31.6968
222.0,8.144,-106.8,-73.0,193676.0,43.6,32.934
225.1,8.288,1.2,-86.0,193676.0,42.6,31.36814
2.2329,7.8415,193.0616,-77.9427,194056.7623,43.5566,31.7517
224.0,8.296,1.2,-74.0,193672.0,43.6,32.32267
222.1,8.288,1.2,-79.0,193676.0,42.6,31.10001
225.0,8.288,1.2,-68.0,193672.0,43.6,32.11889
224.7,8.288,1.2,-68.0,193676.0,43.6,33.09488
228.0,8.288,1.2,-76.0,193672.0,42.6,32.06527
224.8,8.288,1.2,-65.0,193672.0,43.6,32.15107
224.9,8.288,1.2,-76.0,193672.0,42.6,30.81043
1.7993,7.1262,190.5825,-78.4823,194056.3062,43.4493,31.8045
0.3993,7.9286,188.721,-77.9229,194057.8095,43.6255,31.5454
214.0,8.288,1.2,-78.0,193676.0,41.6,30.66028
1.217,7.189,187.9236,-78.5122,194057.0227,43.6769,31.9468
220.9,8.288,1.2,-74.0,193676.0,41.6,30.90696
225.0,8.288,1.2,-84.0,193672.0,42.6,31.11073
4.5847,7.916,189.2275,-77.4628,194054.526,43.6685,31.6304
225.8,8.288,1.2,-81.0,193672.0,42.6,31.22871
223.7,8.288,1.2,-79.0,193676.0,41.6,30.89623
2.5277,7.6038,190.6134,-77.6607,194055.4369,43.5239,31.5873
2.425,7.5181,191.4109,-78.2901,194056.9555,43.473,31.7426
3.7762,7.7471,187.4515,-78.2899,194055.5411,43.6509,31.6319
3.4837,7.2154,190.4074,-78.0111,194054.3933,43.5626,31.8377
2.0817,7.5428,188.9255,-78.6712,194055.2545,43.5362,31.7897
0.1956,7.5593,189.9201,-77.3261,194056.5445,43.4243,31.6362
3.7236,7.7397,191.7963,-78.3189,194056.7702,43.7503,31.6329
1.5603,7.9149,188.1674,-78.0346,194053.7059,43.5575,31.6001
4.1326,7.1667,187.3624,-78.7128,194057.1232,43.6341,31.6765
2.8988,7.063,188.4534,-78.4631,194057.0948,43.6219,31.559
224.0,8.288,1.2,-84.0,193672.0,41.6,31.05711
219.9,8.128,-168.0,-66.0,194056.0,43.6,32.77312
220.3,8.112,-230.0,-80.0,192484.0,43.6,32.04382
2.2754,7.3429,187.4338,-77.7564,194056.3824,43.6764,31.7161
2.8572,7.2224,189.4143,-77.8251,194055.8237,43.5172,31.6961
4.2021,7.3421,187.6513,-77.9134,194057.6748,43.5878,31.8082
220.6,8.288,1.2,-81.0,193624.0,44.6,30.69246
4.8843,7.5762,187.0714,-78.0056,194056.6217,43.7263,31.7708
3.1937,7.6997,189.0552,-77.7363,194054.5383,43.5901,31.7508
222.6,8.288,1.2,-83.0,193672.0,41.6,30.84261
215.5,8.288,1.2,-76.0,193672.0,44.6,30.69246
3.8013,7.1494,188.17,-78.2122,194055.521,43.5725,31.7133
223.2,8.288,1.2,-65.0,193672.0,43.6,32.82675
2.2912,7.2274,189.3841,-77.4491,194055.4985,43.7934,31.7427
4.9627,7.7731,187.6599,-77.9377,194054.8468,43.4903,31.8047
226.5,8.288,1.2,-83.0,193672.0,42.6,31.27161
0.4753,7.5923,186.1901,-78.4522,194056.7283,43.5371,31.6894
2.0383,7.4261,187.4609,-77.8048,194058.3067,43.6775,31.7967
4.5245,7.238,188.9461,-78.6196,194057.0538,43.6833,31.6877
225.3,8.288,1.2,-76.0,193672.0,43.6,31.99019
0.7283,7.4017,190.9542,-78.6446,194055.6963,43.5988,31.7327
2.7289,7.8809,186.8661,-78.0507,194055.9023,43.5648,31.5823
221.9,8.288,1.2,-80.0,193672.0,42.6,31.06783
4.6113,7.6199,193.1983,-77.7641,194056.2874,43.5815,31.6346
2.1585,7.0253,195.0811,-78.1642,194055.3977,43.4249,31.7522
224.2,8.288,1.2,-77.0,193676.0,41.6,30.74608
226.1,8.28,1.2,-78.0,193676.0,42.6,30.87478
2.9946,7.1574,188.8664,-77.665,194055.0435,43.4871,31.6283
220.6,8.288,1.2,-75.0,193676.0,41.6,30.87478
221.0,8.16,-232.4,-72.0,194056.0,43.6,32.65515
224.2,8.288,1.2,-75.0,193672.0,42.6,31.45394
224.1,8.288,1.2,-78.0,193672.0,41.6,30.84261
219.8,8.128,-163.6,-63.0,194056.0,43.6,32.81602
0.9503,7.0324,189.3087,-77.9631,194056.7183,43.6278,31.7277
213.8,8.288,1.2,-78.0,193676.0,42.6,30.63883
220.8,8.144,-105.6,-74.0,193676.0,44.6,32.92327
0.9949,7.2285,188.5621,-77.4947,194057.9328,43.6788,31.6329
1.9527,7.127,188.615,-78.2652,194056.8071,43.5127,31.5394
0.8679,7.5267,190.8224,-78.8429,194055.314,43.7418,31.585
217.9,8.288,1.2,-87.0,193656.0,45.6,30.71391
1.0321,7.9788,192.5709,-78.1835,194055.492,43.4435,31.6687
0.6756,7.7185,189.3787,-77.4876,194056.5617,43.4028,31.5968
224.9,8.288,1.2,-82.0,193672.0,42.6,31.47539
224.9,8.28,1.2,-81.0,193676.0,41.6,31.15364
2.7474,7.7812,193.1167,-77.2197,194055.4219,43.6518,31.6652
2.5557,7.5954,190.7778,-77.779,194056.7991,43.536,31.7184
219.1,8.288,1.2,-81.0,193672.0,41.6,30.91768
4.8832,7.1769,188.7805,-77.9151,194056.9172,43.6344,31.6047
1.366,7.4003,189.1028,-77.6412,194057.1691,43.454,31.7536
2.6555,7.8989,189.776,-78.1932,194056.094,43.4814,31.5985
227.8,8.176,-97.2,-68.0,193676.0,43.6,33.03053
1.1051,7.8097,193.3025,-78.4292,194056.5785,43.5502,31.731
4.9149,7.345,193.5208,-78.5355,194056.3851,43.6133,31.6951
229.0,8.288,1.2,-79.0,193676.0,42.6,31.89367
4.0723,7.4559,192.0882,-77.4198,194054.3083,43.4623,31.8469
3.644,7.4059,189.4568,-77.4772,194055.6608,43.6094,31.8691
223.2,8.144,-113.6,-76.0,193676.0,44.6,32.94473
226.3,8.288,1.2,-64.0,193672.0,43.6,32.07599
4.9419,7.573,188.6322,-77.7576,194056.0099,43.5198,31.8406
0.019,7.7737,189.8217,-78.4951,194056.9271,43.6628,31.6368
225.7,8.288,1.2,-81.0,192104.0,42.6,31.15364
226.5,8.288,1.2,-78.0,193672.0,42.6,31.41104
226.4,8.288,1.2,-78.0,193620.0,42.6,31.97947
3.7198,7.176,195.1185,-77.5646,194056.2647,43.6615,31.8533
0.3053,7.3201,190.1055,-78.483,194056.2931,43.7135,31.64
221.3,8.112,-230.0,-80.0,194064.0,43.6,32.14034
228.9,8.288,1.2,-87.0,192104.0,44.6,30.55303
0.4724,7.3795,191.8833,-78.2946,194056.4755,43.6437,31.8383
227.6,8.288,1.2,-76.0,193676.0,42.6,31.68989
224.6,8.288,1.2,-65.0,193672.0,43.6,32.09744
223.5,8.288,1.2,-65.0,193672.0,43.6,32.44065
1.3956,7.675,191.6595,-77.6176,194056.5836,43.5368,31.6116
1.5943,7.7403,191.8248,-78.3278,194053.8768,43.5939,31.8567
0.9814,7.3473,192.2933,-78.3234,194055.3496,43.5989,31.7838
216.4,8.288,1.2,-76.0,193672.0,41.6,30.74608
2.8561,7.1006,192.5928,-77.3932,194057.054,43.4917,31.6331
222.6,8.12,-151.2,-64.0,193692.0,43.6,32.7624
0.1189,7.2406,186.9394,-77.996,194053.6603,43.5753,31.8524
2.457,7.3461,191.3298,-77.8315,194056.667,43.7382,31.6762
219.8,8.16,-232.8,-71.0,194056.0,43.6,32.70877
1.7269,7.7972,188.8433,-77.7753,194054.9735,43.2694,31.7931
2.9045,7.5939,193.0076,-78.4572,194056.7297,43.8237,31.6527
1.3526,7.7264,189.2017,-78.0921,194057.0817,43.4892,31.8333
4.1976,7.7782,192.1037,-78.5304,194056.4215,43.4539,31.773
3.9178,7.0065,189.9387,-78.2521,194055.8267,43.5671,31.5731
0.1268,7.4775,187.9746,-78.0811,194056.3639,43.5901,31.8859
1.77,7.9354,192.3839,-78.2104,194055.6812,43.5914,31.5312
227.7,8.296,1.2,-67.0,193676.0,44.6,32.96618
225.9,8.28,1.2,-81.0,193676.0,42.6,31.14291
219.4,8.16,-233.2,-73.0,194056.0,43.6,32.70877
224.1,8.288,1.2,-76.0,193672.0,42.6,31.16436
3.0668,7.8549,190.3789,-77.5361,194054.7766,43.5169,31.6231
1.4671,7.3456,191.7433,-78.0779,194056.2478,43.5873,31.7014
2.7602,7.0935,191.0008,-78.1634,194056.3176,43.5859,31.666
1.9602,7.3486,188.7536,-78.07,194057.0428,43.5696,31.5897
227.8,8.288,1.2,-79.0,193672.0,43.6,32.06527
224.0,8.288,1.2,-75.0,193676.0,42.6,31.55046
1.8402,7.0854,187.8966,-77.6344,194055.8775,43.5628,31.6089
221.2,8.288,1.2,-77.0,193672.0,42.6,31.13218
1.8373,7.9745,193.4303,-78.0181,194056.6154,43.5032,31.6061
1.8002,7.4117,188.7878,-78.3651,194056.1475,43.6784,31.5207
0.5088,7.5562,191.5598,-78.0616,194055.7668,43.5974,31.7595
3.1063,7.1012,193.2169,-78.1856,194055.3606,43.6458,31.5919
223.0,8.288,1.2,-66.0,193672.0,43.6,32.55862
4.503,7.2592,189.142,-78.138,194055.197,43.5774,31.8989
4.9385,7.834,190.2914,-77.9134,194054.3623,43.7431,31.7671
225.3,8.288,1.2,-74.0,193672.0,43.6,32.32267
223.3,8.288,1.2,-68.0,193676.0,43.6,32.8053
0.9687,7.9045,192.9492,-77.7176,194055.4076,43.5791,31.6711
226.7,8.288,1.2,-75.0,193676.0,42.6,31.62554
4.9472,7.9212,189.542,-78.481,194056.1871,43.5547,31.8108
221.6,8.128,-172.8,-65.0,194056.0,43.6,32.8053
1.0281,7.8976,188.1035,-77.9364,194055.9315,43.5682,31.6734
224.4,8.288,1.2,-78.0,193672.0,42.6,31.42176
3.0301,7.0078,190.6282,-78.158,194053.9901,43.5757,31.6552
218.7,8.288,1.2,-83.0,192056.0,45.6,30.70318
219.5,8.288,1.2,-71.0,193676.0,41.6,30.92841
2.3357,7.7623,189.7722,-77.2746,194055.5972,43.6212,31.6002
4.3381,7.6086,186.9938,-78.1513,194055.6609,43.7906,31.6634
223.7,8.288,1.2,-77.0,193672.0,41.6,30.79971
1.8792,7.4658,191.3674,-77.1067,194056.1893,43.6285,31.5424
0.096,7.2965,187.0178,-78.7239,194056.1734,43.6351,31.6567
229.0,8.152,-99.2,-69.0,193676.0,43.6,32.92327
227.6,8.176,-97.2,-67.0,193676.0,43.6,33.09488
225.3,8.28,1.2,-74.0,193672.0,41.6,30.91768
0.228,7.5288,189.5948,-77.5256,194057.2528,43.4747,31.6472
223.6,8.288,1.2,-79.0,193672.0,42.6,31.12146
2.8534,7.9907,190.372,-76.8348,194055.873,43.4439,31.9814
3.7825,7.3769,192.0735,-78.8112,194055.5818,43.6556,31.6344
3.0077,7.6342,187.5423,-77.7939,194055.1169,43.3769,31.7891
221.6,8.288,1.2,-65.0,193676.0,44.6,32.88037
3.4563,7.8544,189.4005,-78.5353,194055.2137,43.6426,31.7238
216.1,8.12,-230.8,-77.0,194056.0,43.6,32.2905
4.5639,7.818,186.6639,-77.3531,194055.9481,43.6031,31.713
4.5668,7.5934,188.8135,-77.9054,194056.243,43.5199,31.5978
224.5,8.296,1.2,-76.0,193676.0,42.6,31.52901
228.1,8.288,1.2,-73.0,193672.0,43.6,32.2476
0.8481,7.9052,186.9678,-77.2185,194056.6322,43.6489,31.5535
3.25,7.1786,192.5423,-77.7641,194057.3764,43.7749,31.6192
2.412,7.0968,189.3657,-77.9627,194056.3164,43.6033,31.7436
227.9,8.288,1.2,-80.0,193672.0,43.6,32.02237
0.7833,7.9949,189.2284,-78.3705,194058.1055,43.6436,31.6442
226.4,8.288,1.2,-86.0,193676.0,44.6,30.58521
3.9669,7.4603,192.1156,-77.9402,194056.1542,43.6834,31.6866
225.4,8.288,1.2,-73.0,193672.0,42.6,32.08672
225.4,8.136,-96.4,-72.0,193676.0,44.6,32.96618
216.4,8.296,1.2,-81.0,193676.0,43.6,30.56376
3.7499,7.0208,190.9705,-77.7327,194055.7299,43.5058,31.6865
219.3,8.288,1.2,-79.0,193672.0,44.6,30.71391
222.0,8.288,1.2,-73.0,193676.0,44.6,30.67101
0.8464,7.8602,191.9744,-77.4051,194056.4196,43.7039,31.6244
0.1398,7.888,189.3499,-77.5078,194054.6454,43.498,31.6917
224.8,8.288,1.2,-82.0,193672.0,42.6,31.41104
4.6261,7.7806,188.2454,-78.5613,194055.5187,43.6092,31.8245
226.0,8.288,1.2,-77.0,193676.0,42.6,31.47539
227.6,8.288,1.2,-76.0,193676.0,41.6,30.77826
219.0,8.288,1.2,-80.0,193672.0,42.6,30.86406
219.7,8.12,-144.0,-74.0,193684.0,43.6,32.77312
221.9,8.184,-96.4,-65.0,193676.0,43.6,33.11633
0.8466,7.3441,191.3307,-78.3169,194056.3046,43.5937,31.7225
217.0,8.288,1.2,-77.0,193672.0,41.6,30.74608
225.0,8.288,1.2,-78.0,193676.0,41.6,30.84261
219.0,8.288,1.2,-82.0,193672.0,42.6,30.88551
226.0,8.288,1.2,-79.0,193676.0,41.6,31.08928
224.9,8.288,1.2,-75.0,193672.0,43.6,32.3334
2.0905,7.7311,185.9947,-77.397,194055.6545,43.4305,31.5633
217.2,8.28,1.2,-81.0,192052.0,47.6,30.68173
1.3186,7.7843,189.2308,-78.2703,194056.5745,43.5738,31.5672
227.1,8.288,1.2,-77.0,193672.0,41.6,30.93913
226.6,8.288,1.2,-74.0,193676.0,42.6,31.71134
226.2,8.28,1.2,-79.0,193676.0,42.6,31.12146
226.4,8.288,1.2,-79.0,192100.0,43.6,32.21542
225.2,8.288,1.2,-88.0,193676.0,42.6,31.35741
220.5,8.288,1.2,-74.0,193672.0,42.6,31.13218
229.2,8.168,-97.2,-68.0,193676.0,43.6,33.08415
4.8611,7.9794,191.6055,-78.6982,194056.4829,43.6575,31.6553
223.7,8.288,1.2,-74.0,193672.0,41.6,30.85333
226.9,8.288,1.2,-76.0,193672.0,42.6,32.00092
1.3425,7.6843,190.95,-77.6506,194056.2639,43.5887,31.8755
0.7412,7.6642,190.0334,-77.6081,194057.1197,43.6125,31.7055
4.0013,7.8637,190.0371,-77.1506,194057.4287,43.8659,31.5346
3.8069,7.0843,193.2847,-78.3268,194056.8676,43.6215,31.8297
224.6,8.288,1.2,-80.0,193676.0,44.6,30.55303
3.6377,7.8044,189.365,-78.4967,194054.8715,43.5692,31.8274
4.1595,7.8413,192.5005,-78.9511,194057.0639,43.3645,31.7333
225.0,8.288,1.2,-83.0,193676.0,42.6,31.32524
4.1798,7.4751,188.9493,-77.1212,194053.9606,43.5957,31.6568
227.6,8.288,1.2,-70.0,193672.0,42.6,32.10817
229.9,8.288,1.2,-65.0,193676.0,43.6,33.0627
3.2376,7.5423,186.4034,-77.6591,194054.8189,43.4489,31.6579
216.5,8.12,-231.2,-77.0,194064.0,43.6,32.27977
4.0656,7.4354,188.9107,-78.0561,194055.0583,43.6672,31.7677
226.8,8.288,1.2,-77.0,193672.0,42.6,31.40031
0.1063,7.6966,190.1825,-77.4612,194054.809,43.5226,31.7255
223.5,8.288,1.2,-79.0,193676.0,44.6,30.58521
218.6,8.288,1.2,-76.0,193672.0,41.6,30.77826
221.4,8.12,-152.0,-62.0,194056.0,43.6,32.81602
228.3,8.288,1.2,-67.0,193676.0,43.6,32.99835
3.6399,7.2667,189.3881,-77.9715,194054.2829,43.4788,31.6655
4.61,7.8343,187.8318,-78.3209,194055.9104,43.6999,31.9227
1.5187,7.2012,187.4164,-77.1688,194055.1625,43.6886,31.6973
2.2838,7.599,191.0707,-78.376,194056.4215,43.6429,31.6696
0.6155,7.9879,189.9529,-78.1753,194055.4026,43.6473,31.7272
1.3973,7.33,190.0232,-78.291,194056.2111,43.3625,31.8038
224.5,8.128,-115.6,-63.0,193676.0,43.6,32.88037
218.1,8.288,1.2,-88.0,191196.0,44.6,30.68173
4.6945,7.1096,189.7971,-78.1107,194056.4142,43.5682,31.7814
226.1,8.288,1.2,-76.0,193672.0,42.6,31.35741
230.8,8.288,1.2,-69.0,193676.0,43.6,33.0198
216.2,8.272,1.2,-77.0,193676.0,46.6,30.69246
3.4919,7.0697,190.6566,-77.6963,194055.7748,43.6343,31.5892
3.5926,7.2335,190.1771,-78.5152,194057.3834,43.5131,31.8667
2.6775,7.1433,190.2497,-78.4721,194054.8583,43.6318,31.7983
0.267,7.1454,188.0551,-77.6214,194055.1241,43.6745,31.8146
0.1743,7.4188,190.9232,-78.0334,194056.3812,43.6359,31.7844
226.4,8.288,1.2,-73.0,193672.0,43.6,32.14034
218.7,8.28,1.2,-82.0,193672.0,41.6,30.82116
229.6,8.184,-96.4,-66.0,193676.0,43.6,33.1056
223.9,8.288,1.2,-83.0,192100.0,42.6,31.46466
228.8,8.288,1.2,-77.0,193676.0,42.6,30.85333
221.9,8.288,1.2,-65.0,193672.0,43.6,32.38702
2.1879,7.3656,191.0341,-77.6129,194054.5929,43.6944,31.7218
212.8,8.288,1.2,-83.0,193676.0,41.6,30.70318
2.1756,7.8003,185.0435,-78.1177,194057.7729,43.6372,31.6949
222.8,8.12,-146.4,-66.0,193692.0,43.6,32.7624
220.4,8.288,1.2,-79.0,193676.0,41.6,30.66028
2.2263,7.0183,188.1036,-77.3914,194055.388,43.5513,31.7168
2.5643,7.3276,190.2397,-77.4716,194055.2578,43.7592,31.8264
1.6379,7.2968,186.2594,-78.6495,194054.2017,43.5812,31.7847
3.808,7.9226,188.3074,-78.2722,194055.9423,43.5428,31.765
4.4397,7.8227,190.6851,-77.6352,194054.8053,43.6927,31.684
0.0186,7.7992,189.1341,-77.8353,194055.6945,43.6859,31.7459
4.2047,7.3707,188.8272,-77.966,194057.5163,43.5395,31.5884
0.9313,7.1472,192.2994,-78.2199,194056.647,43.6836,31.7357
4.6013,7.8145,190.2992,-77.3297,194056.266,43.6185,31.6325
4.3517,7.7146,191.4382,-77.7772,194056.0391,43.6347,31.7906
2.5638,7.47,191.4782,-77.1805,194055.4061,43.5338,31.8298
1.9264,7.7546,187.3863,-77.6312,194056.1528,43.595,31.6844
227.4,8.288,1.2,-79.0,193672.0,42.6,32.07599
228.6,8.288,1.2,-67.0,193676.0,43.6,32.94473
0.2663,7.3688,191.0233,-77.6575,194055.602,43.5056,31.6191
4.731,7.8915,192.1816,-78.0135,194056.3018,43.4828,31.7459
1.7805,7.1707,188.0308,-77.6158,194056.851,43.6288,31.7769
219.1,8.296,1.2,-76.0,193672.0,46.6,30.69246
0.9698,7.0316,191.2214,-78.0139,194056.1791,43.5766,31.7155
3.8483,7.8509,187.9178,-77.5982,194055.802,43.6969,31.5647
220.3,8.288,1.2,-85.0,193672.0,41.6,30.85333
227.2,8.28,1.2,-78.0,193672.0,41.6,30.96058
224.5,8.288,1.2,-70.0,193628.0,43.6,33.1056
4.1084,7.3897,189.8118,-77.5388,194057.1523,43.7378,31.7993
225.9,8.288,1.2,-75.0,193672.0,43.6,32.19397
3.0148,7.0979,189.7074,-77.7576,194055.9485,43.709,31.935
3.4408,7.827,190.698,-77.0431,194055.9172,43.489,31.6824
226.3,8.288,1.2,-76.0,193672.0,43.6,31.35741
2.5389,7.097,191.4244,-77.4913,194056.4022,43.6691,31.9562
222.4,8.288,1.2,-82.0,193676.0,42.6,31.35741
1.5204,7.2885,190.5126,-77.7048,194055.9076,43.7011,31.6466
0.158,7.221,189.8749,-77.9897,194057.2228,43.5374,31.711
225.2,8.288,1.2,-78.0,193672.0,42.6,31.97947
221.2,8.288,1.2,-75.0,193672.0,41.6,30.84261
226.9,8.288,1.2,-76.0,193656.0,42.6,31.44321
4.719,7.5102,191.5648,-78.2495,194055.1154,43.7975,31.669
2.4527,7.9475,186.2507,-77.3626,194055.7719,43.4455,31.7789
225.4,8.288,1.2,-75.0,193676.0,42.6,31.65771
219.0,8.144,-230.8,-70.0,194008.0,43.6,32.5908
3.3406,7.1166,188.7709,-78.9481,194054.8177,43.5106,31.8177
1.6016,7.1171,188.678,-77.4146,194057.46,43.5149,31.6276
2.1823,7.6672,189.3392,-78.1619,194056.1077,43.5775,31.7293
219.3,8.16,-213.2,-73.0,194056.0,43.6,32.77312
226.0,8.288,1.2,-74.0,193672.0,42.6,32.18324
222.4,8.12,-142.8,-66.0,193692.0,43.6,32.75167
219.8,8.288,1.2,-76.0,193676.0,43.6,31.51829
230.0,8.16,-96.8,-70.0,193676.0,43.6,33.04125
1.3869,7.9859,186.695,-77.7097,194056.607,43.5115,31.5339
216.5,8.28,1.2,-79.0,193676.0,41.6,30.77826
1.8564,7.5764,191.1045,-78.3216,194055.3622,43.6756,31.6971
4.6307,7.3247,193.0263,-77.931,194055.9362,43.6317,31.5116
0.2309,7.7517,190.3156,-78.2123,194054.2766,43.4316,31.7289
0.649,7.0893,188.1032,-77.8279,194054.7149,43.5202,31.5545
223.9,8.288,1.2,-79.0,193672.0,42.6,31.03566
219.6,8.288,1.2,-93.0,193668.0,44.6,30.69246
218.6,8.288,1.2,-83.0,193676.0,41.6,30.82116
2.2849,7.0122,188.6104,-77.8303,194056.038,43.5367,31.9239
225.4,8.288,1.2,-78.0,193676.0,41.6,30.90696
230.9,8.288,1.2,-74.0,193672.0,42.6,31.96874
227.1,8.288,1.2,-69.0,193676.0,43.6,33.00908
1.9263,7.723,190.6859,-77.8844,194056.4965,43.722,31.7686
3.2401,7.3859,191.9084,-78.3656,194056.0753,43.6208,31.5872
0.7143,7.3749,187.8818,-77.8962,194054.5379,43.556,31.849
228.2,8.176,-97.6,-68.0,193676.0,43.6,33.04125
3.1173,7.6754,187.6123,-78.296,194054.3067,43.6968,31.6216
228.2,8.288,1.2,-86.0,193672.0,42.6,32.07599
2.7681,7.3479,188.2564,-77.97,194056.1065,43.4952,31.5596
224.0,8.288,1.2,-80.0,193672.0,42.6,31.05711
2.3922,7.9002,188.9343,-76.572,194055.8699,43.4912,31.5746
226.8,8.288,1.2,-76.0,193676.0,42.6,31.73279
0.5186,7.4481,193.9896,-77.5642,194057.9686,43.6004,31.7302
218.7,8.288,1.2,-84.0,193676.0,41.6,30.78898
2.0763,7.8687,186.5672,-78.0082,194058.6834,43.556,31.8127
216.1,8.152,-208.8,-73.0,194056.0,43.6,32.79457
227.8,8.288,1.2,-67.0,193672.0,43.6,32.4621
222.3,8.288,1.2,-78.0,193676.0,41.6,30.90696
4.9113,7.2869,186.9445,-78.453,194054.7307,43.5245,31.6724
216.6,8.12,-231.2,-81.0,194064.0,43.6,32.27977
0.1215,7.5077,190.0482,-77.886,194056.1071,43.7118,31.5886
4.5165,7.7857,187.4832,-77.1387,194055.7524,43.6106,31.7102
4.3396,7.7346,192.4304,-78.2364,194056.7017,43.6302,31.6317
2.8143,7.5939,189.9281,-78.2047,194056.9489,43.4782,31.7879
2.9313,7.6738,190.8041,-78.6132,194054.6205,43.4893,31.6449
2.9241,7.161,190.247,-77.3432,194057.0374,43.6082,31.6842
3.4184,7.6349,187.4106,-77.8207,194056.953,43.389,31.7779
223.0,8.288,1.2,-74.0,193676.0,42.6,30.84261
0.247,7.5399,188.4104,-78.3146,194056.7072,43.685,31.8677
1.3339,7.8323,188.7786,-77.6516,194057.0115,43.6262,31.7228
1.0617,7.977,188.6935,-78.0067,194058.1529,43.4353,31.8177
3.3015,7.2845,189.0337,-78.1127,194056.7871,43.5068,31.7734
221.8,8.288,1.2,-65.0,193672.0,43.6,32.58007
224.8,8.288,1.2,-82.0,193672.0,42.6,31.49684
223.5,8.288,1.2,-65.0,193672.0,43.6,32.81602
223.5,8.288,1.2,-82.0,193672.0,42.6,31.55046
3.0236,7.5292,191.7107,-78.518,194057.5435,43.7181,31.6055
2.07,7.881,191.9021,-78.6424,194055.1265,43.5787,31.6724
0.8274,7.1428,191.1702,-76.7662,194056.639,43.6222,31.8877
2.0341,7.169,188.2915,-76.7973,194055.95,43.5114,31.6722
226.0,8.288,1.2,-73.0,193624.0,42.6,32.18324
229.7,8.28,1.2,-82.0,193676.0,45.6,30.5423
3.4342,7.0971,189.1375,-78.0717,194054.5176,43.4969,31.7193
228.2,8.288,1.2,-68.0,193676.0,43.6,33.0198
2.2002,7.4553,189.3161,-77.5719,194057.1362,43.5153,31.7104
3.6431,7.5737,188.4938,-77.8866,194054.282,43.5673,31.4137
0.6698,7.8104,191.0065,-77.6992,194054.6761,43.4995,31.7306
221.1,8.296,1.2,-76.0,193672.0,42.6,31.14291
2.9132,7.0469,190.5462,-78.4675,194057.157,43.7559,31.7643
225.0,8.28,1.2,-76.0,193672.0,43.6,32.17252
3.1708,7.8795,193.926,-77.6955,194056.8293,43.653,31.7608
4.8413,7.5307,190.9691,-78.7628,194055.743,43.6689,31.5537
223.6,8.288,1.2,-67.0,193672.0,44.6,32.5908
225.0,8.288,1.2,-76.0,193620.0,42.6,31.96874
222.2,8.288,1.2,-82.0,193676.0,42.6,31.64699
221.9,8.288,1.2,-77.0,193672.0,41.6,30.84261
4.2318,7.2142,190.3443,-77.1472,194055.5355,43.7575,31.7058
3.1215,7.4836,192.7022,-78.4758,194056.3685,43.4233,31.7756
210.9,8.288,1.2,-75.0,193676.0,44.6,30.70318
4.6333,7.4996,189.2093,-77.1262,194055.8759,43.6063,31.5482
0.8997,7.8629,188.78,-78.3683,194055.4198,43.5658,31.8272
222.6,8.288,1.2,-73.0,193676.0,41.6,30.96058
0.6668,7.0955,187.8384,-78.5328,194056.4627,43.6258,31.6044
0.338,7.4372,191.0835,-78.3158,194055.9319,43.6815,31.7853
2.9248,7.3216,189.6607,-77.9599,194054.6598,43.6466,31.7195
221.1,8.288,1.2,-82.0,193672.0,42.6,31.10001
1.4486,7.9294,190.0415,-78.4211,194055.8314,43.5456,31.8092
2.9136,7.5108,194.7367,-79.2863,194056.388,43.4976,31.5608
1.6259,7.0862,189.9823,-78.009,194055.6217,43.5133,31.8213
3.4462,7.9433,190.1056,-77.2352,194054.4159,43.5734,31.8017
225.7,8.288,1.2,-78.0,193676.0,42.6,31.36814
1.3879,7.3079,185.8225,-77.9555,194057.5325,43.6377,31.806
223.8,8.288,1.2,-75.0,193676.0,41.6,30.87478
0.2338,7.232,193.6224,-77.5118,194057.0713,43.5974,31.6356
220.7,8.288,1.2,-72.0,193672.0,42.6,31.05711
4.426,7.8227,187.6982,-78.4959,194054.5758,43.5065,31.7688
2.5076,7.9577,190.535,-78.3415,194053.978,43.5108,31.6524
224.6,8.288,1.2,-74.0,193676.0,42.6,31.48611
222.1,8.296,1.2,-81.0,192104.0,42.6,31.07856
226.8,8.288,1.2,-77.0,193672.0,41.6,30.79971
3.8847,7.8192,189.391,-78.0646,194055.132,43.4331,31.6611
0.3589,7.7792,189.3158,-77.673,194056.8926,43.5072,31.7816
224.8,8.288,1.2,-74.0,193672.0,42.6,32.04382
1.1855,7.5801,192.5356,-77.3315,194056.184,43.5001,31.7046
217.5,8.288,1.2,-82.0,193676.0,45.6,30.67101
2.8619,7.6198,189.9557,-77.5213,194056.6798,43.5303,31.7428
216.0,8.288,1.2,-85.0,193684.0,44.6,30.56376
1.1762,7.205,191.1987,-78.2934,194055.5069,43.7249,31.6828
3.1597,7.7874,188.8863,-77.5078,194056.2784,43.623,31.7919
223.3,8.288,1.2,-78.0,193676.0,41.6,30.92841
1.7892,7.9508,190.5103,-77.8957,194054.8476,43.6478,31.5976
223.7,8.288,1.2,-72.0,193672.0,42.6,32.00092
1.8873,7.3436,190.7606,-78.0318,194054.8791,43.4252,31.7445
228.6,8.296,1.2,-76.0,192100.0,43.6,32.05454
214.2,8.28,1.2,-71.0,193676.0,41.6,30.77826
3.0159,7.8999,187.8574,-78.4703,194054.8168,43.6314,31.5675
221.2,8.28,1.2,-72.0,193676.0,41.6,30.89623
1.4845,7.7463,191.8487,-78.9201,194057.4675,43.5427,31.9272
217.9,8.144,-189.2,-70.0,194064.0,43.6,32.75167
4.8049,7.1847,191.3939,-78.0939,194054.5018,43.7054,31.6129
224.8,8.288,1.2,-83.0,193676.0,44.6,30.56376
3.0924,7.2766,187.0563,-77.1062,194056.5494,43.5369,31.721
1.334,7.3834,190.7401,-78.3155,194055.5552,43.5321,31.7169
1.6788,7.5591,187.5588,-78.2208,194055.7624,43.6381,31.7296
4.5765,7.6112,192.6693,-78.4036,194057.2398,43.5874,31.8577
219.8,8.144,-233.6,-70.0,194056.0,43.6,32.60152
0.7629,7.2551,191.0434,-78.3665,194056.7039,43.5633,31.802
221.5,8.288,1.2,-66.0,193672.0,43.6,32.505
223.2,8.288,1.2,-66.0,193672.0,43.6,32.5479
225.3,8.288,1.2,-82.0,193672.0,42.6,31.34669
4.0723,7.1872,189.7335,-78.0685,194055.3614,43.649,31.6623
217.4,8.288,1.2,-79.0,193672.0,41.6,30.77826
216.7,8.288,1.2,-85.0,193676.0,41.6,30.64956
2.3942,7.9223,191.1869,-78.4793,194057.9658,43.7943,31.7198
3.5671,7.7572,187.3353,-77.5006,194055.9241,43.8326,31.6976
4.9186,7.5992,189.2405,-78.4412,194057.0807,43.5379,31.6808
224.1,8.12,-116.0,-72.0,193676.0,43.6,32.8053
223.5,8.288,1.2,-65.0,193672.0,43.6,32.5908
227.7,8.288,1.2,-80.0,193672.0,43.6,31.96874
217.8,8.28,1.2,-80.0,193676.0,46.6,30.69246
1.6908,7.8057,186.1885,-78.6168,194055.7112,43.6694,31.5385
3.3767,7.6417,192.2288,-77.9574,194058.4856,43.711,31.611
2.7268,7.288,189.1659,-77.5271,194055.3567,43.6779,31.7503
229.7,8.288,1.2,-71.0,193672.0,43.6,32.36557
229.1,8.28,1.2,-77.0,193676.0,42.6,32.03309
217.4,8.288,1.2,-80.0,193624.0,45.6,30.66028
1.8111,7.6191,191.0244,-78.8691,194055.4157,43.6207,31.7773
2.899,7.5225,187.5139,-77.6893,194055.3306,43.5576,31.8032
3.0128,7.9694,190.2296,-77.5533,194055.9703,43.4775,31.8385
221.9,8.112,-152.0,-65.0,194056.0,43.6,32.79457
224.8,8.288,1.2,-75.0,193676.0,42.6,31.50756
218.4,8.288,1.2,-83.0,193676.0,41.6,30.84261
0.1037,7.9733,193.2273,-78.5001,194054.5904,43.6645,31.4668
223.5,8.288,1.2,-82.0,193672.0,42.6,31.49684
2.3806,7.8244,193.7382,-78.1671,194056.0309,43.5933,31.6536
2.6844,7.8817,191.0927,-78.0701,194054.9125,43.5863,31.8588
223.6,8.28,1.2,-71.0,193672.0,42.6,31.99019
2.7775,7.0046,190.7427,-76.9003,194056.4849,43.6141,31.5507
3.9526,7.3896,188.1532,-77.6156,194054.0512,43.346,31.6528
220.9,8.136,-110.0,-76.0,193676.0,44.6,32.934
1.6471,7.2001,188.0185,-77.9934,194057.6529,43.5473,31.8332
0.7323,7.5611,190.5243,-78.181,194056.4472,43.7175,31.4545
1.3937,7.354,186.7613,-76.8409,194056.1044,43.6397,31.6278
2.5542,7.4745,191.6181,-77.736,194055.0616,43.6183,31.5913
0.4381,7.6958,189.2712,-78.4845,194056.6995,43.5078,31.6556
225.5,8.288,1.2,-80.0,193676.0,42.6,31.13218
226.3,8.288,1.2,-74.0,193676.0,41.6,30.77826
2.4639,7.456,190.0452,-78.1587,194056.1621,43.6344,31.7274
0.7253,7.6486,185.0759,-78.8802,194055.8371,43.5405,31.6287
216.4,8.28,1.2,-81.0,193624.0,44.6,30.68173
213.6,8.288,1.2,-81.0,193676.0,44.6,30.68173
219.9,8.288,1.2,-72.0,193624.0,41.6,30.92841
3.1304,7.722,189.7731,-78.3682,194057.4187,43.4328,31.5835
225.0,8.288,1.2,-74.0,193676.0,42.6,31.74352
227.8,8.288,1.2,-73.0,193672.0,42.6,32.23687
227.0,8.288,1.2,-63.0,193672.0,42.6,32.06527
4.6306,7.9329,187.1176,-78.5293,194055.6715,43.5031,31.6713
4.4594,7.5953,189.0269,-76.589,194057.2597,43.5504,31.7473
1.6845,7.5324,190.5952,-79.184,194056.2967,43.8766,31.7931
1.7957,7.5586,196.03,-77.9383,194058.4691,43.6583,31.7478
2.3734,7.4646,190.0399,-77.9453,194055.3645,43.6165,31.6539
229.4,8.16,-93.2,-68.0,193676.0,47.6,33.08415
227.9,8.144,-102.4,-77.0,193676.0,43.6,32.90182
0.3669,7.152,190.2798,-78.4844,194058.2008,43.6564,31.5451
2.8811,7.3205,190.6955,-78.018,194055.3079,43.6014,31.8045
3.4398,7.2237,188.703,-77.3977,194057.5364,43.5541,31.7903
1.434,7.885,190.329,-78.3773,194055.7309,43.3984,31.7184
0.4247,7.5602,192.394,-77.6855,194055.5848,43.504,31.5569
224.6,8.128,-115.6,-64.0,193676.0,43.6,32.8911
3.0455,7.999,190.9424,-78.0879,194055.4218,43.5194,31.6378
0.0215,7.0655,189.4468,-78.1536,194055.2571,43.8388,31.6973
225.4,8.136,-114.4,-77.0,193676.0,43.6,32.8911
1.5917,7.0628,188.8851,-77.3923,194055.0438,43.7906,31.5142
4.998,7.2723,188.3166,-78.8973,194055.602,43.5579,31.9109
4.3404,7.1445,186.4524,-78.0002,194055.0806,43.6527,31.7958
223.8,8.288,1.2,-80.0,193672.0,42.6,31.06783
221.1,8.288,1.2,-84.0,193676.0,42.6,31.59336
4.6911,7.0458,190.1008,-78.7201,194056.754,43.6956,31.8981
228.5,8.288,1.2,-79.0,193676.0,41.6,30.91768
226.6,8.288,1.2,-64.0,193672.0,43.6,32.05454
220.3,8.12,-136.8,-65.0,193684.0,43.6,32.79457
4.8096,7.2581,191.8901,-77.8203,194054.5725,43.7523,31.6663
224.2,8.288,1.2,-76.0,193676.0,42.6,32.01164
4.9379,7.2519,192.5233,-77.7801,194057.1673,43.7138,31.701
225.8,8.288,1.2,-80.0,193676.0,42.6,31.14291
2.021,7.9224,190.3158,-78.0194,194056.5919,43.6549,31.5076
1.7845,7.7333,192.9897,-78.1649,194055.2474,43.5726,31.7056
219.7,8.288,1.2,-78.0,193676.0,45.6,30.70318
4.9234,7.873,192.1408,-77.7796,194056.2582,43.6453,31.8355
3.5307,7.4633,188.353,-78.0148,194055.1873,43.6654,31.7193
2.459,7.0704,188.5822,-77.6879,194054.4055,43.5514,31.7043
227.5,8.288,1.2,-76.0,193676.0,41.6,30.81043
2.1234,7.7412,191.8314,-77.5219,194055.6118,43.473,31.8616
4.4983,7.9511,191.3827,-77.7415,194053.6833,43.551,31.6918
220.2,8.288,1.2,-79.0,193676.0,44.6,30.69246
3.9659,7.7757,189.2061,-77.5505,194054.8813,43.4801,31.7282
228.5,8.288,1.2,-79.0,193676.0,42.6,31.92584
1.3242,7.7764,190.4233,-78.5868,194056.785,43.5041,31.7851
4.0708,7.2121,187.2941,-77.1531,194056.6835,43.7083,31.6299
222.9,8.288,1.2,-67.0,193672.0,43.6,32.60152
4.1225,7.3476,185.9128,-77.3236,194054.9193,43.3657,31.6439
222.0,8.288,1.2,-80.0,193676.0,41.6,31.11073
1.4218,7.4198,192.5871,-77.6905,194054.55,43.6293,31.6305
225.0,8.288,1.2,-84.0,193676.0,42.6,31.32524
221.6,8.288,1.2,-83.0,193676.0,42.6,31.57191
223.8,8.128,-116.0,-61.0,193676.0,43.6,32.86965
4.2622,7.3819,188.8282,-78.0488,194058.5945,43.5898,31.7826
215.9,8.28,1.2,-84.0,193676.0,44.6,30.70318
213.8,8.288,1.2,-74.0,193676.0,41.6,30.63883
224.0,8.288,1.2,-83.0,193672.0,42.6,31.05711
3.9456,7.7683,191.8917,-77.2561,194056.5309,43.8267,31.7889
218.8,8.288,1.2,-72.0,193676.0,41.6,30.89623
213.4,8.288,1.2,-79.0,193676.0,41.6,30.67101
0.6373,7.6033,190.1796,-78.3025,194058.2302,43.6077,31.7193
1.3029,7.6695,190.634,-78.6253,194054.9323,43.6394,31.6289
2.209,7.1373,188.6049,-78.4598,194057.2147,43.4114,31.7279
0.1919,7.3387,187.559,-77.7867,194056.0554,43.4886,31.6793
1.0735,7.3656,191.279,-77.5871,194057.0982,43.5322,31.702
0.6066,7.0033,191.2457,-77.9539,194055.0937,43.5365,31.7387
225.4,8.288,1.2,-86.0,193672.0,45.6,30.60666
218.6,8.288,1.2,-85.0,193676.0,43.6,30.59593
220.3,8.112,-229.6,-80.0,194056.0,43.6,32.01164
2.2964,7.7197,188.9777,-78.9058,194056.3472,43.521,31.7637
225.6,8.288,1.2,-65.0,193672.0,43.6,32.16179
228.9,8.288,1.2,-79.0,193672.0,42.6,32.09744
225.5,8.296,1.2,-86.0,193676.0,42.6,31.40031
3.8557,7.1615,185.6798,-77.7299,194056.1699,43.6735,31.7512
227.5,8.288,1.2,-81.0,193672.0,43.6,32.09744
223.7,8.288,1.2,-79.0,193672.0,43.6,32.2047
3.5264,7.8127,193.5622,-77.851,194055.1254,43.5683,31.6423
4.1876,7.5743,191.3923,-78.2822,194056.6069,43.5256,31.6957
0.2064,7.9677,191.411,-78.7232,194053.2399,43.6438,31.4887
224.4,8.288,1.2,-79.0,193676.0,42.6,31.47539
2.7733,7.6673,190.2562,-78.3124,194055.8338,43.6806,31.6038
227.4,8.288,1.2,-78.0,193672.0,42.6,31.41104
216.4,8.288,1.2,-80.0,193676.0,44.6,30.69246
0.9813,7.8727,190.8324,-78.7907,194055.5239,43.6579,31.7079
222.6,8.288,1.2,-74.0,193672.0,43.6,32.61225
3.7763,7.3887,189.852,-78.1466,194057.2204,43.6899,31.7321
2.9029,7.5446,190.6807,-77.831,194056.8433,43.579,31.4922
2.9709,7.9854,187.1787,-77.6218,194056.7813,43.5318,31.7505
2.1998,7.9967,188.7675,-77.4503,194055.4077,43.5299,31.5862
2.3477,7.5471,189.6409,-77.8584,194056.7285,43.5121,31.6515
225.8,8.288,1.2,-74.0,193672.0,43.6,32.19397
3.1671,7.769,191.7444,-78.1169,194055.233,43.8252,31.6942
227.7,8.288,1.2,-75.0,193676.0,42.6,30.78898
3.2271,7.8799,188.2498,-78.5662,194057.402,43.6348,31.6447
222.8,8.288,1.2,-73.0,193676.0,41.6,30.84261
229.5,8.28,1.2,-76.0,193672.0,43.6,32.00092
0.2744,7.1186,189.0558,-78.853,194057.4257,43.4563,31.7617
218.4,8.12,-230.4,-78.0,194064.0,43.6,32.2476
212.8,8.28,1.2,-75.0,193676.0,44.6,30.68173
0.3168,7.1737,186.8727,-77.6037,194055.9315,43.7731,31.6972
4.2986,7.6355,192.7808,-77.7122,194055.7303,43.6114,31.4804
2.7616,7.0167,190.6265,-78.447,194054.8082,43.6813,31.6413
225.3,8.288,1.2,-78.0,192100.0,43.6,31.97947
0.7282,7.1522,189.7348,-77.6518,194055.7646,43.476,31.6809
2.118,7.869,191.7278,-78.4245,194055.5145,43.5171,31.6242
1.9392,7.0129,191.8116,-78.7847,194058.538,43.7473,31.5571
219.2,8.288,1.2,-84.0,193672.0,41.6,30.82116
229.5,8.152,-97.2,-68.0,193676.0,43.6,33.05198
222.4,8.288,1.2,-79.0,193672.0,42.6,32.18324
0.7242,7.5794,190.2708,-78.271,194056.0872,43.5244,31.7465
223.8,8.288,1.2,-76.0,193672.0,41.6,30.79971
2.9331,7.1973,190.8139,-77.9012,194055.1935,43.7649,31.5511
219.4,8.296,1.2,-76.0,193676.0,42.6,31.50756
225.5,8.288,1.2,-74.0,193672.0,43.6,32.34412
227.7,8.288,1.2,-77.0,193672.0,44.6,30.55303
0.3325,7.7745,193.2234,-78.3835,194056.8414,43.5824,31.8171
4.5509,7.7398,192.4185,-78.7829,194056.1368,43.5344,31.8021
2.3205,7.6911,186.0729,-77.9095,194055.493,43.6638,31.7051
2.0998,7.1563,190.7004,-78.1559,194054.2802,43.4548,31.682
2.2919,7.1983,190.5357,-78.4661,194056.3448,43.6917,31.7916
219.6,8.12,-130.0,-66.0,193684.0,43.6,32.82675
225.0,8.288,1.2,-86.0,193672.0,42.6,31.10001
219.5,8.136,-220.0,-70.0,194056.0,44.6,32.61225
4.8929,7.5997,187.0155,-77.9063,194057.5738,43.4562,31.6947
215.7,8.288,1.2,-79.0,193676.0,41.6,30.63883
219.7,8.288,1.2,-81.0,193676.0,43.6,30.71391
2.7491,7.7793,188.0571,-78.245,194057.9356,43.7007,31.6939
4.9691,7.0932,192.1154,-77.6314,194056.9566,43.6308,31.672
225.1,8.288,1.2,-80.0,193676.0,42.6,31.12146
221.6,8.288,1.2,-79.0,193624.0,45.6,30.64956
4.3294,7.1833,191.0213,-77.816,194056.6272,43.6864,31.6711
2.8437,7.9057,187.4055,-79.2758,194056.0174,43.5944,31.5755
226.6,8.288,1.2,-77.0,193676.0,41.6,30.73536
3.5383,7.7285,189.4636,-78.6856,194057.3728,43.5958,31.4629
2.6247,7.7952,191.9063,-78.156,194056.376,43.5691,31.61
225.8,8.288,1.2,-72.0,193672.0,42.6,32.11889
220.8,8.288,1.2,-74.0,193672.0,41.6,31.15364
221.4,8.12,-160.4,-63.0,194056.0,43.6,32.79457
226.2,8.296,1.2,-74.0,193672.0,43.6,32.44065
227.9,8.144,-102.4,-75.0,193676.0,43.6,32.88037
220.3,8.288,1.2,-81.0,193672.0,41.6,30.83188
3.1247,7.1882,194.8603,-78.1024,194054.5786,43.5475,31.5953
225.1,8.288,1.2,-83.0,193672.0,42.6,31.50756
226.7,8.288,1.2,-76.0,193672.0,42.6,31.38959
221.2,8.168,-230.0,-72.0,194056.0,44.6,32.77312
3.5474,7.5826,191.0127,-78.5092,194055.9359,43.6525,31.5352
1.3139,7.2812,190.7172,-77.9926,194056.9226,43.6116,31.8513
227.6,8.288,1.2,-68.0,193672.0,43.6,32.38702
0.7735,7.5546,191.2378,-77.1216,194056.8511,43.7359,31.6861
221.7,8.288,1.2,-64.0,193620.0,45.6,32.505
224.6,8.288,1.2,-75.0,193672.0,42.6,32.05454
2.3177,7.9488,189.9666,-77.6364,194056.0627,43.697,31.6208
223.4,8.288,1.2,-64.0,193672.0,43.6,32.58007
2.1298,7.6716,192.5615,-78.6574,194055.8281,43.6299,31.6406
1.1862,7.8225,188.257,-78.4444,194056.8817,43.7088,31.9147
225.4,8.288,1.2,-74.0,192100.0,43.6,32.3763
3.9558,7.198,190.1901,-79.0896,194056.5113,43.6831,31.8123
226.9,8.288,1.2,-77.0,193672.0,42.6,31.36814
227.2,8.28,1.2,-75.0,192100.0,42.6,31.36814
0.8058,7.3642,191.6,-78.2827,194056.8704,43.6042,31.7105
214.1,8.28,1.2,-77.0,193676.0,41.6,30.79971
216.3,8.12,-230.0,-81.0,194056.0,43.6,32.3334
221.0,8.288,1.2,-74.0,193676.0,44.6,30.67101
4.653,7.4316,188.0492,-77.7606,194056.5112,43.6642,31.8585
222.6,8.136,-171.2,-64.0,192484.0,44.6,32.77312
218.8,8.288,1.2,-84.0,193676.0,43.6,30.57448
2.9356,7.0491,190.1163,-78.363,194055.7038,43.3981,31.5922
0.4508,7.8036,188.3323,-78.4624,194056.0526,43.5957,31.6156
0.2818,7.6114,192.2324,-77.5647,194056.8867,43.478,31.5302
224.3,8.288,1.2,-79.0,193672.0,43.6,32.18324
1.1576,7.8052,190.6493,-77.4142,194056.953,43.5572,31.7724
3.5643,7.275,187.9468,-78.2415,194056.7384,43.5332,31.4642
227.1,8.288,1.2,-74.0,193672.0,42.6,32.2476
2.8812,7.497,188.0214,-77.899,194056.4524,43.5799,31.8967
0.6861,7.7727,188.4922,-77.8777,194054.8968,43.4596,31.5864
3.0212,7.1879,189.9846,-78.8157,194055.3019,43.6536,31.7754
4.4548,7.9907,191.2925,-77.5219,194055.2975,43.5666,31.7872
3.058,7.827,191.5767,-77.4829,194055.4231,43.6119,31.6707
224.8,8.28,1.2,-77.0,193672.0,42.6,31.38959
3.467,7.0396,191.6729,-78.4486,194055.1788,43.5067,31.6956
221.9,8.288,1.2,-72.0,193676.0,41.6,30.94986
228.3,8.296,1.2,-74.0,192100.0,43.6,32.22615
4.0256,7.5366,189.0084,-77.5688,194054.4359,43.3653,31.7205
219.5,8.288,1.2,-77.0,193676.0,44.6,30.52085
3.0824,7.9681,190.6383,-77.7594,194057.5633,43.7981,31.7142
217.5,8.128,-178.0,-80.0,194056.0,43.6,32.81602
3.9446,7.8284,192.9848,-78.4196,194055.7075,43.7297,31.6318
224.7,8.288,1.2,-66.0,193672.0,43.6,32.11889
3.334,7.0451,188.8224,-78.9093,194056.9978,43.6196,31.7727
1.2569,7.1351,194.9385,-77.4418,194054.7459,43.5007,31.6015
220.8,8.128,-166.8,-61.0,192064.0,45.6,32.79457
229.0,8.288,1.2,-74.0,193672.0,42.6,32.3334
4.7378,7.3587,186.6459,-77.9775,194057.3612,43.4436,31.4117
3.5622,7.5011,192.1976,-79.4167,194056.6187,43.7556,31.8221
228.8,8.296,1.2,-78.0,193672.0,43.6,32.08672
222.7,8.288,1.2,-84.0,193676.0,42.6,31.38959
4.0682,7.9206,189.3738,-77.7001,194054.7457,43.5772,31.7273
223.1,8.288,1.2,-78.0,193676.0,41.6,31.01421
220.8,8.16,-232.0,-72.0,194056.0,43.6,32.66587
0.66,7.897,188.7777,-77.7261,194056.0647,43.5255,31.6057
220.7,8.288,1.2,-83.0,193672.0,41.6,30.86406
217.3,8.288,1.2,-79.0,193672.0,41.6,30.77826
226.9,8.288,1.2,-76.0,193656.0,42.6,31.42176
228.6,8.288,1.2,-81.0,193676.0,42.6,31.90439
225.9,8.28,1.2,-82.0,193672.0,42.6,31.21799
223.3,8.288,1.2,-77.0,193676.0,41.6,31.02493
225.0,8.288,1.2,-75.0,193672.0,43.6,32.18324
228.6,8.288,1.2,-79.0,193672.0,42.6,32.03309
3.1412,7.3164,190.7307,-77.6475,194055.9091,43.5577,31.713
223.5,8.288,1.2,-78.0,193676.0,41.6,30.94986
229.7,8.288,1.2,-74.0,193676.0,42.6,31.96874
220.7,8.12,-128.8,-66.0,193692.0,43.6,32.81602
3.8853,7.5567,186.408,-77.9452,194056.9014,43.5328,31.6524
2.3849,7.011,190.3563,-77.6163,194056.515,43.5499,31.5616
222.0,8.288,1.2,-66.0,193676.0,43.6,32.90182
224.9,8.28,1.2,-73.0,193672.0,43.6,31.93657
3.6207,7.4021,188.711,-78.7718,194055.0096,43.6589,31.6126
1.9901,7.6328,192.5003,-77.831,194055.4645,43.527,31.7807
226.6,8.288,1.2,-72.0,193672.0,42.6,32.12962
2.7599,7.1996,189.3558,-77.3704,194057.4187,43.5881,31.6602
3.7387,7.6157,190.3505,-78.5686,194056.3744,43.5766,31.8162
2.9177,7.6611,190.7618,-77.6087,194056.7634,43.3499,31.7303
223.5,8.28,1.2,-85.0,193620.0,41.6,30.81043
230.6,8.288,1.2,-74.0,193676.0,42.6,31.97947
223.9,8.288,1.2,-80.0,193676.0,41.6,31.03566
226.9,8.288,1.2,-79.0,193672.0,41.6,30.94986
2.7108,7.2945,187.5673,-77.4639,194057.3321,43.7181,31.7599
1.1345,7.1248,188.7691,-78.3742,194056.361,43.706,31.596
1.1578,7.0183,189.5113,-78.2895,194058.8388,43.6498,31.7291
0.1393,7.4866,187.1459,-77.3488,194055.2879,43.6009,31.4839
213.2,8.288,1.2,-81.0,193676.0,44.6,30.69246
0.2412,7.4807,190.0352,-79.0207,194054.9898,43.7125,31.8348
3.4183,7.3139,189.4202,-78.5666,194057.1157,43.5122,31.7845
4.6611,7.3266,189.7264,-77.5316,194055.3716,43.5937,31.775
1.2209,7.2363,189.3787,-77.4225,194055.6239,43.4642,31.8084
226.5,8.176,-83.2,-64.0,192092.0,44.6,33.11633
228.0,8.288,1.2,-79.0,193672.0,42.6,31.89367
226.0,8.288,1.2,-74.0,193672.0,43.6,32.17252
3.7248,7.5787,196.1144,-77.5117,194056.9232,43.6214,31.7357
218.7,8.136,-230.0,-71.0,194056.0,43.6,32.58007
0.3697,7.9198,191.3895,-78.0638,194054.9973,43.3517,31.6632
221.9,8.288,1.2,-72.0,193676.0,42.6,30.85333
2.7795,7.3464,191.6106,-77.3743,194056.609,43.6825,31.6414
3.958,7.8326,189.9543,-77.9089,194054.0365,43.4879,31.5065
227.5,8.144,-104.0,-87.0,193676.0,43.6,32.88037
0.1549,7.9035,188.2941,-78.0769,194055.6623,43.6241,31.7879
223.8,8.288,1.2,-78.0,193672.0,41.6,30.82116
1.7092,7.1848,188.7584,-77.6558,194054.7943,43.4239,31.6899
226.1,8.288,1.2,-68.0,193672.0,43.6,32.12962
2.6856,7.1904,188.2203,-78.3979,194054.5065,43.4809,31.7095
1.946,7.4436,194.0119,-77.698,194055.115,43.6879,31.5894
226.7,8.288,1.2,-76.0,193676.0,42.6,31.64699
0.8762,7.7821,187.2008,-77.4123,194055.1616,43.7319,31.7169
3.4249,7.8524,191.0642,-77.8005,194056.134,43.5343,31.6838
227.8,8.288,1.2,-74.0,193672.0,43.6,32.30122
4.8271,7.9965,188.0273,-77.5297,194056.5174,43.873,31.6473
4.2458,7.5235,187.4179,-78.1903,194057.2645,43.6131,31.6617
0.5922,7.9125,191.2136,-77.5937,194056.3268,43.5158,31.6963
222.3,8.12,-147.2,-63.0,193692.0,43.6,32.75167
215.1,8.136,-230.8,-77.0,194056.0,43.6,32.53717
1.1556,7.5474,190.8723,-77.2626,194058.3932,43.548,31.652
225.0,8.288,1.2,-84.0,193672.0,42.6,31.37886
1.4724,7.7593,192.0198,-77.9889,194057.8103,43.6836,31.83
0.4009,7.6204,187.3883,-79.5323,194054.8976,43.5131,31.7226
221.7,8.288,1.2,-79.0,193672.0,42.6,31.08928
0.003,7.2603,192.0877,-78.4351,194056.753,43.5381,31.7018
224.5,8.288,1.2,-66.0,193672.0,43.6,32.16179
218.9,8.288,1.2,-69.0,193672.0,43.6,30.64956
0.7871,7.658,190.6143,-77.9763,194055.2608,43.7145,31.6416
4.1731,7.7031,191.8437,-79.0357,194056.6133,43.7488,31.5897
4.7694,7.7224,191.9684,-78.6615,194057.3282,43.5037,31.7279
0.1107,7.1435,190.2725,-79.2534,194055.3297,43.8223,31.8471
1.05,7.5579,189.2151,-77.3975,194056.2958,43.5869,31.6807
3.1133,7.238,191.2633,-78.3884,194055.5446,43.6292,31.7692
220.2,8.16,-232.8,-72.0,194056.0,43.6,32.69805
4.1492,7.7209,192.1295,-78.4554,194056.5221,43.605,31.5265
0.9314,7.685,189.1196,-77.3307,194055.3078,43.7261,31.674
1.8114,7.4736,192.3153,-77.9631,194057.0125,43.7106,31.8074
3.4254,7.5604,190.3035,-78.0878,194055.9431,43.5241,31.6298
3.1605,7.3019,190.0186,-77.8262,194056.2927,43.5723,31.7601
224.6,8.288,1.2,-81.0,191192.0,43.6,31.22871
2.202,7.07,191.8398,-78.7924,194056.1809,43.6563,31.8816
4.69,7.4774,188.6379,-77.9157,194053.6812,43.7249,31.7912
3.5138,7.9175,191.2793,-78.3197,194055.4603,43.6727,31.6034
213.9,8.288,1.2,-80.0,192104.0,44.6,30.67101
224.2,8.288,1.2,-64.0,193672.0,43.6,32.8053
1.7728,7.845,191.3509,-78.4079,194055.0438,43.5434,31.8959
230.3,8.288,1.2,-75.0,193672.0,42.6,32.02237
3.4798,7.7254,191.3009,-78.6829,194055.0408,43.608,31.6964
221.8,8.144,-106.4,-74.0,193628.0,44.6,32.94473
224.1,8.288,1.2,-63.0,193672.0,43.6,32.73022
223.2,8.288,1.2,-81.0,193672.0,42.6,31.47539
0.9365,7.7207,190.4708,-77.8906,194054.6903,43.7243,31.6151
221.8,8.288,1.2,-73.0,193624.0,41.6,30.93913
2.4519,7.3167,190.2704,-77.8296,194056.2583,43.4456,31.6462
0.4403,7.51,188.5232,-77.2585,194055.3058,43.4999,31.694
4.1863,7.7466,185.6697,-77.8792,194057.3442,43.608,31.5881
225.6,8.288,1.2,-76.0,193676.0,42.6,31.45394
213.4,8.28,1.2,-82.0,193676.0,45.6,30.68173
227.9,8.288,1.2,-83.0,193672.0,42.6,32.07599
224.8,8.128,-116.0,-62.0,193676.0,43.6,32.90182
211.0,8.272,1.2,-79.0,193676.0,45.6,30.68173
226.3,8.288,1.2,-67.0,193672.0,43.6,32.36557
2.4568,7.5715,189.8794,-78.3098,194056.4185,43.5049,31.8088
224.7,8.288,1.2,-74.0,193672.0,43.6,32.34412
4.0387,7.2071,186.6877,-77.844,194057.2586,43.6214,31.6392
0.4479,7.7663,191.437,-78.2059,194055.6136,43.7397,31.7868
2.5035,7.9471,189.923,-77.825,194057.3928,43.6448,31.7263
2.0167,7.5275,190.0163,-78.2363,194055.8825,43.4777,31.589
0.8983,7.3965,194.8996,-77.6638,194055.9157,43.5368,31.5551
4.9163,7.1753,188.9862,-77.8445,194055.0674,43.7368,31.5237
212.7,8.28,1.2,-82.0,193676.0,41.6,30.69246
217.5,8.288,1.2,-80.0,193672.0,44.6,30.69246
3.1702,7.4387,192.9846,-77.6046,194057.3504,43.4807,31.6963
4.9701,7.4324,189.68,-78.396,194055.6823,43.5471,31.8819
226.0,8.288,1.2,-75.0,193676.0,42.6,31.76497
3.2178,7.9189,193.6248,-78.3385,194057.8602,43.4456,31.6824
226.4,8.288,1.2,-65.0,193672.0,43.6,32.15107
224.5,8.136,-113.6,-78.0,193676.0,44.6,32.94473
3.0081,7.6323,191.0399,-77.2976,194056.1848,43.5312,31.615
1.1777,7.7657,191.6405,-77.7045,194056.028,43.4713,31.7321
4.4949,7.1952,188.8593,-77.6571,194057.2026,43.543,31.7302
225.0,8.128,-127.2,-77.0,192092.0,43.6,32.85892
3.2815,7.2104,190.4492,-78.9615,194055.764,43.6056,31.5308
1.8049,7.2418,190.8192,-77.9885,194055.4033,43.5803,31.6549
1.2529,7.589,193.8566,-77.9231,194056.3099,43.6948,31.5594
1.1937,7.2357,191.0538,-77.2538,194054.5764,43.58,31.7093
1.5202,7.2193,188.9056,-77.5082,194054.3428,43.5232,31.7601
2.1917,7.7986,190.2552,-78.3096,194054.7814,43.5315,31.7186
2.8644,7.782,188.3898,-78.4563,194055.5898,43.6632,31.6495
2.0709,7.872,190.9701,-77.8178,194057.6924,43.5115,31.5377
3.1865,7.1837,192.416,-77.7958,194055.0767,43.7055,31.7437
0.1222,7.6888,187.2477,-77.4126,194056.3902,43.5101,31.7959
216.1,8.144,-199.6,-70.0,194056.0,43.6,32.79457
222.9,8.288,1.2,-73.0,191196.0,42.6,30.88551
222.9,8.28,1.2,-78.0,193676.0,41.6,30.89623
224.3,8.288,1.2,-73.0,193672.0,43.6,32.23687
217.9,8.288,1.2,-79.0,193672.0,41.6,30.83188
222.8,8.288,1.2,-65.0,193676.0,43.6,33.1056
0.4519,7.1025,191.6374,-78.8388,194054.3478,43.5403,31.7365
1.5033,7.7961,188.2957,-77.5322,194056.3544,43.5435,31.7054
3.7625,7.6447,189.6239,-78.228,194054.8137,43.6026,31.8983
226.9,8.28,1.2,-76.0,193676.0,42.6,31.73279
1.1943,7.522,191.0224,-78.5243,194054.9627,43.7589,31.7403
224.5,8.128,-115.6,-64.0,193676.0,43.6,32.8911
227.7,8.288,1.2,-72.0,193672.0,43.6,32.31195
223.6,8.128,-116.0,-82.0,193676.0,44.6,32.86965
3.6016,7.9417,190.9495,-77.6732,194055.6007,43.5897,31.6339
222.1,8.288,1.2,-82.0,193676.0,42.6,31.70061
4.9276,7.6742,189.1367,-77.6014,194054.7247,43.6076,31.6419
227.3,8.288,1.2,-81.0,193672.0,43.6,31.34669
226.0,8.288,1.2,-82.0,193672.0,42.6,31.32524
223.7,8.28,1.2,-81.0,193672.0,42.6,31.47539
213.4,8.28,1.2,-79.0,193676.0,41.6,30.66028
4.8731,7.4337,187.7632,-77.8938,194055.081,43.5572,31.6634
218.6,8.288,1.2,-69.0,193812.0,44.6,30.67101
3.2785,7.6722,190.9962,-78.8541,194056.4153,43.6989,31.7305
2.4933,7.6428,189.1603,-78.3705,194056.3331,43.6126,31.6505
1.3479,7.0936,191.3272,-78.0562,194056.0926,43.6515,31.823
220.5,8.288,1.2,-76.0,193624.0,41.6,30.89623
3.2007,7.3582,188.334,-77.8799,194055.1882,43.542,31.4653
2.8987,7.5788,191.9539,-77.9894,194057.6029,43.6556,31.6683
227.3,8.296,1.2,-71.0,192052.0,43.6,32.15107
222.3,8.12,-153.6,-65.0,194056.0,43.6,32.81602
1.3546,7.836,189.4051,-77.7588,194056.0789,43.7107,31.6632
228.0,8.288,1.2,-79.0,193672.0,42.6,31.97947
230.0,8.288,1.2,-73.0,193676.0,43.6,31.94729
229.2,8.168,-96.8,-67.0,193676.0,43.6,33.0627
2.4073,7.7795,189.9777,-77.4956,194055.5598,43.4731,31.6365
226.4,8.288,1.2,-73.0,193672.0,42.6,32.12962
2.6597,7.4485,192.4755,-78.4095,194055.943,43.5563,31.7206
223.8,8.288,1.2,-63.0,193672.0,43.6,32.66587
0.7825,7.3631,187.4316,-77.7008,194056.8332,43.7114,31.6544
218.6,8.288,1.2,-84.0,193628.0,43.6,30.58521
4.1232,7.265,191.825,-77.6871,194056.3583,43.5421,31.5758
0.8869,7.0562,188.1891,-77.5499,194059.0725,43.6011,31.6794
221.5,8.128,-165.6,-66.0,194056.0,43.6,32.8053
2.8351,7.3557,190.9649,-78.2333,194055.8459,43.6484,31.8744
223.6,8.288,1.2,-80.0,191192.0,43.6,31.06783
3.5246,7.4575,188.0402,-78.1121,194054.6797,43.6173,31.7124
0.4202,7.7338,192.3469,-77.8395,194055.3414,43.6147,31.727
224.1,8.288,1.2,-76.0,193672.0,43.6,32.00092
222.2,8.288,1.2,-89.0,193676.0,42.6,31.34669
229.7,8.288,1.2,-75.0,193672.0,43.6,32.04382
222.1,8.288,1.2,-68.0,193672.0,43.6,32.82675
1.4592,7.2704,188.9862,-78.5878,194056.1159,43.6271,31.4554
2.7392,7.0087,192.0883,-77.4657,194055.8361,43.6257,31.6761
224.5,8.288,1.2,-78.0,193676.0,42.6,31.35741
227.9,8.288,1.2,-75.0,193676.0,41.6,30.76753
222.1,8.288,1.2,-79.0,193672.0,42.6,31.07856
1.6703,7.9105,188.9538,-78.5234,194055.6938,43.7038,31.722
1.3012,7.2734,188.2297,-78.7627,194054.8938,43.6735,31.7772
4.5012,7.7158,187.5592,-78.3742,194055.1131,43.535,31.6967
223.8,8.288,1.2,-79.0,193672.0,42.6,31.12146
231.2,8.288,1.2,-75.0,191148.0,43.6,31.97947
225.6,8.288,1.2,-75.0,193676.0,41.6,30.88551
2.1732,7.5025,192.738,-78.5293,194055.3134,43.6634,31.6612
4.1601,7.0069,189.1636,-78.1193,194056.2904,43.5897,31.6547
221.8,8.296,1.2,-64.0,192100.0,43.6,32.45137
1.3577,7.8587,189.333,-78.3049,194057.6083,43.7186,31.6299
2.1019,7.3797,188.7409,-77.3911,194056.4214,43.4895,31.7294
229.9,8.152,-97.2,-69.0,193676.0,44.6,33.05198
0.3294,7.2417,188.3429,-77.7814,194055.6339,43.5148,31.7077
0.1309,7.4497,191.2803,-77.9047,194056.3964,43.7042,31.8396
228.0,8.288,1.2,-78.0,193676.0,41.6,30.93913
3.8195,7.5863,186.4505,-77.8799,194055.9434,43.5746,31.629
223.7,8.296,1.2,-73.0,192100.0,43.6,32.60152
0.3116,7.2741,191.3171,-77.5093,194055.4859,43.7337,31.7565
223.1,8.28,1.2,-73.0,193672.0,44.6,32.62297
3.2437,7.0376,190.3004,-79.0393,194055.9512,43.6066,31.6303
221.6,8.28,1.2,-75.0,193620.0,43.6,30.69246
230.1,8.288,1.2,-76.0,193676.0,42.6,30.86406
225.6,8.288,1.2,-75.0,193676.0,42.6,31.76497
220.8,8.28,1.2,-74.0,193676.0,41.6,30.85333
2.5087,7.9745,189.6307,-77.7884,194056.9438,43.6626,31.7762
3.8243,7.6587,189.9415,-77.7232,194055.3305,43.4879,31.611
214.6,8.28,1.2,-79.0,193676.0,41.6,30.64956
214.8,8.288,1.2,-82.0,193676.0,45.6,30.67101
228.5,8.288,1.2,-68.0,193676.0,43.6,32.96618
225.3,8.288,1.2,-74.0,193672.0,43.6,32.19397
219.6,8.288,1.2,-78.0,193672.0,41.6,30.83188
223.9,8.288,1.2,-83.0,193672.0,42.6,31.47539
3.4188,7.1548,187.7814,-78.0406,194055.3155,43.6247,31.8244
1.3963,7.2918,185.9754,-77.5743,194054.0163,43.711,31.5809
0.406,7.9651,187.804,-78.1675,194054.6075,43.4204,31.4986
3.3874,7.0387,189.0966,-77.755,194054.9505,43.6511,31.8165
3.866,7.6529,190.5455,-77.9848,194054.4533,43.5881,31.6303
3.3826,7.3936,190.9922,-78.0277,194056.08,43.7791,31.9385
1.393,7.3429,191.0767,-78.2755,194057.0776,43.5779,31.8432
224.8,8.288,1.2,-77.0,193620.0,41.6,30.81043
3.6558,7.179,188.818,-78.4025,194056.8073,43.705,31.7818
3.4184,7.7119,186.092,-77.6384,194056.2381,43.6045,31.7437
224.5,8.288,1.2,-74.0,193672.0,43.6,32.3334
216.8,8.128,-230.8,-81.0,194056.0,43.6,32.45137
3.8877,7.5148,192.6581,-78.0098,194056.8708,43.5696,31.6468
224.1,8.288,1.2,-65.0,193672.0,43.6,32.70877
2.9506,7.162,188.956,-77.6162,194056.3593,43.5749,31.673
224.0,8.288,1.2,-66.0,193672.0,43.6,32.51572
212.0,8.288,1.2,-81.0,193676.0,45.6,30.67101
0.4273,7.5714,191.4585,-78.1015,194056.5552,43.6542,31.7661
225.1,8.296,1.2,-84.0,192100.0,42.6,31.11073
4.4638,7.2354,190.1608,-77.0285,194055.5899,43.6416,31.7571
219.5,8.288,1.2,-77.0,193676.0,45.6,30.52085
223.4,8.288,1.2,-83.0,192100.0,42.6,31.53974
223.5,8.288,1.2,-82.0,193672.0,41.6,30.85333
224.4,8.288,1.2,-67.0,193676.0,43.6,32.82675
222.5,8.288,1.2,-87.0,193676.0,42.6,31.34669
212.8,8.288,1.2,-84.0,193676.0,41.6,30.72463
0.8835,7.5082,192.1581,-78.5193,194056.1478,43.5218,31.7261
0.8627,7.5083,189.5988,-77.6161,194056.816,43.8091,31.6394
1.5541,7.6055,190.5421,-77.9541,194054.0739,43.7645,31.7554
224.8,8.296,1.2,-74.0,192100.0,43.6,32.22615
2.6791,7.599,186.5444,-77.7664,194054.6801,43.5206,31.8519
4.1137,7.6871,193.0256,-79.087,194056.4224,43.4006,31.5793
221.9,8.288,1.2,-76.0,193672.0,41.6,30.84261
223.2,8.288,1.2,-66.0,193672.0,43.6,32.19397
224.5,8.288,1.2,-84.0,193676.0,45.6,30.56376
3.5626,7.8175,190.0404,-77.5572,194054.5299,43.7402,31.4909
222.1,8.28,1.2,-77.0,193676.0,41.6,31.04638
4.7872,7.6441,190.3154,-78.3804,194054.9668,43.7808,31.6985
0.5872,7.662,188.0755,-77.7696,194056.0437,43.6699,31.6309
224.7,8.288,1.2,-82.0,193672.0,41.6,30.82116
222.7,8.288,1.2,-79.0,193672.0,43.6,32.23687
228.7,8.144,-105.6,-68.0,193676.0,44.6,33.11633
217.8,8.288,1.2,-82.0,193676.0,41.6,30.81043
227.9,8.288,1.2,-78.0,193672.0,42.6,32.07599
227.5,8.288,1.2,-64.0,193672.0,43.6,32.45137
0.22,7.6062,190.9214,-78.1897,194056.621,43.4718,31.7045
227.1,8.184,-97.6,-68.0,193676.0,44.6,33.03053
4.3343,7.4353,189.212,-78.137,194056.2012,43.4618,31.7644
3.0994,7.9599,192.8399,-77.5196,194055.122,43.5136,31.6295
3.1761,7.7202,190.0338,-78.6651,194056.8624,43.5527,31.6941
0.7366,7.8492,191.6406,-77.8066,194056.5736,43.6427,31.6368
221.8,8.288,1.2,-65.0,193672.0,44.6,32.56935
1.7469,7.9283,192.0982,-77.6745,194054.0622,43.7246,31.6055
220.4,8.104,-230.4,-84.0,194056.0,43.6,31.99019
225.6,8.288,1.2,-75.0,193672.0,43.6,32.39775
219.2,8.288,1.2,-68.0,193672.0,45.6,30.64956
4.8701,7.3748,191.2123,-77.9297,194054.4073,43.6011,31.5641
3.0925,7.6642,194.0395,-77.5421,194057.8723,43.6913,31.75
224.7,8.288,1.2,-88.0,193624.0,42.6,31.38959
213.6,8.288,1.2,-78.0,193676.0,41.6,30.67101
226.2,8.288,1.2,-66.0,192100.0,43.6,32.14034
4.6891,7.1993,189.9958,-77.7089,194055.2855,43.5158,31.5153
215.5,8.136,-230.8,-79.0,194056.0,43.6,32.58007
4.3178,7.8837,189.9306,-78.3003,194054.378,43.6914,31.6697
219.9,8.16,-232.0,-71.0,194056.0,43.6,32.73022
2.6924,7.7243,195.3802,-78.0869,194055.3505,43.714,31.6091
219.1,8.112,-229.2,-77.0,194056.0,43.6,32.08672
1.1536,7.3868,188.9633,-78.2218,194055.7066,43.5826,31.8079
217.9,8.288,1.2,-81.0,193672.0,42.6,30.76753
219.9,8.12,-152.4,-65.0,194056.0,43.6,32.78385
0.6615,7.9819,188.1697,-78.1239,194055.52,43.6822,31.7809
229.5,8.288,1.2,-73.0,193676.0,42.6,31.99019
224.1,8.288,1.2,-68.0,193676.0,43.6,33.08415
4.1186,7.9822,189.6672,-76.7898,194056.4563,43.584,31.72
214.3,8.288,1.2,-79.0,193676.0,41.6,30.75681
225.2,8.288,1.2,-78.0,193672.0,42.6,31.93657
1.8042,7.8243,189.2402,-77.7571,194057.5465,43.5908,31.5911
0.8533,7.9085,190.5916,-77.2407,194055.2531,43.5816,31.5825
225.1,8.288,1.2,-80.0,193672.0,43.6,31.95802
3.1891,7.1587,189.3168,-77.9841,194055.9648,43.5171,31.6109
1.9952,7.8438,188.0413,-78.2021,194057.2249,43.559,31.6066
4.2755,7.8754,188.204,-77.1281,194056.2724,43.5229,31.819
225.1,8.288,1.2,-87.0,193676.0,42.6,31.37886
223.0,8.112,-144.8,-63.0,193432.0,43.6,32.7624
1.7144,7.3897,189.9456,-78.2403,194056.1685,43.6695,31.6242
224.9,8.288,1.2,-76.0,193676.0,42.6,31.76497
223.9,8.288,1.2,-74.0,193672.0,42.6,31.95802
0.7419,7.7083,191.4223,-78.3047,194055.2546,43.6264,31.7098
4.2682,7.3697,188.9687,-78.2416,194057.1635,43.5026,31.6587
226.8,8.28,1.2,-85.0,193620.0,42.6,31.38959
1.492,7.2233,189.3077,-77.6203,194055.3793,43.7335,31.5892
1.8073,7.2385,190.6458,-77.6676,194055.1651,43.6286,31.7723
216.2,8.288,1.2,-78.0,193624.0,41.6,30.69246
2.8641,7.5526,191.0833,-78.3531,194054.7391,43.5897,31.6711
225.2,8.288,1.2,-65.0,193620.0,43.6,32.19397
218.4,8.12,-137.2,-62.0,193692.0,43.6,32.8911
225.0,8.288,1.2,-86.0,193676.0,42.6,31.36814
3.2553,7.4865,189.6651,-78.3062,194057.9167,43.6154,31.6663
220.2,8.16,-220.4,-72.0,194056.0,44.6,32.78385
0.3158,7.7358,189.5713,-77.6552,194057.6804,43.6598,31.6825
0.878,7.5961,190.4938,-77.5584,194056.406,43.6023,31.5762
224.3,8.288,1.2,-79.0,192100.0,42.6,31.42176
213.9,8.288,1.2,-83.0,193624.0,45.6,30.69246
229.0,8.288,1.2,-75.0,193672.0,43.6,32.18324
222.5,8.12,-116.4,-76.0,193676.0,43.6,32.82675
4.8974,7.3407,188.7645,-78.1117,194055.5033,43.5933,31.6417
212.6,8.288,1.2,-83.0,193676.0,44.6,30.68173
224.7,8.288,1.2,-74.0,193672.0,43.6,32.32267
1.5785,7.7822,193.7895,-78.7817,194055.097,43.7754,31.7662
0.2214,7.1258,189.7132,-78.9619,194056.6789,43.7753,31.6192
2.1679,7.3309,189.4658,-79.0332,194054.4176,43.7268,31.6237
1.8159,7.3041,185.4671,-78.2411,194057.371,43.5693,31.667
222.0,8.136,-103.6,-72.0,193676.0,43.6,32.92327
218.1,8.28,1.2,-84.0,193672.0,41.6,30.82116
222.9,8.288,1.2,-79.0,192100.0,41.6,31.00348
227.8,8.144,-100.4,-66.0,193676.0,43.6,32.934
223.7,8.288,1.2,-63.0,193672.0,43.6,32.52645
213.4,8.288,1.2,-76.0,192240.0,45.6,30.69246
224.8,8.288,1.2,-84.0,193628.0,45.6,30.60666
3.4188,7.1598,189.4733,-77.5063,194054.2761,43.7765,31.6051
216.6,8.28,1.2,-76.0,193676.0,41.6,30.69246
0.6357,7.832,191.0147,-78.59,194056.1087,43.5489,31.853
4.694,7.6404,189.2403,-77.7495,194055.0938,43.5971,31.6578
4.8921,7.6145,190.6611,-78.6356,194055.4659,43.6679,31.6494
219.5,8.264,1.2,-84.0,193672.0,45.6,30.64956
3.8204,7.5222,189.6659,-77.8112,194057.7346,43.602,31.6641
223.8,8.296,1.2,-82.0,193672.0,42.6,31.49684
2.5073,7.0347,189.2849,-77.638,194055.87,43.7627,31.8295
2.216,7.3608,193.4088,-76.9066,194057.0818,43.6829,31.8308
225.4,8.288,1.2,-66.0,193672.0,43.6,32.22615
227.1,8.288,1.2,-64.0,193672.0,43.6,32.06527
2.06,7.9697,190.1218,-77.024,194054.9467,43.5793,31.7134
0.3696,7.4641,188.6104,-76.6627,194056.0818,43.7088,31.5555
2.4265,7.8147,192.6365,-78.008,194054.9181,43.5937,31.7068
1.9924,7.4834,192.8131,-78.6267,194056.7613,43.6045,31.8019
3.623,7.7319,182.7375,-77.6376,194057.0696,43.6315,31.5727
223.1,8.288,1.2,-88.0,193624.0,44.6,30.58521
229.4,8.288,1.2,-76.0,193676.0,41.6,30.92841
3.8528,7.2101,188.3126,-77.6445,194056.4874,43.5985,31.7434
0.3599,7.9289,188.2082,-78.1275,194055.7678,43.461,31.9433
226.4,8.288,1.2,-74.0,193676.0,42.6,31.68989
1.3258,7.9786,190.6123,-77.8342,194056.9615,43.7007,31.7567
2.3113,7.9821,191.4506,-77.8258,194057.0264,43.4959,31.7006
221.5,8.28,1.2,-76.0,193620.0,42.6,31.15364
1.6122,7.8307,188.4203,-77.3659,194057.3391,43.3762,31.7397
1.0376,7.6393,189.2978,-76.9068,194054.5996,43.5008,31.6321
213.6,8.288,1.2,-85.0,193672.0,44.6,30.69246
228.9,8.288,1.2,-72.0,193676.0,43.6,32.35485
2.6835,7.8497,191.4574,-77.388,194057.6399,43.7213,31.6359
3.7873,7.4845,190.1849,-77.576,194056.77,43.6442,31.9021
4.8448,7.8598,189.6233,-76.7351,194055.471,43.747,31.5846
0.5527,7.2166,191.011,-78.1226,194056.928,43.4085,31.7601
215.4,8.288,1.2,-80.0,193676.0,43.6,30.71391
4.0051,7.3379,187.0514,-77.6995,194055.1072,43.5782,31.6727
217.4,8.144,-197.2,-71.0,194056.0,43.6,32.78385
3.397,7.4776,190.1041,-78.5463,194053.9492,43.6578,31.7502
227.5,8.296,1.2,-65.0,191192.0,43.6,32.03309
225.5,8.288,1.2,-65.0,193676.0,44.6,32.96618
215.9,8.136,-183.2,-79.0,194056.0,43.6,32.81602
4.7325,7.085,190.825,-78.2065,194058.3024,43.5796,31.828
3.5049,7.84,190.2911,-77.5792,194055.7569,43.7207,31.8009
226.3,8.288,1.2,-77.0,193672.0,42.6,32.00092
2.7477,7.0186,189.4493,-77.9748,194056.4813,43.3762,31.6086
224.8,8.288,1.2,-64.0,193672.0,43.6,32.10817
3.9463,7.3807,190.6925,-77.684,194056.1612,43.4945,31.6236
223.6,8.288,1.2,-65.0,193672.0,43.6,32.4192
0.6501,7.1997,187.3825,-77.6637,194058.5411,43.5985,31.6834
229.6,8.288,1.2,-76.0,193628.0,42.6,32.05454
3.2335,7.6504,191.4953,-79.0327,194056.3577,43.6256,31.6278
2.1603,7.0581,192.4346,-78.1982,194056.7232,43.7245,31.649
227.0,8.288,1.2,-65.0,193672.0,43.6,32.44065
225.2,8.288,1.2,-65.0,193672.0,43.6,32.09744
0.555,7.133,187.5422,-78.3512,194055.3728,43.5261,31.8002
1.6538,7.988,189.1232,-77.4714,194056.0158,43.602,31.9598
225.9,8.288,1.2,-83.0,193672.0,42.6,31.22871
221.8,8.152,-233.6,-73.0,194064.0,43.6,32.6337
2.1236,7.908,189.4072,-78.5124,194055.0763,43.5991,31.8154
1.5351,7.442,191.7113,-77.6282,194054.4554,43.4705,31.6232
223.4,8.288,1.2,-74.0,193672.0,42.6,31.92584
218.1,8.112,-229.2,-74.0,194064.0,43.6,32.16179
2.5445,7.2911,189.0745,-78.5723,194056.9664,43.5268,31.6568
221.6,8.288,1.2,-65.0,193676.0,43.6,32.88037
3.222,7.9002,188.4751,-77.9784,194057.3099,43.4658,31.8506
0.199,7.0098,191.2077,-77.3538,194057.6343,43.6811,31.7096
221.2,8.288,1.2,-76.0,193672.0,41.6,30.89623
229.1,8.152,-86.39999,-68.0,192092.0,44.6,33.05198
226.6,8.288,1.2,-74.0,193672.0,43.6,32.21542
2.592,7.0726,187.9559,-77.5989,194055.933,43.4518,31.854
223.0,8.28,1.2,-79.0,193676.0,41.6,30.89623
0.0076,7.0672,188.2029,-78.3303,194056.2662,43.6787,31.7816
1.7477,7.4953,188.5823,-77.8107,194055.4921,43.6938,31.7439
0.5733,7.1446,191.944,-78.3175,194057.1213,43.576,31.7998
4.1943,7.5465,190.936,-77.9325,194055.1647,43.5133,31.6716
3.6772,7.3715,185.4947,-77.9683,194056.2401,43.6441,31.795
224.7,8.288,1.2,-68.0,193672.0,43.6,32.22615
223.8,8.288,1.2,-65.0,193672.0,43.6,32.69805
219.8,8.28,1.2,-73.0,193624.0,41.6,30.89623
1.7107,7.0752,189.3053,-78.0293,194056.1263,43.6428,31.759
229.0,8.152,-97.6,-69.0,193676.0,43.6,33.0198
4.1772,7.5482,186.9303,-78.6398,194054.3705,43.5933,31.771
2.5097,7.547,188.2387,-77.5448,194056.6646,43.5447,31.5511
3.5043,7.3093,191.6758,-77.8796,194055.7276,43.6263,31.6713
228.8,8.16,-96.4,-69.0,193676.0,43.6,33.05198
1.8809,7.855,190.8193,-77.213,194055.683,43.5171,31.5026
219.4,8.288,1.2,-85.0,193672.0,41.6,30.83188
4.4265,7.4488,187.6912,-78.1332,194057.5857,43.669,31.6394
3.9836,7.7798,191.339,-77.6997,194055.7992,43.6247,31.6709
2.2249,7.6166,191.6628,-77.7654,194055.6489,43.45,31.6049
0.6624,7.2425,189.2076,-77.5077,194055.5476,43.5874,31.6082
228.0,8.288,1.2,-81.0,193672.0,43.6,31.89367
227.5,8.288,1.2,-76.0,193672.0,43.6,31.96874
225.7,8.288,1.2,-75.0,193676.0,42.6,31.76497
0.6242,7.2128,192.9997,-77.1966,194057.1274,43.5741,31.6195
226.1,8.288,1.2,-75.0,193656.0,42.6,31.51829
225.5,8.288,1.2,-74.0,193672.0,41.6,30.91768
223.3,8.288,1.2,-76.0,193628.0,44.6,30.5423
224.0,8.28,1.2,-68.0,193672.0,43.6,32.18324
225.6,8.288,1.2,-74.0,193676.0,42.6,31.43249
226.7,8.288,1.2,-76.0,193676.0,42.6,31.61481
1.8541,7.8311,190.9253,-77.7356,194056.6753,43.5007,31.7403
217.1,8.128,-231.6,-81.0,194056.0,43.6,32.42992
225.2,8.288,1.2,-65.0,193672.0,43.6,32.09744
3.7828,7.6369,190.006,-77.8091,194054.4764,43.53,31.5611
1.1885,7.4423,189.1673,-77.6115,194056.3164,43.3513,31.8102
2.2756,7.995,189.4934,-77.6298,194056.9107,43.5433,31.7953
2.1034,7.7465,189.2665,-78.7592,194055.5984,43.7102,31.7411
214.5,8.288,1.2,-79.0,193676.0,41.6,30.85333
0.2585,7.824,190.9254,-78.2589,194056.3258,43.5945,31.6347
3.5178,7.5409,190.5108,-77.5528,194057.8818,43.5571,31.7833
3.9821,7.0482,190.1776,-77.6039,194055.9568,43.6559,31.7076
2.5502,7.9092,190.653,-78.5837,194055.4319,43.6437,31.6236
2.2979,7.8113,192.0195,-78.213,194057.0095,43.4117,31.7356
227.5,8.288,1.2,-75.0,193676.0,41.6,30.76753
3.6785,7.246,191.4218,-77.6975,194054.5006,43.4599,31.7799
225.5,8.296,1.2,-70.0,192100.0,43.6,32.40847
2.0411,7.6643,190.0363,-78.8594,194056.7393,43.7376,31.5885
224.9,8.288,1.2,-84.0,193672.0,42.6,31.14291
4.9025,7.0272,189.4747,-77.7643,194056.9772,43.6561,31.5514
4.2359,7.2168,189.4525,-78.0259,194055.7578,43.5711,31.5329
223.3,8.288,1.2,-65.0,193672.0,43.6,32.62297
3.3149,7.5713,186.5094,-77.8836,194055.8202,43.3484,31.672
1.1838,7.3254,192.7914,-78.0369,194056.7835,43.5091,31.8473
4.7472,7.067,190.6634,-78.4811,194057.3571,43.6102,31.507
2.7563,7.8369,191.7518,-78.5818,194055.7055,43.6769,31.6536
2.8705,7.4199,190.4154,-77.7927,194054.7945,43.2838,31.813
0.2816,7.1222,188.6669,-77.4574,194055.9748,43.7062,31.7045
224.1,8.288,1.2,-81.0,193672.0,42.6,31.08928
3.3001,7.7928,190.0701,-78.5234,194056.447,43.5821,31.7655
4.7471,7.2948,187.2672,-78.1082,194056.8563,43.6246,31.7131
1.8389,7.3515,188.5834,-77.6101,194056.3096,43.4983,31.7252
0.3566,7.8429,191.0762,-77.3571,194054.987,43.6498,31.8243
3.3751,7.6957,189.7659,-77.0114,194055.7803,43.6657,31.6472
3.7463,7.4065,187.5038,-78.0395,194056.8636,43.8092,31.811
226.8,8.288,1.2,-77.0,193656.0,41.6,30.77826
218.1,8.288,1.2,-90.0,193672.0,44.6,30.66028
1.7618,7.5219,191.443,-78.7734,194056.0313,43.5685,31.8736
228.8,8.288,1.2,-75.0,193672.0,43.6,32.09744
1.615,7.676,191.8694,-78.7717,194055.9184,43.5068,31.6058
1.1854,7.0697,188.967,-76.8596,194056.7881,43.7888,31.7194
224.1,8.28,1.2,-76.0,193672.0,41.6,30.85333
0.7328,7.142,193.4581,-77.4224,194057.1755,43.3823,31.7117
215.8,8.128,-230.8,-79.0,194064.0,43.6,32.47282
2.6486,7.7842,194.5661,-78.7305,194054.7288,43.6184,31.7076
4.3635,7.0883,189.4811,-79.0343,194056.0561,43.5959,31.616
221.0,8.28,1.2,-74.0,193676.0,41.6,30.90696
226.4,8.28,1.2,-72.0,193672.0,42.6,32.12962
2.9414,7.4963,188.2233,-77.1145,194054.8745,43.4481,31.8143
223.7,8.28,1.2,-75.0,193672.0,41.6,30.88551
226.5,8.288,1.2,-66.0,193672.0,42.6,32.05454
2.2051,7.5011,191.9898,-77.4468,194054.9353,43.5232,31.5292
220.1,8.12,-158.8,-64.0,194044.0,43.6,32.77312
2.5586,7.7016,186.9148,-79.0344,194054.2412,43.6208,31.7134
2.013,7.2488,190.37,-78.0365,194054.7383,43.5292,31.6422
3.435,7.3619,189.185,-78.4291,194055.888,43.5813,31.8657
3.63,7.2804,190.4119,-78.2227,194053.8253,43.6756,31.8095
0.3098,7.7263,188.7023,-77.5743,194055.1849,43.5041,31.6795
3.196,7.5831,190.1786,-76.9484,194055.2494,43.8075,31.789
218.9,8.288,1.2,-73.0,193676.0,43.6,30.69246
225.1,8.288,1.2,-79.0,193672.0,43.6,31.95802
228.2,8.288,1.2,-70.0,193676.0,43.6,32.14034
226.7,8.288,1.2,-76.0,193672.0,42.6,31.99019
4.1304,7.9554,186.4164,-77.6878,194055.6664,43.746,31.757
223.6,8.288,1.2,-74.0,193672.0,43.6,32.32267
218.2,8.288,1.2,-82.0,193672.0,44.6,30.66028
214.8,8.288,1.2,-77.0,193676.0,41.6,30.82116
4.0054,7.0941,189.4632,-78.0219,194058.1113,43.7392,31.7412
224.8,8.288,1.2,-74.0,193672.0,43.6,32.21542
222.6,8.12,-138.4,-77.0,193692.0,44.6,32.75167
3.8539,7.9482,190.2132,-77.6055,194057.0196,43.601,31.6517
224.0,8.288,1.2,-78.0,192104.0,41.6,30.93913
0.9727,7.2282,188.7715,-78.7724,194055.0654,43.4955,31.8758
0.6842,7.3597,193.2711,-77.18,194055.6099,43.4955,31.6765
3.2024,7.0364,187.4879,-78.0975,194056.5087,43.6311,31.8575
222.9,8.288,1.2,-78.0,193620.0,42.6,30.99276
220.1,8.288,1.2,-73.0,193672.0,42.6,31.15364
4.755,7.9721,187.4866,-78.1779,194057.0746,43.4656,31.6022
4.3093,7.5143,191.6157,-77.4196,194055.1676,43.512,31.5764
224.2,8.288,1.2,-63.0,193672.0,43.6,32.73022
2.9809,7.4283,191.7238,-77.1979,194055.7141,43.5649,31.7537
227.5,8.288,1.2,-71.0,193676.0,43.6,32.14034
3.6711,7.4173,194.5379,-78.5088,194055.73,43.5196,31.5163
229.4,8.288,1.2,-77.0,193676.0,41.6,30.92841
3.9435,7.5886,188.61,-77.3548,194055.2611,43.6474,31.6213
0.2214,7.2993,191.1818,-77.6954,194055.6734,43.4283,31.6932
226.3,8.288,1.2,-76.0,193676.0,41.6,30.76753
3.1496,7.7905,189.6394,-78.0869,194057.4459,43.7428,31.7013
221.0,8.16,-219.2,-70.0,194056.0,43.6,32.78385
225.0,8.288,1.2,-69.0,193676.0,43.6,32.82675
220.5,8.288,1.2,-74.0,193676.0,41.6,30.90696
2.3737,7.5616,191.3401,-77.6272,194057.0292,43.5236,31.4842
3.898,7.4716,189.2304,-77.3356,194055.864,43.5418,31.6589
4.4475,7.315,187.2875,-78.6039,194056.8408,43.6148,31.852
228.1,8.288,1.2,-84.0,193676.0,44.6,30.53158
218.9,8.28,1.2,-82.0,193816.0,44.6,30.57448
222.7,8.288,1.2,-78.0,193676.0,42.6,31.66844
224.1,8.288,1.2,-78.0,193672.0,41.6,30.82116
3.2964,7.9952,189.6912,-77.9405,194056.1614,43.6948,31.9965
220.4,8.12,-137.6,-74.0,193684.0,43.6,32.78385
213.0,8.288,1.2,-81.0,193676.0,44.6,30.72463
1.752,7.6857,191.531,-78.1804,194056.5461,43.6647,31.802
0.5376,7.2134,193.7046,-78.2888,194056.6524,43.6417,31.7297
225.8,8.288,1.2,-75.0,193676.0,42.6,31.42176
226.3,8.288,1.2,-66.0,193672.0,43.6,32.3763
3.4521,7.9338,188.9667,-78.2338,194055.742,43.6168,31.7977
4.5942,7.916,188.6051,-78.2657,194054.6394,43.6278,31.7441
222.5,8.288,1.2,-91.0,193676.0,42.6,31.38959
0.6762,7.8896,188.375,-77.9695,194056.9102,43.5775,31.7129
223.2,8.288,1.2,-84.0,193672.0,44.6,30.67101
225.2,8.288,1.2,-86.0,193676.0,44.6,30.60666
225.5,8.288,1.2,-75.0,193676.0,41.6,30.76753
4.69,7.3991,187.9623,-77.9112,194056.862,43.5211,31.7261
0.1225,7.5527,190.3963,-78.1695,194057.9677,43.7658,31.6615
3.4389,7.6086,187.4001,-77.907,194055.6067,43.6188,31.7588
0.2548,7.8423,188.0346,-78.1919,194056.4172,43.7626,31.5916
3.2525,7.0204,189.2389,-78.2374,194054.9652,43.6327,31.806
226.6,8.28,1.2,-76.0,193672.0,42.6,31.37886
4.4033,7.25,192.3635,-77.5267,194055.6045,43.5135,31.7274
223.4,8.288,1.2,-69.0,193672.0,43.6,32.6337
226.4,8.288,1.2,-72.0,193672.0,42.6,32.12962
3.1949,7.7059,192.4637,-78.5146,194058.1412,43.6087,31.7779
1.8442,7.2666,190.2009,-78.2207,194057.0012,43.7526,31.6941
217.3,8.144,-195.6,-78.0,194056.0,43.6,32.8053
2.4175,7.3748,190.7789,-78.4748,194055.4755,43.5252,31.8083
2.7088,7.5425,190.2838,-78.0016,194057.6737,43.5677,31.7092
229.3,8.288,1.2,-82.0,191140.0,43.6,31.95802
225.8,8.28,1.2,-75.0,193672.0,43.6,32.19397
4.3283,7.6354,191.2225,-77.1479,194055.4137,43.5441,31.5811
1.567,7.1277,190.794,-77.6261,194056.2412,43.3659,31.6924
219.3,8.12,-130.4,-67.0,193692.0,43.6,32.81602
226.0,8.288,1.2,-74.0,193672.0,43.6,32.21542
222.8,8.12,-140.0,-59.0,193692.0,43.6,32.78385
224.7,8.288,1.2,-73.0,193672.0,42.6,31.93657
2.5561,7.4639,190.0375,-77.6306,194058.4012,43.6794,31.6639
225.8,8.288,1.2,-80.0,193672.0,42.6,31.94729
0.729,7.717,190.2137,-77.4014,194056.7517,43.6711,31.7048
3.4471,7.9079,190.4883,-77.7747,194055.3752,43.7373,31.6506
220.5,8.16,-215.6,-69.0,194056.0,43.6,32.78385
224.5,8.288,1.2,-66.0,193672.0,43.6,32.19397
229.9,8.288,1.2,-72.0,193672.0,42.6,31.95802
0.6904,7.0722,190.3058,-78.2513,194058.1286,43.535,31.7464
1.2003,7.4685,189.7805,-78.1601,194056.7214,43.4651,31.7099
2.9133,7.7142,188.8323,-77.4317,194055.4314,43.7063,31.9304
1.635,7.1823,192.7033,-78.0302,194056.9415,43.4569,31.7248
1.4811,7.8963,191.0633,-78.6347,194055.6265,43.4643,31.644
3.171,7.6458,189.4036,-77.3344,194054.8442,43.6478,31.6695
221.8,8.28,1.2,-74.0,192104.0,41.6,30.96058
223.2,8.288,1.2,-87.0,193676.0,43.6,30.59593
3.0339,7.9097,187.5831,-78.5952,194055.1711,43.6219,31.6598
1.3262,7.7046,191.8211,-77.5475,194055.2571,43.6682,31.5745
221.3,8.288,1.2,-65.0,193672.0,43.6,32.4192
3.3555,7.419,193.5572,-77.638,194056.5763,43.477,31.6942
229.4,8.288,1.2,-75.0,193676.0,42.6,31.99019
220.0,8.168,-232.4,-71.0,194056.0,43.6,32.7195
4.2888,7.4611,190.4034,-77.6009,194055.4102,43.4407,31.6694
220.7,8.144,-233.6,-72.0,194056.0,44.6,32.60152
223.6,8.288,1.2,-85.0,193672.0,42.6,31.05711
3.7147,7.2717,190.0222,-78.1985,194056.1998,43.6623,31.8365
219.2,8.296,1.2,-79.0,193676.0,42.6,31.05711
222.1,8.288,1.2,-73.0,193672.0,41.6,30.85333
223.1,8.28,1.2,-72.0,193672.0,43.6,32.60152
1.2691,7.853,193.5365,-77.5014,194056.16,43.5685,31.6742
216.4,8.28,1.2,-84.0,193676.0,42.6,30.69246
229.0,8.28,1.2,-81.0,193676.0,42.6,31.85077
230.9,8.28,1.2,-74.0,193672.0,42.6,31.95802
3.8577,7.6581,195.2125,-77.401,194056.2523,43.5666,31.7955
220.2,8.12,-153.6,-65.0,194056.0,43.6,32.77312
4.9478,7.9958,190.8564,-78.3342,194056.9081,43.5363,31.7525
224.0,8.288,1.2,-77.0,193672.0,41.6,30.84261
220.3,8.288,1.2,-75.0,193676.0,42.6,30.64956
4.9882,7.8298,190.8983,-77.9603,194055.681,43.626,31.5791
221.2,8.28,1.2,-82.0,193676.0,42.6,31.58264
227.0,8.288,1.2,-76.0,193676.0,41.6,30.96058
4.684,7.8753,194.4989,-77.8507,194055.3079,43.4661,31.6479
228.8,8.288,1.2,-83.0,193676.0,42.6,31.89367
4.367,7.6068,189.7929,-78.162,194056.8489,43.7029,31.7202
4.0235,7.652,188.2098,-77.4574,194057.5242,43.4203,31.7339
1.185,7.661,190.0786,-78.2314,194055.0322,43.7999,31.6899
0.93,7.5455,192.5796,-77.2777,194054.6685,43.6246,31.5852
226.2,8.288,1.2,-78.0,193676.0,42.6,31.17509
3.1814,7.8123,188.7193,-77.7865,194057.223,43.569,31.4597
225.1,8.288,1.2,-78.0,193672.0,43.6,31.99019
228.0,8.176,-97.2,-69.0,193676.0,44.6,33.03053
0.143,7.2567,189.0347,-77.4096,194055.3987,43.491,31.7989
229.5,8.288,1.2,-72.0,193676.0,43.6,32.36557
229.5,8.288,1.2,-75.0,193672.0,43.6,32.02237
3.7815,7.8269,190.032,-78.2145,194057.4995,43.7127,31.8409
3.4235,7.4076,190.1171,-78.8077,194056.4294,43.6913,31.6144
4.7512,7.0115,184.9583,-77.8683,194058.273,43.6731,31.559
0.1933,7.3364,192.6524,-78.1145,194057.2414,43.532,31.6717
223.8,8.288,1.2,-77.0,193672.0,42.6,32.01164
226.1,8.28,1.2,-78.0,193676.0,41.6,30.78898
223.6,8.296,1.2,-69.0,192092.0,43.6,33.08415
229.1,8.288,1.2,-73.0,193676.0,43.6,32.36557
227.0,8.288,1.2,-73.0,193672.0,43.6,32.09744
224.7,8.12,-116.4,-71.0,193676.0,43.6,32.79457
228.3,8.288,1.2,-74.0,193672.0,43.6,32.2476
228.6,8.28,1.2,-68.0,193676.0,44.6,32.95545
2.834,7.534,186.8155,-77.1024,194054.7396,43.8857,31.6924
221.6,8.288,1.2,-80.0,193672.0,45.6,30.67101
225.3,8.144,-102.8,-72.0,193676.0,44.6,32.95545
4.2419,7.4344,187.6786,-78.0195,194055.8153,43.4689,31.6997
4.9168,7.5795,193.4083,-78.318,194054.8967,43.577,31.8206
226.3,8.296,1.2,-76.0,193676.0,42.6,30.90696
1.0056,7.1783,190.6657,-76.8882,194058.2558,43.4708,31.5627
224.5,8.288,1.2,-79.0,193672.0,43.6,32.21542
227.8,8.144,-104.4,-70.0,193676.0,43.6,32.90182
218.2,8.288,1.2,-80.0,193624.0,46.6,30.70318
2.1729,7.4781,192.4185,-78.4883,194057.4577,43.7463,31.6704
225.6,8.288,1.2,-81.0,193672.0,42.6,31.22871
225.5,8.288,1.2,-74.0,193676.0,41.6,30.92841
227.6,8.288,1.2,-73.0,193672.0,43.6,32.11889
3.9018,7.9371,190.3695,-77.6806,194054.2254,43.7967,31.657
1.8418,7.1594,191.9665,-77.7078,194055.5091,43.7395,31.6841
4.8192,7.3394,189.7777,-77.8778,194054.3005,43.57,31.7485
0.3791,7.9575,190.254,-77.8105,194057.0853,43.5506,31.5559
3.1584,7.5022,189.1694,-78.2126,194056.6212,43.5125,31.6762
223.6,8.288,1.2,-78.0,193676.0,42.6,31.02493
1.5564,7.4048,190.4243,-77.5308,194056.4247,43.7607,31.6577
226.4,8.288,1.2,-67.0,193672.0,43.6,32.35485
227.0,8.288,1.2,-74.0,193672.0,43.6,32.3334
216.5,8.288,1.2,-78.0,193672.0,44.6,30.67101
229.3,8.288,1.2,-76.0,193676.0,42.6,32.03309
222.6,8.288,1.2,-83.0,193676.0,42.6,31.65771
1.7129,7.1578,192.0232,-78.1047,194056.8197,43.7143,31.7612
223.9,8.288,1.2,-79.0,193676.0,41.6,30.94986
3.192,7.4577,192.0137,-78.0381,194057.1128,43.711,31.8002
3.643,7.382,188.9539,-77.9044,194054.8009,43.6863,31.7133
225.8,8.288,1.2,-74.0,193672.0,43.6,32.2047
229.3,8.28,1.2,-73.0,193676.0,43.6,32.38702
222.5,8.288,1.2,-75.0,193676.0,42.6,30.84261
0.666,7.5327,188.1556,-78.0486,194055.8734,43.4625,31.5917
230.6,8.288,1.2,-66.0,193676.0,44.6,33.05198
3.8106,7.537,190.0858,-77.7834,194056.5381,43.503,31.7698
228.4,8.288,1.2,-83.0,193676.0,44.6,30.5423
219.0,8.12,-158.8,-63.0,194056.0,43.6,32.74095
225.8,8.288,1.2,-73.0,193676.0,42.6,31.59336
2.6862,7.0671,186.0861,-78.5723,194057.176,43.579,31.7733
222.2,8.128,-163.2,-62.0,193692.0,43.6,32.7624
219.6,8.168,-232.4,-70.0,194056.0,43.6,32.75167
222.7,8.288,1.2,-80.0,193676.0,41.6,30.93913
3.3219,7.4301,189.2219,-78.6171,194057.53,43.5919,31.5049
3.2799,7.6927,188.4277,-78.28,194056.9906,43.6923,31.7429
221.6,8.288,1.2,-64.0,193672.0,43.6,32.56935
229.8,8.168,-97.2,-67.0,193676.0,44.6,33.08415
223.3,8.288,1.2,-73.0,193672.0,43.6,31.91512
1.9153,7.6611,188.5193,-78.0218,194056.0186,43.5921,31.7285
222.9,8.288,1.2,-87.0,193676.0,42.6,31.33596
221.3,8.288,1.2,-85.0,193676.0,43.6,30.60666
220.9,8.28,1.2,-79.0,193672.0,42.6,31.11073
224.0,8.288,1.2,-64.0,193672.0,43.6,32.5908
222.8,8.28,1.2,-78.0,193672.0,42.6,31.10001
222.7,8.12,-150.0,-63.0,193692.0,43.6,32.7624
3.0493,7.1909,188.6233,-78.0318,194054.5962,43.687,31.6457
224.2,8.288,1.2,-77.0,193620.0,43.6,31.46466
3.7145,7.5183,195.2622,-78.8669,194056.7751,43.5269,31.74
3.2232,7.6825,189.2984,-77.1344,194054.8004,43.5825,31.773
219.9,8.288,1.2,-73.0,193676.0,41.6,30.91768
222.7,8.288,1.2,-78.0,193676.0,41.6,30.92841
223.4,8.288,1.2,-82.0,193676.0,43.6,31.34669
1.3516,7.4569,189.6287,-78.1485,194056.1404,43.7616,31.665
1.9074,7.9775,188.644,-78.468,194056.0318,43.6141,31.7149
227.0,8.288,1.2,-76.0,193676.0,42.6,31.59336
222.3,8.144,-104.8,-72.0,193676.0,44.6,32.934
224.6,8.128,-116.0,-62.0,193676.0,43.6,32.8911
226.3,8.288,1.2,-81.0,193656.0,42.6,31.51829
227.5,8.176,-98.0,-70.0,193676.0,43.6,33.1485
4.5684,7.1491,187.1082,-77.6557,194054.6341,43.667,31.6983
4.8311,7.3611,191.9696,-77.4681,194055.8522,43.566,31.6873
0.2583,7.2621,193.0526,-78.7175,194056.7418,43.5847,31.4421
223.9,8.288,1.2,-79.0,193672.0,42.6,31.49684
2.2334,7.1829,189.4655,-77.7906,194056.5889,43.6095,32.0003
3.8171,7.2152,189.2956,-78.4134,194056.4369,43.6323,31.358
228.1,8.152,-97.2,-68.0,193676.0,44.6,33.0627
230.2,8.176,-97.2,-68.0,193676.0,43.6,33.12705
4.3601,7.3377,191.5295,-77.6691,194054.9797,43.6568,31.8045
1.5634,7.3511,190.4016,-79.0686,194055.6421,43.5693,31.6853
225.5,8.288,1.2,-79.0,193676.0,42.6,31.06783
4.658,7.0913,190.0226,-78.9006,194054.9846,43.767,31.7267
4.65,7.2519,189.7606,-77.588,194055.4753,43.6138,31.692
2.8414,7.1102,186.9102,-77.3789,194056.8057,43.3255,31.7447
3.3453,7.8674,190.4271,-77.2697,194057.0755,43.669,31.6785
1.461,7.2384,190.1328,-77.9614,194053.4338,43.7001,31.8007
3.6683,7.1909,192.274,-77.5348,194055.2897,43.5934,31.7032
0.8316,7.348,190.1555,-78.1458,194056.4133,43.6478,31.4866
214.6,8.288,1.2,-81.0,193676.0,41.6,30.79971
4.7883,7.8121,190.7123,-77.8315,194055.8648,43.7868,31.7526
224.1,8.144,-108.4,-71.0,193676.0,43.6,32.94473
0.3651,7.9565,186.8057,-78.6691,194056.1169,43.6549,31.6669
0.9158,7.2142,188.7898,-77.3661,194056.5231,43.6736,31.7176
228.0,8.296,1.2,-68.0,193676.0,44.6,32.9769
0.5479,7.722,189.3582,-77.5376,194055.5335,43.7471,31.6494
4.8483,7.8731,194.1258,-77.9608,194054.0112,43.7749,31.5023
223.7,8.288,1.2,-72.0,193672.0,42.6,31.97947
221.7,8.288,1.2,-65.0,193672.0,43.6,32.39775
216.7,8.288,1.2,-82.0,193676.0,41.6,30.83188
225.8,8.288,1.2,-82.0,193672.0,42.6,31.34669
1.6387,7.9523,190.2315,-78.1446,194055.1026,43.636,31.8472
222.7,8.288,1.2,-76.0,193672.0,41.6,30.89623
229.7,8.168,-97.2,-68.0,193676.0,43.6,33.09488
222.0,8.296,1.2,-83.0,192104.0,42.6,31.67916
225.4,8.288,1.2,-81.0,193672.0,42.6,31.22871
220.8,8.12,-139.2,-71.0,193684.0,43.6,32.77312
226.1,8.288,1.2,-63.0,193620.0,42.6,32.44065
229.8,8.176,-97.2,-69.0,193676.0,44.6,33.08415
220.4,8.16,-222.4,-72.0,194056.0,43.6,32.79457
220.8,8.144,-109.2,-74.0,193676.0,43.6,32.94473
226.3,8.288,1.2,-76.0,193672.0,42.6,31.79714
2.1615,7.1718,188.3324,-77.9445,194056.0999,43.6042,31.6764
225.2,8.288,1.2,-77.0,193676.0,42.6,31.59336
2.7018,7.042,191.7828,-77.3779,194056.0761,43.5115,31.727
227.0,8.288,1.2,-82.0,193672.0,42.6,31.38959
1.7273,7.8399,191.8032,-78.1537,194057.2733,43.4757,31.7606
224.5,8.288,1.2,-73.0,193672.0,42.6,31.93657
4.1989,7.4871,190.8822,-77.5867,194056.1504,43.5408,31.4032
222.9,8.152,-233.6,-75.0,194056.0,43.6,32.62297
222.8,8.288,1.2,-88.0,193676.0,42.6,31.35741
227.2,8.28,1.2,-76.0,193676.0,44.6,30.53158
1.9457,7.9319,188.1746,-77.6815,194057.2508,43.6907,31.6332
2.5302,7.8838,188.4016,-77.7526,194056.2643,43.6074,31.7769
225.2,8.288,1.2,-74.0,193672.0,43.6,32.39775
4.304,7.3043,191.9088,-77.4801,194055.8093,43.7402,31.5992
228.5,8.288,1.2,-68.0,193676.0,43.6,32.99835
228.5,8.296,1.2,-67.0,193676.0,43.6,32.98763
0.7814,7.4485,186.7583,-77.6615,194056.3723,43.768,31.6722
1.023,7.6581,188.4625,-78.1488,194055.0492,43.6005,31.7497
227.6,8.288,1.2,-78.0,193676.0,41.6,30.92841
4.4076,7.6792,190.0947,-77.8927,194057.3622,43.5828,31.8443
220.7,8.152,-206.8,-70.0,194056.0,43.6,32.79457
2.9205,7.6532,188.7666,-78.0412,194057.4003,43.5981,31.9166
3.9911,7.5712,192.372,-77.7646,194056.3089,43.4914,31.5662
0.2069,7.2227,191.0722,-77.7161,194057.5728,43.512,31.7091
2.4627,7.1585,187.8883,-77.0836,194056.5251,43.6793,31.8226
228.6,8.144,-103.6,-66.0,193676.0,44.6,33.12705
227.5,8.288,1.2,-79.0,193672.0,42.6,32.00092
3.6592,7.5326,187.4643,-77.7879,194055.7687,43.5007,31.7256
2.5065,7.3541,187.2477,-77.6741,194055.538,43.5088,31.6434
4.6312,7.6908,190.0058,-77.9111,194057.1308,43.3815,31.6888
4.0792,7.1685,187.2685,-77.2178,194054.6295,43.3592,31.5866
221.9,8.288,1.2,-64.0,193672.0,43.6,32.47282
4.107,7.9808,186.6048,-77.9039,194055.8332,43.61,31.6717
221.0,8.288,1.2,-76.0,193672.0,42.6,31.12146
226.1,8.288,1.2,-80.0,193672.0,42.6,31.96874
227.7,8.288,1.2,-72.0,193672.0,43.6,32.31195
4.3245,7.2487,191.3075,-77.512,194057.5817,43.7081,31.6826
3.7217,7.2348,189.2989,-78.3511,194056.6154,43.5129,31.582
2.7495,7.9197,187.6447,-78.4398,194054.3137,43.7033,31.7973
226.5,8.288,1.2,-76.0,193676.0,43.6,31.76497
0.3775,7.6221,189.3557,-78.8122,194055.8732,43.5406,31.5879
222.6,8.12,-142.0,-77.0,193692.0,43.6,32.75167
223.7,8.288,1.2,-82.0,193672.0,42.6,31.46466
216.4,8.136,-183.6,-81.0,194056.0,43.6,32.79457
0.445,7.8707,189.6977,-77.9232,194054.6185,43.609,31.7897
1.7885,7.679,190.412,-78.1803,194056.5562,43.7259,31.6008
2.2531,7.7474,190.3174,-77.9042,194056.0538,43.7176,31.9868
4.5505,7.5714,192.982,-78.424,194055.1894,43.6358,31.7088
0.402,7.5166,189.9705,-78.5303,194056.7444,43.5969,31.719
3.8031,7.5177,191.2988,-77.6437,194056.131,43.4029,31.832
1.4167,7.1278,191.8066,-77.5688,194055.7966,43.5888,31.5538
220.1,8.28,1.2,-89.0,193668.0,44.6,30.69246
224.8,8.288,1.2,-77.0,193672.0,42.6,31.96874
225.1,8.288,1.2,-74.0,193672.0,43.6,32.32267
224.6,8.288,1.2,-79.0,193672.0,43.6,32.19397
229.1,8.288,1.2,-81.0,193676.0,42.6,31.88294
226.9,8.288,1.2,-76.0,193676.0,41.6,30.91768
221.0,8.28,1.2,-73.0,193676.0,41.6,30.91768
218.0,8.128,-230.0,-77.0,194056.0,43.6,32.36557
2.5087,7.021,190.4591,-77.6165,194056.3371,43.6027,31.5797
1.3751,7.289,191.1765,-78.5389,194057.0615,43.6616,31.8193
4.3972,7.4645,190.5709,-77.7316,194056.0705,43.4998,31.6958
2.4025,7.5194,191.4839,-77.6456,194058.0408,43.3942,31.6307
3.5983,7.7535,190.0216,-78.2798,194056.2833,43.6005,31.7929
2.9907,7.3965,187.8938,-77.6784,194054.741,43.5773,31.6754
0.4854,7.5819,192.8748,-77.7095,194055.0354,43.3855,31.7804
216.4,8.112,-229.6,-78.0,194064.0,43.6,32.18324
220.0,8.288,1.2,-81.0,193676.0,41.6,30.84261
2.4357,7.4964,191.2785,-78.613,194055.071,43.4209,31.7848
226.2,8.288,1.2,-80.0,191148.0,42.6,31.08928
223.6,8.288,1.2,-80.0,193672.0,42.6,31.55046
1.7947,7.1142,187.4102,-76.8009,194055.2189,43.6743,31.6806
226.4,8.288,1.2,-72.0,193672.0,43.6,32.15107
225.7,8.288,1.2,-81.0,193672.0,42.6,31.22871
0.0705,7.4494,188.9695,-78.4564,194056.3038,43.6194,31.5828
222.0,8.152,-234.0,-69.0,194064.0,43.6,32.62297
2.6907,7.1921,190.337,-77.7603,194055.7169,43.4864,31.8546
0.2398,7.4624,186.7028,-79.2003,194055.3821,43.523,31.711
212.7,8.288,1.2,-77.0,193676.0,45.6,30.69246
1.3259,7.1345,191.4299,-78.228,194054.5537,43.5879,31.6479
224.8,8.288,1.2,-65.0,193672.0,43.6,32.14034
219.1,8.288,1.2,-84.0,193672.0,41.6,30.84261
224.7,8.288,1.2,-79.0,193672.0,43.6,32.19397
216.6,8.288,1.2,-87.0,193676.0,43.6,30.70318
0.1494,7.0196,192.0434,-77.9187,194056.5045,43.8013,31.625
3.5378,7.343,192.427,-77.8547,194056.1715,43.5025,31.6874
2.6639,7.1967,190.3523,-77.7597,194054.8319,43.4773,31.7431
218.6,8.288,1.2,-78.0,193672.0,44.6,30.59593
3.36,7.8352,191.2625,-77.1833,194057.0072,43.6675,31.5837
3.7925,7.641,188.7241,-78.1225,194055.5475,43.8065,31.7629
221.0,8.264,1.2,-73.0,193672.0,44.6,30.64956
3.58,7.4229,189.2029,-77.5134,194055.907,43.6177,31.6595
3.7195,7.533,189.7825,-77.8491,194056.7731,43.6479,31.7234
225.0,8.288,1.2,-79.0,193672.0,43.6,32.00092
3.7418,7.8813,188.6442,-77.9165,194055.2921,43.6348,31.9287
1.3608,7.1573,190.444,-78.0163,194057.5594,43.5918,31.523
222.5,8.288,1.2,-76.0,193672.0,41.6,30.83188
2.0405,7.3528,189.0299,-77.1703,194057.2782,43.611,31.6594
3.3321,7.5796,188.9991,-78.3571,194055.7159,43.5575,31.7143
2.3118,7.0491,188.6844,-78.4795,194053.6526,43.581,31.8774
224.1,8.288,1.2,-83.0,193672.0,42.6,31.57191
224.6,8.288,1.2,-84.0,193676.0,41.6,30.75681
223.6,8.28,1.2,-80.0,193672.0,41.6,30.86406
220.5,8.28,1.2,-74.0,193676.0,41.6,30.90696
223.0,8.288,1.2,-74.0,193676.0,41.6,30.96058
226.0,8.288,1.2,-82.0,193672.0,42.6,31.32524
1.7048,7.0829,192.4056,-77.8701,194057.7342,43.6093,31.7011
225.3,8.288,1.2,-75.0,193672.0,43.6,32.38702
225.8,8.288,1.2,-80.0,193672.0,42.6,31.58264
227.8,8.288,1.2,-72.0,193672.0,42.6,32.16179
220.5,8.288,1.2,-84.0,193672.0,44.6,30.63883
225.4,8.288,1.2,-64.0,193672.0,43.6,32.18324
1.5514,7.5172,191.8158,-77.8982,194054.5738,43.6369,31.6276
225.4,8.136,-114.0,-77.0,193676.0,43.6,32.8911
216.7,8.152,-208.8,-71.0,194056.0,43.6,32.7624
226.2,8.288,1.2,-82.0,193656.0,42.6,31.50756
229.1,8.288,1.2,-68.0,193672.0,43.6,32.35485
2.9569,7.4719,192.3389,-77.936,194055.8906,43.6169,31.7705
1.6576,7.0862,187.9589,-77.2,194056.2924,43.4669,31.7145
229.2,8.288,1.2,-77.0,193676.0,42.6,32.02237
227.9,8.296,1.2,-70.0,192100.0,43.6,32.15107
228.2,8.28,1.2,-76.0,193672.0,42.6,32.05454
1.1954,7.772,189.3292,-77.5664,194057.682,43.839,31.8575
4.1374,7.3921,191.3506,-79.0765,194055.8439,43.594,31.7611
226.8,8.288,1.2,-80.0,193672.0,43.6,32.18324
220.3,8.12,-135.2,-74.0,193684.0,43.6,32.79457
3.5408,7.4625,187.3045,-78.059,194053.8191,43.6498,31.7067
220.5,8.288,1.2,-80.0,193676.0,42.6,31.62554
224.5,8.12,-119.6,-87.0,193676.0,43.6,32.82675
222.1,8.288,1.2,-82.0,193672.0,44.6,30.67101
225.1,8.288,1.2,-76.0,193656.0,41.6,30.73536
3.0116,7.7917,192.7605,-78.107,194055.3064,43.5453,31.6321
220.0,8.112,-155.6,-72.0,194056.0,43.6,32.7624
227.8,8.184,-97.6,-68.0,193676.0,43.6,33.11633
208.8,8.28,1.2,-79.0,193676.0,41.6,30.63883
227.6,8.288,1.2,-78.0,193672.0,43.6,32.09744
226.5,8.288,1.2,-76.0,193676.0,43.6,32.03309
3.0845,7.6404,187.0932,-78.4559,194054.1527,43.567,31.6509
1.8563,7.0663,189.2064,-78.4609,194054.4329,43.5092,31.7033
225.9,8.288,1.2,-69.0,193620.0,43.6,32.27977
3.3616,7.7975,192.8963,-77.6424,194056.3718,43.4491,31.6773
0.577,7.9235,191.6044,-77.3929,194056.9253,43.6243,31.8429
220.3,8.288,1.2,-74.0,193676.0,41.6,30.93913
3.1321,7.1356,190.2191,-78.1691,194056.8873,43.5664,31.7664
1.4453,7.7267,189.0059,-76.5242,194056.2572,43.4966,31.6998
2.1695,7.2849,192.415,-78.3907,194055.7254,43.5125,31.9745
1.2772,7.4852,189.1169,-78.1515,194055.4711,43.6576,31.7473
1.8388,7.808,184.4167,-78.1683,194055.8746,43.6041,31.5366
3.1971,7.0629,187.9357,-78.1524,194056.2795,43.5853,31.6542
225.3,8.288,1.2,-79.0,193672.0,43.6,32.2047
0.9757,7.7306,189.0867,-79.1662,194055.1065,43.6212,31.7088
225.8,8.296,1.2,-74.0,192104.0,42.6,31.66844
2.6448,7.9449,192.8503,-77.6837,194056.8996,43.5656,31.6937
0.4447,7.7152,188.1014,-77.5759,194056.4824,43.5389,31.6568
229.0,8.288,1.2,-76.0,193676.0,41.6,30.92841
0.4889,7.2115,187.4437,-78.1194,194057.0634,43.5397,31.8482
3.2529,7.0537,190.1585,-78.7393,194055.3789,43.7172,31.7373
0.1863,7.0868,187.3484,-77.5335,194056.1174,43.4484,31.7765
0.6702,7.6906,189.5008,-77.5639,194057.2273,43.647,31.5936
227.5,8.288,1.2,-78.0,193672.0,43.6,32.06527
3.0505,7.9582,191.6102,-78.1773,194054.2322,43.5049,31.6997
3.3126,7.2875,187.6849,-78.9145,194056.8836,43.518,31.6284
3.5386,7.4876,191.6203,-78.1038,194055.5131,43.6053,31.771
2.0838,7.337,185.2123,-77.4667,194055.4954,43.6329,31.7252
215.3,8.104,-238.0,-76.0,194056.0,43.6,31.77569
4.3827,7.5765,186.1394,-78.0272,194056.8173,43.4799,31.7022
222.5,8.12,-140.0,-64.0,193692.0,43.6,32.75167
222.5,8.152,-233.2,-78.0,194056.0,43.6,32.62297
0.6198,7.8046,191.0426,-77.5614,194054.4207,43.7718,31.7501
221.6,8.288,1.2,-84.0,193672.0,42.6,31.08928
3.3334,7.2359,190.8031,-77.4225,194055.6855,43.595,31.6944
222.8,8.12,-139.2,-64.0,193692.0,43.6,32.78385
1.5395,7.2304,189.3376,-78.5332,194056.7737,43.6101,31.7855
3.6991,7.9196,188.5018,-78.1039,194055.307,43.5878,31.7141
223.8,8.288,1.2,-72.0,193672.0,42.6,32.00092
223.2,8.128,-115.6,-64.0,193676.0,43.6,32.8911
3.8042,7.9778,189.0345,-77.8108,194055.1554,43.5206,31.7929
224.9,8.288,1.2,-75.0,193672.0,43.6,32.08672
3.5106,7.843,192.0601,-77.9854,194053.9489,43.388,31.7821
224.2,8.288,1.2,-63.0,193672.0,43.6,32.62297
1.2256,7.0298,190.0789,-78.2332,194056.4759,43.7738,31.91
211.3,8.288,1.2,-82.0,193656.0,45.6,30.67101
222.3,8.288,1.2,-82.0,193676.0,42.6,31.65771
4.9108,7.5389,190.6483,-77.7994,194054.5135,43.6988,31.8682
0.9863,7.1465,187.8126,-78.8042,194053.9272,43.5196,31.5949
223.7,8.288,1.2,-74.0,193672.0,42.6,31.94729
1.1583,7.8125,187.0926,-77.0579,194055.4757,43.3201,31.7675
4.7242,7.413,189.5305,-78.9974,194056.3562,43.3555,31.6771
4.732,7.3176,193.5774,-76.7178,194056.2418,43.7315,31.6057
229.1,8.288,1.2,-81.0,193680.0,44.6,30.53158
3.3073,7.5709,191.7304,-77.9306,194055.9937,43.5572,31.6667
1.5414,7.7711,187.7508,-77.8436,194055.1223,43.5215,31.612
2.1275,7.8755,192.1306,-78.0746,194056.6469,43.5695,31.8436
2.7161,7.5273,189.9759,-78.8979,194055.6429,43.5102,31.774
1.9565,7.5555,190.3458,-77.7215,194056.84,43.5292,31.6809
2.4812,7.6893,187.6915,-77.0248,194056.1443,43.642,31.6339
1.5652,7.7732,186.6231,-77.7691,194055.6894,43.6561,31.5678
3.7606,7.0628,190.8396,-77.8787,194057.5598,43.4425,31.505
0.302,7.4339,189.5883,-78.9248,194055.3927,43.7052,31.7897
230.7,8.288,1.2,-69.0,193672.0,43.6,32.36557
1.4155,7.6165,191.8998,-78.3717,194057.0517,43.5877,31.6488
213.5,8.288,1.2,-77.0,193676.0,43.6,30.71391
228.1,8.288,1.2,-75.0,193672.0,42.6,32.2476
4.8857,7.0758,189.1094,-79.1348,194054.602,43.8934,31.7061
0.6597,7.7626,189.4482,-77.1502,194056.3759,43.5822,31.6987
0.2092,7.817,192.0041,-78.0273,194057.0626,43.6071,31.6509
0.549,7.034,188.3041,-77.1107,194056.6836,43.7662,31.6458
230.1,8.288,1.2,-76.0,193676.0,42.6,30.87478
218.4,8.12,-230.4,-77.0,194064.0,43.6,32.26905
228.8,8.288,1.2,-77.0,193676.0,41.6,30.88551
0.8653,7.3926,190.2603,-78.0036,194055.5269,43.7655,31.7336
230.9,8.288,1.2,-74.0,193672.0,42.6,31.96874
225.3,8.288,1.2,-74.0,193676.0,42.6,31.84004
3.2692,7.7538,189.4834,-77.5781,194053.9975,43.6756,31.7603
1.0806,7.0731,188.1046,-77.3257,194055.755,43.4334,31.8226
1.9253,7.5292,186.9032,-77.1462,194055.8981,43.6137,31.6611
228.5,8.288,1.2,-77.0,193676.0,43.6,30.53158
1.7837,7.5305,190.1242,-77.7897,194056.0188,43.8542,31.7703
1.57,7.395,191.8191,-78.2865,194056.6939,43.5262,31.7908
0.1464,7.467,188.029,-77.8027,194057.1554,43.5758,31.711
2.4107,7.5974,188.6627,-77.3974,194055.1851,43.6148,31.5632
225.5,8.288,1.2,-74.0,193672.0,43.6,32.35485
4.7241,7.1163,190.7123,-77.7501,194056.9175,43.4655,31.907
1.0601,7.2848,190.1501,-77.7028,194057.3328,43.814,31.8843
222.5,8.12,-146.0,-61.0,193692.0,43.6,32.78385
0.5246,7.0015,188.1918,-78.2791,194056.2106,43.5304,31.6411
1.5543,7.2675,193.8808,-78.4047,194056.335,43.4691,31.6011
226.2,8.288,1.2,-74.0,193676.0,42.6,31.65771
0.3455,7.367,188.5325,-78.2004,194055.1442,43.7322,31.5373
0.0631,7.7258,192.277,-77.9364,194055.5764,43.5534,31.8862
225.1,8.288,1.2,-81.0,193672.0,42.6,31.42176
1.3575,7.4237,189.2575,-78.0197,194056.2859,43.6422,31.6038
222.7,8.152,-230.8,-75.0,194044.0,44.6,32.6337
3.54,7.252,190.0418,-78.3276,194055.0418,43.5543,31.6779
0.8967,7.398,190.1045,-78.248,194056.2035,43.6148,31.885
3.0501,7.688,188.753,-77.6639,194056.763,43.4921,31.5734
226.0,8.288,1.2,-71.0,193672.0,43.6,32.27977
225.1,8.288,1.2,-78.0,193676.0,43.6,30.5423
220.4,8.288,1.2,-86.0,193672.0,41.6,30.85333
1.9697,7.3485,191.5287,-77.5681,194056.5334,43.5139,31.6693
3.1169,7.3622,187.5717,-77.5511,194055.2197,43.5998,31.5465
222.6,8.288,1.2,-85.0,193676.0,42.6,31.35741
3.3544,7.5109,192.0738,-77.6609,194054.5955,43.725,31.6316
218.6,8.288,1.2,-75.0,193676.0,41.6,30.83188
2.8027,7.8993,192.3391,-78.5,194055.8413,43.6008,31.7392
229.7,8.288,1.2,-69.0,193676.0,43.6,32.35485
217.9,8.288,1.2,-81.0,193672.0,41.6,30.76753
2.4848,7.6112,190.4157,-78.4741,194057.7515,43.6469,31.5758
3.0745,7.7353,192.4576,-78.0974,194054.4101,43.6727,31.5545
223.1,8.288,1.2,-82.0,193672.0,42.6,31.06783
214.4,8.288,1.2,-75.0,193676.0,44.6,30.69246
4.942,7.5055,190.5406,-78.3877,194057.5275,43.6164,31.7536
224.9,8.288,1.2,-79.0,193672.0,43.6,31.97947
222.2,8.12,-148.4,-63.0,193692.0,43.6,32.7624
3.7011,7.9043,189.3189,-78.462,194056.5767,43.4593,31.6357
0.1998,7.9334,187.5125,-77.9724,194055.5122,43.7093,31.7516
1.3259,7.6826,192.3792,-78.0015,194055.9499,43.606,31.773
0.8393,7.8808,188.0646,-78.6977,194054.6419,43.5741,31.7659
222.9,8.296,1.2,-76.0,192100.0,41.6,30.83188
225.9,8.288,1.2,-75.0,193676.0,42.6,31.60409
1.855,7.2531,190.3324,-76.8746,194055.987,43.7045,31.6836
221.2,8.288,1.2,-81.0,193672.0,44.6,30.67101
222.8,8.28,1.2,-82.0,193676.0,43.6,31.37886
219.1,8.288,1.2,-83.0,193676.0,41.6,30.86406
0.5308,7.2141,190.523,-77.5498,194054.8239,43.6354,31.7484
2.3203,7.7593,189.9148,-78.2924,194055.7152,43.6279,31.7169
4.7717,7.2748,190.4003,-78.7431,194055.7864,43.7986,31.7961
220.7,8.288,1.2,-92.0,193676.0,44.6,30.58521
3.8085,7.2127,189.9779,-78.4802,194055.4971,43.6341,31.6245
225.7,8.288,1.2,-83.0,193628.0,45.6,30.55303
0.4584,7.0166,190.4298,-78.1194,194057.0064,43.609,31.7803
0.8026,7.2216,187.5553,-78.4374,194057.0459,43.6494,31.5272
2.9703,7.0325,192.7346,-78.3494,194055.2721,43.7883,31.8706
1.7979,7.7336,191.0446,-77.9941,194055.7941,43.6095,31.7304
222.1,8.288,1.2,-82.0,193676.0,42.6,31.58264
225.4,8.28,1.2,-85.0,193672.0,42.6,30.82116
2.0852,7.1289,192.9381,-77.7535,194057.0876,43.2954,31.5412
4.2304,7.2614,190.6642,-77.7733,194055.7157,43.5797,31.7234
4.3995,7.2847,190.8448,-78.908,194055.5542,43.5889,31.5436
224.5,8.288,1.2,-79.0,193672.0,42.6,31.46466
3.6127,7.5669,185.4034,-77.8616,194053.8271,43.6723,31.6791
0.6883,7.7749,190.6439,-78.1424,194055.5996,43.64,31.8027
222.6,8.288,1.2,-77.0,193672.0,41.6,30.81043
0.5735,7.0239,192.6725,-78.5351,194055.9777,43.6864,31.6736
226.4,8.288,1.2,-79.0,193672.0,43.6,32.17252
224.6,8.288,1.2,-76.0,193676.0,42.6,31.55046
2.4342,7.0367,190.1815,-78.2603,194055.2124,43.557,31.7924
2.3178,7.0896,189.5433,-77.0676,194056.737,43.472,31.6781
0.3555,7.6441,190.2571,-77.5648,194055.4927,43.5558,31.6598
223.6,8.288,1.2,-77.0,193672.0,41.6,30.81043
228.0,8.288,1.2,-72.0,193672.0,43.6,32.2905
220.2,8.28,1.2,-81.0,193684.0,44.6,30.56376
222.2,8.136,-171.6,-61.0,193692.0,44.6,32.78385
220.8,8.28,1.2,-73.0,193676.0,41.6,30.87478
1.8619,7.8003,187.9615,-77.4896,194055.465,43.6018,31.6544
2.7313,7.2904,189.987,-77.6834,194056.3683,43.4943,31.513
2.1123,7.4881,190.57,-78.5084,194054.4085,43.7541,31.8176
4.3838,7.1092,191.3581,-78.3546,194055.2152,43.5021,31.6508
226.1,8.288,1.2,-79.0,193672.0,43.6,32.19397
0.1762,7.3687,190.0802,-77.8897,194056.8501,43.6636,31.6107
0.525,7.9651,189.2128,-78.1395,194056.3906,43.5509,31.5875
219.3,8.288,1.2,-82.0,193672.0,41.6,30.93913
2.3258,7.9674,188.2797,-77.7838,194055.0111,43.5484,31.7898
222.4,8.296,1.2,-87.0,192104.0,42.6,31.36814
2.7329,7.9178,190.9787,-77.9426,194055.1489,43.5151,31.6308
3.5726,7.8319,194.2681,-78.7863,194056.3396,43.4978,31.8623
230.5,8.288,1.2,-74.0,193676.0,42.6,31.95802
224.1,8.288,1.2,-76.0,193672.0,42.6,31.16436
223.1,8.288,1.2,-76.0,193672.0,41.6,30.78898
4.9249,7.249,194.4814,-78.1862,194055.4664,43.6893,31.75
228.9,8.288,1.2,-64.0,193676.0,43.6,32.96618
4.01,7.7823,187.6304,-77.2692,194057.3966,43.459,31.7328
4.2658,7.7277,190.4457,-77.6118,194055.7907,43.6039,31.7822
0.4238,7.4777,189.0628,-78.171,194054.4495,43.6998,31.7352
219.5,8.288,1.2,-79.0,193676.0,44.6,30.56376
222.4,8.112,-147.2,-62.0,190548.0,43.6,32.7624
4.5493,7.2957,188.8098,-78.713,194055.331,43.6071,31.8895
227.7,8.168,-85.2,-64.0,193676.0,45.6,33.03053
226.8,8.288,1.2,-75.0,193672.0,42.6,31.37886
2.1203,7.7924,193.2127,-77.6172,194056.6544,43.5149,31.7091
225.0,8.288,1.2,-81.0,193672.0,42.6,31.52901
0.7014,7.0491,188.5694,-77.9698,194054.9571,43.6371,31.7063
1.1657,7.7834,189.5628,-78.2333,194056.3168,43.6083,31.6178
4.19,7.7855,191.4858,-77.5677,194056.0019,43.5188,31.6831
0.705,7.7867,190.8623,-78.2529,194055.556,43.7132,31.6934
222.9,8.12,-141.6,-66.0,193692.0,43.6,32.78385
222.6,8.288,1.2,-81.0,193676.0,41.6,30.92841
223.2,8.288,1.2,-82.0,193676.0,43.6,31.70061
224.4,8.288,1.2,-79.0,193672.0,42.6,31.41104
216.1,8.288,1.2,-76.0,193676.0,41.6,30.71391
1.7465,7.0839,189.6542,-78.0221,194055.4375,43.6908,31.6938
220.7,8.288,1.2,-79.0,193672.0,41.6,30.84261
217.9,8.288,1.2,-76.0,193624.0,41.6,30.85333
4.6242,7.7459,193.5877,-77.8649,194056.4127,43.6464,31.621
218.2,8.288,1.2,-80.0,193672.0,42.6,31.02493
228.1,8.152,-97.6,-67.0,193676.0,44.6,33.08415
2.2244,7.6167,189.7695,-77.94,194056.3963,43.7184,31.583
225.5,8.288,1.2,-65.0,193672.0,43.6,32.08672
3.0031,7.3297,190.0666,-77.8372,194056.8478,43.6922,31.6423
225.1,8.288,1.2,-69.0,193676.0,43.6,33.05198
3.1119,7.419,188.0914,-77.4719,194056.525,43.706,31.7293
3.0229,7.2767,188.9635,-78.0303,194056.1795,43.6104,31.6909
2.3508,7.8663,190.6072,-77.3864,194055.6745,43.5158,31.8314
221.9,8.288,1.2,-83.0,193672.0,41.6,30.67101
1.0507,7.0433,188.6361,-78.7318,194056.2386,43.4905,31.7871
1.0122,7.0257,190.4219,-77.6423,194056.6961,43.6447,31.861
220.7,8.288,1.2,-73.0,193672.0,42.6,31.12146
227.6,8.28,1.2,-85.0,193672.0,42.6,32.09744
219.0,8.288,1.2,-84.0,193676.0,44.6,30.67101
223.3,8.288,1.2,-65.0,193672.0,43.6,32.5479
0.4488,7.8392,190.6546,-77.9815,194057.2922,43.5841,31.7005
4.175,7.7658,190.5103,-77.7786,194055.2781,43.6966,31.746
0.506,7.3678,193.549,-78.5066,194056.1394,43.6803,31.7368
1.4767,7.1762,188.4604,-78.1709,194054.7302,43.531,31.7307
227.5,8.288,1.2,-77.0,193672.0,42.6,31.96874
3.5285,7.1742,191.4636,-77.8257,194056.3498,43.4962,31.7663
2.852,7.2742,190.9838,-77.8496,194055.7148,43.5714,31.8651
223.5,8.288,1.2,-75.0,193672.0,42.6,31.14291
4.8229,7.7888,188.9276,-78.6367,194057.3262,43.4599,31.6407
228.2,8.176,-96.4,-68.0,193676.0,43.6,33.0198
0.4516,7.2616,190.2355,-77.5122,194056.6821,43.5074,31.7301
4.351,7.9421,190.7003,-78.0746,194056.8168,43.4983,31.7943
4.9737,7.6779,191.0951,-77.8104,194054.9241,43.5258,31.6822
228.7,8.152,-97.6,-68.0,193676.0,44.6,32.94473
4.0839,7.7328,190.3504,-78.4872,194056.3636,43.5513,31.5645
2.7788,7.3012,189.0283,-77.8333,194056.6582,43.63,31.8294
2.9575,7.1534,189.5873,-77.3951,194055.407,43.6135,31.5714
225.8,8.288,1.2,-66.0,193672.0,43.6,32.42992
3.1409,7.0736,189.9488,-77.5361,194052.5974,43.7247,31.6974
218.8,8.288,1.2,-79.0,193624.0,44.6,30.71391
3.8521,7.2231,187.1383,-77.7238,194056.4521,43.7473,31.7765
3.1711,7.7666,189.2971,-77.6247,194056.1535,43.8054,31.7039
2.4573,7.7004,188.6596,-77.6863,194054.6952,43.7054,31.7594
226.4,8.288,1.2,-65.0,193672.0,43.6,32.45137
214.7,8.288,1.2,-78.0,193676.0,44.6,30.70318
221.9,8.288,1.2,-84.0,193676.0,42.6,31.58264
224.6,8.288,1.2,-76.0,193676.0,42.6,31.56119
225.0,8.288,1.2,-83.0,193672.0,42.6,31.51829
221.3,8.288,1.2,-85.0,193676.0,41.6,30.86406
1.0307,7.0043,187.1069,-76.9891,194056.7175,43.6324,31.7541
218.8,8.288,1.2,-71.0,193672.0,43.6,30.66028
217.4,8.288,1.2,-79.0,193672.0,41.6,30.79971
219.8,8.288,1.2,-79.0,193672.0,44.6,30.68173
2.5718,7.2831,190.8503,-77.9948,194056.4896,43.3363,31.8478
3.1006,7.8477,190.7349,-77.1763,194057.4576,43.5251,31.6625
227.2,8.176,-96.0,-69.0,193676.0,43.6,33.04125
225.0,8.288,1.2,-78.0,193672.0,41.6,30.78898
219.9,8.288,1.2,-80.0,193628.0,46.6,30.53158
229.3,8.288,1.2,-77.0,193676.0,43.6,32.04382
1.6112,7.9139,193.3229,-77.744,194056.3364,43.8348,31.7982
2.3348,7.3132,187.371,-77.5266,194055.8277,43.656,31.5967
223.9,8.288,1.2,-87.0,193676.0,43.6,30.59593
220.4,8.288,1.2,-82.0,193676.0,41.6,30.87478
222.5,8.128,-117.2,-69.0,193676.0,43.6,32.85892
1.2423,7.3051,186.8528,-78.5199,194056.7625,43.5217,31.6193
2.2772,7.9268,190.5216,-78.5574,194055.233,43.4255,31.5856
217.6,8.288,1.2,-78.0,193676.0,41.6,30.70318
220.5,8.112,-230.4,-84.0,194056.0,43.6,32.04382
224.8,8.288,1.2,-65.0,193672.0,43.6,32.10817
230.0,8.12,-138.0,-65.0,193628.0,49.6,33.09488
1.1593,7.7327,189.6263,-78.1514,194054.6032,43.6031,31.6431
1.1933,7.0198,189.4938,-77.0624,194056.5487,43.5308,31.7597
1.1727,7.2204,191.2353,-78.1064,194056.9447,43.3976,31.711
3.7932,7.8412,190.5407,-78.2234,194055.8316,43.5525,31.5793
1.3605,7.4948,188.3247,-78.4724,194055.954,43.7997,31.5919
0.6436,7.7876,187.1626,-77.6283,194054.7028,43.516,31.5512
4.0264,7.4095,187.6122,-77.6638,194054.5657,43.6859,31.7438
4.372,7.6062,189.0057,-78.1357,194056.2373,43.589,31.5388
1.9703,7.7983,190.079,-77.418,194054.702,43.8147,31.8264
226.4,8.288,1.2,-74.0,193676.0,42.6,31.68989
4.4401,7.2174,188.5039,-77.2565,194057.1946,43.5711,31.7531
3.4766,7.4123,186.1293,-77.5419,194054.6142,43.5901,31.7646
1.4892,7.1539,190.4324,-78.9371,194055.4355,43.626,31.8014
224.7,8.28,1.2,-77.0,193676.0,41.6,30.73536
0.0935,7.3655,191.5027,-78.3574,194056.1983,43.6695,31.617
224.3,8.296,1.2,-74.0,192056.0,42.6,31.44321
228.3,8.288,1.2,-80.0,193676.0,42.6,31.87222
0.5368,7.8831,190.7232,-78.002,194056.1748,43.6537,31.8149
223.4,8.12,-126.8,-63.0,193684.0,43.6,32.85892
227.4,8.288,1.2,-78.0,193672.0,43.6,32.07599
226.3,8.288,1.2,-76.0,193672.0,42.6,31.80787
0.7729,7.2749,188.9207,-77.9901,194057.5308,43.681,31.7433
212.2,8.288,1.2,-83.0,193676.0,44.6,30.68173
3.6156,7.4506,192.3561,-77.9891,194056.5442,43.7276,31.7422
223.0,8.152,-233.2,-65.0,194056.0,43.6,32.61225
218.7,8.104,-236.4,-84.0,194056.0,43.6,31.72206
0.492,7.3636,192.0172,-77.4584,194057.3476,43.5063,31.6342
227.5,8.288,1.2,-82.0,193672.0,42.6,31.32524
3.4925,7.9454,188.5161,-77.1258,194056.4037,43.6712,31.7856
222.4,8.288,1.2,-74.0,193676.0,41.6,30.84261
221.3,8.16,-233.6,-72.0,194064.0,43.6,32.6766
4.444,7.9338,191.3204,-78.9733,194058.0665,43.6742,31.6892
1.8765,7.4066,191.0061,-77.9152,194057.1943,43.4664,31.7427
3.8379,7.0414,187.414,-77.9038,194055.3774,43.6389,31.7522
2.5356,7.8294,191.7318,-78.3233,194056.4095,43.4887,31.7985
221.8,8.288,1.2,-67.0,193676.0,43.6,32.88037
2.5492,7.941,190.8405,-78.3528,194055.5609,43.5323,31.7764
2.3824,7.6862,190.8118,-78.0334,194055.5016,43.4983,31.6033
1.2473,7.3352,192.2182,-77.87,194054.5198,43.5329,31.6614
227.6,8.288,1.2,-75.0,193676.0,42.6,31.67916
220.3,8.288,1.2,-72.0,193676.0,41.6,30.88551
210.6,8.288,1.2,-75.0,193676.0,42.6,30.68173
221.7,8.288,1.2,-80.0,193676.0,42.6,31.07856
221.0,8.288,1.2,-80.0,193676.0,41.6,31.11073
1.4063,7.8827,189.2511,-77.0389,194057.6508,43.493,31.7133
223.8,8.288,1.2,-79.0,193672.0,42.6,31.10001
221.3,8.288,1.2,-81.0,193676.0,43.6,31.36814
2.1844,7.0412,189.5878,-77.2406,194055.2247,43.5099,31.7609
2.7079,7.7915,192.0279,-77.2658,194054.2656,43.5793,31.7993
228.5,8.288,1.2,-71.0,193672.0,43.6,32.31195
227.3,8.288,1.2,-71.0,193620.0,42.6,32.38702
225.4,8.288,1.2,-67.0,193672.0,43.6,32.16179
219.9,8.144,-230.4,-70.0,194056.0,43.6,32.62297
1.8972,7.3521,187.8407,-78.6449,194056.3914,43.4032,31.6384
3.6654,7.146,191.2891,-77.7085,194057.4674,43.7362,31.7948
225.5,8.288,1.2,-69.0,193672.0,43.6,32.4192
4.6996,7.5181,189.4581,-78.0392,194056.0496,43.641,31.7098
4.9687,7.9237,192.3931,-78.3955,194056.5283,43.5399,31.6732
230.0,8.176,-97.6,-71.0,193676.0,44.6,33.12705
222.1,8.104,-230.0,-83.0,194056.0,43.6,31.99019
222.5,8.288,1.2,-89.0,193624.0,42.6,31.35741
222.6,8.288,1.2,-84.0,193672.0,42.6,31.08928
222.2,8.12,-152.8,-62.0,193692.0,43.6,32.77312
4.564,7.0787,189.513,-77.3883,194055.921,43.4398,31.5395
223.3,8.288,1.2,-74.0,193672.0,43.6,31.92584
3.7321,7.9545,189.426,-77.9355,194053.608,43.6539,31.8149
4.7333,7.6654,189.335,-78.8755,194057.0932,43.6619,31.7399
223.5,8.288,1.2,-79.0,193624.0,41.6,31.06783
3.1586,7.4053,187.5623,-78.4485,194055.9304,43.6181,31.6414
229.9,8.152,-96.8,-69.0,193676.0,44.6,33.05198
3.776,7.5685,193.6002,-77.5354,194054.2867,43.7595,31.8534
1.1764,7.8711,191.567,-78.5197,194056.7129,43.4985,31.4826
223.8,8.28,1.2,-65.0,193672.0,43.6,32.21542
225.9,8.288,1.2,-71.0,193672.0,42.6,32.11889
4.6627,7.5263,189.6759,-77.8438,194056.3265,43.6275,31.618
0.2622,7.4994,190.3778,-77.8238,194054.603,43.5897,31.6572
223.8,8.288,1.2,-66.0,193672.0,43.6,32.68732
2.9265,7.9081,190.7645,-78.2196,194056.5731,43.5283,31.7012
223.9,8.288,1.2,-78.0,193672.0,42.6,31.43249
222.2,8.12,-144.8,-61.0,193692.0,43.6,32.77312
215.0,8.288,1.2,-78.0,193676.0,42.6,30.70318
224.0,8.288,1.2,-84.0,193672.0,41.6,31.08928
3.176,7.0179,187.1965,-78.6379,194055.8908,43.4509,31.641
4.9029,7.8742,189.142,-78.7053,194055.2672,43.5675,31.8022
1.6552,7.795,192.4241,-78.591,194055.1069,43.6341,31.8903
3.6579,7.4806,190.079,-78.1509,194054.4213,43.6197,31.8445
218.1,8.128,-229.6,-80.0,194056.0,43.6,32.35485
3.3827,7.7072,188.4073,-78.4203,194056.6212,43.598,31.9174
2.3661,7.6133,192.0749,-77.498,194057.1561,43.6589,31.7551
223.8,8.288,1.2,-71.0,193672.0,42.6,31.99019
4.6809,7.7335,192.344,-77.4049,194056.1553,43.5751,31.7887
4.403,7.1801,189.7792,-77.36,194057.6366,43.6502,31.6246
224.3,8.288,1.2,-78.0,193676.0,41.6,30.73536
1.6588,7.7709,192.0309,-77.7163,194054.6575,43.6922,31.7351
4.0368,7.0264,188.9578,-78.3356,194054.8517,43.7352,31.7746
1.4526,7.3555,188.2368,-77.304,194056.4589,43.6392,31.7247
216.4,8.136,-185.2,-71.0,194056.0,43.6,32.78385
2.5557,7.6606,191.5874,-78.3774,194055.43,43.5179,31.675
224.4,8.288,1.2,-73.0,193676.0,41.6,30.90696
224.5,8.288,1.2,-81.0,193672.0,42.6,31.17509
0.4128,7.895,190.277,-77.4659,194056.2031,43.6056,31.5772
2.1181,7.433,192.4358,-78.3099,194055.1137,43.5628,31.8239
214.9,8.288,1.2,-79.0,193676.0,41.6,30.88551
3.3095,7.0473,189.0877,-78.0717,194054.2593,43.7027,31.7307
220.2,8.288,1.2,-74.0,193672.0,42.6,31.11073
4.8573,7.4364,191.0187,-77.8247,194056.0898,43.6734,31.5852
220.6,8.288,1.2,-80.0,192100.0,42.6,31.07856
225.3,8.288,1.2,-74.0,193672.0,43.6,32.36557
216.2,8.288,1.2,-72.0,193676.0,43.6,30.67101
225.1,8.12,-122.4,-63.0,193684.0,43.6,32.86965
216.6,8.288,1.2,-76.0,193676.0,41.6,30.68173
2.0856,7.3115,188.8452,-78.7831,194056.1214,43.6843,31.7313
4.2093,7.9023,188.9685,-77.2174,194055.9546,43.6866,31.8045
229.5,8.288,1.2,-65.0,193628.0,47.6,33.08415
4.1156,7.9089,188.1113,-77.6406,194056.1221,43.455,31.5541
221.3,8.288,1.2,-73.0,193676.0,41.6,30.92841
0.7963,7.07,189.8178,-77.4515,194055.5767,43.6321,31.6656
4.4762,7.6907,190.6134,-77.8564,194056.7674,43.4426,31.7425
4.0175,7.548,186.3211,-77.1122,194056.5162,43.6685,31.891
1.1482,7.878,189.2041,-77.8945,194056.174,43.8452,31.7048
3.2815,7.211,188.1061,-77.5342,194055.651,43.608,31.8312
4.7892,7.9,185.1925,-77.4322,194056.0348,43.556,31.4851
3.9782,7.9242,190.7416,-78.3353,194057.6077,43.5905,31.7783
224.8,8.288,1.2,-82.0,193672.0,42.6,31.51829
221.7,8.12,-129.6,-63.0,193692.0,43.6,32.85892
221.7,8.288,1.2,-65.0,193672.0,43.6,32.47282
4.1443,7.0434,190.4084,-78.1556,194056.2847,43.7245,31.4977
2.0115,7.259,194.3238,-77.9133,194054.7284,43.6966,31.6242
225.9,8.296,1.2,-83.0,192100.0,42.6,31.21799
221.8,8.296,1.2,-80.0,192104.0,42.6,31.58264
2.0397,7.5253,189.9818,-77.5154,194055.2236,43.7075,31.6926
0.4987,7.7833,189.9198,-77.0402,194056.2353,43.7636,31.5166
221.0,8.288,1.2,-66.0,193672.0,43.6,32.44065
226.7,8.288,1.2,-77.0,193672.0,42.6,31.42176
4.7931,7.7913,186.6374,-78.5699,194057.0816,43.6615,31.6451
227.3,8.288,1.2,-73.0,193672.0,43.6,32.12962
1.8083,7.5835,188.7956,-78.3413,194055.7559,43.6135,31.4906
228.9,8.144,-95.6,-68.0,193676.0,44.6,32.934
0.7587,7.6869,191.2512,-78.6818,194054.6366,43.5597,31.7274
0.0084,7.3725,188.2674,-78.4453,194057.2682,43.812,31.8125
3.2337,7.7468,188.1507,-77.5164,194057.3207,43.653,31.6547
224.0,8.288,1.2,-76.0,193676.0,42.6,31.55046
4.1568,7.3743,192.9884,-79.2335,194054.4031,43.507,31.9274
4.25,7.9276,188.0466,-77.6145,194057.8456,43.4185,31.7873
225.5,8.288,1.2,-63.0,193672.0,43.6,32.08672
4.311,7.5538,191.0414,-78.2634,194055.3755,43.6887,31.5778
220.0,8.288,1.2,-76.0,193624.0,41.6,30.83188
224.2,8.12,-125.2,-63.0,193684.0,43.6,32.85892
226.6,8.288,1.2,-76.0,193676.0,42.6,31.75424
4.7398,7.1227,188.6498,-77.7556,194056.9311,43.7442,31.7826
218.3,8.288,1.2,-79.0,193672.0,41.6,30.75681
224.0,8.288,1.2,-77.0,193672.0,43.6,31.99019
224.9,8.288,1.2,-74.0,193672.0,43.6,32.32267
2.091,7.8358,190.4098,-77.2834,194056.8446,43.6703,31.8336
228.4,8.288,1.2,-80.0,193676.0,43.6,31.87222
226.7,8.288,1.2,-78.0,193656.0,41.6,30.76753
227.2,8.288,1.2,-78.0,193676.0,43.6,32.11889
224.7,8.128,-116.0,-69.0,193676.0,43.6,32.88037
4.5789,7.0854,189.3122,-77.4806,194056.4462,43.7498,31.9432
225.2,8.288,1.2,-77.0,193620.0,42.6,31.99019
1.0365,7.017,186.5181,-78.0672,194055.7366,43.6275,31.7188
2.0613,7.3735,192.841,-77.7931,194057.6164,43.5856,31.7395
227.8,8.296,1.2,-65.0,193676.0,43.6,32.95545
223.0,8.12,-129.6,-64.0,193684.0,43.6,32.85892
223.2,8.288,1.2,-85.0,193672.0,42.6,31.10001
2.4836,7.5257,193.2445,-78.0138,194055.3448,43.6527,31.7706
2.7614,7.1884,189.7382,-79.158,194055.4026,43.9713,31.7629
2.1413,7.9702,191.9653,-77.1352,194058.2023,43.5612,31.6813
224.5,8.288,1.2,-74.0,193672.0,43.6,32.3763
0.5822,7.8072,189.3448,-77.7877,194055.4056,43.5401,31.6175
214.2,8.288,1.2,-80.0,193676.0,41.6,30.86406
2.2323,7.2456,190.8996,-77.3625,194056.8446,43.6932,31.7973
224.9,8.288,1.2,-78.0,193672.0,42.6,31.99019
225.7,8.296,1.2,-67.0,192100.0,43.6,32.44065
220.7,8.288,1.2,-81.0,193672.0,41.6,30.92841
1.3935,7.961,190.1766,-78.002,194055.0806,43.5305,31.7286
226.7,8.288,1.2,-76.0,193672.0,42.6,31.36814
3.578,7.6995,185.4477,-77.6026,194055.0504,43.7222,31.6062
225.0,8.288,1.2,-74.0,193676.0,42.6,31.77569
0.3224,7.638,188.8101,-77.207,194057.3889,43.6358,31.7094
225.7,8.288,1.2,-87.0,193672.0,42.6,31.37886
3.3267,7.9336,190.6004,-78.3304,194057.3973,43.5231,31.5242
225.7,8.288,1.2,-75.0,193684.0,44.6,30.5423
4.5969,7.2381,192.5657,-78.2734,194055.2932,43.6679,31.6738
222.5,8.288,1.2,-84.0,193620.0,41.6,30.82116
0.2483,7.4378,189.3816,-76.9752,194056.2615,43.6309,31.759
226.1,8.288,1.2,-67.0,193672.0,43.6,32.45137
4.0893,7.4896,189.8342,-77.2556,194054.2895,43.5378,31.7302
226.3,8.288,1.2,-78.0,193676.0,41.6,30.99276
3.4883,7.8954,189.9975,-78.4845,194057.2854,43.612,31.7215
220.2,8.12,-129.6,-68.0,193684.0,43.6,32.82675
1.538,7.7411,193.1942,-78.213,194054.2311,43.5688,31.6058
223.3,8.136,-146.8,-63.0,191204.0,43.6,32.8482
0.4141,7.8058,190.7377,-78.088,194054.777,43.7407,31.6515
4.9105,7.6979,190.7799,-77.2513,194055.0273,43.7087,31.7782
2.751,7.9683,188.1847,-77.5481,194056.4072,43.5284,31.5734
2.6213,7.8706,193.2864,-77.6189,194056.4152,43.6635,31.6232
3.4539,7.0071,187.4269,-78.0467,194055.0012,43.5767,31.7332
213.8,8.288,1.2,-82.0,193672.0,45.6,30.71391
1.3162,7.8664,192.4865,-77.3617,194056.4269,43.8076,31.7676
1.8147,7.1781,191.2843,-77.904,194056.7724,43.6368,31.7266
3.0817,7.5416,190.654,-78.244,194056.6949,43.5156,31.6942
221.4,8.296,1.2,-81.0,193676.0,43.6,30.52085
224.4,8.288,1.2,-68.0,193676.0,43.6,33.11633
4.7781,7.291,189.3351,-78.1744,194056.1853,43.4946,31.5814
0.6017,7.5153,190.2295,-78.1348,194057.0431,43.6214,31.7074
4.9174,7.9898,189.8322,-77.5781,194056.5561,43.4989,31.6401
0.804,7.0786,189.1112,-78.0837,194056.2364,43.2457,31.7706
3.8534,7.3485,193.2213,-77.8229,194055.8388,43.6996,31.6593
218.1,8.288,1.2,-78.0,193672.0,41.6,30.72463
223.2,8.288,1.2,-74.0,193672.0,43.6,32.60152
3.8683,7.4447,188.2155,-78.3465,194056.2198,43.7092,31.8584
3.0773,7.3197,195.1197,-78.7245,194057.122,43.5616,31.6083
226.2,8.288,1.2,-77.0,193676.0,41.6,30.90696
4.1811,7.0901,189.047,-77.9483,194056.4996,43.5634,31.7877
4.954,7.7298,191.3406,-78.17,194056.6574,43.5216,31.8319
217.3,8.296,1.2,-80.0,193676.0,44.6,30.56376
1.0163,7.1533,190.8745,-77.7939,194056.952,43.508,31.6707
224.8,8.288,1.2,-86.0,193672.0,41.6,30.81043
4.0722,7.0022,192.3164,-77.1519,194055.8539,43.684,31.7684
223.9,8.288,1.2,-65.0,193672.0,43.6,32.82675
222.1,8.288,1.2,-81.0,193676.0,42.6,31.58264
215.0,8.288,1.2,-79.0,193676.0,44.6,30.56376
2.2713,7.5285,191.6055,-78.5735,194057.0072,43.6586,31.592
228.8,8.288,1.2,-77.0,193676.0,41.6,30.87478
222.3,8.288,1.2,-79.0,193672.0,43.6,32.19397
0.3899,7.1719,190.28,-77.4107,194056.7492,43.4315,31.6048
0.46,7.1524,189.8684,-77.9053,194054.6859,43.6066,31.7539
4.242,7.6818,188.5458,-76.9461,194055.4198,43.5711,31.6071
225.6,8.288,1.2,-85.0,193672.0,41.6,30.79971
0.1622,7.7331,185.9921,-77.8159,194054.712,43.6138,31.6902
220.3,8.288,1.2,-77.0,193672.0,41.6,30.83188
226.1,8.288,1.2,-73.0,193628.0,42.6,32.11889
0.6171,7.2218,188.854,-77.8116,194055.0217,43.4334,31.7411
1.0998,7.5379,189.7497,-78.0429,194057.6601,43.7648,31.6135
0.5323,7.0692,192.6711,-78.2061,194055.8211,43.5563,31.509
222.6,8.28,1.2,-79.0,193672.0,43.6,32.19397
0.4373,7.8296,187.2853,-78.2761,194057.1156,43.5346,31.7054
2.0969,7.8061,187.0987,-78.0801,194056.5833,43.6466,31.6297
2.4849,7.2051,189.6983,-77.8613,194057.1738,43.6203,31.5454
209.1,8.288,1.2,-78.0,193676.0,41.6,30.63883
225.0,8.288,1.2,-75.0,193676.0,42.6,31.68989
0.025,7.0315,190.3172,-78.0503,194054.5562,43.5536,31.7464
219.1,8.288,1.2,-76.0,193676.0,42.6,31.48611
1.299,7.0455,193.0158,-77.8526,194055.269,43.6934,31.7032
3.7272,7.0609,189.5545,-77.1709,194054.4326,43.4263,31.747
219.4,8.288,1.2,-76.0,193676.0,42.6,31.48611
4.5783,7.7592,190.4517,-78.8888,194056.9722,43.5994,31.7247
227.8,8.288,1.2,-79.0,193672.0,42.6,32.02237
227.7,8.288,1.2,-78.0,193676.0,41.6,30.89623
222.5,8.288,1.2,-75.0,193672.0,43.6,32.02237
3.167,7.2146,191.9899,-77.8716,194055.6012,43.6244,31.5547
0.2696,7.4768,190.3029,-78.3947,194055.3712,43.724,31.705
4.8102,7.8577,189.3469,-77.847,194055.4886,43.6673,31.7909
220.0,8.288,1.2,-77.0,193672.0,41.6,30.84261
225.7,8.288,1.2,-79.0,193676.0,42.6,31.14291
223.0,8.288,1.2,-78.0,193676.0,41.6,30.93913
4.2971,7.3398,190.6425,-78.2689,194055.7011,43.5124,31.6687
224.9,8.288,1.2,-72.0,193672.0,42.6,32.09744
0.4411,7.4623,189.5945,-78.7509,194055.6243,43.725,31.7346
1.6402,7.0272,190.7796,-77.4914,194057.7481,43.4141,31.5937
2.3193,7.6811,187.6056,-78.2024,194055.5912,43.4558,31.6221
1.8981,7.7392,191.0105,-78.6097,194056.2512,43.2281,31.7659
3.6,7.2623,187.8234,-78.32,194054.5064,43.6905,31.6633
0.046,7.725,187.8058,-77.8191,194056.5007,43.7402,31.5371
220.4,8.288,1.2,-92.0,193624.0,45.6,30.60666
226.9,8.288,1.2,-83.0,193676.0,42.6,31.34669
218.5,8.288,1.2,-82.0,193676.0,41.6,30.84261
1.5591,7.0183,190.6352,-76.671,194054.5747,43.5846,31.7896
4.9004,7.9648,191.6022,-77.5672,194056.4701,43.4961,31.7216
4.7648,7.6535,185.7335,-77.9933,194056.6317,43.7738,31.6302
1.2223,7.2863,190.3968,-78.2397,194054.9104,43.7441,31.5967
1.2148,7.2583,190.5978,-77.6149,194056.3469,43.8126,31.6169
222.0,8.28,1.2,-85.0,193672.0,41.6,30.82116
2.0575,7.1829,187.4379,-76.7687,194055.7656,43.6104,31.6467
222.5,8.288,1.2,-82.0,193676.0,42.6,31.68989
1.9284,7.572,190.2935,-78.2767,194054.918,43.7121,31.537
3.0024,7.8448,191.2277,-78.0569,194054.3165,43.5678,31.749
1.0327,7.2889,188.8939,-77.4938,194055.6583,43.5536,31.6095
230.0,8.28,1.2,-75.0,193672.0,43.6,32.00092
224.4,8.288,1.2,-79.0,193672.0,42.6,31.41104
3.3189,7.7203,191.1336,-77.7823,194056.0699,43.4382,31.7301
4.7776,7.2482,193.8829,-78.0809,194055.7025,43.7368,31.7798
3.4384,7.4614,191.5745,-78.4752,194056.8549,43.325,31.84
4.9133,7.7952,186.2403,-77.8509,194056.9016,43.4432,31.7087
226.9,8.288,1.2,-88.0,193672.0,42.6,31.34669
228.1,8.288,1.2,-74.0,193672.0,43.6,32.17252
219.5,8.288,1.2,-81.0,193672.0,41.6,30.90696
1.4661,7.0554,190.7944,-77.2913,194056.1662,43.5649,31.6875
0.5107,7.1083,191.2162,-77.8167,194057.9121,43.5862,31.6694
2.3975,7.1812,194.5557,-77.9113,194056.995,43.5755,31.7007
214.8,8.296,1.2,-80.0,193672.0,45.6,30.69246
222.7,8.288,1.2,-79.0,193676.0,44.6,30.55303
227.9,8.288,1.2,-76.0,193672.0,43.6,32.30122
3.0671,7.1293,185.1683,-78.6067,194053.5292,43.5896,31.6731
218.0,8.136,-180.0,-74.0,194064.0,43.6,32.75167
0.7123,7.1089,188.2476,-77.482,194055.5946,43.3526,31.9522
212.8,8.288,1.2,-82.0,193676.0,44.6,30.68173
2.7466,7.8036,192.3259,-78.2203,194055.9762,43.5654,31.7329
0.1318,7.8003,190.607,-78.489,194057.2942,43.6002,31.7189
227.7,8.296,1.2,-64.0,192100.0,43.6,32.44065
4.1982,7.4783,187.3844,-78.6444,194056.1121,43.5369,31.6809
223.9,8.288,1.2,-77.0,193672.0,41.6,30.81043
224.3,8.288,1.2,-78.0,193676.0,44.6,30.56376
226.4,8.288,1.2,-72.0,193672.0,42.6,32.12962
2.6035,7.3886,190.29,-77.662,194054.8806,43.7356,31.5969
0.6393,7.27,189.6071,-77.6463,194057.2308,43.5534,31.6427
224.7,8.288,1.2,-65.0,193672.0,43.6,32.2047
225.9,8.288,1.2,-79.0,193676.0,41.6,31.14291
225.3,8.136,-113.6,-77.0,193676.0,45.6,32.95545
0.5383,7.6237,189.9524,-77.9165,194056.4976,43.5206,31.7341
227.6,8.288,1.2,-72.0,193672.0,43.6,32.07599
3.8349,7.3932,188.2235,-78.141,194057.2425,43.5437,31.8006
0.3577,7.6195,192.3676,-77.6976,194056.3405,43.6247,31.4804
1.6847,7.3908,187.2476,-78.0845,194053.8854,43.8143,31.6024
1.0215,7.3869,190.1835,-78.4832,194055.189,43.5435,31.8047
224.9,8.288,1.2,-75.0,193676.0,42.6,31.70061
222.7,8.288,1.2,-88.0,193676.0,42.6,31.38959
227.8,8.288,1.2,-72.0,193672.0,43.6,32.15107
2.9396,7.7336,190.3961,-78.8095,194056.7315,43.4574,31.5291
219.7,8.288,1.2,-75.0,193676.0,42.6,31.50756
222.6,8.288,1.2,-79.0,193672.0,42.6,32.19397
4.0151,7.7221,192.6492,-77.8442,194055.7135,43.6578,31.7483
223.9,8.12,-125.6,-62.0,193684.0,43.6,32.85892
2.209,7.0417,189.8133,-77.6137,194056.3636,43.5737,31.7469
217.0,8.288,1.2,-80.0,193672.0,45.6,30.70318
1.7088,7.6715,188.7394,-79.1258,194056.0317,43.7115,31.7739
226.5,8.288,1.2,-65.0,193672.0,43.6,32.06527
215.7,8.288,1.2,-78.0,193676.0,44.6,30.67101
4.7956,7.1057,192.5486,-78.0231,194055.5885,43.5743,31.8779
2.1497,7.8935,190.9313,-78.2158,194056.1013,43.6623,31.5145
227.6,8.288,1.2,-73.0,193672.0,42.6,32.06527
211.6,8.288,1.2,-78.0,193624.0,44.6,30.64956
219.4,8.288,1.2,-84.0,191192.0,43.6,30.85333
223.9,8.296,1.2,-76.0,193672.0,43.6,32.02237
224.6,8.288,1.2,-66.0,193672.0,43.6,32.11889
1.4397,7.4232,187.1445,-77.8941,194057.5096,43.6944,31.8096
1.8366,7.9516,191.6044,-78.4165,194055.3152,43.4867,31.7114
0.8503,7.7788,191.3248,-77.451,194054.9613,43.5572,31.6654
224.6,8.12,-120.8,-70.0,193676.0,43.6,32.85892
1.8208,7.2697,186.5024,-77.9243,194055.4386,43.7888,31.7942
4.041,7.3712,186.8451,-77.4511,194054.2602,43.7555,31.7524
223.7,8.288,1.2,-67.0,193676.0,43.6,33.08415
4.909,7.1229,191.5653,-77.8372,194054.871,43.6238,31.6802
229.8,8.288,1.2,-68.0,193676.0,43.6,32.36557
226.2,8.288,1.2,-72.0,193672.0,43.6,32.10817
211.6,8.288,1.2,-76.0,193676.0,44.6,30.69246
218.9,8.28,1.2,-79.0,193672.0,42.6,31.01421
1.1826,7.9385,189.2054,-79.6539,194057.0848,43.7156,31.7693
222.4,8.12,-149.2,-63.0,193692.0,43.6,32.77312
1.3899,7.4232,190.4438,-78.0899,194055.433,43.4082,31.7397
218.0,8.288,1.2,-79.0,193676.0,45.6,30.70318
3.5734,7.0977,191.4237,-77.5362,194056.4549,43.6782,31.6484
0.4447,7.4773,191.7099,-76.7727,194055.7898,43.6384,31.7497
226.9,8.288,1.2,-67.0,193672.0,43.6,32.36557
224.8,8.128,-121.2,-74.0,193684.0,44.6,32.83747
216.9,8.288,1.2,-79.0,193676.0,41.6,30.71391
4.2143,7.9773,190.987,-76.9374,194056.1606,43.5129,31.6391
2.4522,7.9874,190.6399,-78.2448,194058.1462,43.6586,31.6062
3.024,7.0329,190.5742,-78.3166,194055.5962,43.5868,31.691
228.3,8.288,1.2,-85.0,193676.0,42.6,31.91512
224.5,8.28,1.2,-86.0,193676.0,44.6,30.56376
223.7,8.288,1.2,-77.0,193672.0,41.6,30.83188
222.3,8.288,1.2,-82.0,193676.0,42.6,31.72206
225.4,8.28,1.2,-82.0,193672.0,42.6,31.36814
222.8,8.152,-232.0,-74.0,194056.0,44.6,32.61225
225.5,8.28,1.2,-80.0,193672.0,42.6,31.92584
0.1968,7.9267,191.5499,-78.4824,194056.8869,43.6763,31.7627
225.6,8.288,1.2,-79.0,193672.0,42.6,32.18324
228.1,8.28,1.2,-79.0,193624.0,43.6,31.88294
229.8,8.288,1.2,-79.0,193676.0,41.6,30.92841
2.7833,7.8064,191.7542,-78.2281,194055.8683,43.6613,31.8714
2.9983,7.8973,189.4267,-76.612,194056.0294,43.5246,31.5637
219.1,8.12,-164.4,-65.0,194056.0,43.6,32.77312
4.3306,7.3775,191.7585,-78.5428,194057.7882,43.7683,31.6912
2.0534,7.5363,184.0275,-76.9437,194055.8061,43.4128,31.684
218.4,8.12,-137.2,-65.0,193692.0,43.6,32.82675
0.7926,7.3125,187.7741,-78.1188,194056.1403,43.6564,31.8131
1.962,7.929,188.5595,-78.9617,194056.7925,43.6609,31.7586
3.8669,7.8981,187.0569,-78.0844,194056.3659,43.6758,31.6844
2.5019,7.2467,190.5602,-77.6858,194055.4055,43.7025,31.7443
1.5572,7.1289,190.1196,-78.799,194055.9005,43.5154,31.9509
4.864,7.3438,187.0722,-77.8905,194056.2869,43.3892,31.7477
3.1502,7.4791,192.2076,-77.744,194056.5588,43.3687,31.5882
227.6,8.288,1.2,-77.0,193676.0,41.6,30.88551
226.5,8.288,1.2,-72.0,193672.0,43.6,32.15107
225.5,8.28,1.2,-76.0,193676.0,42.6,31.41104
214.0,8.288,1.2,-83.0,193676.0,41.6,30.71391
0.3912,7.3695,190.209,-78.0295,194057.2001,43.7893,31.823
4.1803,7.2365,191.6331,-78.3257,194058.0353,43.6511,31.7646
2.3383,7.8328,193.5444,-78.3926,194055.9071,43.7649,31.8216
4.296,7.3841,188.7269,-77.2357,194056.0134,43.4525,31.6773
220.8,8.288,1.2,-85.0,193676.0,41.6,30.85333
4.7864,7.1942,189.346,-78.3351,194056.5849,43.653,31.6756
3.2963,7.4385,190.6849,-78.0346,194055.6331,43.5209,31.6951
1.4801,7.3683,188.444,-77.6693,194055.964,43.5346,31.622
226.3,8.288,1.2,-74.0,193672.0,43.6,32.19397
0.5724,7.3982,186.4116,-77.6706,194055.8331,43.7104,31.8438
222.9,8.288,1.2,-83.0,193676.0,42.6,31.68989
223.2,8.136,-114.0,-75.0,193676.0,43.6,32.92327
226.0,8.288,1.2,-80.0,193676.0,41.6,31.14291
1.7619,7.5207,191.8534,-77.6171,194056.4765,43.649,31.933
1.3781,7.9988,188.6199,-77.2777,194054.0149,43.6594,31.7315
229.2,8.288,1.2,-69.0,193672.0,43.6,32.36557
4.0129,7.2733,189.1018,-79.3741,194055.2195,43.6962,31.6537
224.0,8.288,1.2,-74.0,193672.0,43.6,32.3334
215.6,8.288,1.2,-77.0,192104.0,44.6,30.73536
3.7566,7.549,193.1461,-78.2758,194055.7633,43.6287,31.6937
218.2,8.12,-231.2,-80.0,194064.0,43.6,32.23687
225.7,8.288,1.2,-74.0,193672.0,43.6,32.38702
220.2,8.288,1.2,-78.0,193672.0,41.6,30.82116
3.174,7.5183,189.1879,-77.954,194054.0866,43.3894,31.6634
223.5,8.288,1.2,-74.0,193672.0,42.6,31.97947
225.2,8.288,1.2,-65.0,193672.0,43.6,32.09744
4.2488,7.3305,189.6971,-77.4002,194055.828,43.5066,31.6279
216.8,8.16,-222.4,-72.0,194056.0,43.6,32.77312
220.5,8.112,-230.8,-84.0,194056.0,43.6,31.99019
225.9,8.288,1.2,-73.0,193676.0,42.6,31.60409
224.0,8.296,1.2,-83.0,192100.0,42.6,31.49684
3.9254,7.4476,189.7188,-78.4952,194055.558,43.7184,31.6618
221.0,8.288,1.2,-79.0,193628.0,42.6,30.62811
225.5,8.288,1.2,-74.0,193672.0,43.6,32.3334
225.8,8.288,1.2,-78.0,193672.0,41.6,30.85333
3.1463,7.1642,185.8786,-77.6653,194055.6646,43.566,31.505
2.5842,7.6705,191.1149,-78.6081,194056.4744,43.7124,31.7322
222.5,8.12,-142.4,-67.0,193692.0,43.6,32.75167
3.9294,7.6632,192.9459,-78.1229,194055.1462,43.5522,31.643
3.3116,7.8673,188.9303,-77.9471,194055.1814,43.6027,31.6245
224.5,8.288,1.2,-78.0,193672.0,43.6,32.22615
224.0,8.288,1.2,-66.0,193672.0,43.6,32.44065
1.4758,7.325,189.7273,-78.3953,194054.8866,43.6828,31.6481
4.9509,7.4949,193.3705,-78.2857,194055.1581,43.6982,31.6661
216.6,8.288,1.2,-79.0,193676.0,41.6,30.78898
4.3552,7.6588,189.616,-76.9924,194054.836,43.447,31.4837
4.7061,7.3972,190.0903,-78.4214,194056.9134,43.5926,31.7965
227.7,8.288,1.2,-80.0,193672.0,42.6,32.00092
222.1,8.288,1.2,-83.0,193676.0,42.6,31.59336
225.2,8.136,-115.2,-77.0,193676.0,43.6,32.92327
4.204,7.0959,190.7681,-77.4916,194056.0068,43.653,31.6399
217.2,8.104,-231.2,-87.0,194056.0,43.6,31.97947
222.0,8.288,1.2,-81.0,193676.0,42.6,31.75424
222.3,8.288,1.2,-72.0,193676.0,41.6,30.84261
215.4,8.104,-236.8,-78.0,194056.0,43.6,31.77569
2.6434,7.9442,190.1954,-77.5638,194057.0315,43.5496,31.9163
4.1781,7.9022,190.5792,-78.1596,194055.1504,43.5683,31.7118
224.4,8.288,1.2,-74.0,191192.0,43.6,32.32267
0.598,7.2349,187.4508,-78.4636,194055.593,43.6238,31.7633
2.0732,7.3271,188.5272,-77.7365,194055.6226,43.5175,31.6576
212.6,8.288,1.2,-79.0,193768.0,43.6,30.71391
1.3693,7.0854,189.1907,-77.9042,194055.2047,43.7974,31.7233
3.4263,7.0307,191.8935,-77.8056,194055.1917,43.559,31.6546
228.7,8.288,1.2,-74.0,193672.0,43.6,32.15107
0.0653,7.1675,190.5376,-78.7612,194055.5125,43.4858,31.5971
226.5,8.288,1.2,-68.0,193672.0,43.6,32.14034
223.3,8.12,-125.2,-60.0,193684.0,43.6,32.8482
227.6,8.288,1.2,-73.0,193672.0,42.6,32.08672
2.2754,7.4493,189.2475,-78.2917,194055.3893,43.5212,31.703
226.2,8.288,1.2,-74.0,193672.0,43.6,32.2047
1.2556,7.9761,187.7326,-78.2964,194055.8592,43.6146,31.9199
3.724,7.2061,189.5877,-77.9176,194057.0797,43.5311,31.5653
0.233,7.051,190.1518,-77.1102,194053.2293,43.627,31.5566
0.2842,7.3693,191.303,-78.7562,194052.8664,43.4294,31.6902
0.0795,7.261,190.8328,-77.7416,194056.409,43.6089,31.6156
229.1,8.288,1.2,-80.0,193676.0,44.6,30.52085
227.4,8.288,1.2,-82.0,193676.0,44.6,30.53158
225.7,8.288,1.2,-85.0,193676.0,42.6,31.35741
1.2478,7.7379,188.4287,-77.3424,194058.6627,43.7612,31.6112
0.737,7.8174,187.1849,-77.9936,194056.0557,43.515,31.7558
220.4,8.288,1.2,-91.0,193672.0,45.6,30.64956
0.9642,7.2844,189.1114,-78.629,194053.0281,43.6335,31.7573
215.4,8.136,-185.6,-71.0,194056.0,43.6,32.78385
229.9,8.288,1.2,-73.0,193676.0,42.6,31.96874
1.5313,7.7194,191.9465,-77.3492,194055.2318,43.5484,31.8593
1.4036,7.5055,192.2675,-78.9514,194054.4814,43.7904,31.7875
4.2144,7.4716,186.4687,-77.76,194057.3458,43.7777,31.5339
219.5,8.288,1.2,-80.0,193624.0,44.6,30.60666
221.8,8.288,1.2,-70.0,193676.0,43.6,33.1056
0.9792,7.2319,186.8839,-78.1229,194055.9962,43.5711,31.5216
225.5,8.288,1.2,-73.0,193672.0,42.6,31.97947
4.93,7.3619,192.5429,-77.2669,194056.0422,43.5202,31.6609
4.3435,7.4004,191.0734,-77.6855,194055.6675,43.5383,31.7314
3.3406,7.5847,190.3075,-77.9389,194057.4655,43.5085,31.5865
224.3,8.296,1.2,-66.0,192100.0,43.6,32.42992
221.8,8.12,-148.4,-62.0,190548.0,43.6,32.77312
4.71,7.8433,191.7946,-77.702,194058.0355,43.5824,31.9069
222.0,8.288,1.2,-81.0,193676.0,42.6,31.73279
1.0096,7.7213,190.9247,-78.4176,194056.6083,43.585,31.7673
2.8786,7.5121,189.8092,-78.3184,194055.7251,43.5325,31.5998
214.0,8.288,1.2,-75.0,193676.0,44.6,30.69246
0.6652,7.4729,191.1143,-77.1872,194056.1994,43.4692,31.8377
223.0,8.288,1.2,-64.0,193672.0,43.6,32.56935
2.3615,7.0218,191.1068,-77.9467,194054.7136,43.4927,31.8542
4.7663,7.4484,189.6729,-78.0624,194055.4675,43.6958,31.7874
217.8,8.288,1.2,-78.0,193676.0,43.6,30.57448
225.7,8.288,1.2,-79.0,193624.0,41.6,31.12146
3.5024,7.1537,191.3542,-77.3983,194055.9862,43.5023,31.6764
4.6873,7.0835,192.9668,-78.498,194056.3966,43.5385,31.7493
0.0985,7.9234,187.9991,-78.8288,194055.1517,43.5279,31.6972
0.1387,7.5342,192.3925,-78.2153,194056.2364,43.6871,31.6337
224.5,8.288,1.2,-78.0,193676.0,42.6,31.48611
225.8,8.288,1.2,-69.0,193672.0,43.6,32.38702
215.6,8.288,1.2,-79.0,193676.0,41.6,30.79971
223.4,8.296,1.2,-65.0,193672.0,43.6,32.58007
2.7235,7.6644,188.451,-77.8268,194055.902,43.4226,31.8784
4.7493,7.0474,189.66,-77.927,194056.4358,43.2949,31.8298
224.4,8.288,1.2,-75.0,193676.0,42.6,31.42176
0.3432,7.7545,191.6406,-78.4283,194055.9622,43.5025,31.5752
1.95,7.7483,189.4252,-78.5275,194056.2433,43.552,31.5925
224.7,8.288,1.2,-75.0,193672.0,43.6,32.19397
211.8,8.288,1.2,-75.0,193676.0,44.6,30.70318
3.0247,7.0125,191.3212,-78.1558,194055.6678,43.642,31.7662
225.6,8.288,1.2,-86.0,193676.0,42.6,31.38959
3.1282,7.5334,192.0896,-77.7026,194055.5167,43.5316,31.6954
1.3214,7.177,188.5493,-77.8602,194055.9167,43.5324,31.823
4.4611,7.927,189.4214,-77.7053,194057.7063,43.697,31.7461
4.1854,7.7555,190.0122,-78.3112,194055.9668,43.6061,31.5979
217.4,8.288,1.2,-78.0,193672.0,44.6,30.71391
2.9023,7.4725,188.3926,-77.905,194055.4044,43.4761,31.8222
4.1582,7.9198,190.4399,-77.5122,194057.1265,43.6943,31.9231
3.0142,7.3228,193.2489,-77.6458,194056.7964,43.4825,31.7373
230.7,8.288,1.2,-67.0,193676.0,43.6,33.04125
224.3,8.288,1.2,-72.0,193672.0,42.6,31.94729
224.6,8.128,-116.0,-64.0,193676.0,43.6,32.8911
228.8,8.128,-115.2,-67.0,193676.0,44.6,33.07343
225.5,8.288,1.2,-68.0,193672.0,43.6,32.3763
1.715,7.5969,193.3061,-77.5821,194057.2088,43.4865,31.7139
228.0,8.288,1.2,-76.0,193676.0,42.6,30.92841
0.588,7.5972,186.0332,-77.9806,194055.2987,43.436,31.5936
223.7,8.288,1.2,-74.0,193672.0,42.6,31.93657
0.6266,7.6939,188.7085,-77.8896,194055.0035,43.4591,31.693
218.8,8.288,1.2,-80.0,193620.0,44.6,30.64956
223.6,8.288,1.2,-79.0,193676.0,41.6,30.89623
3.9557,7.0187,187.0279,-78.1333,194055.2639,43.6911,31.667
223.1,8.288,1.2,-74.0,191192.0,42.6,30.85333
3.4401,7.0907,190.253,-77.876,194056.1101,43.4841,31.7018
1.8169,7.373,193.0575,-79.0511,194057.1877,43.4136,31.5772
2.0673,7.633,186.2982,-78.2845,194057.1622,43.6106,31.8252
3.8424,7.0123,194.0764,-77.0737,194056.9286,43.5119,31.4886
1.4986,7.4674,191.6538,-78.468,194055.3888,43.4835,31.635
2.6994,7.0561,187.3373,-78.7098,194057.0201,43.5947,31.7614
228.0,8.144,-99.99999,-66.0,193676.0,44.6,33.11633
0.5248,7.1649,187.5543,-79.2265,194057.5668,43.4392,31.589
3.8474,7.4709,190.0226,-78.3928,194055.2232,43.5767,31.6287
223.3,8.288,1.2,-82.0,193676.0,42.6,31.32524
227.1,8.288,1.2,-76.0,193676.0,42.6,31.73279
226.8,8.28,1.2,-76.0,193672.0,42.6,31.44321
3.837,7.1649,190.6946,-77.1217,194054.2126,43.6549,31.478
1.85,7.1717,191.2504,-78.5035,194056.0981,43.5463,31.6177
227.2,8.288,1.2,-67.0,193672.0,43.6,32.05454
222.0,8.272,1.2,-83.0,193676.0,46.6,30.67101
0.1898,7.4117,190.6816,-78.7861,194057.0605,43.4699,31.5767
4.003,7.6436,190.9279,-78.0182,194055.7626,43.7667,31.7162
2.3874,7.6868,191.9941,-77.7467,194056.829,43.602,31.7199
223.0,8.288,1.2,-80.0,193672.0,42.6,31.08928
0.2091,7.6033,189.7607,-77.5245,194057.4027,43.5329,31.7101
225.8,8.288,1.2,-73.0,191196.0,43.6,31.62554
4.2679,7.1308,189.6535,-77.6212,194054.7156,43.789,31.6829
229.2,8.144,-96.4,-69.0,193676.0,43.6,32.95545
2.1096,7.1962,190.385,-78.2674,194055.1926,43.7138,31.74
220.5,8.152,-232.8,-71.0,194056.0,43.6,32.6337
225.5,8.288,1.2,-74.0,193672.0,43.6,32.32267
4.3432,7.2154,191.057,-78.0594,194054.746,43.7685,31.8171
227.4,8.288,1.2,-80.0,193672.0,43.6,32.07599
2.3492,7.371,187.6538,-77.5625,194055.2482,43.6002,31.6411
224.7,8.288,1.2,-80.0,193672.0,42.6,31.23944
219.1,8.12,-153.2,-66.0,190908.0,43.6,32.77312
228.9,8.152,-98.0,-68.0,193676.0,43.6,32.99835
0.8816,7.8684,190.6844,-78.2547,194056.3729,43.6218,31.6681
1.1458,7.6475,190.8955,-76.7624,194055.6245,43.5644,31.745
221.8,8.288,1.2,-78.0,193676.0,43.6,30.56376
224.5,8.288,1.2,-61.0,193672.0,43.6,32.69805
222.6,8.288,1.2,-80.0,193676.0,42.6,31.12146
222.2,8.288,1.2,-76.0,193672.0,41.6,30.88551
4.6137,7.0536,187.6738,-78.0578,194056.2181,43.6497,31.5987
2.9395,7.4949,190.1829,-76.9751,194055.0522,43.6204,31.7764
226.0,8.288,1.2,-67.0,193672.0,44.6,32.45137
226.9,8.288,1.2,-78.0,193676.0,44.6,30.53158
227.7,8.288,1.2,-77.0,193672.0,42.6,32.07599
227.2,8.288,1.2,-75.0,193672.0,42.6,32.34412
4.1862,7.607,187.5854,-77.5239,194056.179,43.605,31.6615
223.1,8.288,1.2,-74.0,193672.0,41.6,30.85333
225.1,8.288,1.2,-73.0,193672.0,43.6,32.19397
225.5,8.288,1.2,-86.0,193676.0,42.6,31.32524
226.0,8.288,1.2,-74.0,193672.0,43.6,32.2047
2.3063,7.3466,194.9252,-78.4693,194056.2789,43.6199,31.6912
221.8,8.288,1.2,-73.0,193676.0,41.6,30.90696
228.3,8.288,1.2,-81.0,193624.0,42.6,31.89367
1.1538,7.1261,188.8486,-78.4317,194056.95,43.6996,31.7903
229.2,8.168,-97.2,-68.0,193676.0,44.6,33.1056
223.6,8.288,1.2,-81.0,193676.0,44.6,30.57448
215.9,8.288,1.2,-77.0,193676.0,41.6,30.78898
221.8,8.296,1.2,-65.0,193672.0,43.6,32.4621
3.2507,7.5117,190.5559,-77.6412,194056.9438,43.6491,31.64
227.2,8.296,1.2,-85.0,193664.0,45.6,30.56376
225.4,8.288,1.2,-74.0,193672.0,43.6,32.3334
227.5,8.176,-97.2,-67.0,193676.0,43.6,33.08415
227.4,8.28,1.2,-79.0,193620.0,42.6,32.01164
4.5841,7.0474,193.248,-77.4594,194056.3919,43.3493,31.6447
226.0,8.288,1.2,-84.0,193676.0,43.6,30.61738
3.0208,7.7573,188.4509,-78.6483,194056.7612,43.6129,31.7627
0.0954,7.7884,187.9494,-78.512,194055.1423,43.5706,31.7267
221.1,8.288,1.2,-79.0,192056.0,43.6,30.57448
221.3,8.288,1.2,-82.0,193676.0,42.6,31.59336
222.1,8.296,1.2,-65.0,193672.0,43.6,32.82675
3.2762,7.981,187.035,-78.0512,194056.5281,43.8589,31.8647
1.6572,7.5582,190.8755,-77.1297,194056.3127,43.8183,31.6591
4.4767,7.05,186.8904,-77.8618,194056.4214,43.6746,31.7903
3.7617,7.8101,190.5003,-77.3491,194058.3166,43.6166,31.6027
4.3122,7.4923,189.823,-78.3638,194055.7366,43.7518,31.6981
215.6,8.136,-178.8,-71.0,194056.0,43.6,32.8053
223.1,8.288,1.2,-74.0,192052.0,42.6,32.3763
3.4123,7.605,190.2687,-78.2322,194055.4206,43.5651,31.8071
218.2,8.288,1.2,-78.0,193676.0,41.6,30.73536
223.8,8.288,1.2,-66.0,193672.0,43.6,32.42992
228.1,8.288,1.2,-78.0,193676.0,42.6,31.88294
221.0,8.288,1.2,-65.0,193672.0,43.6,32.45137
2.7391,7.1618,192.4847,-77.7416,194056.6054,43.7769,31.7705
4.8565,7.8073,188.5631,-78.2736,194054.9724,43.7549,31.5812
222.4,8.12,-144.0,-62.0,193692.0,43.6,32.77312
226.9,8.288,1.2,-71.0,191192.0,43.6,32.35485
2.078,7.6061,192.3143,-77.5185,194056.7564,43.5879,31.6912
1.7795,7.518,185.1653,-77.5614,194055.1445,43.6197,31.8484
218.4,8.296,1.2,-80.0,193672.0,44.6,30.66028
0.6984,7.64,193.3378,-77.8287,194055.5498,43.7625,31.4771
223.9,8.288,1.2,-66.0,193672.0,43.6,32.23687
0.9001,7.7822,189.1226,-78.2119,194055.6225,43.5854,31.7091
218.6,8.12,-134.0,-67.0,193684.0,43.6,32.82675
224.8,8.288,1.2,-91.0,193672.0,42.6,31.36814
226.5,8.288,1.2,-78.0,193676.0,41.6,31.14291
2.4742,7.425,192.4546,-78.1781,194054.1574,43.5712,31.7486
4.2483,7.2584,190.2992,-78.0401,194056.2719,43.6157,31.5983
225.9,8.288,1.2,-66.0,193672.0,43.6,32.18324
4.3646,7.2938,189.0876,-78.195,194056.0376,43.6071,31.6651
226.7,8.288,1.2,-76.0,193672.0,41.6,30.94986
229.3,8.168,-97.2,-68.0,193676.0,44.6,33.07343
226.2,8.288,1.2,-76.0,193676.0,41.6,30.85333
224.7,8.288,1.2,-77.0,193672.0,43.6,31.95802
1.6526,7.4378,188.8475,-78.359,194057.2536,43.5807,31.6319
222.0,8.288,1.2,-80.0,193676.0,42.6,31.57191
227.7,8.288,1.2,-84.0,193676.0,44.6,30.52085
222.4,8.288,1.2,-78.0,193676.0,41.6,30.90696
226.6,8.288,1.2,-76.0,193672.0,43.6,32.00092
0.0448,7.2094,188.5605,-77.3109,194056.794,43.5318,31.9872
1.7646,7.5647,193.3056,-77.9869,194055.4963,43.6355,31.5995
3.8796,7.3362,191.0256,-77.6,194053.9469,43.7838,31.6774
227.1,8.288,1.2,-78.0,193672.0,41.6,30.85333
4.1142,7.2557,191.382,-77.7273,194056.2614,43.6065,31.6095
3.6794,7.1791,190.2075,-77.5954,194056.7821,43.5398,31.7239
4.7506,7.3095,191.1418,-77.6069,194057.0368,43.7055,31.8063
215.6,8.288,1.2,-78.0,193676.0,41.6,30.68173
2.3347,7.7859,190.3401,-78.093,194055.5833,43.5759,31.6539
1.2564,7.0978,188.2818,-77.879,194056.9291,43.5306,31.8051
1.1637,7.0781,187.999,-77.7653,194055.8543,43.5042,31.708
2.441,7.4743,191.3725,-77.598,194056.8485,43.664,31.7933
1.9447,7.0325,193.6778,-78.7562,194056.2241,43.6399,31.6268
220.9,8.288,1.2,-82.0,193676.0,43.6,30.58521
1.5981,7.4335,191.5455,-77.6253,194056.7783,43.5897,31.7027
1.8211,7.1674,190.0283,-78.5895,194057.6077,43.5923,31.8089
225.5,8.288,1.2,-76.0,193672.0,42.6,31.38959
0.1233,7.5167,191.6791,-78.0213,194056.692,43.5755,31.8075
222.5,8.12,-124.8,-63.0,193684.0,43.6,32.85892
0.302,7.9755,189.3112,-77.67,194056.5358,43.4809,31.6241
216.2,8.28,1.2,-76.0,193676.0,41.6,30.79971
222.5,8.12,-146.4,-62.0,193692.0,43.6,32.7624
0.5113,7.6894,191.5374,-78.4111,194055.8532,43.678,31.7122
225.3,8.288,1.2,-86.0,193628.0,45.6,30.5423
1.0335,7.8577,191.2363,-77.4911,194056.4379,43.5859,31.6689
228.4,8.288,1.2,-79.0,193672.0,42.6,32.01164
3.9132,7.4421,186.8501,-78.1606,194055.5729,43.5902,31.6943
224.7,8.288,1.2,-88.0,193676.0,45.6,30.57448
225.8,8.288,1.2,-65.0,193628.0,44.6,32.94473
219.9,8.288,1.2,-78.0,193672.0,41.6,30.84261
4.675,7.4675,189.3158,-78.0569,194056.6013,43.5735,31.6962
4.9688,7.2233,189.8566,-77.5683,194056.1948,43.4835,31.6436
213.7,8.288,1.2,-70.0,193676.0,41.6,30.76753
3.1745,7.192,189.1507,-78.4947,194057.1453,43.6463,31.509
4.1607,7.8137,190.6135,-78.5098,194055.5209,43.4462,31.7529
2.7793,7.2766,187.7298,-78.2384,194055.0927,43.6589,31.5247
227.2,8.288,1.2,-78.0,193672.0,41.6,30.78898
4.181,7.543,186.7573,-78.3739,194055.2089,43.7174,31.8286
220.6,8.288,1.2,-73.0,193672.0,42.6,31.13218
225.1,8.144,-104.0,-71.0,193676.0,43.6,32.91255
2.9138,7.8062,189.5617,-78.9699,194055.3991,43.5582,31.8134
2.4227,7.7367,192.1902,-77.398,194057.3704,43.4126,31.511
3.4958,7.0227,192.7516,-78.6575,194058.045,43.5411,31.6706
3.826,7.1631,186.6728,-77.2753,194056.311,43.633,31.8957
215.7,8.288,1.2,-84.0,193816.0,44.6,30.67101
227.4,8.288,1.2,-70.0,193672.0,43.6,32.16179
0.0367,7.5638,190.2412,-77.2341,194055.9115,43.6859,31.7919
1.4019,7.7778,189.3725,-77.8513,194056.2808,43.6211,31.6457
3.1664,7.3305,192.4632,-78.1264,194056.9319,43.5838,31.6936
3.1405,7.7237,188.5368,-77.3617,194055.9201,43.6106,31.7924
1.0382,7.0566,190.5457,-77.5947,194055.2961,43.6647,31.8523
228.1,8.288,1.2,-78.0,193672.0,42.6,31.37886
226.7,8.288,1.2,-75.0,193676.0,42.6,31.68989
4.7884,7.8542,188.4889,-77.5911,194058.1161,43.3811,31.6528
2.103,7.6435,189.0688,-77.4322,194056.1811,43.5307,31.615
225.9,8.288,1.2,-78.0,193672.0,42.6,30.76753
4.9243,7.8394,192.0165,-77.8532,194055.9238,43.5571,31.7728
225.0,8.288,1.2,-78.0,193676.0,42.6,31.35741
4.7257,7.9981,189.8141,-77.0329,194055.6255,43.788,31.6107
1.7789,7.4105,187.3694,-78.0292,194056.3132,43.512,31.6469
228.5,8.288,1.2,-79.0,193676.0,42.6,31.90439
222.2,8.288,1.2,-64.0,193620.0,44.6,32.58007
224.7,8.288,1.2,-67.0,193676.0,43.6,33.09488
214.7,8.288,1.2,-78.0,193676.0,41.6,30.83188
3.5175,7.0774,192.4974,-77.8149,194056.8746,43.7103,31.652
227.5,8.288,1.2,-73.0,193672.0,43.6,32.08672
220.7,8.288,1.2,-82.0,193676.0,41.6,30.88551
226.8,8.288,1.2,-82.0,193672.0,43.6,32.00092
223.4,8.28,1.2,-80.0,193672.0,41.6,30.85333
221.9,8.288,1.2,-66.0,193672.0,43.6,32.38702
3.9235,7.2327,191.2734,-77.9364,194055.7413,43.6168,31.8659
224.0,8.288,1.2,-69.0,193676.0,43.6,33.07343
0.4967,7.0348,190.5684,-78.4389,194055.5754,43.6827,31.6256
222.8,8.28,1.2,-72.0,193676.0,41.6,30.83188
229.4,8.16,-96.4,-68.0,193676.0,43.6,33.0627
225.4,8.288,1.2,-70.0,193676.0,43.6,33.08415
4.3352,7.6082,191.1227,-78.8782,194056.5333,43.5611,31.8254
3.1529,7.2215,188.7606,-78.3714,194055.4037,43.6083,31.5503
225.6,8.288,1.2,-78.0,193676.0,42.6,30.99276
1.4573,7.3413,192.4649,-77.5652,194057.2164,43.5946,31.6573
229.1,8.152,-98.0,-69.0,193676.0,44.6,33.0198
4.3701,7.8288,189.3916,-78.3691,194055.9399,43.5858,31.7989
226.6,8.288,1.2,-72.0,193672.0,43.6,32.14034
4.9968,7.0695,190.607,-77.625,194056.3285,43.6193,31.7711
220.1,8.288,1.2,-83.0,193672.0,41.6,30.82116
224.9,8.288,1.2,-78.0,193672.0,42.6,31.45394
3.7872,7.0601,188.8135,-77.5554,194056.6615,43.5896,31.733
0.4964,7.6198,191.2539,-79.6815,194056.5852,43.5825,31.7418
229.0,8.296,1.2,-76.0,192092.0,43.6,32.02237
217.5,8.168,-230.4,-72.0,194056.0,43.6,32.7624
224.5,8.288,1.2,-88.0,193672.0,44.6,30.57448
229.4,8.288,1.2,-76.0,193676.0,42.6,32.05454
225.5,8.12,-124.8,-64.0,193684.0,43.6,32.90182
223.6,8.288,1.2,-78.0,193672.0,43.6,31.42176
1.0878,7.704,189.4157,-78.045,194057.2472,43.6358,31.6164
4.6593,7.9788,192.965,-78.5731,194057.7735,43.6094,31.6395
4.1199,7.581,190.9948,-78.4574,194057.0566,43.5899,31.8487
3.9425,7.8523,189.0729,-78.4089,194054.9465,43.664,31.7026
226.4,8.288,1.2,-72.0,193672.0,42.6,32.11889
224.6,8.288,1.2,-69.0,193676.0,43.6,32.82675
1.167,7.9233,189.7086,-78.01,194055.561,43.8235,31.7527
4.6463,7.8628,192.8969,-77.6608,194056.6352,43.6447,31.5759
224.0,8.288,1.2,-84.0,193672.0,42.6,31.05711
225.0,8.288,1.2,-82.0,193672.0,42.6,31.35741
221.7,8.288,1.2,-77.0,193672.0,41.6,30.84261
224.8,8.296,1.2,-74.0,192104.0,42.6,31.52901
2.4233,7.5759,188.7612,-78.3251,194056.1542,43.5006,31.7829
2.5672,7.958,189.927,-77.8719,194056.2366,43.5667,31.6502
2.0653,7.0985,191.8391,-78.3893,194055.3109,43.6338,31.7062
4.5062,7.0136,192.6878,-77.7687,194056.0451,43.6704,31.6978
219.9,8.28,1.2,-76.0,193624.0,41.6,30.89623
2.6913,7.2411,186.9961,-78.7776,194054.6428,43.587,31.7876
215.5,8.12,-230.0,-79.0,194064.0,43.6,32.2047
3.4526,7.319,189.4609,-78.0906,194055.1092,43.7415,31.6184
1.8741,7.4784,188.4115,-77.3114,194056.9122,43.5818,31.7187
4.1644,7.537,190.3122,-78.1474,194055.483,43.5847,31.7325
1.7623,7.6139,187.2326,-78.2787,194056.3563,43.5664,31.6859
2.4772,7.9007,188.5395,-78.0076,194055.969,43.7469,31.7378
0.1909,7.4659,187.6251,-77.9923,194055.4486,43.5671,31.6126
225.0,8.288,1.2,-84.0,193624.0,45.6,30.68173
223.5,8.288,1.2,-83.0,193672.0,42.6,31.53974
0.4207,7.9078,191.1523,-78.2921,194056.5664,43.79,31.8762
225.0,8.288,1.2,-81.0,193672.0,43.6,31.95802
228.2,8.288,1.2,-85.0,193672.0,42.6,32.09744
213.0,8.28,1.2,-81.0,193676.0,41.6,30.68173
4.2787,7.8164,186.8734,-78.2082,194055.833,43.6798,31.7062
1.1423,7.4841,189.7012,-77.6525,194056.4712,43.5541,31.4951
220.6,8.296,1.2,-76.0,193676.0,44.6,30.71391
4.7633,7.8642,189.584,-77.8798,194056.7549,43.5185,31.7994
0.1924,7.1982,189.3685,-78.2079,194055.3847,43.6613,31.6472
0.8928,7.3454,195.4035,-77.7161,194056.8156,43.6984,31.6555
227.4,8.288,1.2,-76.0,193676.0,41.6,30.85333
3.5318,7.0483,189.8968,-77.8241,194056.5139,43.6585,31.7978
220.3,8.288,1.2,-80.0,193672.0,42.6,30.85333
226.7,8.288,1.2,-78.0,193676.0,41.6,30.90696
223.4,8.288,1.2,-65.0,193672.0,43.6,32.69805
0.8806,7.4784,190.9506,-77.7873,194056.3737,43.7131,31.7806
213.4,8.288,1.2,-78.0,193676.0,41.6,30.67101
223.4,8.144,-112.8,-83.0,193676.0,43.6,32.92327
219.4,8.288,1.2,-80.0,192104.0,45.6,30.52085
229.5,8.288,1.2,-75.0,193676.0,43.6,32.36557
0.6598,7.3598,190.2273,-77.8579,194056.7568,43.6105,31.8243
1.2797,7.3032,191.6317,-77.2165,194055.8845,43.6692,31.7885
4.8926,7.0402,190.3087,-78.7572,194057.2754,43.5238,31.551
224.1,8.288,1.2,-76.0,193624.0,42.6,31.56119
1.6904,7.0166,191.3051,-77.5974,194057.4015,43.6414,31.5942
4.9637,7.0188,188.8163,-77.7882,194055.5417,43.4434,31.8067
226.7,8.288,1.2,-74.0,193672.0,43.6,32.34412
223.6,8.288,1.2,-78.0,193672.0,43.6,32.2047
225.2,8.288,1.2,-81.0,193672.0,42.6,31.41104
220.3,8.288,1.2,-73.0,193676.0,41.6,30.88551
4.3108,7.6707,191.1647,-77.9009,194055.7432,43.5195,31.7016
220.1,8.288,1.2,-74.0,193672.0,41.6,30.84261
2.0422,7.0698,186.4557,-78.0904,194056.3233,43.5521,31.8262
2.5755,7.5981,188.2891,-77.2662,194056.9433,43.4878,31.837
4.6571,7.4893,188.201,-77.9376,194055.4669,43.5237,31.7071
2.958,7.9126,191.2029,-78.1157,194056.6042,43.4779,31.7904
223.1,8.288,1.2,-71.0,193672.0,44.6,32.61225
227.3,8.288,1.2,-65.0,193672.0,43.6,32.06527
228.0,8.288,1.2,-79.0,193672.0,42.6,31.99019
4.3613,7.221,192.8371,-77.9351,194056.1128,43.606,31.7526
230.3,8.288,1.2,-69.0,193676.0,43.6,32.99835
1.9749,7.2268,188.8495,-77.8436,194056.6486,43.4288,31.7935
222.0,8.288,1.2,-78.0,193672.0,41.6,31.11073
2.1037,7.9018,190.3752,-77.3999,194057.9187,43.4683,31.6487
3.2515,7.3853,190.3582,-78.2389,194055.5106,43.5822,31.5651
3.8478,7.1205,190.7428,-78.5491,194055.944,43.5205,31.8666
3.1393,7.2976,190.7183,-78.1454,194054.7418,43.631,31.6191
221.3,8.12,-128.4,-63.0,193692.0,43.6,32.86965
0.3671,7.9896,188.3208,-78.2629,194056.1499,43.6662,31.6315
225.4,8.288,1.2,-79.0,193672.0,43.6,32.21542
0.9372,7.9348,189.6602,-77.8595,194055.8559,43.5886,31.681
0.0397,7.9276,191.5363,-78.3744,194055.2037,43.425,31.5808
219.3,8.128,-176.0,-74.0,194056.0,43.6,32.77312
227.0,8.288,1.2,-68.0,193672.0,43.6,32.39775
218.0,8.168,-229.2,-72.0,194056.0,43.6,32.77312
4.9687,7.6551,190.3749,-78.2979,194056.7557,43.6517,31.6888
222.9,8.288,1.2,-83.0,193676.0,42.6,31.66844
1.9261,7.3978,189.5299,-78.307,194056.9817,43.3777,31.6901
3.8586,7.024,192.8978,-78.4525,194057.3343,43.594,31.7511
3.1914,7.2164,190.3023,-77.7256,194057.9576,43.9913,31.7308
222.1,8.112,-229.6,-83.0,194064.0,43.6,32.09744
223.4,8.144,-110.4,-80.0,193676.0,43.6,32.934
1.2719,7.3761,194.2273,-77.0952,194056.3245,43.6006,31.769
4.1888,7.3983,192.6704,-78.4762,194054.8231,43.4502,31.6797
4.4477,7.3375,191.9458,-77.9673,194055.8627,43.4384,31.8984
229.2,8.168,-96.8,-67.0,193676.0,45.6,33.09488
2.2699,7.2472,187.832,-78.4843,194056.739,43.596,31.7832
4.2865,7.719,191.0327,-77.999,194057.9859,43.5438,31.7073
1.6581,7.0489,194.762,-77.4267,194057.9521,43.754,31.7503
3.3269,7.2541,191.3445,-78.422,194054.3977,43.5565,31.7026
221.4,8.288,1.2,-79.0,193636.0,44.6,30.53158
4.4331,7.1612,187.7617,-77.9962,194056.0127,43.4538,31.7216
225.6,8.288,1.2,-86.0,193676.0,42.6,31.32524
222.4,8.152,-231.6,-72.0,194056.0,43.6,32.60152
1.4006,7.8033,187.8465,-78.9118,194056.9139,43.4862,31.699
219.4,8.16,-232.4,-72.0,194056.0,43.6,32.70877
2.1477,7.506,190.7749,-77.6388,194055.6368,43.4566,31.7096
228.1,8.288,1.2,-81.0,193676.0,42.6,31.87222
228.2,8.288,1.2,-81.0,193676.0,42.6,31.90439
2.2134,7.2814,192.2244,-78.7042,194055.5147,43.7219,31.7263
0.8635,7.7152,191.2803,-78.4336,194056.9899,43.5923,31.6822
1.396,7.2371,190.2907,-77.8899,194056.4582,43.3947,31.6802
4.1243,7.5763,188.7959,-77.9867,194056.2388,43.5286,31.6314
1.3406,7.9234,186.7816,-78.2797,194055.839,43.6457,31.7304
224.7,8.128,-116.0,-62.0,193676.0,43.6,32.90182
221.9,8.288,1.2,-82.0,193676.0,42.6,31.58264
220.6,8.12,-152.4,-63.0,194056.0,43.6,32.81602
218.4,8.288,1.2,-81.0,193672.0,41.6,30.76753
226.8,8.288,1.2,-76.0,193656.0,42.6,31.41104
0.4869,7.9434,186.3083,-78.0504,194055.7135,43.6311,31.6179
217.6,8.136,-185.6,-79.0,194056.0,43.6,32.79457
228.6,8.288,1.2,-79.0,193672.0,43.6,32.06527
216.8,8.288,1.2,-75.0,193676.0,41.6,30.67101
223.2,8.288,1.2,-84.0,193672.0,43.6,31.12146
225.3,8.288,1.2,-80.0,193672.0,41.6,30.96058
2.4682,7.1446,188.713,-78.7346,194055.3596,43.747,31.7069
231.2,8.28,1.2,-74.0,193676.0,42.6,31.97947
226.1,8.288,1.2,-78.0,193676.0,42.6,31.13218
3.4471,7.1343,187.2042,-78.3256,194056.6113,43.6375,31.7957
223.3,8.144,-110.8,-76.0,193676.0,43.6,32.92327
223.8,8.288,1.2,-77.0,193636.0,43.6,30.57448
4.2467,7.5774,192.8207,-78.7962,194054.515,43.4424,31.7338
1.7719,7.2382,189.9958,-77.4188,194056.6137,43.8275,31.6227
220.2,8.288,1.2,-86.0,193676.0,44.6,30.66028
225.0,8.288,1.2,-79.0,193676.0,42.6,31.12146
224.8,8.288,1.2,-81.0,193672.0,43.6,31.93657
221.4,8.12,-158.4,-64.0,190908.0,43.6,32.77312
2.8003,7.114,191.9085,-78.0633,194054.6221,43.6714,31.6843
227.7,8.288,1.2,-67.0,193620.0,42.6,32.03309
3.4442,7.9469,191.234,-78.0673,194055.8682,43.3938,31.8228
223.8,8.288,1.2,-77.0,193672.0,41.6,30.82116
2.946,7.3942,187.9093,-78.0136,194056.6074,43.6878,31.6243
228.3,8.288,1.2,-74.0,193672.0,43.6,32.21542
4.1963,7.7755,193.0816,-78.1322,194054.7143,43.7798,31.3378
220.8,8.288,1.2,-80.0,193672.0,42.6,30.66028
222.3,8.288,1.2,-74.0,193624.0,41.6,30.84261
223.5,8.288,1.2,-81.0,193672.0,41.6,30.84261
0.687,7.9938,189.8568,-78.0903,194054.7876,43.4977,31.7339
224.8,8.288,1.2,-82.0,193672.0,42.6,31.53974
220.8,8.28,1.2,-72.0,193676.0,41.6,30.89623
0.945,7.4254,191.1774,-78.3427,194055.7334,43.6604,31.6536
217.2,8.136,-186.0,-81.0,194056.0,43.6,32.8053
227.4,8.288,1.2,-71.0,193672.0,43.6,32.09744
0.8124,7.629,188.1533,-78.0926,194056.9997,43.6264,31.5928
0.2138,7.1559,185.0673,-77.1891,194056.1601,43.5267,31.5876
2.0011,7.018,190.6163,-78.3058,194055.8209,43.7792,31.6121
0.896,7.055,192.9788,-78.1236,194056.2973,43.4972,31.5187
3.7805,7.4033,192.163,-78.5245,194055.5905,43.5708,31.7934
3.7688,7.8187,192.1545,-78.3433,194055.0534,43.5631,31.6504
227.5,8.288,1.2,-83.0,193672.0,43.6,32.07599
1.3372,7.2361,189.6066,-78.4306,194055.4442,43.5884,31.8136
0.2958,7.1993,187.17,-77.8303,194056.2735,43.5497,31.865
0.3822,7.5685,189.4993,-77.3899,194054.3736,43.8321,31.6943
4.4552,7.4801,186.083,-77.7311,194056.6116,43.6333,31.8162
3.0502,7.2373,188.8827,-78.6851,194055.4666,43.6727,31.8942
4.2788,7.3504,190.4201,-77.8198,194057.2938,43.6725,31.7585
223.2,8.28,1.2,-75.0,193676.0,42.6,31.48611
4.4688,7.1256,193.1463,-78.5224,194056.8086,43.7066,31.72
224.2,8.296,1.2,-62.0,193672.0,43.6,32.73022
3.9077,7.4665,189.5979,-77.7252,194055.4237,43.6022,31.5741
226.6,8.288,1.2,-76.0,193676.0,42.6,31.70061
2.9392,7.6717,189.8678,-78.51,194056.5877,43.5965,31.6619
218.0,8.144,-200.0,-72.0,194056.0,43.6,32.79457
4.6353,7.1067,188.9778,-78.3403,194057.6899,43.5067,31.5117
225.6,8.288,1.2,-75.0,193672.0,43.6,32.34412
4.7708,7.5507,188.5968,-77.9799,194056.2781,43.4635,31.8183
2.2186,7.2657,186.3974,-76.9811,194054.4607,43.4544,31.7433
2.2208,7.3895,189.5894,-77.7052,194055.7564,43.836,31.6706
1.1902,7.485,189.7731,-78.5909,194054.0267,43.6624,31.5945
1.188,7.6393,187.4609,-77.5726,194054.5996,43.5931,31.5476
225.0,8.288,1.2,-79.0,193672.0,42.6,31.45394
2.9559,7.8431,195.9308,-77.8229,194055.7879,43.6119,31.6294
3.1041,7.1764,191.5385,-77.9214,194056.9562,43.63,31.3794
0.1556,7.574,190.7003,-77.8432,194055.4803,43.7097,31.6693
229.2,8.288,1.2,-75.0,193672.0,43.6,32.12962
0.919,7.814,190.8596,-78.9731,194057.7673,43.5906,31.9278
223.1,8.288,1.2,-73.0,193672.0,43.6,32.60152
224.9,8.288,1.2,-67.0,193672.0,43.6,32.21542
225.7,8.128,-106.8,-77.0,193628.0,44.6,32.91255
224.6,8.288,1.2,-79.0,193672.0,42.6,31.41104
1.2322,7.3291,193.1463,-77.1962,194056.3815,43.6039,31.6964
225.8,8.288,1.2,-68.0,193672.0,43.6,32.36557
225.3,8.288,1.2,-75.0,193672.0,42.6,32.02237
4.0053,7.4662,190.5703,-77.0887,194056.7533,43.4156,31.7791
0.95,7.23,187.7979,-78.4095,194055.9653,43.5727,31.5274
226.2,8.288,1.2,-77.0,193672.0,42.6,31.37886
4.2398,7.8002,191.5574,-77.4925,194056.4187,43.605,31.885
222.5,8.288,1.2,-83.0,193676.0,42.6,31.36814
229.7,8.152,-95.6,-70.0,193676.0,44.6,33.0627
225.4,8.288,1.2,-74.0,193672.0,42.6,32.3334
4.6709,7.058,193.2409,-78.2292,194057.9004,43.5825,31.7015
225.3,8.288,1.2,-74.0,193672.0,43.6,32.22615
4.0317,7.8043,188.382,-77.5488,194055.9195,43.4913,31.7471
3.2047,7.8985,189.7314,-77.7407,194056.9977,43.5269,31.8454
3.4222,7.4818,192.2356,-78.1442,194055.7775,43.4899,31.8159
4.5791,7.7618,189.4568,-77.6427,194054.529,43.5322,31.7642
220.4,8.288,1.2,-65.0,193676.0,43.6,32.91255
3.5289,7.1151,189.6551,-78.3196,194055.8768,43.6063,31.799
0.4736,7.8931,188.8379,-77.6803,194052.9058,43.4736,31.6783
228.9,8.144,-89.99999,-68.0,192092.0,44.6,32.9769
220.9,8.288,1.2,-66.0,193676.0,43.6,32.85892
226.4,8.288,1.2,-69.0,193672.0,43.6,32.38702
3.1348,7.0862,188.3751,-77.148,194056.8134,43.5802,31.5893
229.6,8.288,1.2,-72.0,193672.0,42.6,32.02237
0.0688,7.4357,190.4999,-77.9248,194054.3812,43.541,31.6812
229.3,8.168,-96.8,-67.0,193676.0,44.6,33.09488
215.5,8.288,1.2,-78.0,193676.0,41.6,30.68173
0.0079,7.3393,189.9163,-77.985,194057.0094,43.5395,31.6346
0.5802,7.1946,188.9417,-78.0492,194055.6507,43.6886,31.6519
216.3,8.288,1.2,-86.0,193624.0,44.6,30.69246
1.3925,7.2814,188.3554,-77.9207,194055.6665,43.5554,31.8735
224.4,8.288,1.2,-81.0,193676.0,41.6,30.93913
225.2,8.288,1.2,-79.0,193672.0,42.6,31.05711
220.7,8.288,1.2,-92.0,193676.0,44.6,30.58521
0.192,7.9934,188.4822,-78.4642,194057.2786,43.6221,31.6248
225.9,8.288,1.2,-76.0,193672.0,42.6,31.36814
228.4,8.288,1.2,-79.0,193620.0,42.6,32.07599
228.1,8.288,1.2,-76.0,193676.0,41.6,30.86406
223.1,8.288,1.2,-77.0,193668.0,44.6,30.66028
1.66,7.2427,189.1389,-77.2169,194055.0493,43.7563,31.7678
2.3252,7.99,189.258,-78.2425,194056.9675,43.6257,31.6077
0.0826,7.073,187.8708,-78.0322,194057.0206,43.4822,31.5562
4.4805,7.9078,187.5336,-77.3739,194056.4168,43.7182,31.6435
220.0,8.288,1.2,-74.0,193672.0,42.6,31.10001
216.0,8.128,-232.0,-80.0,194056.0,43.6,32.47282
0.1977,7.2938,192.4261,-78.7172,194056.9108,43.5629,31.7462
4.5162,7.1279,190.0102,-78.6546,194055.3872,43.7256,31.7485
4.2614,7.8494,187.9345,-77.6331,194055.3632,43.4958,31.6535
1.3824,7.9444,191.5027,-78.0358,194054.9487,43.469,31.6171
224.9,8.288,1.2,-65.0,193672.0,43.6,32.11889
0.9319,7.3271,190.3736,-77.8685,194056.0325,43.4999,31.7131
1.3802,7.3301,190.4911,-78.5214,194056.0487,43.5365,31.6025
219.2,8.288,1.2,-78.0,193672.0,41.6,30.83188
4.6897,7.1719,190.5169,-78.5488,194055.8911,43.6034,31.7199
223.0,8.288,1.2,-61.0,193672.0,44.6,32.60152
220.3,8.296,1.2,-78.0,192100.0,41.6,30.83188
1.7332,7.6995,191.9323,-78.2088,194057.483,43.5409,31.8033
228.9,8.288,1.2,-70.0,193672.0,43.6,32.30122
2.6414,7.7188,193.3526,-78.5802,194057.0075,43.7034,31.6987
228.3,8.296,1.2,-74.0,192100.0,43.6,32.2476
0.4603,7.7088,189.1801,-76.684,194055.6727,43.5763,31.7169
3.6497,7.3172,191.3538,-77.0363,194056.3114,43.6528,31.6639
0.3299,7.1998,188.9332,-78.1047,194055.2459,43.5142,31.5654
2.4358,7.6112,192.6815,-77.9344,194058.9098,43.4394,31.6781
3.2301,7.3777,188.4991,-78.1409,194056.4564,43.6434,31.6519
0.5552,7.7313,189.3743,-78.0595,194056.1082,43.6431,31.5574
0.022,7.5876,188.6911,-78.1488,194056.0,43.6024,31.7426
1.5104,7.4379,190.2442,-77.1,194056.5488,43.7793,31.8043
225.9,8.288,1.2,-70.0,193672.0,43.6,32.42992
227.8,8.288,1.2,-65.0,193672.0,43.6,32.45137
1.0528,7.5297,188.0657,-78.5955,194055.4214,43.4688,31.6944
0.6166,7.8472,193.7413,-77.9598,194056.0877,43.6415,31.7308
4.4131,7.9983,185.7473,-78.1589,194056.1831,43.5717,31.8806
0.9866,7.9717,194.4496,-77.4592,194056.0606,43.5341,31.6253
227.4,8.288,1.2,-80.0,193672.0,41.6,30.87478
4.7984,7.7341,191.0645,-78.0977,194053.2235,43.495,31.9092
2.6346,7.0422,188.6523,-78.5226,194056.8718,43.6971,31.5701
226.7,8.288,1.2,-74.0,193672.0,43.6,32.2476
223.9,8.288,1.2,-79.0,193672.0,41.6,31.01421
224.5,8.288,1.2,-73.0,193672.0,43.6,32.22615
4.4298,7.5643,187.5628,-77.9454,194055.9051,43.5944,31.7776
2.7002,7.3436,190.4583,-78.6146,194055.7815,43.5033,31.7727
4.433,7.6888,188.99,-78.1747,194055.2776,43.6074,31.6482
221.2,8.288,1.2,-83.0,193676.0,42.6,31.60409
225.7,8.288,1.2,-81.0,193672.0,41.6,30.89623
4.7049,7.8456,190.2203,-78.1801,194056.5732,43.6963,31.6148
4.7014,7.2206,189.2654,-78.0095,194055.4407,43.5041,31.7598
224.0,8.288,1.2,-71.0,193672.0,42.6,31.96874
4.9528,7.1947,189.1629,-78.6369,194056.6372,43.5894,31.7987
227.7,8.288,1.2,-68.0,193672.0,43.6,32.3763
2.5411,7.0669,187.6036,-76.8864,194056.652,43.7383,31.7412
4.3628,7.6552,190.2421,-77.9593,194053.9544,43.6361,31.7782
0.3704,7.6229,188.9857,-78.1501,194057.0246,43.4796,31.9138
218.5,8.12,-137.6,-68.0,193692.0,43.6,32.8482
0.0192,7.1458,189.377,-77.8557,194055.1306,43.5485,31.7608
223.6,8.136,-107.6,-77.0,193676.0,43.6,32.95545
3.7526,7.4826,189.7341,-78.4778,194055.5385,43.5999,31.6984
217.5,8.288,1.2,-79.0,193676.0,41.6,30.81043
219.4,8.288,1.2,-81.0,193672.0,41.6,30.82116
220.4,8.288,1.2,-78.0,193672.0,41.6,30.82116
226.4,8.288,1.2,-72.0,193672.0,43.6,32.12962
2.4095,7.1168,192.1634,-78.3185,194056.037,43.7824,31.5978
225.4,8.288,1.2,-74.0,193672.0,43.6,32.22615
221.9,8.288,1.2,-78.0,193672.0,43.6,32.19397
225.0,8.288,1.2,-85.0,193676.0,43.6,31.32524
222.5,8.288,1.2,-75.0,193676.0,42.6,30.63883
4.1952,7.6772,185.0217,-78.417,194055.7378,43.5339,31.7548
226.1,8.28,1.2,-72.0,193672.0,42.6,32.12962
223.1,8.288,1.2,-72.0,193676.0,42.6,30.86406
4.3589,7.749,189.787,-77.719,194058.2582,43.5494,31.8293
1.8498,7.9663,191.2454,-77.3263,194056.3519,43.6346,31.6829
227.5,8.176,-96.8,-68.0,193676.0,43.6,33.08415
222.7,8.288,1.2,-85.0,193676.0,42.6,31.40031
226.2,8.288,1.2,-83.0,193672.0,42.6,31.23944
226.2,8.288,1.2,-76.0,193672.0,42.6,31.44321
0.5151,7.5723,190.1133,-77.1668,194056.0176,43.6685,31.6243
3.3976,7.7326,185.9449,-78.1515,194054.9998,43.7274,31.5017
226.3,8.288,1.2,-76.0,193672.0,42.6,31.81859
223.3,8.128,-113.2,-64.0,192092.0,43.6,32.90182
229.9,8.168,-96.0,-67.0,193676.0,43.6,33.07343
3.6911,7.5773,192.9349,-77.7274,194056.5352,43.4985,31.584
227.7,8.288,1.2,-82.0,193620.0,42.6,31.36814
224.7,8.288,1.2,-81.0,193672.0,42.6,31.46466
220.4,8.288,1.2,-78.0,193676.0,45.6,30.53158
221.9,8.288,1.2,-80.0,193676.0,42.6,31.06783
4.2217,7.6957,185.4266,-77.7166,194055.1061,43.5986,31.721
3.1185,7.7347,189.9918,-77.9299,194055.4845,43.5595,31.6317
1.768,7.8312,189.7098,-77.2636,194056.6732,43.5301,31.7007
3.7576,7.8156,189.8065,-78.0325,194055.9972,43.4077,31.6722
221.9,8.288,1.2,-68.0,193676.0,43.6,32.86965
224.0,8.288,1.2,-67.0,193676.0,43.6,33.07343
220.6,8.288,1.2,-83.0,193672.0,41.6,30.82116
217.3,8.28,1.2,-82.0,192104.0,42.6,30.82116
226.9,8.288,1.2,-75.0,193676.0,42.6,31.75424
219.9,8.288,1.2,-79.0,193676.0,44.6,30.70318
227.3,8.288,1.2,-75.0,193676.0,43.6,31.73279
