pzem.voltage,ina3221.battery.voltage,ina3221.battery.current_ma,system.rssi,system.free_heap,system.cpu_temp,si7021.temperature
218.7,8.104,-236.4,-84,194056,43.6,31.72206
218.6,8.104,-235.6,-83,194056,43.6,31.73279
219.0,8.104,-238.4,-79,194056,43.6,31.75424
218.2,8.104,-239.2,-76,194056,43.6,31.74352
216.4,8.104,-238.8,-78,194056,43.6,31.75424
215.3,8.104,-238.0,-85,194056,43.6,31.75424
215.3,8.104,-238.0,-76,194056,43.6,31.77569
215.4,8.104,-236.8,-78,194056,43.6,31.77569
217.0,8.104,-236.0,-88,194008,45.6,31.79714
216.9,8.104,-234.8,-85,192484,44.6,31.79714
217.0,8.104,-235.6,-81,194056,44.6,31.80787
216.9,8.104,-234.4,-80,194056,43.6,31.81859
216.9,8.104,-234.4,-85,194056,43.6,31.82932
219.6,8.104,-233.6,-76,194056,43.6,31.81859
219.9,8.104,-234.0,-84,194056,43.6,31.82932
219.7,8.104,-234.0,-83,194056,43.6,31.85077
220.0,8.104,-235.2,-85,194056,43.6,31.86149
219.6,8.104,-233.6,-77,194056,43.6,31.85077
218.1,8.104,-234.0,-81,194056,43.6,31.88294
218.1,8.104,-234.8,-81,194056,43.6,31.89367
218.1,8.104,-232.0,-83,194056,43.6,31.90439
218.1,8.104,-232.8,-83,194008,45.6,31.90439
218.3,8.104,-233.2,-79,194060,45.6,31.90439
218.5,8.104,-231.6,-79,194064,43.6,31.91512
218.4,8.104,-230.4,-80,194056,43.6,31.92584
218.0,8.104,-231.6,-79,191580,44.6,31.91512
218.7,8.104,-231.6,-79,194064,43.6,31.92584
219.6,8.104,-232.0,-82,194064,43.6,31.92584
219.1,8.104,-231.6,-81,194064,43.6,31.94729
216.6,8.104,-230.8,-81,194056,43.6,31.94729
219.6,8.104,-232.4,-80,194056,43.6,31.93657
219.5,8.104,-230.8,-82,194056,43.6,31.96874
219.3,8.104,-230.0,-84,194056,43.6,31.96874
217.4,8.104,-231.2,-83,194056,43.6,31.97947
217.3,8.104,-229.2,-82,194056,43.6,31.97947
217.3,8.104,-230.8,-85,194056,43.6,31.97947
217.2,8.104,-230.8,-81,194056,43.6,31.99019
217.2,8.104,-231.2,-87,194056,43.6,31.97947
217.2,8.104,-230.8,-82,194056,43.6,31.99019
221.0,8.104,-230.8,-83,194056,43.6,31.97947
222.2,8.104,-230.4,-80,194056,43.6,32.00092
222.2,8.104,-230.0,-79,194056,43.6,31.97947
222.1,8.104,-230.0,-83,194056,43.6,31.99019
220.4,8.104,-230.4,-84,194056,43.6,31.99019
220.5,8.112,-230.8,-84,194056,43.6,31.99019
220.6,8.112,-231.2,-79,194056,43.6,31.99019
220.6,8.112,-230.8,-84,194056,43.6,32.01164
220.3,8.112,-230.4,-81,194056,43.6,32.01164
220.3,8.112,-229.6,-80,194056,43.6,32.01164
218.3,8.112,-230.8,-81,194056,43.6,32.03309
220.3,8.112,-230.0,-80,192484,43.6,32.04382
220.5,8.112,-230.4,-84,194056,43.6,32.04382
220.6,8.112,-231.2,-84,194056,43.6,32.05454
221.1,8.112,-230.4,-79,194056,43.6,32.05454
222.6,8.112,-230.0,-74,194064,43.6,32.06527
222.4,8.112,-230.0,-81,194056,43.6,32.07599
219.3,8.112,-228.8,-73,194056,43.6,32.07599
219.7,8.112,-229.2,-73,194056,43.6,32.07599
219.5,8.112,-229.2,-73,194056,43.6,32.07599
219.6,8.112,-228.8,-74,194056,43.6,32.07599
219.3,8.112,-230.0,-74,194056,43.6,32.08672
219.2,8.112,-229.6,-77,194056,43.6,32.09744
219.3,8.112,-229.2,-75,194056,43.6,32.08672
219.2,8.112,-230.0,-76,194064,43.6,32.09744
219.1,8.112,-229.2,-77,194056,43.6,32.08672
222.3,8.112,-230.0,-78,194056,43.6,32.09744
222.1,8.112,-229.6,-83,194064,43.6,32.09744
222.1,8.112,-229.2,-77,194064,43.6,32.10817
222.1,8.112,-230.0,-76,194064,43.6,32.10817
221.9,8.112,-229.2,-77,191532,43.6,32.11889
221.8,8.112,-230.0,-80,194064,43.6,32.12962
221.3,8.112,-230.0,-80,194064,43.6,32.14034
219.7,8.112,-228.8,-78,194064,43.6,32.15107
219.8,8.112,-230.0,-81,194064,43.6,32.14034
219.9,8.112,-230.0,-87,194064,43.6,32.16179
219.4,8.112,-229.2,-75,194064,43.6,32.16179
218.1,8.112,-229.2,-74,194064,43.6,32.16179
217.2,8.12,-230.0,-81,194064,43.6,32.17252
216.8,8.112,-229.2,-77,194064,43.6,32.17252
217.2,8.12,-229.2,-78,194064,43.6,32.18324
216.4,8.112,-229.6,-78,194064,43.6,32.18324
215.6,8.12,-230.0,-77,194064,43.6,32.18324
215.7,8.12,-230.0,-78,194064,43.6,32.18324
215.5,8.12,-230.0,-79,194064,43.6,32.2047
215.4,8.12,-230.4,-80,194064,43.6,32.2047
215.6,8.12,-230.4,-79,194064,43.6,32.2047
215.1,8.12,-230.0,-78,194064,43.6,32.2047
215.2,8.12,-231.2,-78,194064,43.6,32.21542
215.1,8.12,-229.6,-79,194064,43.6,32.22615
215.0,8.12,-230.0,-81,194064,43.6,32.22615
218.2,8.12,-231.2,-80,194064,43.6,32.23687
218.4,8.12,-230.4,-78,194064,43.6,32.2476
218.4,8.12,-230.4,-78,194064,43.6,32.25832
218.5,8.12,-230.0,-78,194064,43.6,32.26905
218.4,8.12,-230.4,-77,194064,43.6,32.26905
216.6,8.12,-231.2,-81,194064,43.6,32.27977
216.5,8.12,-231.2,-77,194064,43.6,32.27977
216.4,8.112,-223.6,-80,192484,43.6,32.2905
216.4,8.12,-230.4,-78,194056,43.6,32.27977
216.0,8.12,-232.0,-77,194056,43.6,32.27977
216.1,8.12,-230.8,-77,194056,43.6,32.2905
216.2,8.12,-228.0,-79,194064,43.6,32.32267
216.3,8.12,-225.6,-77,194056,43.6,32.31195
216.2,8.12,-231.2,-79,194056,43.6,32.3334
216.2,8.12,-229.6,-77,194056,43.6,32.3334
216.3,8.12,-230.4,-76,194056,43.6,32.3334
216.3,8.12,-230.0,-81,194056,43.6,32.3334
216.3,8.12,-230.8,-78,194056,43.6,32.3334
218.1,8.12,-229.6,-78,194056,43.6,32.34412
218.2,8.128,-230.0,-76,194056,43.6,32.35485
218.3,8.128,-230.8,-78,194056,43.6,32.34412
218.2,8.128,-230.4,-76,194056,43.6,32.36557
218.2,8.128,-230.4,-78,194056,43.6,32.35485
218.1,8.128,-229.6,-80,194056,43.6,32.35485
218.0,8.128,-230.0,-77,194056,43.6,32.36557
217.8,8.128,-230.8,-76,194056,43.6,32.36557
217.4,8.128,-230.4,-81,194056,43.6,32.38702
217.4,8.128,-230.0,-76,194056,43.6,32.39775
217.1,8.128,-230.8,-79,194056,43.6,32.39775
217.2,8.128,-230.4,-79,192484,43.6,32.38702
217.2,8.128,-229.6,-80,194056,43.6,32.40847
217.1,8.128,-231.6,-81,194056,43.6,32.42992
217.1,8.128,-230.8,-81,194056,43.6,32.42992
217.3,8.128,-229.6,-80,194056,43.6,32.42992
217.5,8.128,-230.8,-80,194056,43.6,32.44065
217.4,8.128,-230.8,-79,194056,43.6,32.45137
217.1,8.128,-231.2,-81,194056,43.6,32.45137
217.2,8.128,-231.6,-83,194056,43.6,32.44065
216.8,8.128,-230.8,-81,194056,43.6,32.45137
215.6,8.128,-231.2,-78,194056,44.6,32.45137
215.6,8.128,-230.8,-81,194056,43.6,32.45137
215.7,8.128,-231.6,-78,194056,43.6,32.47282
215.8,8.128,-230.8,-79,194064,43.6,32.47282
215.9,8.128,-230.4,-78,194056,43.6,32.4621
216.0,8.128,-232.0,-80,194056,43.6,32.47282
216.0,8.136,-231.6,-80,194056,43.6,32.48355
216.0,8.136,-232.0,-81,194056,43.6,32.49427
216.3,8.136,-231.6,-82,194056,43.6,32.505
216.2,8.12,-220.0,-76,194052,44.6,32.505
216.2,8.128,-231.2,-78,194056,43.6,32.505
216.1,8.136,-230.4,-76,194056,43.6,32.52645
216.0,8.128,-221.6,-80,192484,43.6,32.52645
215.1,8.136,-231.2,-77,194056,43.6,32.51572
215.1,8.136,-230.8,-77,194056,43.6,32.53717
215.2,8.136,-231.2,-79,194056,43.6,32.5479
215.3,8.136,-232.4,-77,194008,43.6,32.55862
215.4,8.136,-231.2,-82,194056,43.6,32.56935
215.5,8.136,-230.8,-79,194056,43.6,32.58007
215.0,8.136,-232.0,-78,194064,43.6,32.56935
215.5,8.136,-233.2,-77,194056,43.6,32.58007
217.8,8.136,-229.2,-77,194056,43.6,32.56935
217.9,8.136,-232.8,-78,194056,43.6,32.55862
218.5,8.136,-231.6,-79,194056,43.6,32.55862
218.5,8.136,-232.0,-78,194056,43.6,32.56935
218.8,8.136,-232.0,-81,194056,44.6,32.5908
217.6,8.136,-230.4,-89,194056,43.6,32.5908
218.6,8.136,-230.4,-79,194056,43.6,32.5908
218.7,8.136,-230.0,-71,194056,43.6,32.58007
218.6,8.136,-231.6,-75,194056,43.6,32.60152
219.1,8.136,-231.2,-74,194008,43.6,32.60152
220.0,8.136,-232.0,-64,194064,43.6,32.5908
220.6,8.136,-232.0,-70,194016,44.6,32.5908
220.8,8.144,-231.2,-74,194064,43.6,32.5908
221.1,8.128,-220.8,-67,194064,44.6,32.60152
221.1,8.128,-220.8,-73,194056,43.6,32.5908
220.7,8.144,-233.6,-72,194056,44.6,32.60152
220.2,8.128,-219.2,-71,192484,43.6,32.5908
220.8,8.144,-232.0,-72,194056,44.6,32.5908
221.0,8.144,-233.2,-75,194008,43.6,32.5908
221.3,8.136,-227.6,-70,194056,43.6,32.60152
221.3,8.144,-231.6,-71,194064,43.6,32.58007
220.2,8.136,-229.2,-65,194064,43.6,32.5908
219.4,8.144,-232.4,-68,194064,43.6,32.5908
219.5,8.144,-232.4,-70,194056,43.6,32.5908
219.5,8.144,-232.4,-68,194056,43.6,32.58007
219.0,8.144,-230.8,-70,194008,43.6,32.5908
219.1,8.144,-232.8,-71,194056,44.6,32.5908
219.6,8.144,-233.2,-70,194056,43.6,32.5908
219.8,8.144,-231.6,-71,194056,43.6,32.5908
219.7,8.144,-232.8,-69,194056,44.6,32.5908
219.8,8.144,-233.2,-70,194056,43.6,32.5908
219.7,8.144,-232.8,-70,194056,43.6,32.60152
219.8,8.144,-231.6,-70,194056,43.6,32.5908
219.4,8.144,-233.2,-71,194056,43.6,32.5908
219.5,8.144,-232.8,-70,194056,43.6,32.60152
219.5,8.136,-220.0,-70,194056,44.6,32.61225
219.8,8.144,-233.6,-70,194056,43.6,32.60152
219.9,8.144,-230.4,-70,194056,43.6,32.62297
221.5,8.136,-218.8,-70,192484,43.6,32.6337
222.1,8.144,-232.0,-70,194064,43.6,32.6337
222.0,8.152,-234.0,-69,194064,43.6,32.62297
222.0,8.144,-232.8,-77,194016,43.6,32.6337
221.8,8.152,-233.6,-73,194064,43.6,32.6337
221.9,8.152,-233.2,-75,194056,43.6,32.6337
222.5,8.152,-233.2,-78,194056,43.6,32.62297
222.7,8.152,-232.4,-74,194056,43.6,32.62297
221.6,8.152,-232.0,-74,194056,43.6,32.6337
222.3,8.144,-226.4,-73,194056,44.6,32.61225
222.4,8.152,-231.6,-72,194056,43.6,32.60152
222.3,8.152,-232.8,-74,194056,43.6,32.61225
222.6,8.152,-232.4,-72,194056,44.6,32.62297
222.8,8.152,-232.0,-74,194056,44.6,32.61225
222.9,8.152,-233.2,-74,194056,43.6,32.61225
223.0,8.152,-233.2,-65,194056,43.6,32.61225
223.0,8.152,-234.0,-69,194056,44.6,32.62297
223.0,8.152,-232.8,-68,194056,43.6,32.61225
222.9,8.152,-233.6,-75,194056,43.6,32.62297
222.7,8.152,-230.8,-75,194044,44.6,32.6337
222.7,8.152,-234.0,-75,194056,43.6,32.62297
222.9,8.152,-233.2,-73,194056,43.6,32.6337
222.2,8.144,-218.0,-74,192484,43.6,32.64442
220.5,8.152,-233.2,-73,194056,44.6,32.6337
220.5,8.152,-232.8,-71,194056,43.6,32.6337
220.6,8.152,-233.6,-74,194056,43.6,32.6337
220.9,8.152,-233.2,-73,194056,43.6,32.64442
221.0,8.152,-232.8,-73,194056,43.6,32.64442
220.8,8.152,-225.6,-72,194056,44.6,32.64442
220.7,8.152,-230.0,-74,194056,43.6,32.65515
221.5,8.16,-233.6,-72,194056,43.6,32.65515
221.0,8.16,-232.4,-72,194056,43.6,32.65515
221.0,8.16,-234.0,-73,194064,43.6,32.66587
221.3,8.16,-232.4,-73,194064,43.6,32.65515
221.3,8.16,-233.6,-72,194064,43.6,32.6766
221.0,8.16,-233.6,-70,194056,44.6,32.6766
220.8,8.16,-232.0,-72,194056,43.6,32.66587
220.5,8.16,-233.2,-72,194056,43.6,32.66587
220.4,8.16,-231.2,-72,194056,43.6,32.6766
220.5,8.16,-233.2,-71,194056,43.6,32.6766
220.7,8.16,-232.8,-71,194056,43.6,32.6766
220.1,8.152,-223.2,-71,194056,44.6,32.68732
220.2,8.16,-232.8,-72,194056,43.6,32.69805
220.1,8.16,-231.2,-73,194056,43.6,32.69805
220.3,8.144,-216.8,-71,192484,43.6,32.70877
220.0,8.16,-231.6,-71,194056,43.6,32.70877
219.9,8.16,-233.2,-72,194056,43.6,32.7195
219.8,8.16,-232.8,-71,194056,43.6,32.70877
220.2,8.16,-234.0,-72,194056,43.6,32.70877
219.9,8.16,-233.2,-72,194056,43.6,32.7195
219.3,8.16,-231.2,-73,194056,43.6,32.70877
219.2,8.16,-233.6,-74,194056,43.6,32.70877
219.7,8.16,-231.6,-74,194056,43.6,32.69805
219.4,8.16,-233.2,-73,194056,43.6,32.70877
219.4,8.16,-232.4,-72,194056,43.6,32.70877
219.3,8.168,-233.2,-72,194056,43.6,32.7195
220.0,8.168,-232.4,-71,194056,43.6,32.7195
219.8,8.168,-232.0,-72,194064,43.6,32.7195
219.9,8.168,-232.4,-70,194056,43.6,32.73022
219.9,8.16,-232.0,-71,194056,43.6,32.73022
220.3,8.168,-233.2,-71,194056,43.6,32.73022
220.3,8.16,-230.4,-72,194056,43.6,32.74095
220.3,8.168,-234.0,-71,194056,43.6,32.73022
220.1,8.168,-231.2,-71,194056,44.6,32.75167
219.6,8.168,-232.0,-72,194056,43.6,32.7624
219.7,8.168,-231.6,-72,194008,43.6,32.75167
219.6,8.168,-234.0,-72,192484,43.6,32.7624
220.0,8.168,-229.6,-72,194056,43.6,32.77312
219.8,8.168,-230.0,-71,194056,43.6,32.7624
219.6,8.168,-232.4,-70,194056,43.6,32.75167
219.9,8.168,-231.2,-69,194056,43.6,32.75167
219.9,8.168,-231.6,-70,194056,43.6,32.7624
220.7,8.168,-231.6,-73,194056,43.6,32.77312
220.3,8.168,-232.0,-70,194056,43.6,32.7624
220.2,8.168,-231.6,-72,194008,43.6,32.78385
220.7,8.168,-232.8,-71,194056,43.6,32.7624
221.2,8.168,-230.0,-72,194056,44.6,32.77312
220.9,8.168,-229.2,-71,194056,43.6,32.79457
221.1,8.168,-226.8,-71,194056,44.6,32.79457
221.1,8.168,-229.6,-70,194056,44.6,32.79457
220.5,8.16,-215.6,-69,194056,43.6,32.78385
220.2,8.168,-229.6,-72,194056,43.6,32.79457
220.3,8.16,-220.8,-71,194044,44.6,32.79457
220.2,8.16,-220.4,-72,194056,44.6,32.78385
220.4,8.16,-222.4,-72,194056,43.6,32.79457
220.6,8.152,-214.0,-71,192484,44.6,32.78385
221.0,8.16,-219.2,-70,194056,43.6,32.78385
220.7,8.152,-206.8,-70,194056,43.6,32.79457
218.5,8.168,-228.0,-70,194056,43.6,32.77312
218.4,8.168,-230.0,-70,194056,43.6,32.78385
218.0,8.144,-200.0,-72,194056,43.6,32.79457
218.7,8.144,-202.4,-72,194056,43.6,32.78385
218.8,8.16,-216.4,-72,194056,43.6,32.78385
218.0,8.168,-229.2,-72,194056,43.6,32.77312
217.5,8.168,-230.4,-72,194056,43.6,32.7624
216.6,8.168,-229.2,-72,194056,43.6,32.7624
216.7,8.152,-208.8,-71,194056,43.6,32.7624
216.8,8.16,-222.4,-72,194056,43.6,32.77312
216.7,8.16,-218.0,-72,194056,43.6,32.7624
215.3,8.168,-228.4,-72,194056,43.6,32.77312
216.9,8.136,-188.4,-72,194056,43.6,32.78385
216.6,8.152,-206.4,-72,191576,45.6,32.78385
216.9,8.144,-195.6,-70,194056,43.6,32.79457
215.5,8.152,-208.8,-72,194056,43.6,32.78385
216.1,8.144,-196.4,-72,194056,43.6,32.78385
216.1,8.144,-199.6,-70,194056,43.6,32.79457
216.1,8.152,-208.8,-73,194056,43.6,32.79457
215.1,8.136,-188.4,-72,194056,43.6,32.79457
216.1,8.152,-212.4,-72,194056,44.6,32.78385
217.4,8.144,-197.2,-71,194056,43.6,32.78385
217.6,8.152,-210.8,-70,194056,43.6,32.77312
218.0,8.168,-228.0,-73,194056,43.6,32.78385
217.7,8.152,-209.2,-69,194056,43.6,32.77312
216.3,8.144,-200.0,-71,194056,43.6,32.78385
216.5,8.168,-222.4,-69,194056,43.6,32.78385
216.3,8.152,-208.8,-70,194056,43.6,32.77312
216.6,8.136,-187.2,-72,194056,43.6,32.7624
216.2,8.12,-169.6,-69,194056,44.6,32.77312
216.4,8.136,-185.2,-71,194056,43.6,32.78385
215.4,8.136,-185.6,-71,194056,43.6,32.78385
215.2,8.128,-181.2,-70,194056,44.6,32.78385
215.2,8.136,-190.4,-72,194056,43.6,32.79457
215.4,8.136,-188.4,-71,194056,43.6,32.78385
216.2,8.128,-180.8,-72,192484,43.6,32.79457
216.4,8.152,-206.0,-72,194056,43.6,32.79457
216.4,8.136,-183.6,-81,194056,43.6,32.79457
217.6,8.144,-200.0,-81,194056,43.6,32.8053
217.3,8.144,-195.6,-78,194056,43.6,32.8053
217.3,8.136,-189.2,-79,194056,43.6,32.8053
217.3,8.144,-196.0,-81,194056,43.6,32.8053
217.2,8.136,-186.0,-81,194056,43.6,32.8053
217.3,8.136,-184.8,-77,194056,45.6,32.81602
217.5,8.128,-178.0,-80,194056,43.6,32.81602
216.9,8.144,-192.8,-80,194056,43.6,32.8053
215.8,8.144,-190.0,-78,194056,43.6,32.81602
216.1,8.136,-185.6,-80,194056,43.6,32.8053
216.2,8.144,-199.2,-80,194056,43.6,32.8053
217.6,8.136,-185.6,-79,194056,43.6,32.79457
217.2,8.136,-182.8,-82,194056,43.6,32.8053
215.7,8.136,-183.6,-80,194056,43.6,32.8053
216.5,8.144,-195.2,-80,194056,43.6,32.81602
216.6,8.136,-186.8,-75,194056,43.6,32.8053
216.2,8.136,-182.4,-76,194056,43.6,32.79457
215.6,8.152,-202.4,-78,194056,43.6,32.78385
216.8,8.136,-186.8,-76,194056,43.6,32.78385
216.4,8.136,-187.2,-78,194056,43.6,32.78385
216.5,8.136,-184.4,-77,194056,43.6,32.78385
216.2,8.136,-188.0,-78,194056,44.6,32.78385
216.2,8.136,-187.2,-78,194056,44.6,32.77312
216.1,8.144,-192.0,-78,194056,43.6,32.78385
214.9,8.136,-187.6,-79,194056,43.6,32.81602
215.1,8.136,-180.8,-77,194052,44.6,32.8053
214.9,8.168,-216.8,-78,194056,43.6,32.81602
214.9,8.144,-187.6,-78,194056,43.6,32.8053
215.9,8.136,-183.2,-78,192484,44.6,32.81602
215.9,8.136,-183.2,-79,194056,43.6,32.81602
214.9,8.136,-185.6,-79,194056,43.6,32.81602
214.8,8.136,-178.8,-80,194056,43.6,32.8053
214.9,8.128,-168.0,-73,194056,43.6,32.82675
215.1,8.152,-204.4,-74,194056,43.6,32.83747
215.6,8.136,-178.8,-71,194056,43.6,32.8053
217.7,8.144,-187.6,-71,194008,44.6,32.81602
217.6,8.128,-172.4,-71,194056,43.6,32.81602
217.9,8.144,-188.0,-71,194056,43.6,32.81602
217.9,8.136,-185.2,-72,194056,43.6,32.8053
218.0,8.136,-177.6,-74,194056,43.6,32.8053
218.5,8.144,-194.4,-70,194056,43.6,32.81602
217.3,8.12,-156.4,-70,194056,44.6,32.8053
217.2,8.128,-175.6,-71,194056,43.6,32.8053
217.1,8.128,-176.8,-70,194056,43.6,32.8053
216.3,8.12,-159.6,-70,194056,43.6,32.8053
219.3,8.128,-176.0,-74,194056,43.6,32.77312
219.3,8.16,-213.2,-73,194056,43.6,32.77312
219.5,8.136,-176.8,-73,194056,44.6,32.75167
220.0,8.112,-155.6,-72,194056,43.6,32.7624
219.8,8.128,-170.0,-73,194008,43.6,32.7624
219.7,8.152,-201.2,-71,192484,43.6,32.7624
219.8,8.12,-157.2,-71,194056,43.6,32.75167
219.5,8.12,-162.8,-70,194056,43.6,32.74095
218.2,8.112,-154.8,-70,194056,43.6,32.7624
217.9,8.144,-189.2,-70,194064,43.6,32.75167
218.0,8.12,-155.6,-70,194064,43.6,32.74095
217.9,8.136,-176.4,-70,194016,44.6,32.74095
218.0,8.136,-180.0,-74,194064,43.6,32.75167
218.1,8.12,-156.4,-77,194008,44.6,32.74095
218.4,8.136,-181.6,-76,194056,43.6,32.75167
218.6,8.12,-154.4,-71,194056,43.6,32.7624
218.7,8.144,-190.0,-72,194056,43.6,32.75167
218.2,8.128,-165.2,-58,194056,44.6,32.75167
218.4,8.12,-156.4,-61,194056,44.6,32.74095
218.8,8.128,-164.4,-65,194056,43.6,32.74095
217.7,8.12,-156.0,-66,194056,43.6,32.75167
217.7,8.128,-166.8,-63,194056,44.6,32.74095
217.5,8.12,-157.2,-61,194056,43.6,32.74095
217.7,8.144,-188.0,-63,194056,43.6,32.75167
218.9,8.12,-162.8,-65,194056,43.6,32.7624
219.3,8.128,-173.6,-63,194008,43.6,32.7624
219.0,8.12,-158.8,-63,194056,43.6,32.74095
219.0,8.136,-174.4,-65,192484,44.6,32.74095
219.6,8.128,-163.6,-65,194056,43.6,32.75167
219.8,8.128,-164.0,-64,194056,44.6,32.77312
219.7,8.128,-171.2,-66,192480,43.6,32.7624
219.7,8.12,-153.6,-66,190908,43.6,32.77312
219.9,8.128,-168.0,-66,194056,43.6,32.77312
220.0,8.12,-153.2,-64,194064,43.6,32.7624
220.2,8.12,-153.6,-65,194056,43.6,32.77312
220.2,8.12,-157.2,-67,194056,43.6,32.77312
219.2,8.112,-151.6,-65,194056,43.6,32.77312
219.1,8.12,-164.4,-65,194056,43.6,32.77312
219.1,8.12,-153.2,-66,190908,43.6,32.77312
220.6,8.128,-167.2,-67,192484,43.6,32.78385
221.9,8.112,-152.0,-65,194056,43.6,32.79457
221.5,8.112,-151.6,-66,194056,43.6,32.79457
221.5,8.128,-165.6,-66,194056,43.6,32.8053
221.8,8.12,-153.6,-65,194056,43.6,32.81602
221.6,8.128,-172.8,-65,194056,43.6,32.8053
221.5,8.12,-153.2,-67,194056,43.6,32.81602
221.5,8.128,-163.6,-64,194056,43.6,32.81602
222.3,8.12,-153.6,-65,194056,43.6,32.81602
221.4,8.12,-154.8,-62,194008,43.6,32.82675
221.4,8.12,-152.0,-62,194056,43.6,32.81602
221.4,8.12,-154.8,-62,194056,43.6,32.81602
221.6,8.12,-159.6,-62,194056,43.6,32.8053
219.6,8.12,-155.2,-63,191528,45.6,32.8053
219.8,8.128,-163.6,-63,194056,43.6,32.81602
220.6,8.12,-152.4,-63,194056,43.6,32.81602
221.8,8.12,-151.2,-63,194056,43.6,32.82675
221.8,8.12,-151.2,-64,194056,44.6,32.81602
222.0,8.12,-150.0,-64,194056,43.6,32.81602
221.4,8.12,-160.4,-63,194056,43.6,32.79457
221.7,8.112,-149.2,-63,194056,43.6,32.8053
221.3,8.128,-161.2,-65,194056,43.6,32.79457
221.1,8.12,-150.0,-63,194056,43.6,32.78385
221.4,8.128,-163.6,-63,194056,43.6,32.78385
221.4,8.12,-152.0,-62,194056,43.6,32.78385
219.9,8.12,-152.4,-65,194056,43.6,32.78385
220.1,8.12,-158.8,-64,194044,43.6,32.77312
220.4,8.12,-151.2,-64,192480,43.6,32.7624
221.4,8.12,-158.4,-64,190908,43.6,32.77312
222.6,8.136,-171.2,-64,192484,44.6,32.77312
222.6,8.128,-165.6,-64,190912,43.6,32.7624
223.0,8.112,-145.6,-62,194056,43.6,32.7624
223.0,8.112,-144.8,-63,193432,43.6,32.7624
222.3,8.112,-147.6,-63,193692,43.6,32.7624
222.6,8.12,-151.2,-64,193692,43.6,32.7624
222.4,8.112,-147.2,-62,190548,43.6,32.7624
222.7,8.12,-150.0,-63,193692,43.6,32.7624
223.0,8.112,-146.0,-64,192120,43.6,32.77312
222.2,8.128,-163.2,-62,193692,43.6,32.7624
221.8,8.12,-148.4,-62,190548,43.6,32.77312
222.2,8.136,-171.6,-61,193692,44.6,32.78385
222.2,8.12,-152.8,-62,193692,43.6,32.77312
223.4,8.12,-148.0,-62,193692,43.6,32.78385
223.4,8.128,-166.0,-63,192112,44.6,32.78385
223.5,8.12,-147.2,-62,193692,43.6,32.77312
222.5,8.12,-150.0,-64,193692,43.6,32.7624
222.1,8.12,-146.4,-62,192120,43.6,32.78385
222.9,8.12,-148.4,-62,190548,43.6,32.77312
223.0,8.12,-146.8,-63,193692,43.6,32.77312
223.0,8.12,-152.8,-62,193692,43.6,32.78385
222.5,8.12,-151.2,-61,193692,43.6,32.79457
220.8,8.128,-166.8,-61,192064,45.6,32.79457
222.6,8.128,-156.8,-63,193684,43.6,32.78385
222.6,8.12,-147.2,-63,193684,43.6,32.79457
221.3,8.128,-160.0,-61,193684,43.6,32.78385
221.3,8.128,-155.6,-61,193692,43.6,32.77312
221.0,8.12,-147.6,-62,193692,43.6,32.77312
221.4,8.12,-148.4,-61,193692,43.6,32.77312
222.4,8.12,-144.0,-62,193692,43.6,32.77312
222.4,8.12,-149.2,-63,193692,43.6,32.77312
222.4,8.12,-148.0,-61,192120,43.6,32.77312
222.5,8.12,-152.4,-61,190548,43.6,32.75167
222.9,8.112,-142.4,-63,193692,43.6,32.7624
222.3,8.12,-147.2,-63,193692,43.6,32.75167
222.5,8.12,-146.4,-62,193692,43.6,32.7624
222.5,8.12,-147.2,-62,193692,44.6,32.77312
222.2,8.12,-148.4,-63,193692,43.6,32.7624
222.2,8.12,-144.8,-61,193692,43.6,32.77312
222.5,8.12,-149.2,-61,193692,43.6,32.79457
222.4,8.112,-141.6,-62,193692,43.6,32.77312
222.5,8.12,-146.0,-61,193692,43.6,32.78385
221.2,8.136,-164.8,-61,192112,43.6,32.78385
221.2,8.12,-144.4,-63,192112,43.6,32.78385
221.1,8.12,-147.2,-63,193692,43.6,32.78385
222.6,8.12,-145.6,-65,193692,43.6,32.78385
222.8,8.12,-150.8,-62,193692,45.6,32.77312
222.5,8.12,-143.2,-63,193692,43.6,32.77312
222.7,8.12,-143.6,-62,192120,43.6,32.78385
222.6,8.12,-143.2,-63,191204,44.6,32.77312
222.6,8.12,-144.4,-61,193692,43.6,32.7624
222.7,8.12,-142.4,-63,193692,43.6,32.7624
222.9,8.12,-141.2,-61,193692,43.6,32.78385
222.8,8.12,-144.0,-63,193692,43.6,32.77312
222.6,8.12,-142.4,-62,193692,43.6,32.77312
222.8,8.12,-140.0,-59,193692,43.6,32.78385
222.8,8.12,-139.2,-64,193692,43.6,32.78385
222.9,8.12,-141.6,-66,193692,43.6,32.78385
222.9,8.12,-144.0,-65,193692,43.6,32.78385
222.9,8.12,-143.2,-65,191164,44.6,32.75167
222.8,8.12,-146.4,-66,193692,43.6,32.7624
222.4,8.12,-140.4,-68,193692,43.6,32.75167
222.4,8.12,-142.8,-66,193692,43.6,32.75167
222.5,8.12,-142.4,-67,193692,43.6,32.75167
222.5,8.12,-142.4,-62,193692,43.6,32.7624
222.5,8.12,-140.0,-64,193692,43.6,32.75167
222.6,8.12,-138.4,-77,193692,44.6,32.75167
222.6,8.12,-142.0,-77,193692,43.6,32.75167
222.8,8.12,-138.8,-73,193692,43.6,32.74095
222.8,8.12,-141.6,-73,193684,43.6,32.74095
222.8,8.12,-138.4,-74,193692,43.6,32.74095
223.1,8.12,-138.4,-74,193692,43.6,32.75167
223.1,8.12,-139.2,-75,193684,43.6,32.77312
221.5,8.112,-135.6,-76,193684,43.6,32.77312
220.7,8.12,-136.4,-75,193684,43.6,32.78385
220.7,8.12,-136.8,-76,193684,44.6,32.79457
220.8,8.12,-139.2,-71,193684,43.6,32.77312
219.7,8.12,-144.0,-74,193684,43.6,32.77312
220.5,8.128,-155.6,-81,193684,44.6,32.77312
220.4,8.12,-137.6,-74,193684,43.6,32.78385
220.3,8.12,-135.2,-74,193684,43.6,32.79457
220.3,8.12,-135.6,-66,193684,43.6,32.78385
220.3,8.12,-137.6,-66,193684,44.6,32.78385
220.3,8.12,-136.8,-65,193684,43.6,32.79457
220.5,8.136,-159.2,-65,193684,44.6,32.78385
220.5,8.12,-138.8,-66,193684,43.6,32.8053
220.5,8.12,-135.2,-66,193684,43.6,32.8053
220.4,8.136,-161.2,-67,192112,43.6,32.81602
219.0,8.12,-135.6,-69,193684,43.6,32.81602
218.0,8.12,-135.2,-66,193636,43.6,32.8053
218.2,8.12,-135.6,-69,193684,43.6,32.8053
218.5,8.12,-136.0,-66,193684,44.6,32.81602
218.5,8.12,-137.6,-66,193684,43.6,32.8053
218.4,8.12,-134.8,-66,193684,43.6,32.81602
218.4,8.12,-137.6,-69,193684,43.6,32.81602
218.6,8.12,-134.0,-67,193684,43.6,32.82675
218.2,8.12,-134.4,-69,193692,43.6,32.81602
218.4,8.12,-135.2,-68,193692,43.6,32.82675
218.4,8.12,-136.8,-65,193692,43.6,32.83747
218.4,8.12,-137.2,-65,193692,43.6,32.82675
218.7,8.12,-138.8,-66,193692,43.6,32.83747
218.5,8.12,-137.6,-68,193692,43.6,32.8482
218.6,8.12,-133.6,-69,193684,43.6,32.85892
218.6,8.136,-159.6,-69,193644,45.6,32.85892
218.6,8.12,-133.2,-69,193692,43.6,32.86965
218.6,8.12,-136.4,-69,193692,43.6,32.86965
218.6,8.136,-157.2,-65,192120,43.6,32.85892
218.4,8.12,-134.0,-64,193692,43.6,32.86965
218.4,8.12,-137.2,-62,193692,43.6,32.8911
218.2,8.12,-133.2,-69,193692,43.6,32.8911
218.5,8.12,-133.6,-69,193684,43.6,32.88037
218.5,8.12,-131.2,-69,193684,43.6,32.88037
218.4,8.12,-132.4,-70,193684,43.6,32.86965
218.5,8.12,-130.4,-67,193692,43.6,32.86965
218.4,8.12,-131.2,-66,193692,43.6,32.85892
218.7,8.12,-131.6,-67,193692,43.6,32.8482
218.8,8.12,-132.8,-68,193692,43.6,32.8482
218.7,8.12,-128.8,-68,193692,43.6,32.83747
219.2,8.12,-131.6,-66,193692,43.6,32.82675
219.3,8.12,-130.4,-67,193692,43.6,32.81602
219.5,8.12,-130.0,-66,193692,43.6,32.83747
219.5,8.12,-129.6,-66,193692,44.6,32.83747
219.6,8.12,-130.0,-66,193684,43.6,32.82675
220.2,8.12,-129.6,-68,193684,43.6,32.82675
220.3,8.12,-131.6,-69,193684,43.6,32.81602
220.4,8.12,-130.4,-70,193692,44.6,32.81602
220.7,8.12,-128.8,-66,193692,43.6,32.81602
220.8,8.12,-128.8,-68,193692,43.6,32.81602
220.7,8.12,-130.8,-63,191164,44.6,32.83747
220.7,8.12,-130.4,-64,193692,43.6,32.83747
220.7,8.12,-130.0,-64,193692,43.6,32.83747
220.6,8.12,-129.6,-63,193692,43.6,32.8482
220.7,8.12,-128.4,-65,193692,43.6,32.8482
220.7,8.12,-130.0,-61,193644,43.6,32.83747
220.7,8.12,-129.6,-63,193692,43.6,32.81602
220.7,8.12,-128.0,-62,193692,43.6,32.8482
220.7,8.12,-129.6,-61,193692,43.6,32.8482
220.7,8.12,-126.8,-62,193692,43.6,32.85892
220.7,8.12,-127.6,-62,193692,43.6,32.8482
220.7,8.12,-128.4,-62,193692,43.6,32.85892
220.7,8.12,-128.8,-65,193692,43.6,32.8482
221.3,8.12,-128.4,-63,193692,43.6,32.86965
221.4,8.12,-126.0,-64,193644,43.6,32.8482
221.6,8.12,-128.4,-64,193692,44.6,32.85892
221.7,8.12,-129.6,-63,193692,43.6,32.85892
221.1,8.12,-127.2,-63,193692,43.6,32.85892
223.4,8.12,-125.2,-63,193692,43.6,32.8482
223.3,8.136,-146.8,-63,191204,43.6,32.8482
222.6,8.12,-128.8,-63,193684,43.6,32.83747
222.4,8.136,-146.0,-64,193684,43.6,32.85892
222.5,8.12,-124.8,-63,193684,43.6,32.85892
222.5,8.12,-127.2,-63,193684,43.6,32.85892
223.0,8.12,-125.6,-61,193692,43.6,32.86965
223.0,8.128,-139.2,-64,193692,43.6,32.8482
223.0,8.12,-129.6,-64,193684,43.6,32.85892
223.3,8.12,-125.2,-60,193684,43.6,32.8482
223.5,8.12,-124.8,-63,193684,43.6,32.83747
224.2,8.12,-122.8,-63,193684,43.6,32.8482
224.2,8.12,-124.8,-64,193684,43.6,32.85892
223.9,8.12,-125.6,-62,193684,43.6,32.85892
223.9,8.12,-125.2,-62,193692,43.6,32.8482
223.4,8.12,-126.8,-63,193684,43.6,32.85892
224.2,8.12,-125.2,-63,193684,43.6,32.85892
225.4,8.12,-124.0,-63,193684,43.6,32.88037
225.4,8.12,-123.2,-63,193684,43.6,32.88037
225.4,8.12,-127.6,-62,193684,43.6,32.88037
225.6,8.12,-124.8,-64,193684,43.6,32.8911
225.5,8.12,-124.8,-64,193684,43.6,32.90182
225.3,8.12,-128.0,-64,193684,43.6,32.91255
225.4,8.144,-150.8,-61,192112,43.6,32.91255
225.5,8.12,-126.4,-63,193684,43.6,32.92327
225.3,8.12,-124.0,-62,193684,43.6,32.91255
225.3,8.12,-126.0,-63,193684,43.6,32.91255
224.8,8.12,-126.4,-67,193684,43.6,32.90182
225.2,8.12,-125.6,-63,193684,43.6,32.91255
225.0,8.12,-124.8,-66,193684,43.6,32.8911
224.9,8.12,-124.0,-64,193684,43.6,32.8911
225.3,8.12,-124.8,-63,193684,43.6,32.8911
225.1,8.12,-122.4,-63,193684,43.6,32.86965
225.0,8.12,-124.8,-62,192112,43.6,32.86965
224.6,8.12,-120.8,-70,193676,43.6,32.85892
224.8,8.12,-119.2,-65,193676,44.6,32.88037
224.5,8.12,-121.2,-71,193676,43.6,32.86965
225.1,8.12,-120.4,-75,193676,44.6,32.8911
225.0,8.12,-121.6,-77,193676,43.6,32.88037
225.0,8.12,-118.4,-76,193676,43.6,32.86965
224.9,8.12,-119.2,-73,193684,43.6,32.86965
224.9,8.12,-120.8,-88,193676,43.6,32.86965
225.0,8.12,-120.0,-72,193676,43.6,32.88037
224.8,8.128,-127.6,-79,193684,44.6,32.86965
224.2,8.12,-119.2,-77,193676,43.6,32.85892
224.4,8.12,-118.8,-76,193676,43.6,32.86965
225.0,8.128,-127.2,-77,192092,43.6,32.85892
224.5,8.12,-116.8,-80,193676,43.6,32.85892
224.5,8.12,-118.8,-79,193676,43.6,32.8482
224.4,8.12,-122.4,-79,193676,43.6,32.83747
224.5,8.12,-119.6,-87,193676,43.6,32.82675
224.4,8.12,-118.0,-83,193676,43.6,32.81602
224.5,8.12,-116.8,-79,193676,43.6,32.82675
224.6,8.12,-118.0,-81,193676,43.6,32.8053
224.6,8.12,-117.6,-85,193676,43.6,32.79457
224.3,8.12,-116.8,-82,193676,43.6,32.8053
224.3,8.12,-116.0,-74,193676,43.6,32.79457
224.6,8.12,-116.4,-76,193676,43.6,32.8053
224.6,8.12,-116.0,-79,193676,43.6,32.79457
224.8,8.12,-118.4,-76,193676,43.6,32.8053
224.7,8.12,-117.2,-73,193676,43.6,32.79457
224.5,8.12,-117.2,-74,193676,43.6,32.77312
224.6,8.12,-116.8,-72,193676,43.6,32.78385
224.4,8.12,-116.8,-73,193676,43.6,32.77312
224.6,8.12,-117.2,-69,193676,43.6,32.77312
224.8,8.12,-116.4,-70,193676,43.6,32.79457
224.9,8.12,-121.2,-70,193676,43.6,32.77312
224.7,8.12,-116.4,-71,193676,43.6,32.79457
224.8,8.12,-117.2,-70,193676,43.6,32.79457
224.1,8.12,-116.0,-72,193676,43.6,32.8053
224.8,8.12,-116.0,-70,193676,43.6,32.8053
224.5,8.12,-116.0,-70,193684,43.6,32.82675
224.7,8.12,-116.4,-70,193676,43.6,32.83747
224.6,8.12,-116.4,-69,193676,43.6,32.83747
224.8,8.128,-121.2,-74,193684,44.6,32.83747
224.8,8.12,-116.0,-72,193676,43.6,32.83747
222.5,8.12,-116.4,-76,193676,43.6,32.82675
222.5,8.128,-124.8,-70,192092,43.6,32.85892
222.5,8.128,-116.8,-77,193676,43.6,32.85892
222.5,8.128,-117.2,-69,193676,43.6,32.85892
222.5,8.128,-118.8,-73,193676,43.6,32.85892
222.5,8.128,-116.0,-71,193676,43.6,32.8482
222.5,8.128,-116.8,-72,193676,43.6,32.86965
222.4,8.128,-116.8,-72,193676,43.6,32.86965
222.5,8.128,-115.6,-73,193628,43.6,32.88037
223.7,8.128,-115.6,-72,193676,43.6,32.88037
223.8,8.128,-115.6,-71,193676,43.6,32.88037
223.8,8.128,-115.6,-71,193676,43.6,32.88037
223.8,8.128,-115.6,-69,193676,43.6,32.86965
223.8,8.128,-116.0,-61,193676,43.6,32.86965
224.5,8.128,-116.4,-60,193676,46.6,32.85892
222.7,8.128,-116.0,-71,193676,44.6,32.85892
222.7,8.128,-116.0,-67,193676,43.6,32.86965
223.6,8.128,-116.0,-82,193676,44.6,32.86965
224.7,8.128,-116.0,-72,193676,43.6,32.88037
224.7,8.128,-116.0,-69,193676,43.6,32.88037
224.8,8.128,-116.0,-67,193676,43.6,32.88037
224.7,8.128,-116.4,-63,193676,43.6,32.88037
223.0,8.128,-116.0,-63,193676,43.6,32.86965
223.3,8.128,-116.8,-61,193676,43.6,32.88037
224.5,8.128,-116.4,-64,193628,43.6,32.88037
224.6,8.128,-116.0,-64,193676,43.6,32.8911
224.8,8.128,-113.6,-63,193676,44.6,32.90182
225.0,8.128,-116.0,-64,193676,43.6,32.8911
224.8,8.128,-115.6,-65,193676,43.6,32.90182
223.3,8.128,-113.2,-64,192092,43.6,32.90182
223.3,8.128,-115.6,-63,193676,43.6,32.90182
224.8,8.128,-116.0,-62,193676,43.6,32.90182
224.7,8.128,-116.0,-62,193676,43.6,32.90182
224.8,8.128,-116.0,-63,193676,43.6,32.90182
224.7,8.128,-116.8,-61,193676,43.6,32.90182
224.7,8.128,-116.0,-62,193676,43.6,32.91255
224.8,8.128,-116.0,-62,193676,43.6,32.90182
223.2,8.128,-115.6,-64,193676,43.6,32.8911
224.7,8.128,-116.4,-63,193676,43.6,32.8911
224.2,8.128,-116.0,-63,193676,43.6,32.8911
224.6,8.128,-116.0,-62,193676,43.6,32.8911
224.6,8.128,-115.6,-64,193676,43.6,32.8911
224.5,8.128,-115.6,-64,193676,43.6,32.8911
224.5,8.128,-115.6,-63,193676,43.6,32.88037
224.2,8.136,-116.0,-64,193676,43.6,32.88037
224.3,8.136,-115.6,-61,193676,43.6,32.86965
224.3,8.136,-116.0,-64,193676,43.6,32.88037
224.6,8.136,-115.6,-77,193676,43.6,32.88037
224.8,8.136,-115.6,-68,193676,43.6,32.88037
224.8,8.136,-115.2,-76,193676,43.6,32.88037
225.0,8.136,-116.0,-78,193676,43.6,32.8911
225.9,8.136,-115.6,-78,193676,43.6,32.8911
225.8,8.136,-115.2,-77,193676,43.6,32.90182
226.0,8.136,-114.8,-78,193676,43.6,32.91255
225.7,8.128,-106.8,-77,193628,44.6,32.91255
225.3,8.136,-115.6,-81,193676,43.6,32.90182
225.3,8.136,-113.6,-79,193676,44.6,32.92327
225.4,8.128,-108.8,-78,192092,44.6,32.90182
225.5,8.136,-115.2,-73,193676,44.6,32.92327
225.3,8.136,-114.8,-76,193676,43.6,32.90182
225.3,8.136,-115.6,-78,193676,43.6,32.8911
225.4,8.136,-115.2,-77,193676,43.6,32.90182
225.4,8.136,-114.4,-77,193676,43.6,32.8911
225.2,8.136,-115.2,-77,193676,43.6,32.92327
225.8,8.136,-113.6,-77,193676,43.6,32.91255
225.8,8.136,-114.8,-78,193676,43.6,32.91255
225.4,8.136,-114.0,-77,193676,43.6,32.90182
225.6,8.136,-114.8,-78,193676,43.6,32.90182
225.4,8.136,-114.0,-77,193676,43.6,32.8911
225.8,8.136,-113.6,-77,193676,43.6,32.8911
223.6,8.136,-115.2,-77,193676,44.6,32.8911
223.2,8.136,-114.0,-75,193676,43.6,32.92327
222.9,8.136,-114.8,-77,193676,43.6,32.90182
222.1,8.136,-114.4,-76,193676,43.6,32.91255
222.7,8.136,-114.0,-78,193676,43.6,32.92327
222.5,8.136,-113.6,-78,193676,43.6,32.934
223.0,8.136,-112.4,-77,193684,43.6,32.934
225.4,8.136,-114.0,-77,193676,43.6,32.94473
225.7,8.136,-112.8,-76,193676,43.6,32.94473
225.7,8.128,-105.6,-75,192092,43.6,32.934
225.6,8.136,-114.0,-76,193676,43.6,32.94473
225.6,8.136,-114.4,-75,193676,43.6,32.95545
225.9,8.128,-104.8,-74,193628,44.6,32.95545
225.8,8.136,-110.0,-75,193628,46.6,32.94473
225.3,8.136,-113.6,-77,193676,45.6,32.95545
223.4,8.136,-113.6,-78,193676,44.6,32.95545
224.5,8.136,-113.6,-78,193676,44.6,32.94473
223.3,8.136,-113.2,-76,193676,43.6,32.94473
223.2,8.144,-113.6,-76,193676,44.6,32.94473
223.2,8.136,-112.8,-76,193676,44.6,32.94473
223.4,8.144,-112.8,-76,193676,43.6,32.94473
221.0,8.136,-112.0,-76,193676,43.6,32.94473
223.4,8.144,-112.8,-83,193676,43.6,32.92327
223.3,8.136,-110.8,-81,193676,43.6,32.934
223.4,8.136,-110.0,-78,193676,43.6,32.934
223.5,8.136,-110.0,-77,193676,44.6,32.92327
222.8,8.136,-110.4,-82,193676,44.6,32.92327
223.2,8.136,-110.0,-77,193676,44.6,32.934
223.1,8.144,-111.6,-82,193684,44.6,32.91255
220.9,8.136,-110.0,-76,193676,44.6,32.934
223.3,8.144,-110.8,-76,193676,43.6,32.92327
223.5,8.128,-100.4,-79,193676,44.6,32.92327
222.9,8.136,-110.0,-76,193676,43.6,32.934
223.4,8.144,-110.0,-78,193676,43.6,32.92327
221.2,8.136,-101.6,-80,192092,44.6,32.92327
223.5,8.136,-109.6,-78,193628,43.6,32.92327
223.4,8.144,-110.4,-80,193676,43.6,32.934
223.1,8.144,-109.6,-73,193676,43.6,32.94473
223.1,8.136,-106.4,-73,193676,43.6,32.94473
223.6,8.136,-107.6,-77,193676,43.6,32.95545
223.4,8.136,-108.0,-74,193676,43.6,32.94473
220.8,8.144,-109.2,-74,193676,43.6,32.94473
223.1,8.136,-107.6,-74,193628,43.6,32.94473
223.5,8.136,-106.4,-71,193676,43.6,32.95545
224.6,8.144,-109.6,-73,193676,44.6,32.95545
224.0,8.136,-105.2,-72,193676,43.6,32.95545
224.0,8.144,-108.4,-72,193676,43.6,32.95545
224.1,8.136,-106.8,-72,193676,43.6,32.94473
224.1,8.144,-108.4,-71,193676,43.6,32.94473
221.9,8.144,-108.0,-72,193676,43.6,32.95545
224.3,8.144,-110.4,-71,193676,43.6,32.96618
224.4,8.144,-109.2,-72,193628,44.6,32.95545
223.0,8.144,-107.6,-73,193676,43.6,32.94473
223.1,8.144,-108.4,-73,193676,43.6,32.94473
223.1,8.144,-105.6,-72,193676,43.6,32.94473
224.4,8.136,-102.4,-71,193676,43.6,32.94473
222.1,8.136,-98.4,-71,193676,44.6,32.934
222.0,8.136,-103.6,-72,193676,43.6,32.92327
222.2,8.144,-105.2,-71,193676,43.6,32.92327
220.2,8.128,-94.0,-73,192092,43.6,32.934
222.6,8.144,-105.6,-73,193676,43.6,32.91255
222.1,8.144,-106.0,-71,193676,43.6,32.934
222.0,8.144,-107.2,-72,193676,43.6,32.92327
221.9,8.144,-106.8,-74,193676,44.6,32.934
222.3,8.144,-104.8,-72,193676,44.6,32.934
220.8,8.144,-105.6,-74,193676,44.6,32.92327
221.7,8.144,-105.6,-74,193676,44.6,32.934
222.7,8.144,-108.0,-73,193676,46.6,32.94473
222.8,8.144,-105.2,-72,193676,44.6,32.94473
222.7,8.144,-106.4,-70,193676,44.6,32.934
221.8,8.144,-106.4,-74,193628,44.6,32.94473
221.4,8.136,-101.2,-72,193676,46.6,32.92327
219.1,8.128,-92.8,-71,193628,46.6,32.92327
221.6,8.144,-101.2,-73,193676,45.6,32.92327
221.5,8.144,-107.2,-80,193676,44.6,32.92327
221.5,8.144,-106.0,-71,193676,44.6,32.92327
221.7,8.144,-104.8,-75,193676,43.6,32.92327
219.4,8.144,-105.2,-71,193676,43.6,32.934
221.0,8.144,-106.4,-73,193676,44.6,32.94473
222.0,8.144,-106.8,-73,193676,43.6,32.934
222.0,8.144,-106.4,-72,193676,43.6,32.95545
222.7,8.144,-106.0,-72,191148,44.6,32.95545
222.7,8.144,-106.4,-72,193676,43.6,32.96618
223.0,8.144,-107.2,-71,193676,44.6,32.9769
223.0,8.144,-102.8,-72,193676,43.6,32.9769
222.8,8.144,-104.8,-74,193676,43.6,32.99835
220.8,8.144,-102.8,-72,193676,43.6,32.9769
223.0,8.144,-103.6,-72,193676,43.6,32.9769
225.2,8.144,-104.8,-72,193628,44.6,32.96618
225.4,8.136,-96.4,-72,193676,44.6,32.96618
225.3,8.144,-102.8,-72,193676,44.6,32.95545
225.2,8.144,-104.4,-71,193628,44.6,32.94473
225.1,8.144,-104.0,-71,193676,43.6,32.91255
225.3,8.144,-104.8,-73,193676,44.6,32.91255
225.1,8.144,-102.4,-72,193676,44.6,32.934
228.0,8.144,-103.2,-71,193676,43.6,32.90182
227.8,8.144,-104.4,-70,193676,43.6,32.90182
227.9,8.144,-103.6,-73,193676,44.6,32.90182
227.6,8.144,-104.0,-76,193676,43.6,32.90182
227.4,8.144,-104.4,-74,193676,43.6,32.90182
227.6,8.136,-95.6,-72,193684,44.6,32.90182
227.2,8.144,-99.99999,-80,193676,43.6,32.90182
227.5,8.144,-104.0,-87,193676,43.6,32.88037
227.5,8.136,-92.8,-82,192092,43.6,32.86965
227.5,8.144,-101.6,-79,193676,44.6,32.88037
227.5,8.144,-102.0,-79,193676,44.6,32.88037
227.4,8.144,-103.2,-77,193676,44.6,32.86965
227.7,8.144,-103.2,-78,193676,44.6,32.88037
227.8,8.144,-102.4,-78,193676,43.6,32.88037
227.9,8.144,-102.4,-75,193676,43.6,32.88037
227.9,8.144,-100.8,-78,193676,43.6,32.8911
227.9,8.144,-102.4,-77,193676,43.6,32.90182
227.3,8.144,-100.8,-76,193676,43.6,32.91255
227.2,8.152,-103.2,-78,193676,43.6,32.91255
227.4,8.144,-101.2,-68,193676,43.6,32.91255
227.5,8.152,-101.6,-68,193676,43.6,32.91255
227.7,8.152,-101.2,-66,193676,44.6,32.92327
227.8,8.144,-100.4,-66,193676,43.6,32.934
227.8,8.152,-101.2,-71,193676,43.6,32.91255
227.7,8.136,-86.8,-70,193684,45.6,32.90182
228.4,8.152,-101.2,-70,193676,44.6,32.91255
228.7,8.152,-99.99999,-70,193676,43.6,32.91255
229.0,8.144,-90.8,-71,192092,44.6,32.91255
229.2,8.152,-99.99999,-69,193676,43.6,32.91255
229.1,8.152,-99.2,-68,193676,43.6,32.92327
229.0,8.152,-99.2,-69,193676,43.6,32.92327
228.8,8.144,-98.0,-70,193676,43.6,32.92327
229.2,8.152,-99.6,-69,193676,43.6,32.95545
229.2,8.144,-96.4,-69,193676,43.6,32.95545
229.1,8.152,-99.2,-70,193676,43.6,32.94473
229.0,8.152,-98.0,-69,193628,43.6,32.94473
228.8,8.152,-98.4,-70,193676,43.6,32.95545
228.9,8.144,-95.6,-68,193676,44.6,32.934
228.7,8.152,-97.6,-68,193676,44.6,32.94473
228.7,8.152,-98.4,-69,193676,47.6,32.95545
228.9,8.152,-98.8,-68,193676,47.6,32.934
228.9,8.136,-87.59999,-68,193676,46.6,32.934
229.0,8.152,-99.99999,-69,193676,45.6,32.95545
229.3,8.144,-95.2,-69,193676,45.6,32.95545
229.4,8.152,-98.4,-69,193676,44.6,32.96618
229.1,8.152,-96.8,-70,193676,44.6,32.9769
228.9,8.144,-89.99999,-68,192092,44.6,32.9769
229.0,8.152,-96.0,-68,193676,44.6,32.99835
229.0,8.152,-97.6,-69,193676,44.6,32.98763
228.9,8.152,-98.0,-68,193676,43.6,32.99835
228.8,8.152,-97.6,-68,193676,44.6,32.99835
229.0,8.144,-87.2,-68,193628,45.6,33.00908
229.0,8.152,-96.0,-68,193676,44.6,33.00908
229.0,8.152,-97.2,-68,193676,44.6,33.00908
229.1,8.152,-98.0,-69,193676,44.6,33.0198
229.0,8.152,-98.0,-68,193676,43.6,33.00908
229.0,8.152,-97.6,-69,193676,43.6,33.0198
229.0,8.152,-98.4,-69,193676,43.6,33.03053
229.5,8.152,-97.6,-69,193676,44.6,33.03053
229.6,8.152,-96.8,-70,193676,44.6,33.04125
229.7,8.152,-97.6,-67,193676,43.6,33.03053
229.6,8.152,-96.8,-67,193676,43.6,33.04125
229.5,8.152,-97.2,-68,193676,43.6,33.05198
229.9,8.152,-97.2,-67,193676,43.6,33.07343
229.9,8.152,-97.2,-68,193676,43.6,33.05198
229.7,8.152,-95.2,-69,193676,44.6,33.0627
229.7,8.152,-95.6,-70,193676,44.6,33.0627
230.0,8.152,-97.2,-69,193676,45.6,33.07343
229.9,8.144,-87.59999,-69,191196,46.6,33.0627
229.9,8.152,-97.2,-69,193676,44.6,33.05198
229.8,8.152,-96.4,-71,193676,44.6,33.05198
229.8,8.152,-96.8,-69,193676,44.6,33.04125
229.9,8.152,-96.8,-69,193676,44.6,33.05198
229.7,8.152,-96.0,-70,193676,44.6,33.05198
229.8,8.152,-96.4,-70,193676,43.6,33.05198
229.9,8.16,-96.4,-69,193676,44.6,33.04125
230.0,8.16,-96.8,-70,193676,43.6,33.04125
230.1,8.16,-96.4,-70,193676,43.6,33.04125
230.0,8.16,-96.8,-67,193676,43.6,33.03053
229.7,8.152,-87.59999,-69,193628,45.6,33.03053
229.7,8.16,-97.2,-69,193676,44.6,33.03053
228.9,8.16,-96.4,-69,193676,44.6,33.05198
229.0,8.16,-96.4,-69,193676,44.6,33.03053
229.1,8.16,-96.8,-68,193676,43.6,33.03053
229.0,8.16,-96.8,-68,193676,43.6,33.05198
228.8,8.16,-96.4,-69,193676,43.6,33.05198
228.9,8.16,-96.8,-69,193676,43.6,33.05198
228.8,8.16,-96.8,-68,193676,43.6,33.04125
228.6,8.152,-89.99999,-68,193676,44.6,33.04125
228.5,8.16,-96.0,-68,193676,43.6,33.05198
228.7,8.16,-94.0,-69,193676,43.6,33.04125
229.4,8.16,-96.4,-70,193676,43.6,33.05198
229.5,8.16,-97.2,-66,193676,44.6,33.04125
229.4,8.152,-86.8,-67,193676,44.6,33.0627
229.4,8.16,-92.8,-66,193676,44.6,33.08415
229.4,8.16,-96.8,-67,193676,44.6,33.07343
229.1,8.152,-86.39999,-68,192092,44.6,33.05198
229.4,8.16,-96.8,-68,193676,43.6,33.0627
229.3,8.16,-96.0,-69,193676,43.6,33.07343
229.4,8.16,-96.8,-69,193676,43.6,33.05198
229.4,8.16,-96.4,-68,193676,43.6,33.0627
229.4,8.168,-96.8,-69,193676,43.6,33.0627
229.3,8.168,-96.8,-68,193676,43.6,33.05198
229.4,8.16,-96.8,-69,193676,43.6,33.05198
229.2,8.168,-96.8,-67,193676,43.6,33.05198
229.2,8.168,-96.0,-66,193676,43.6,33.08415
229.2,8.168,-96.8,-67,193676,43.6,33.0627
229.3,8.168,-96.8,-68,193676,43.6,33.07343
229.3,8.168,-97.2,-68,193676,44.6,33.07343
229.4,8.16,-92.39999,-67,193676,45.6,33.11633
229.4,8.16,-93.2,-68,193676,47.6,33.08415
229.2,8.168,-96.8,-67,193676,45.6,33.09488
229.2,8.168,-95.6,-67,193676,44.6,33.09488
229.3,8.168,-96.8,-67,193676,44.6,33.09488
229.5,8.168,-96.0,-68,193676,44.6,33.09488
229.3,8.168,-97.2,-68,193684,44.6,33.11633
229.1,8.168,-96.4,-68,193676,43.6,33.1056
229.2,8.168,-97.2,-68,193676,44.6,33.1056
229.1,8.16,-83.6,-68,193628,44.6,33.1056
229.2,8.168,-97.2,-68,193676,43.6,33.08415
229.4,8.168,-96.8,-69,193676,44.6,33.09488
229.5,8.16,-85.6,-69,192092,43.6,33.1056
229.5,8.168,-97.2,-70,193676,44.6,33.09488
229.7,8.168,-97.2,-68,193676,43.6,33.09488
229.6,8.168,-97.6,-67,193676,43.6,33.09488
229.8,8.168,-97.2,-67,193676,44.6,33.08415
229.7,8.176,-97.2,-68,193676,43.6,33.07343
229.8,8.176,-97.2,-69,193676,44.6,33.08415
229.9,8.168,-96.0,-67,193676,43.6,33.07343
227.5,8.176,-97.2,-67,193676,43.6,33.08415
227.5,8.176,-96.8,-68,193676,43.6,33.08415
227.5,8.176,-97.6,-67,193676,44.6,33.08415
227.6,8.176,-97.2,-67,193676,43.6,33.09488
227.4,8.176,-97.2,-69,193676,43.6,33.11633
230.0,8.176,-97.6,-71,193676,44.6,33.12705
230.0,8.176,-96.8,-70,193676,43.6,33.13778
230.0,8.176,-97.6,-68,193676,43.6,33.12705
230.1,8.176,-97.6,-67,193676,44.6,33.11633
230.2,8.176,-97.2,-68,193676,43.6,33.12705
230.2,8.176,-97.2,-68,193676,43.6,33.12705
230.2,8.168,-92.0,-69,193676,45.6,33.13778
230.1,8.176,-96.4,-69,193676,44.6,33.13778
229.9,8.176,-96.8,-70,193676,43.6,33.1485
230.0,8.168,-82.0,-71,192092,44.6,33.16995
229.9,8.176,-97.2,-69,193676,43.6,33.1485
227.5,8.176,-98.0,-70,193676,43.6,33.1485
229.8,8.176,-96.8,-71,193676,43.6,33.1485
229.9,8.176,-98.0,-72,193676,43.6,33.1485
230.1,8.176,-97.6,-69,193628,43.6,33.13778
229.6,8.184,-98.0,-69,193676,43.6,33.12705
229.5,8.184,-97.6,-71,193628,44.6,33.1485
229.7,8.184,-96.8,-69,193676,43.6,33.12705
229.8,8.184,-98.0,-69,193676,43.6,33.13778
229.9,8.184,-96.4,-69,193676,43.6,33.12705
228.5,8.184,-98.0,-69,193676,43.6,33.12705
227.8,8.184,-97.6,-68,193676,43.6,33.11633
229.8,8.184,-98.0,-65,193676,44.6,33.11633
229.9,8.184,-97.6,-70,193628,44.6,33.1056
229.6,8.184,-96.4,-66,193676,43.6,33.1056
229.6,8.184,-98.0,-66,193676,43.6,33.1056
229.2,8.184,-97.2,-67,193676,43.6,33.1056
225.3,8.184,-98.0,-66,193676,45.6,33.09488
227.2,8.176,-86.8,-66,193676,44.6,33.09488
227.3,8.184,-98.4,-64,193676,44.6,33.11633
227.2,8.184,-97.2,-65,193676,43.6,33.11633
226.5,8.176,-83.2,-64,192092,44.6,33.11633
225.3,8.184,-97.6,-66,193676,44.6,33.11633
221.9,8.184,-96.4,-65,193676,43.6,33.11633
222.8,8.288,1.2,-65,193676,43.6,33.1056
224.4,8.288,1.2,-65,193676,43.6,33.11633
224.4,8.288,1.2,-65,193676,44.6,33.08415
224.4,8.288,1.2,-65,193676,44.6,33.1056
224.7,8.288,1.2,-68,193676,44.6,33.1056
224.6,8.288,1.2,-68,193628,43.6,33.1056
224.4,8.288,1.2,-68,193676,43.6,33.11633
224.3,8.288,1.2,-68,193676,44.6,33.11633
221.8,8.288,1.2,-70,193676,43.6,33.1056
224.0,8.288,1.2,-68,193676,43.6,33.09488
224.1,8.288,1.2,-70,193676,43.6,33.1056
223.4,8.288,1.2,-66,193676,43.6,33.09488
223.6,8.296,1.2,-66,193676,43.6,33.09488
223.4,8.288,1.2,-67,193676,43.6,33.09488
223.2,8.288,1.2,-67,193676,43.6,33.09488
223.3,8.288,1.2,-67,193676,43.6,33.09488
221.3,8.288,1.2,-67,193676,44.6,33.1056
223.9,8.296,1.2,-68,193676,43.6,33.08415
223.7,8.288,1.2,-68,193676,43.6,33.08415
223.7,8.288,1.2,-67,193676,43.6,33.08415
223.6,8.288,1.2,-70,193676,43.6,33.1056
223.7,8.288,1.2,-70,193676,43.6,33.09488
223.6,8.296,1.2,-69,192092,43.6,33.08415
223.6,8.288,1.2,-71,193676,43.6,33.07343
223.9,8.288,1.2,-68,193676,43.6,33.08415
224.0,8.288,1.2,-69,193676,43.6,33.07343
224.0,8.288,1.2,-69,193676,43.6,33.09488
224.1,8.288,1.2,-69,193676,43.6,33.09488
224.2,8.288,1.2,-70,193676,43.6,33.07343
224.1,8.288,1.2,-68,193676,43.6,33.08415
222.3,8.288,1.2,-67,193676,43.6,33.08415
224.0,8.288,1.2,-67,193676,43.6,33.07343
224.8,8.296,1.2,-69,193676,43.6,33.07343
224.9,8.288,1.2,-68,193676,43.6,33.08415
224.8,8.288,1.2,-69,193676,43.6,33.1056
224.9,8.288,1.2,-68,193676,43.6,33.09488
223.2,8.288,1.2,-68,193676,43.6,33.09488
222.9,8.28,1.2,-69,193676,44.6,33.1056
224.7,8.288,1.2,-67,193676,43.6,33.09488
224.4,8.288,1.2,-68,193676,44.6,33.1056
224.5,8.288,1.2,-70,193628,43.6,33.1056
224.4,8.288,1.2,-68,193676,44.6,33.09488
224.4,8.288,1.2,-67,193676,43.6,33.1056
224.7,8.296,1.2,-69,193676,43.6,33.09488
225.0,8.288,1.2,-69,193684,44.6,33.09488
225.1,8.288,1.2,-69,193676,43.6,33.09488
225.1,8.288,1.2,-69,193676,43.6,33.08415
225.4,8.296,1.2,-69,193676,44.6,33.08415
225.4,8.288,1.2,-70,193676,43.6,33.08415
224.5,8.296,1.2,-70,193676,43.6,33.08415
225.4,8.296,1.2,-68,192092,43.6,33.09488
224.8,8.288,1.2,-68,193676,44.6,33.07343
224.7,8.288,1.2,-68,193676,43.6,33.09488
224.2,8.288,1.2,-69,193676,43.6,33.08415
224.3,8.288,1.2,-70,193676,43.6,33.08415
224.7,8.288,1.2,-70,193676,43.6,33.08415
225.4,8.288,1.2,-69,193676,43.6,33.08415
224.9,8.296,1.2,-70,193676,43.6,33.05198
224.9,8.288,1.2,-69,193628,43.6,33.0627
225.1,8.288,1.2,-68,193676,43.6,33.05198
225.1,8.288,1.2,-69,193676,43.6,33.05198
225.1,8.288,1.2,-69,193676,43.6,33.05198
225.1,8.288,1.2,-68,193676,43.6,33.05198
225.8,8.288,1.2,-68,193676,43.6,33.05198
225.9,8.288,1.2,-69,193676,43.6,33.05198
225.7,8.288,1.2,-68,193676,43.6,33.04125
228.1,8.288,1.2,-69,193676,43.6,33.0198
228.1,8.288,1.2,-69,193676,43.6,33.0198
228.4,8.288,1.2,-69,193676,43.6,33.0198
228.2,8.288,1.2,-68,193676,43.6,33.0198
227.9,8.288,1.2,-68,193676,43.6,33.00908
228.1,8.288,1.2,-70,193676,43.6,33.00908
228.3,8.28,1.2,-68,192092,43.6,33.00908
228.2,8.288,1.2,-70,193676,43.6,32.99835
228.3,8.288,1.2,-68,193628,43.6,32.99835
228.3,8.288,1.2,-68,193676,44.6,32.99835
228.4,8.288,1.2,-69,193676,44.6,32.98763
228.4,8.288,1.2,-69,193676,43.6,32.99835
227.6,8.288,1.2,-74,193676,43.6,32.99835
228.6,8.288,1.2,-67,193676,43.6,32.99835
228.4,8.288,1.2,-66,193676,43.6,33.0198
228.3,8.288,1.2,-67,193676,43.6,32.99835
228.3,8.288,1.2,-67,193676,43.6,32.99835
228.5,8.288,1.2,-68,193676,43.6,32.99835
228.5,8.296,1.2,-67,193676,43.6,32.98763
228.8,8.288,1.2,-67,193676,43.6,32.99835
230.3,8.288,1.2,-69,193676,43.6,32.99835
230.3,8.288,1.2,-67,193676,43.6,32.99835
230.4,8.288,1.2,-69,193676,43.6,33.00908
230.3,8.288,1.2,-68,193676,43.6,32.99835
230.3,8.288,1.2,-69,193676,43.6,32.99835
230.9,8.28,1.2,-66,193676,43.6,33.00908
230.8,8.288,1.2,-67,193676,43.6,33.03053
230.8,8.288,1.2,-69,193676,43.6,33.0198
230.8,8.272,1.2,-67,191196,45.6,33.03053
230.7,8.288,1.2,-67,193676,43.6,33.04125
230.8,8.288,1.2,-68,193676,43.6,33.04125
230.9,8.288,1.2,-67,193628,43.6,33.03053
230.9,8.288,1.2,-67,193676,43.6,33.03053
230.9,8.288,1.2,-66,193676,43.6,33.04125
230.8,8.288,1.2,-69,193676,43.6,33.04125
230.6,8.288,1.2,-66,193676,44.6,33.05198
230.7,8.28,1.2,-65,193676,43.6,33.04125
230.6,8.288,1.2,-66,193676,43.6,33.05198
230.6,8.288,1.2,-64,193676,43.6,33.0627
229.4,8.288,1.2,-66,193676,43.6,33.0627
230.5,8.288,1.2,-65,193676,43.6,33.0627
230.3,8.288,1.2,-65,193676,43.6,33.0627
229.9,8.288,1.2,-65,193676,43.6,33.0627
229.7,8.288,1.2,-65,193676,43.6,33.0627
229.4,8.288,1.2,-65,193684,43.6,33.0627
229.3,8.288,1.2,-64,193676,43.6,33.07343
229.3,8.288,1.2,-65,193676,43.6,33.07343
229.4,8.296,1.2,-64,193676,44.6,33.08415
229.2,8.288,1.2,-65,193676,43.6,33.08415
229.4,8.288,1.2,-65,193676,43.6,33.0627
229.2,8.296,1.2,-64,192092,43.6,33.07343
229.1,8.288,1.2,-64,193676,43.6,33.05198
229.4,8.288,1.2,-65,193676,43.6,33.05198
229.5,8.288,1.2,-64,193676,43.6,33.05198
229.6,8.288,1.2,-65,193676,44.6,33.04125
229.5,8.288,1.2,-65,193676,43.6,33.05198
229.3,8.288,1.2,-66,193676,43.6,33.05198
229.5,8.288,1.2,-64,193676,43.6,33.0627
229.4,8.288,1.2,-64,193628,45.6,33.0627
229.5,8.288,1.2,-65,193628,47.6,33.08415
229.9,8.272,1.2,-64,193628,49.6,33.09488
230.0,8.288,1.2,-65,193628,49.6,33.09488
229.9,8.112,-140.8,-65,193628,49.6,33.08415
230.0,8.12,-138.0,-65,193628,49.6,33.09488
229.8,8.128,-141.6,-64,193676,47.6,33.09488
229.9,8.112,-122.0,-66,193676,46.6,33.08415
229.9,8.12,-121.6,-63,193684,45.6,33.0627
229.9,8.12,-116.4,-66,193676,45.6,33.07343
229.6,8.12,-116.8,-66,193676,44.6,33.08415
230.1,8.128,-122.8,-69,192092,45.6,33.07343
229.9,8.128,-116.0,-66,193676,44.6,33.08415
229.7,8.128,-115.6,-66,193676,44.6,33.08415
228.8,8.128,-115.2,-67,193676,44.6,33.07343
228.8,8.128,-115.2,-67,193676,44.6,33.09488
228.4,8.136,-114.4,-65,193676,44.6,33.09488
228.4,8.136,-113.2,-67,193676,44.6,33.09488
228.3,8.136,-112.8,-66,193676,44.6,33.1056
228.4,8.136,-113.2,-67,193628,43.6,33.08415
228.4,8.136,-111.2,-65,193676,44.6,33.09488
228.5,8.136,-111.2,-65,193676,44.6,33.11633
228.5,8.136,-109.2,-66,193676,44.6,33.11633
228.4,8.144,-109.6,-66,193676,44.6,33.1056
228.6,8.144,-105.6,-68,193676,44.6,33.11633
228.7,8.144,-105.6,-68,193676,44.6,33.11633
228.8,8.144,-103.6,-66,193628,43.6,33.13778
228.6,8.144,-103.6,-66,193676,44.6,33.12705
228.6,8.144,-100.4,-66,193676,44.6,33.12705
228.7,8.144,-99.99999,-67,193676,43.6,33.11633
228.0,8.144,-99.99999,-66,193676,44.6,33.11633
228.1,8.144,-99.6,-68,193676,43.6,33.11633
228.0,8.144,-98.8,-69,193676,44.6,33.09488
228.0,8.136,-90.8,-69,193628,45.6,33.08415
228.0,8.144,-98.4,-70,193676,43.6,33.07343
228.1,8.152,-97.6,-67,193676,44.6,33.08415
228.2,8.144,-89.2,-67,192092,44.6,33.07343
228.1,8.152,-97.2,-68,193676,44.6,33.0627
228.3,8.152,-96.8,-67,193676,43.6,33.0627
228.3,8.152,-96.0,-67,193676,43.6,33.07343
228.4,8.152,-96.8,-68,193676,43.6,33.07343
228.5,8.152,-96.4,-67,193676,43.6,33.0627
228.4,8.152,-96.4,-67,193676,44.6,33.0627
228.3,8.152,-96.0,-66,193676,43.6,33.07343
228.2,8.16,-96.8,-67,193676,44.6,33.0627
228.5,8.16,-95.6,-67,193676,43.6,33.0627
228.5,8.16,-96.8,-67,193676,43.6,33.05198
228.2,8.16,-96.4,-67,193676,43.6,33.05198
228.2,8.16,-96.8,-67,193676,43.6,33.04125
228.2,8.16,-96.8,-67,193676,43.6,33.0627
228.3,8.16,-96.4,-73,193676,43.6,33.04125
228.3,8.168,-98.0,-73,193676,43.6,33.0627
228.2,8.16,-93.6,-73,193676,44.6,33.05198
228.2,8.168,-97.2,-74,193676,43.6,33.04125
228.4,8.168,-93.2,-70,193676,43.6,33.04125
228.5,8.168,-96.4,-69,193676,44.6,33.03053
228.2,8.168,-96.4,-69,193676,43.6,33.04125
228.2,8.176,-97.6,-68,193676,43.6,33.04125
228.2,8.16,-87.2,-67,193676,45.6,33.03053
228.2,8.176,-96.4,-68,193676,43.6,33.0198
227.8,8.176,-97.2,-68,193676,43.6,33.03053
227.6,8.16,-81.2,-68,192092,44.6,33.03053
227.7,8.168,-85.2,-64,193676,45.6,33.03053
228.0,8.176,-97.2,-69,193676,44.6,33.03053
228.0,8.176,-97.6,-67,193676,43.6,33.04125
227.4,8.176,-96.8,-67,193628,43.6,33.04125
227.2,8.176,-96.0,-69,193676,43.6,33.04125
227.1,8.184,-97.6,-68,193676,44.6,33.03053
227.3,8.184,-96.4,-68,193676,43.6,33.04125
227.4,8.288,1.2,-68,193676,43.6,33.03053
227.4,8.288,1.2,-68,193676,43.6,33.03053
227.2,8.288,1.2,-68,193676,44.6,33.0198
227.3,8.288,1.2,-69,193628,43.6,33.00908
227.1,8.288,1.2,-69,193676,43.6,33.00908
227.4,8.288,1.2,-68,193676,44.6,33.00908
227.7,8.28,1.2,-67,193676,43.6,32.98763
227.6,8.288,1.2,-67,193628,45.6,32.9769
227.8,8.28,1.2,-67,193676,44.6,32.99835
227.7,8.288,1.2,-67,193676,44.6,32.9769
227.7,8.288,1.2,-67,193676,43.6,32.9769
227.7,8.296,1.2,-67,193676,44.6,32.96618
228.2,8.288,1.2,-67,193628,44.6,32.98763
228.0,8.296,1.2,-68,193676,44.6,32.9769
228.0,8.288,1.2,-67,193684,44.6,32.98763
228.1,8.288,1.2,-68,193676,43.6,32.9769
228.2,8.288,1.2,-66,193676,43.6,32.98763
228.0,8.296,1.2,-67,193676,44.6,32.96618
228.0,8.288,1.2,-68,193676,44.6,32.96618
228.0,8.288,1.2,-67,193676,43.6,32.96618
228.1,8.296,1.2,-67,192092,44.6,32.96618
228.2,8.288,1.2,-68,193676,43.6,32.96618
228.3,8.296,1.2,-67,193676,43.6,32.95545
228.5,8.288,1.2,-68,193676,43.6,32.96618
228.6,8.288,1.2,-67,193676,43.6,32.94473
228.7,8.288,1.2,-70,193676,43.6,32.934
228.8,8.288,1.2,-68,193676,43.6,32.95545
228.8,8.296,1.2,-68,193676,44.6,32.94473
228.6,8.288,1.2,-67,193628,43.6,32.94473
228.6,8.28,1.2,-68,193676,44.6,32.95545
228.5,8.288,1.2,-69,193676,44.6,32.94473
228.5,8.288,1.2,-67,193676,44.6,32.95545
228.5,8.28,1.2,-64,193676,44.6,32.96618
228.5,8.288,1.2,-65,193676,44.6,32.95545
228.4,8.288,1.2,-64,193676,44.6,32.95545
228.4,8.288,1.2,-65,193676,43.6,32.96618
228.4,8.288,1.2,-65,193676,44.6,32.94473
228.4,8.288,1.2,-65,193676,44.6,32.95545
228.5,8.288,1.2,-63,193676,43.6,32.96618
228.5,8.296,1.2,-64,192092,44.6,32.96618
228.9,8.288,1.2,-64,193676,43.6,32.94473
228.7,8.288,1.2,-66,193676,43.6,32.95545
228.9,8.288,1.2,-64,193676,43.6,32.96618
229.2,8.288,1.2,-65,193676,43.6,32.94473
228.9,8.296,1.2,-65,193676,43.6,32.95545
229.0,8.28,1.2,-65,193676,43.6,32.96618
229.1,8.288,1.2,-66,193676,44.6,32.95545
229.1,8.28,1.2,-64,193676,43.6,32.94473
228.8,8.288,1.2,-63,193676,43.6,32.94473
228.8,8.288,1.2,-65,193676,44.6,32.94473
228.6,8.296,1.2,-64,193676,43.6,32.934
228.5,8.288,1.2,-64,193676,43.6,32.92327
228.3,8.288,1.2,-65,193684,44.6,32.934
227.8,8.288,1.2,-64,193676,44.6,32.934
227.8,8.296,1.2,-65,193676,44.6,32.934
228.0,8.288,1.2,-65,191148,45.6,32.94473
227.8,8.296,1.2,-65,193676,43.6,32.95545
225.9,8.288,1.2,-65,193676,44.6,32.96618
225.6,8.288,1.2,-65,193676,43.6,32.96618
225.5,8.288,1.2,-65,193676,44.6,32.96618
225.6,8.288,1.2,-65,193676,43.6,32.98763
225.7,8.296,1.2,-65,193676,43.6,32.95545
225.7,8.288,1.2,-64,193676,44.6,32.96618
225.7,8.296,1.2,-65,193676,43.6,32.94473
225.9,8.288,1.2,-64,193676,43.6,32.95545
226.0,8.288,1.2,-65,193676,43.6,32.94473
225.7,8.288,1.2,-65,193676,43.6,32.96618
225.8,8.288,1.2,-65,193628,44.6,32.94473
225.9,8.288,1.2,-64,193676,44.6,32.95545
225.9,8.296,1.2,-65,193676,43.6,32.94473
225.9,8.288,1.2,-65,193676,43.6,32.95545
226.2,8.288,1.2,-63,193676,43.6,32.934
226.0,8.288,1.2,-65,193676,44.6,32.934
226.0,8.288,1.2,-63,193676,43.6,32.94473
226.3,8.288,1.2,-66,193676,43.6,32.92327
226.4,8.296,1.2,-65,193676,43.6,32.934
226.6,8.288,1.2,-65,193676,44.6,32.934
223.9,8.296,1.2,-66,192092,44.6,32.934
222.5,8.288,1.2,-67,193676,43.6,32.934
222.8,8.288,1.2,-67,193676,43.6,32.92327
220.4,8.288,1.2,-65,193676,43.6,32.91255
220.2,8.288,1.2,-67,193676,43.6,32.91255
220.6,8.288,1.2,-66,193676,43.6,32.90182
220.7,8.296,1.2,-65,193676,43.6,32.91255
220.8,8.288,1.2,-66,193676,43.6,32.90182
220.9,8.296,1.2,-65,193676,43.6,32.90182
221.1,8.28,1.2,-67,193676,43.6,32.88037
220.8,8.288,1.2,-66,193676,43.6,32.88037
221.2,8.288,1.2,-66,193676,43.6,32.88037
220.9,8.288,1.2,-66,193676,43.6,32.85892
221.1,8.288,1.2,-64,193676,43.6,32.86965
221.1,8.288,1.2,-65,193676,43.6,32.86965
221.5,8.288,1.2,-64,193676,44.6,32.88037
220.8,8.288,1.2,-63,193676,43.6,32.86965
221.8,8.288,1.2,-65,193676,43.6,32.88037
221.8,8.288,1.2,-65,193628,43.6,32.85892
221.8,8.288,1.2,-64,193676,43.6,32.86965
221.6,8.288,1.2,-65,193676,43.6,32.88037
221.6,8.28,1.2,-64,193676,43.6,32.88037
221.6,8.288,1.2,-65,193676,44.6,32.88037
221.6,8.288,1.2,-65,193676,43.6,32.88037
221.7,8.288,1.2,-64,193676,43.6,32.86965
222.0,8.296,1.2,-65,192092,43.6,32.88037
221.9,8.288,1.2,-66,193676,43.6,32.88037
221.8,8.296,1.2,-67,193676,43.6,32.86965
221.8,8.288,1.2,-68,193676,43.6,32.88037
222.1,8.288,1.2,-65,193676,43.6,32.90182
222.1,8.288,1.2,-68,193676,43.6,32.8911
222.1,8.288,1.2,-66,193676,43.6,32.90182
222.0,8.288,1.2,-66,193676,43.6,32.90182
222.1,8.288,1.2,-68,193676,43.6,32.91255
222.3,8.288,1.2,-67,193676,43.6,32.90182
222.2,8.288,1.2,-67,193676,43.6,32.92327
222.2,8.288,1.2,-66,193676,43.6,32.90182
222.0,8.288,1.2,-68,193676,43.6,32.90182
222.0,8.296,1.2,-67,193676,43.6,32.8911
221.9,8.288,1.2,-66,193676,43.6,32.8911
222.0,8.288,1.2,-66,193676,43.6,32.88037
221.9,8.288,1.2,-68,193676,43.6,32.86965
222.0,8.288,1.2,-67,193676,43.6,32.88037
221.8,8.288,1.2,-67,193676,43.6,32.88037
221.7,8.288,1.2,-68,193676,43.6,32.8482
222.2,8.288,1.2,-68,193676,43.6,32.8482
222.4,8.288,1.2,-68,193676,43.6,32.83747
222.7,8.296,1.2,-68,193676,43.6,32.83747
225.0,8.288,1.2,-69,193676,43.6,32.82675
225.2,8.288,1.2,-67,193676,43.6,32.82675
225.2,8.288,1.2,-67,192092,44.6,32.82675
225.0,8.288,1.2,-69,193676,43.6,32.82675
224.7,8.288,1.2,-68,193676,43.6,32.81602
224.4,8.288,1.2,-67,193676,43.6,32.82675
224.6,8.288,1.2,-69,193676,43.6,32.81602
224.6,8.288,1.2,-69,193676,43.6,32.82675
224.4,8.288,1.2,-67,193676,43.6,32.82675
224.4,8.288,1.2,-65,193628,43.6,32.81602
224.6,8.288,1.2,-69,193676,43.6,32.8053
223.4,8.288,1.2,-70,193676,43.6,32.79457
223.3,8.288,1.2,-68,193676,43.6,32.81602
223.3,8.288,1.2,-68,193676,43.6,32.8053
223.1,8.288,1.2,-70,193676,43.6,32.81602
222.6,8.288,1.2,-70,193672,43.6,32.81602
222.6,8.288,1.2,-65,193624,43.6,32.79457
222.6,8.288,1.2,-65,193672,43.6,32.81602
222.7,8.288,1.2,-64,193672,43.6,32.8053
222.5,8.288,1.2,-66,193672,43.6,32.8053
222.3,8.288,1.2,-65,193672,43.6,32.82675
222.4,8.288,1.2,-65,193672,43.6,32.81602
223.0,8.288,1.2,-65,193672,43.6,32.8053
223.0,8.288,1.2,-65,193624,43.6,32.8053
221.6,8.296,1.2,-66,192100,43.6,32.81602
222.4,8.288,1.2,-65,193672,43.6,32.81602
222.2,8.288,1.2,-65,193672,43.6,32.82675
222.3,8.288,1.2,-66,193672,43.6,32.82675
222.4,8.288,1.2,-67,193672,43.6,32.82675
222.4,8.288,1.2,-64,193672,43.6,32.81602
222.5,8.288,1.2,-65,193672,43.6,32.83747
222.1,8.288,1.2,-68,193672,43.6,32.82675
222.1,8.296,1.2,-65,193672,43.6,32.82675
222.5,8.288,1.2,-65,193672,43.6,32.82675
223.1,8.288,1.2,-67,193672,43.6,32.8053
223.3,8.288,1.2,-67,193672,43.6,32.81602
223.1,8.288,1.2,-66,193672,43.6,32.81602
222.3,8.288,1.2,-66,193672,43.6,32.8053
223.2,8.288,1.2,-65,193672,43.6,32.82675
223.7,8.288,1.2,-67,193672,43.6,32.8053
223.8,8.296,1.2,-66,193672,44.6,32.8053
223.5,8.288,1.2,-65,193672,43.6,32.8053
223.5,8.288,1.2,-65,193672,43.6,32.81602
223.6,8.296,1.2,-65,192100,43.6,32.81602
223.8,8.288,1.2,-65,193672,43.6,32.81602
223.9,8.288,1.2,-65,193672,43.6,32.82675
224.5,8.288,1.2,-63,193672,43.6,32.82675
224.8,8.288,1.2,-66,193672,43.6,32.81602
224.2,8.288,1.2,-64,193672,43.6,32.8053
224.5,8.288,1.2,-65,193672,43.6,32.8053
224.9,8.288,1.2,-64,193672,43.6,32.78385
224.6,8.28,1.2,-65,193672,43.6,32.77312
224.2,8.288,1.2,-64,193672,43.6,32.77312
224.3,8.288,1.2,-64,193672,43.6,32.7624
224.1,8.288,1.2,-65,193672,43.6,32.74095
224.2,8.288,1.2,-63,193672,43.6,32.73022
224.1,8.288,1.2,-65,193672,43.6,32.70877
223.9,8.288,1.2,-63,193672,43.6,32.7195
224.5,8.288,1.2,-63,193672,43.6,32.73022
224.5,8.288,1.2,-64,193672,43.6,32.74095
224.1,8.288,1.2,-65,193672,43.6,32.74095
224.1,8.288,1.2,-63,193672,43.6,32.73022
224.2,8.296,1.2,-62,193672,43.6,32.73022
224.0,8.288,1.2,-62,193672,43.6,32.73022
223.7,8.288,1.2,-65,193672,43.6,32.73022
223.9,8.296,1.2,-64,192100,43.6,32.7195
224.5,8.288,1.2,-61,193672,43.6,32.69805
223.4,8.288,1.2,-65,193672,43.6,32.69805
223.8,8.288,1.2,-66,193672,43.6,32.68732
223.8,8.288,1.2,-65,193672,43.6,32.69805
224.1,8.296,1.2,-63,193672,43.6,32.68732
223.5,8.288,1.2,-66,193672,43.6,32.68732
223.4,8.288,1.2,-66,193672,43.6,32.68732
223.4,8.288,1.2,-65,193672,43.6,32.6766
223.5,8.288,1.2,-65,193672,43.6,32.66587
223.8,8.288,1.2,-63,193672,43.6,32.66587
223.8,8.288,1.2,-66,193672,43.6,32.68732
223.5,8.288,1.2,-64,193672,43.6,32.68732
223.6,8.288,1.2,-65,193672,43.6,32.6766
223.4,8.288,1.2,-65,193672,43.6,32.6766
223.5,8.288,1.2,-65,193672,43.6,32.68732
223.7,8.288,1.2,-65,193672,43.6,32.66587
223.4,8.288,1.2,-61,193620,43.6,32.65515
223.9,8.288,1.2,-63,193672,43.6,32.64442
224.2,8.288,1.2,-64,193620,44.6,32.6337
224.2,8.288,1.2,-63,193672,43.6,32.62297
223.4,8.288,1.2,-65,193672,43.6,32.60152
223.5,8.296,1.2,-62,193672,43.6,32.61225
223.0,8.288,1.2,-61,193672,44.6,32.60152
223.0,8.288,1.2,-62,193672,43.6,32.5908
222.7,8.296,1.2,-65,192100,44.6,32.5908
222.5,8.288,1.2,-63,193620,44.6,32.5908
222.0,8.288,1.2,-65,193672,43.6,32.5908
222.2,8.288,1.2,-64,193620,44.6,32.58007
221.9,8.288,1.2,-64,193672,43.6,32.55862
221.8,8.288,1.2,-65,193672,44.6,32.56935
221.8,8.288,1.2,-65,193672,43.6,32.58007
222.0,8.288,1.2,-64,193672,43.6,32.58007
222.1,8.288,1.2,-65,193672,43.6,32.55862
222.1,8.288,1.2,-65,193672,43.6,32.56935
222.3,8.288,1.2,-63,193672,44.6,32.55862
222.0,8.288,1.2,-65,193672,43.6,32.56935
221.6,8.288,1.2,-64,193672,43.6,32.56935
221.7,8.288,1.2,-64,193672,43.6,32.55862
222.8,8.288,1.2,-64,193672,43.6,32.55862
222.9,8.288,1.2,-67,193624,43.6,32.55862
222.8,8.288,1.2,-64,193672,43.6,32.55862
223.0,8.288,1.2,-64,193672,43.6,32.56935
223.0,8.288,1.2,-64,193672,43.6,32.58007
223.0,8.288,1.2,-64,193672,43.6,32.56935
222.8,8.288,1.2,-65,193672,43.6,32.55862
222.8,8.288,1.2,-64,193672,43.6,32.56935
223.0,8.288,1.2,-65,193620,43.6,32.55862
223.2,8.288,1.2,-64,193672,43.6,32.5479
223.2,8.288,1.2,-66,193672,43.6,32.5479
223.1,8.296,1.2,-65,192100,43.6,32.53717
223.2,8.288,1.2,-63,193672,43.6,32.5479
223.3,8.288,1.2,-65,193672,43.6,32.5479
223.4,8.288,1.2,-66,193672,43.6,32.53717
223.2,8.288,1.2,-65,193620,43.6,32.53717
223.2,8.288,1.2,-66,193672,43.6,32.5479
223.3,8.288,1.2,-66,193672,43.6,32.55862
223.0,8.288,1.2,-67,193672,43.6,32.55862
223.0,8.288,1.2,-66,193672,43.6,32.55862
223.3,8.288,1.2,-65,193672,43.6,32.55862
223.4,8.288,1.2,-65,193672,43.6,32.56935
223.4,8.288,1.2,-65,193672,43.6,32.58007
224.0,8.288,1.2,-64,193672,43.6,32.5908
224.3,8.288,1.2,-66,193672,43.6,32.5908
224.2,8.288,1.2,-65,193672,43.6,32.58007
223.9,8.288,1.2,-65,193672,43.6,32.58007
223.8,8.288,1.2,-66,193672,43.6,32.61225
223.8,8.288,1.2,-65,193672,43.6,32.5908
223.2,8.288,1.2,-64,193672,43.6,32.62297
223.6,8.288,1.2,-67,193672,44.6,32.5908
223.1,8.288,1.2,-67,193672,43.6,32.58007
222.9,8.288,1.2,-67,193672,43.6,32.60152
222.9,8.296,1.2,-65,193672,44.6,32.5908
223.4,8.288,1.2,-68,193672,43.6,32.5908
223.6,8.288,1.2,-70,193672,43.6,32.5908
223.7,8.296,1.2,-73,192100,43.6,32.60152
223.2,8.288,1.2,-74,193672,43.6,32.60152
222.8,8.288,1.2,-76,193672,43.6,32.61225
222.6,8.288,1.2,-74,193672,43.6,32.61225
222.7,8.288,1.2,-74,193672,43.6,32.60152
222.7,8.288,1.2,-73,193672,43.6,32.61225
222.9,8.288,1.2,-72,193672,43.6,32.62297
223.1,8.28,1.2,-72,193672,43.6,32.60152
223.1,8.288,1.2,-73,193672,43.6,32.60152
223.1,8.28,1.2,-73,193672,44.6,32.62297
223.1,8.288,1.2,-71,193672,44.6,32.61225
223.1,8.288,1.2,-72,193620,44.6,32.61225
222.9,8.288,1.2,-75,193672,43.6,32.6337
222.9,8.288,1.2,-74,193672,43.6,32.6337
223.4,8.288,1.2,-69,193672,43.6,32.6337
223.2,8.288,1.2,-71,193672,43.6,32.6337
223.1,8.288,1.2,-70,193672,43.6,32.64442
223.3,8.288,1.2,-72,193672,43.6,32.6337
223.3,8.288,1.2,-68,193672,43.6,32.62297
223.5,8.288,1.2,-71,193672,43.6,32.61225
223.7,8.288,1.2,-70,193672,43.6,32.62297
223.7,8.288,1.2,-63,193672,43.6,32.6337
223.3,8.296,1.2,-63,192100,43.6,32.60152
223.1,8.288,1.2,-62,193672,43.6,32.61225
223.3,8.288,1.2,-68,193672,43.6,32.62297
223.3,8.288,1.2,-65,193672,43.6,32.62297
223.5,8.288,1.2,-60,193672,43.6,32.62297
223.7,8.288,1.2,-64,193672,43.6,32.62297
223.9,8.288,1.2,-63,193672,43.6,32.62297
223.8,8.288,1.2,-63,193672,43.6,32.61225
223.9,8.288,1.2,-66,193672,43.6,32.61225
223.9,8.288,1.2,-65,193672,43.6,32.61225
223.6,8.288,1.2,-65,193672,43.6,32.60152
223.5,8.288,1.2,-65,193672,43.6,32.5908
223.7,8.288,1.2,-64,193672,43.6,32.60152
223.4,8.296,1.2,-65,193672,43.6,32.58007
223.4,8.288,1.2,-64,193672,43.6,32.58007
223.4,8.288,1.2,-64,193672,43.6,32.56935
223.5,8.288,1.2,-64,193672,43.6,32.5479
223.6,8.288,1.2,-65,193620,43.6,32.55862
223.6,8.288,1.2,-66,193672,43.6,32.53717
223.6,8.296,1.2,-66,193672,44.6,32.52645
224.0,8.296,1.2,-65,193672,43.6,32.53717
223.9,8.288,1.2,-65,193672,43.6,32.52645
223.9,8.296,1.2,-66,192100,43.6,32.51572
223.0,8.288,1.2,-64,193672,43.6,32.52645
224.0,8.288,1.2,-66,193672,43.6,32.51572
224.0,8.288,1.2,-63,193672,43.6,32.51572
223.9,8.28,1.2,-65,193672,43.6,32.52645
223.3,8.288,1.2,-65,193672,43.6,32.51572
223.3,8.288,1.2,-65,193480,44.6,32.505
223.7,8.288,1.2,-63,193672,43.6,32.52645
223.6,8.288,1.2,-65,193672,43.6,32.52645
221.7,8.288,1.2,-63,193672,43.6,32.51572
221.6,8.288,1.2,-65,193672,43.6,32.52645
221.7,8.288,1.2,-64,193620,45.6,32.505
221.7,8.288,1.2,-65,193672,44.6,32.505
221.6,8.288,1.2,-66,193672,44.6,32.505
221.5,8.288,1.2,-63,193672,43.6,32.505
221.5,8.288,1.2,-66,193672,43.6,32.505
221.6,8.288,1.2,-64,193672,44.6,32.49427
221.6,8.288,1.2,-65,193672,43.6,32.48355
221.7,8.288,1.2,-65,193672,43.6,32.47282
221.9,8.288,1.2,-64,193672,43.6,32.47282
221.8,8.296,1.2,-65,193672,43.6,32.4621
221.9,8.288,1.2,-65,193672,43.6,32.4621
221.8,8.296,1.2,-64,192100,43.6,32.45137
221.9,8.288,1.2,-66,193672,43.6,32.45137
222.2,8.288,1.2,-66,193672,43.6,32.45137
222.0,8.288,1.2,-65,193672,43.6,32.45137
222.2,8.296,1.2,-64,193672,43.6,32.4621
221.3,8.296,1.2,-65,193672,43.6,32.4621
221.3,8.288,1.2,-64,193672,43.6,32.4621
221.0,8.288,1.2,-65,193672,43.6,32.45137
221.0,8.288,1.2,-66,193672,43.6,32.44065
221.0,8.288,1.2,-64,193672,43.6,32.4192
220.8,8.288,1.2,-65,193672,43.6,32.42992
221.3,8.288,1.2,-65,193672,43.6,32.4192
221.3,8.288,1.2,-64,193672,43.6,32.4192
221.4,8.296,1.2,-64,193672,43.6,32.40847
221.4,8.288,1.2,-64,193672,43.6,32.4192
221.8,8.288,1.2,-65,193672,43.6,32.4192
221.8,8.288,1.2,-65,193672,43.6,32.42992
221.8,8.288,1.2,-67,193672,43.6,32.40847
222.0,8.288,1.2,-65,193672,43.6,32.39775
223.2,8.288,1.2,-65,193620,44.6,32.4192
223.2,8.288,1.2,-65,193672,43.6,32.39775
223.1,8.296,1.2,-66,193672,43.6,32.39775
222.8,8.296,1.2,-66,192100,43.6,32.39775
222.8,8.296,1.2,-64,193672,43.6,32.40847
222.6,8.288,1.2,-64,193672,43.6,32.4192
222.5,8.288,1.2,-66,193672,43.6,32.4192
222.3,8.288,1.2,-64,193672,43.6,32.39775
222.2,8.288,1.2,-66,193672,43.6,32.40847
221.7,8.288,1.2,-65,193672,43.6,32.39775
221.7,8.288,1.2,-67,193672,43.6,32.39775
222.2,8.288,1.2,-67,193672,43.6,32.39775
221.9,8.288,1.2,-66,193672,43.6,32.38702
221.9,8.288,1.2,-65,193672,43.6,32.38702
222.3,8.288,1.2,-64,193672,43.6,32.40847
223.3,8.288,1.2,-63,193672,43.6,32.4192
223.6,8.288,1.2,-65,193672,43.6,32.4192
224.1,8.288,1.2,-66,193672,43.6,32.45137
224.0,8.288,1.2,-66,193672,43.6,32.44065
223.7,8.288,1.2,-64,193672,43.6,32.42992
223.5,8.296,1.2,-64,193672,43.6,32.44065
223.6,8.288,1.2,-64,193672,43.6,32.45137
223.5,8.288,1.2,-65,193672,43.6,32.44065
224.1,8.28,1.2,-63,193672,43.6,32.44065
224.1,8.288,1.2,-64,193672,43.6,32.45137
223.6,8.296,1.2,-66,193672,44.6,32.44065
223.8,8.288,1.2,-66,193672,43.6,32.42992
223.9,8.288,1.2,-65,193672,43.6,32.44065
224.3,8.296,1.2,-66,192100,43.6,32.42992
224.2,8.288,1.2,-64,193672,43.6,32.4192
224.9,8.288,1.2,-65,193672,43.6,32.42992
225.4,8.288,1.2,-65,193672,43.6,32.40847
224.7,8.288,1.2,-63,193672,43.6,32.42992
224.8,8.296,1.2,-64,193672,43.6,32.42992
225.3,8.288,1.2,-65,193672,43.6,32.44065
226.6,8.288,1.2,-65,193672,43.6,32.42992
226.7,8.288,1.2,-65,193672,43.6,32.44065
227.0,8.288,1.2,-65,193672,43.6,32.44065
227.2,8.288,1.2,-65,193672,43.6,32.42992
226.1,8.288,1.2,-63,193620,42.6,32.44065
226.4,8.288,1.2,-65,193672,43.6,32.45137
226.1,8.288,1.2,-65,193672,43.6,32.45137
226.5,8.288,1.2,-65,193672,43.6,32.4621
227.3,8.288,1.2,-66,193672,43.6,32.4621
227.6,8.288,1.2,-63,193672,43.6,32.48355
227.8,8.288,1.2,-67,193672,43.6,32.4621
227.9,8.288,1.2,-65,193672,43.6,32.48355
227.8,8.296,1.2,-64,193672,43.6,32.45137
227.8,8.288,1.2,-65,193672,43.6,32.45137
227.7,8.288,1.2,-64,193672,43.6,32.44065
227.7,8.296,1.2,-64,192100,43.6,32.44065
227.5,8.288,1.2,-64,193672,43.6,32.45137
227.4,8.296,1.2,-64,193672,43.6,32.44065
227.0,8.288,1.2,-64,193672,43.6,32.44065
227.1,8.296,1.2,-66,193672,43.6,32.42992
226.8,8.288,1.2,-66,193672,43.6,32.4192
226.4,8.288,1.2,-65,193672,43.6,32.4192
225.7,8.288,1.2,-66,193672,43.6,32.4192
225.7,8.288,1.2,-70,193672,43.6,32.42992
225.2,8.288,1.2,-70,193672,43.6,32.42992
225.0,8.288,1.2,-69,193672,43.6,32.42992
225.5,8.288,1.2,-69,193672,43.6,32.40847
225.6,8.288,1.2,-69,193620,43.6,32.40847
225.6,8.288,1.2,-70,193672,43.6,32.4192
225.3,8.288,1.2,-71,193672,44.6,32.42992
226.2,8.296,1.2,-74,193672,43.6,32.44065
226.2,8.288,1.2,-72,193672,43.6,32.44065
226.4,8.288,1.2,-69,193672,43.6,32.4621
226.5,8.288,1.2,-68,193672,43.6,32.45137
226.3,8.288,1.2,-67,193672,44.6,32.45137
226.1,8.288,1.2,-67,193672,43.6,32.45137
226.1,8.288,1.2,-69,193672,43.6,32.45137
225.7,8.296,1.2,-67,192100,43.6,32.44065
225.8,8.288,1.2,-68,193672,43.6,32.42992
225.8,8.288,1.2,-66,193672,43.6,32.42992
226.0,8.288,1.2,-67,193672,44.6,32.45137
225.9,8.288,1.2,-70,193672,43.6,32.42992
226.7,8.288,1.2,-68,193672,44.6,32.42992
226.6,8.288,1.2,-67,193672,43.6,32.4192
227.0,8.288,1.2,-68,193672,43.6,32.4192
227.2,8.288,1.2,-67,193672,43.6,32.40847
227.0,8.288,1.2,-68,193672,43.6,32.39775
227.0,8.288,1.2,-68,193672,43.6,32.39775
227.1,8.288,1.2,-69,193672,43.6,32.40847
227.2,8.288,1.2,-67,193672,43.6,32.38702
227.2,8.296,1.2,-68,192100,43.6,32.36557
227.1,8.288,1.2,-69,193672,43.6,32.38702
227.1,8.288,1.2,-71,193672,43.6,32.3763
227.1,8.288,1.2,-70,193672,43.6,32.36557
226.8,8.288,1.2,-68,193672,43.6,32.36557
226.8,8.288,1.2,-69,193672,43.6,32.36557
227.0,8.288,1.2,-66,193672,43.6,32.35485
227.0,8.288,1.2,-68,193672,43.6,32.34412
226.9,8.288,1.2,-66,193672,43.6,32.36557
226.5,8.288,1.2,-68,193672,43.6,32.36557
226.4,8.288,1.2,-68,193672,43.6,32.35485
226.4,8.288,1.2,-66,193672,43.6,32.35485
226.4,8.288,1.2,-68,193672,43.6,32.35485
226.1,8.288,1.2,-68,193672,43.6,32.35485
226.3,8.288,1.2,-69,193640,43.6,32.35485
226.4,8.288,1.2,-67,193672,43.6,32.35485
226.4,8.288,1.2,-73,193672,43.6,32.36557
226.6,8.288,1.2,-67,193672,43.6,32.35485
226.7,8.288,1.2,-67,193672,43.6,32.36557
226.9,8.288,1.2,-71,191192,43.6,32.35485
226.6,8.288,1.2,-67,193672,43.6,32.36557
226.6,8.288,1.2,-67,193672,43.6,32.35485
226.6,8.288,1.2,-69,193672,43.6,32.35485
226.8,8.288,1.2,-67,193672,43.6,32.34412
226.8,8.288,1.2,-68,193672,43.6,32.3334
226.7,8.288,1.2,-67,193672,43.6,32.3334
227.0,8.288,1.2,-67,193672,43.6,32.34412
226.3,8.288,1.2,-67,193672,43.6,32.34412
226.0,8.288,1.2,-70,193672,43.6,32.35485
226.2,8.288,1.2,-67,193672,43.6,32.35485
226.2,8.288,1.2,-67,193672,43.6,32.36557
225.8,8.288,1.2,-68,193672,43.6,32.36557
226.0,8.288,1.2,-68,193672,43.6,32.3763
225.8,8.288,1.2,-67,193672,43.6,32.3763
225.8,8.288,1.2,-68,193672,43.6,32.38702
225.9,8.288,1.2,-70,193672,43.6,32.36557
225.8,8.288,1.2,-69,193672,43.6,32.38702
225.8,8.288,1.2,-69,193672,43.6,32.38702
225.9,8.288,1.2,-69,193672,43.6,32.39775
225.8,8.288,1.2,-69,193672,43.6,32.40847
225.5,8.288,1.2,-69,193672,43.6,32.40847
225.5,8.296,1.2,-70,192100,43.6,32.40847
225.5,8.288,1.2,-70,193672,43.6,32.4192
225.5,8.288,1.2,-69,193672,43.6,32.4192
225.7,8.28,1.2,-69,193672,43.6,32.40847
226.4,8.288,1.2,-69,193672,43.6,32.38702
226.2,8.288,1.2,-69,193672,43.6,32.39775
225.6,8.288,1.2,-69,193672,43.6,32.39775
225.7,8.288,1.2,-74,193672,43.6,32.38702
225.9,8.288,1.2,-67,193672,43.6,32.39775
225.6,8.288,1.2,-68,193672,43.6,32.38702
225.4,8.288,1.2,-67,193672,43.6,32.38702
225.5,8.288,1.2,-68,193672,43.6,32.3763
225.4,8.288,1.2,-66,193672,43.6,32.3763
226.6,8.288,1.2,-68,193672,43.6,32.38702
226.3,8.288,1.2,-66,193672,43.6,32.3763
226.3,8.288,1.2,-68,193672,43.6,32.36557
225.8,8.288,1.2,-67,193672,43.6,32.36557
226.3,8.288,1.2,-68,193672,43.6,32.36557
226.3,8.288,1.2,-67,193672,43.6,32.36557
226.1,8.296,1.2,-69,192100,43.6,32.36557
226.9,8.288,1.2,-67,193672,43.6,32.36557
227.1,8.288,1.2,-68,193672,43.6,32.35485
227.2,8.288,1.2,-67,193672,43.6,32.3763
227.3,8.288,1.2,-71,193620,42.6,32.38702
227.8,8.288,1.2,-69,193672,43.6,32.38702
227.6,8.288,1.2,-68,193672,43.6,32.38702
228.0,8.288,1.2,-68,193672,43.6,32.3763
227.7,8.288,1.2,-68,193672,43.6,32.3763
229.9,8.288,1.2,-71,193672,43.6,32.3763
230.2,8.288,1.2,-72,193672,43.6,32.35485
229.2,8.288,1.2,-69,193672,43.6,32.36557
229.1,8.288,1.2,-68,193672,43.6,32.35485
229.8,8.288,1.2,-69,193672,43.6,32.35485
229.9,8.288,1.2,-71,193672,43.6,32.36557
230.7,8.288,1.2,-70,193672,43.6,32.35485
230.7,8.288,1.2,-69,193672,43.6,32.36557
230.3,8.288,1.2,-71,193672,43.6,32.36557
230.4,8.28,1.2,-71,193672,43.6,32.34412
229.7,8.288,1.2,-71,193672,43.6,32.36557
229.2,8.288,1.2,-71,193620,43.6,32.35485
229.3,8.288,1.2,-71,193672,43.6,32.3763
229.1,8.288,1.2,-71,191144,43.6,32.38702
229.3,8.288,1.2,-72,193684,43.6,32.36557
229.1,8.288,1.2,-72,193684,43.6,32.3763
229.5,8.288,1.2,-74,193684,43.6,32.35485
229.8,8.288,1.2,-72,193684,43.6,32.36557
229.5,8.288,1.2,-72,193676,43.6,32.35485
229.8,8.288,1.2,-71,193676,43.6,32.35485
229.6,8.288,1.2,-72,193676,43.6,32.36557
229.6,8.288,1.2,-73,193676,43.6,32.36557
229.8,8.288,1.2,-73,193676,43.6,32.36557
229.5,8.288,1.2,-72,193676,43.6,32.36557
230.1,8.288,1.2,-73,193676,43.6,32.3763
229.2,8.288,1.2,-71,193676,43.6,32.35485
229.1,8.288,1.2,-73,193676,43.6,32.36557
229.1,8.288,1.2,-73,193676,43.6,32.35485
228.9,8.288,1.2,-72,193676,43.6,32.35485
229.3,8.288,1.2,-72,193676,43.6,32.35485
227.9,8.288,1.2,-70,193676,43.6,32.3763
228.8,8.28,1.2,-71,193676,43.6,32.36557
228.7,8.296,1.2,-71,192092,43.6,32.38702
228.4,8.288,1.2,-71,193676,43.6,32.3763
228.6,8.28,1.2,-70,193676,43.6,32.38702
228.8,8.288,1.2,-72,193676,43.6,32.3763
228.5,8.288,1.2,-72,193676,43.6,32.3763
229.3,8.28,1.2,-73,193676,43.6,32.38702
229.1,8.288,1.2,-73,193676,43.6,32.38702
229.2,8.288,1.2,-72,193676,43.6,32.36557
229.3,8.288,1.2,-74,193676,43.6,32.3763
229.5,8.288,1.2,-75,193676,43.6,32.36557
229.8,8.288,1.2,-68,193676,43.6,32.36557
229.4,8.288,1.2,-70,193676,43.6,32.35485
229.7,8.288,1.2,-69,193676,43.6,32.35485
229.5,8.288,1.2,-69,193672,43.6,32.35485
229.4,8.288,1.2,-69,193672,43.6,32.34412
229.6,8.288,1.2,-71,193672,43.6,32.3334
229.0,8.288,1.2,-69,193672,43.6,32.3334
229.0,8.288,1.2,-74,193672,42.6,32.3334
229.4,8.288,1.2,-70,193620,42.6,32.32267
229.0,8.296,1.2,-72,192100,43.6,32.32267
229.0,8.288,1.2,-71,193672,43.6,32.32267
230.1,8.288,1.2,-73,193672,43.6,32.31195
229.1,8.288,1.2,-73,193672,43.6,32.30122
228.8,8.288,1.2,-71,193672,43.6,32.31195
229.0,8.288,1.2,-71,193672,43.6,32.31195
227.7,8.288,1.2,-72,193672,43.6,32.31195
227.7,8.288,1.2,-71,193672,43.6,32.30122
228.9,8.288,1.2,-70,193672,43.6,32.30122
228.3,8.288,1.2,-71,193672,43.6,32.2905
227.7,8.288,1.2,-72,193672,43.6,32.31195
228.7,8.28,1.2,-72,193672,43.6,32.2905
228.5,8.288,1.2,-70,193672,43.6,32.2905
227.9,8.288,1.2,-71,193672,43.6,32.2905
228.5,8.288,1.2,-71,193672,43.6,32.31195
227.6,8.28,1.2,-71,193672,43.6,32.30122
228.2,8.28,1.2,-71,193672,43.6,32.31195
228.1,8.288,1.2,-75,193672,43.6,32.30122
227.9,8.288,1.2,-72,193672,43.6,32.2905
227.9,8.288,1.2,-70,193672,43.6,32.30122
228.3,8.288,1.2,-71,193672,43.6,32.2905
228.0,8.288,1.2,-74,193672,43.6,32.30122
228.4,8.28,1.2,-71,192100,43.6,32.30122
228.5,8.288,1.2,-73,193672,43.6,32.30122
227.7,8.288,1.2,-69,193672,43.6,32.30122
227.6,8.28,1.2,-70,193672,43.6,32.2905
228.1,8.296,1.2,-74,193672,43.6,32.2905
227.7,8.28,1.2,-76,193672,43.6,32.30122
228.0,8.288,1.2,-72,193672,43.6,32.2905
228.7,8.288,1.2,-71,193672,43.6,32.2905
228.0,8.288,1.2,-70,193672,43.6,32.30122
228.4,8.288,1.2,-70,193672,43.6,32.2905
227.0,8.288,1.2,-70,193672,43.6,32.27977
226.3,8.288,1.2,-71,193672,43.6,32.2905
226.0,8.288,1.2,-71,193672,43.6,32.27977
226.3,8.28,1.2,-72,193672,43.6,32.2905
225.6,8.28,1.2,-70,193672,43.6,32.2905
225.6,8.288,1.2,-70,193672,43.6,32.27977
225.9,8.288,1.2,-69,193620,43.6,32.27977
226.0,8.288,1.2,-67,193672,43.6,32.26905
226.1,8.288,1.2,-66,193672,43.6,32.26905
227.1,8.288,1.2,-66,193672,43.6,32.25832
225.1,8.288,1.2,-66,193672,43.6,32.26905
225.3,8.288,1.2,-66,193672,43.6,32.2476
225.4,8.288,1.2,-66,191192,43.6,32.26905
225.3,8.288,1.2,-66,193620,42.6,32.25832
224.4,8.288,1.2,-66,193672,42.6,32.2476
225.1,8.288,1.2,-65,193672,43.6,32.23687
224.0,8.288,1.2,-67,193672,43.6,32.23687
223.9,8.288,1.2,-66,193672,43.6,32.23687
225.0,8.288,1.2,-66,193672,43.6,32.23687
224.6,8.288,1.2,-66,193672,43.6,32.23687
224.8,8.288,1.2,-68,193672,43.6,32.23687
225.1,8.288,1.2,-67,193672,43.6,32.22615
224.8,8.288,1.2,-66,193672,43.6,32.22615
225.8,8.28,1.2,-67,193672,42.6,32.22615
224.8,8.288,1.2,-67,193672,43.6,32.21542
224.7,8.288,1.2,-68,193672,43.6,32.22615
225.2,8.288,1.2,-66,193672,43.6,32.2047
225.2,8.28,1.2,-66,193672,42.6,32.21542
224.9,8.288,1.2,-67,193672,43.6,32.21542
225.2,8.288,1.2,-66,193672,43.6,32.2047
224.8,8.288,1.2,-66,193672,43.6,32.21542
224.3,8.288,1.2,-66,193672,43.6,32.21542
225.0,8.288,1.2,-66,193672,43.6,32.22615
224.9,8.288,1.2,-66,193672,43.6,32.21542
225.0,8.288,1.2,-66,192100,43.6,32.22615
224.3,8.288,1.2,-66,193672,43.6,32.21542
224.7,8.28,1.2,-65,193620,42.6,32.22615
224.6,8.288,1.2,-66,193672,43.6,32.21542
225.4,8.288,1.2,-66,193672,43.6,32.22615
223.8,8.28,1.2,-65,193672,43.6,32.21542
224.7,8.288,1.2,-65,193672,43.6,32.2047
225.1,8.288,1.2,-67,193672,43.6,32.19397
224.5,8.288,1.2,-66,193672,43.6,32.19397
225.2,8.288,1.2,-65,193620,43.6,32.19397
224.9,8.288,1.2,-65,193672,43.6,32.2047
224.5,8.288,1.2,-66,193672,43.6,32.17252
225.7,8.288,1.2,-66,193672,42.6,32.18324
226.3,8.288,1.2,-66,193672,43.6,32.18324
225.7,8.28,1.2,-66,193672,43.6,32.2047
224.9,8.288,1.2,-66,193672,44.6,32.18324
226.2,8.288,1.2,-66,193672,43.6,32.19397
223.2,8.288,1.2,-66,193672,43.6,32.19397
223.9,8.288,1.2,-66,193672,43.6,32.18324
224.0,8.28,1.2,-68,193672,43.6,32.18324
223.7,8.288,1.2,-65,193672,43.6,32.18324
223.9,8.296,1.2,-65,193672,43.6,32.18324
224.4,8.296,1.2,-65,192100,43.6,32.17252
224.3,8.288,1.2,-68,193672,43.6,32.17252
223.8,8.288,1.2,-66,193672,42.6,32.18324
224.3,8.288,1.2,-66,193672,43.6,32.18324
223.6,8.288,1.2,-66,193672,43.6,32.18324
223.4,8.288,1.2,-67,193672,43.6,32.18324
223.8,8.288,1.2,-66,193672,42.6,32.18324
223.2,8.288,1.2,-66,193672,43.6,32.17252
223.6,8.288,1.2,-67,193672,43.6,32.16179
226.7,8.288,1.2,-66,193672,43.6,32.16179
225.9,8.288,1.2,-66,193672,43.6,32.17252
225.8,8.288,1.2,-65,193672,43.6,32.16179
226.1,8.288,1.2,-65,193672,43.6,32.15107
225.6,8.288,1.2,-65,193672,43.6,32.16179
225.7,8.288,1.2,-65,193672,43.6,32.15107
226.1,8.288,1.2,-66,193672,43.6,32.14034
225.5,8.288,1.2,-65,193672,43.6,32.15107
225.7,8.288,1.2,-66,193672,43.6,32.14034
226.4,8.28,1.2,-65,193672,43.6,32.14034
226.2,8.288,1.2,-66,192100,43.6,32.14034
226.1,8.288,1.2,-68,193672,43.6,32.12962
226.6,8.288,1.2,-67,193672,43.6,32.12962
226.1,8.288,1.2,-66,193672,43.6,32.16179
226.2,8.288,1.2,-66,193672,42.6,32.14034
226.5,8.288,1.2,-68,193672,43.6,32.14034
226.4,8.288,1.2,-66,193672,42.6,32.15107
226.4,8.288,1.2,-65,193672,43.6,32.15107
225.7,8.288,1.2,-66,193672,43.6,32.15107
224.2,8.288,1.2,-66,193672,43.6,32.15107
224.5,8.288,1.2,-66,193672,43.6,32.16179
224.9,8.288,1.2,-65,193672,43.6,32.15107
225.0,8.288,1.2,-68,193672,43.6,32.17252
225.6,8.288,1.2,-65,193672,43.6,32.16179
226.1,8.288,1.2,-66,193672,43.6,32.17252
225.7,8.288,1.2,-65,193672,43.6,32.17252
224.8,8.288,1.2,-65,193672,43.6,32.17252
225.3,8.28,1.2,-66,193672,43.6,32.17252
225.0,8.288,1.2,-65,193672,43.6,32.18324
225.1,8.288,1.2,-65,192100,43.6,32.18324
225.4,8.288,1.2,-64,193672,43.6,32.18324
225.1,8.288,1.2,-67,193672,43.6,32.17252
225.4,8.288,1.2,-71,193672,43.6,32.18324
225.9,8.288,1.2,-66,193672,43.6,32.18324
225.5,8.288,1.2,-66,193672,43.6,32.19397
225.5,8.288,1.2,-67,193672,43.6,32.18324
225.8,8.288,1.2,-66,193672,43.6,32.17252
225.4,8.288,1.2,-67,193672,43.6,32.16179
225.4,8.288,1.2,-67,193672,43.6,32.16179
225.8,8.288,1.2,-66,193672,43.6,32.16179
224.9,8.288,1.2,-65,193672,43.6,32.16179
224.8,8.288,1.2,-65,193672,43.6,32.15107
224.9,8.288,1.2,-65,193672,43.6,32.14034
224.6,8.288,1.2,-65,193672,42.6,32.15107
225.0,8.288,1.2,-65,193672,43.6,32.15107
225.1,8.288,1.2,-65,193672,43.6,32.15107
224.7,8.288,1.2,-65,193672,43.6,32.14034
225.1,8.288,1.2,-65,193672,43.6,32.16179
224.8,8.288,1.2,-65,193672,43.6,32.14034
224.9,8.288,1.2,-66,193672,43.6,32.15107
225.0,8.288,1.2,-65,193672,43.6,32.15107
225.2,8.288,1.2,-66,191192,43.6,32.15107
224.9,8.288,1.2,-65,193672,43.6,32.15107
225.2,8.288,1.2,-65,193672,43.6,32.14034
225.4,8.288,1.2,-65,193672,43.6,32.15107
225.3,8.288,1.2,-65,193672,43.6,32.15107
225.4,8.288,1.2,-65,193672,43.6,32.16179
225.2,8.288,1.2,-66,193672,43.6,32.14034
225.3,8.288,1.2,-64,193672,43.6,32.15107
225.6,8.288,1.2,-68,193672,43.6,32.15107
225.5,8.288,1.2,-65,193672,43.6,32.15107
225.3,8.288,1.2,-65,193672,43.6,32.14034
225.8,8.288,1.2,-65,193672,43.6,32.12962
225.8,8.288,1.2,-67,193672,43.6,32.12962
225.6,8.288,1.2,-65,193672,43.6,32.12962
225.9,8.288,1.2,-65,193672,42.6,32.12962
225.7,8.288,1.2,-65,193672,42.6,32.12962
225.7,8.288,1.2,-67,193672,43.6,32.12962
225.9,8.288,1.2,-66,193672,43.6,32.11889
225.7,8.288,1.2,-67,193672,42.6,32.11889
225.8,8.288,1.2,-65,193672,43.6,32.10817
226.0,8.288,1.2,-65,193672,43.6,32.11889
226.0,8.288,1.2,-68,193672,43.6,32.11889
225.9,8.288,1.2,-67,193672,43.6,32.10817
226.2,8.288,1.2,-71,193672,43.6,32.11889
225.2,8.288,1.2,-71,193672,43.6,32.11889
225.2,8.296,1.2,-67,192100,43.6,32.12962
225.0,8.288,1.2,-68,193672,43.6,32.11889
224.4,8.288,1.2,-66,193672,43.6,32.10817
224.7,8.288,1.2,-66,193672,43.6,32.11889
224.5,8.288,1.2,-66,193672,43.6,32.10817
224.6,8.288,1.2,-65,193672,43.6,32.11889
224.9,8.288,1.2,-65,193672,43.6,32.11889
224.8,8.288,1.2,-65,193672,43.6,32.10817
224.6,8.288,1.2,-66,193672,43.6,32.11889
224.8,8.28,1.2,-66,193672,43.6,32.09744
224.6,8.288,1.2,-65,193672,43.6,32.09744
224.8,8.288,1.2,-67,193672,43.6,32.08672
224.3,8.288,1.2,-66,193672,43.6,32.09744
223.9,8.288,1.2,-65,193620,43.6,32.08672
224.1,8.288,1.2,-65,193672,43.6,32.09744
224.0,8.288,1.2,-66,193672,43.6,32.10817
223.7,8.288,1.2,-64,191192,43.6,32.10817
223.9,8.288,1.2,-66,193672,42.6,32.10817
224.8,8.288,1.2,-64,193672,43.6,32.10817
225.2,8.288,1.2,-65,193672,43.6,32.09744
225.2,8.288,1.2,-65,193672,43.6,32.09744
225.5,8.288,1.2,-65,193672,43.6,32.08672
225.2,8.288,1.2,-65,193672,43.6,32.10817
225.2,8.288,1.2,-65,193672,43.6,32.09744
225.3,8.288,1.2,-65,193672,43.6,32.10817
225.5,8.288,1.2,-64,193672,43.6,32.08672
224.7,8.288,1.2,-64,193672,43.6,32.09744
225.1,8.288,1.2,-65,193672,43.6,32.08672
225.0,8.28,1.2,-64,193672,43.6,32.07599
225.3,8.288,1.2,-64,193672,43.6,32.08672
224.9,8.288,1.2,-64,193672,42.6,32.08672
225.2,8.288,1.2,-64,193672,43.6,32.09744
225.4,8.288,1.2,-64,193672,43.6,32.06527
225.5,8.288,1.2,-63,193672,43.6,32.08672
225.4,8.288,1.2,-63,193672,43.6,32.08672
226.3,8.288,1.2,-64,193672,43.6,32.07599
226.4,8.288,1.2,-64,193672,43.6,32.07599
226.3,8.288,1.2,-63,193672,43.6,32.07599
226.6,8.288,1.2,-64,193672,43.6,32.05454
226.7,8.28,1.2,-64,193672,43.6,32.05454
226.5,8.288,1.2,-66,193672,42.6,32.05454
227.0,8.288,1.2,-72,193620,43.6,32.07599
226.5,8.288,1.2,-65,193672,43.6,32.06527
226.8,8.288,1.2,-65,193672,43.6,32.06527
227.1,8.288,1.2,-65,191192,43.6,32.06527
226.9,8.288,1.2,-66,193672,43.6,32.05454
227.3,8.288,1.2,-65,193672,43.6,32.07599
227.1,8.288,1.2,-64,193672,43.6,32.06527
227.3,8.288,1.2,-65,193672,43.6,32.06527
227.6,8.288,1.2,-65,193672,43.6,32.05454
227.2,8.288,1.2,-65,193672,43.6,32.06527
227.4,8.288,1.2,-65,193672,43.6,32.06527
227.2,8.288,1.2,-66,193672,43.6,32.06527
227.4,8.288,1.2,-66,193672,42.6,32.06527
227.4,8.288,1.2,-66,193672,43.6,32.05454
227.0,8.288,1.2,-65,193620,42.6,32.06527
227.0,8.288,1.2,-63,193672,42.6,32.06527
227.0,8.288,1.2,-64,193672,43.6,32.06527
227.1,8.28,1.2,-65,193672,42.6,32.06527
227.2,8.288,1.2,-67,193672,43.6,32.05454
227.5,8.288,1.2,-63,193672,43.6,32.05454
227.4,8.288,1.2,-65,193672,42.6,32.05454
227.6,8.288,1.2,-63,193672,42.6,32.04382
227.5,8.296,1.2,-65,191192,43.6,32.03309
227.8,8.288,1.2,-67,193620,42.6,32.03309
227.3,8.288,1.2,-72,193672,42.6,32.03309
227.5,8.288,1.2,-72,193672,43.6,32.01164
227.3,8.288,1.2,-65,193672,43.6,32.01164
227.5,8.288,1.2,-65,193672,43.6,32.01164
227.7,8.288,1.2,-68,193672,42.6,32.02237
227.7,8.288,1.2,-65,193672,43.6,32.03309
227.7,8.288,1.2,-67,193620,42.6,32.03309
227.7,8.288,1.2,-65,193672,42.6,32.03309
227.9,8.288,1.2,-66,193672,43.6,32.04382
228.0,8.288,1.2,-73,193672,43.6,32.03309
227.5,8.288,1.2,-72,193672,42.6,32.03309
227.4,8.288,1.2,-71,193672,43.6,32.03309
227.4,8.288,1.2,-74,193672,43.6,32.04382
227.5,8.288,1.2,-75,193672,43.6,32.03309
227.5,8.288,1.2,-72,193672,43.6,32.03309
227.4,8.288,1.2,-73,193672,43.6,32.03309
227.8,8.288,1.2,-71,193672,43.6,32.03309
227.9,8.296,1.2,-72,193672,44.6,32.04382
228.0,8.296,1.2,-72,193672,43.6,32.06527
228.1,8.288,1.2,-69,193672,43.6,32.06527
227.9,8.296,1.2,-71,192052,42.6,32.06527
227.9,8.288,1.2,-70,193672,43.6,32.07599
227.9,8.288,1.2,-71,193672,43.6,32.08672
227.8,8.288,1.2,-74,193672,43.6,32.08672
227.9,8.288,1.2,-70,193676,42.6,32.08672
228.0,8.288,1.2,-70,193676,42.6,32.09744
227.9,8.288,1.2,-71,193676,43.6,32.11889
227.8,8.288,1.2,-70,193676,43.6,32.11889
227.7,8.288,1.2,-76,193676,42.6,32.12962
228.2,8.288,1.2,-71,193676,43.6,32.12962
228.2,8.288,1.2,-70,193676,43.6,32.14034
228.3,8.288,1.2,-69,193676,43.6,32.14034
228.0,8.288,1.2,-69,193676,42.6,32.12962
227.8,8.288,1.2,-70,193676,43.6,32.15107
227.5,8.288,1.2,-69,193676,43.6,32.12962
227.5,8.288,1.2,-71,193676,43.6,32.14034
227.1,8.288,1.2,-72,193628,42.6,32.12962
227.2,8.288,1.2,-78,193676,43.6,32.11889
229.1,8.288,1.2,-91,193676,42.6,32.09744
228.9,8.288,1.2,-64,193672,43.6,32.10817
228.9,8.288,1.2,-79,193672,43.6,32.10817
228.8,8.288,1.2,-75,193672,43.6,32.09744
228.7,8.288,1.2,-79,193672,43.6,32.09744
229.0,8.288,1.2,-79,193672,42.6,32.09744
228.9,8.288,1.2,-79,193672,42.6,32.09744
228.8,8.296,1.2,-78,193672,43.6,32.08672
228.1,8.288,1.2,-81,193672,43.6,32.08672
228.9,8.288,1.2,-72,193672,43.6,32.07599
228.9,8.296,1.2,-75,192100,43.6,32.09744
229.1,8.288,1.2,-77,193672,43.6,32.10817
229.0,8.288,1.2,-76,193672,43.6,32.10817
228.9,8.288,1.2,-75,193672,43.6,32.10817
229.2,8.288,1.2,-75,193672,43.6,32.12962
229.1,8.288,1.2,-75,193672,43.6,32.14034
229.4,8.288,1.2,-74,193672,43.6,32.14034
228.7,8.288,1.2,-74,193672,43.6,32.15107
228.8,8.288,1.2,-75,193672,43.6,32.15107
229.0,8.28,1.2,-75,193672,43.6,32.16179
229.0,8.288,1.2,-75,193672,43.6,32.18324
228.1,8.288,1.2,-74,193672,43.6,32.17252
227.5,8.288,1.2,-74,193672,43.6,32.18324
226.8,8.288,1.2,-73,193672,43.6,32.18324
226.0,8.288,1.2,-75,193672,43.6,32.2047
225.6,8.288,1.2,-75,193672,43.6,32.2047
225.7,8.28,1.2,-74,193672,43.6,32.19397
225.9,8.288,1.2,-75,193672,43.6,32.19397
225.8,8.28,1.2,-75,193672,43.6,32.19397
226.0,8.288,1.2,-74,193672,43.6,32.21542
225.9,8.288,1.2,-75,193672,43.6,32.22615
225.8,8.28,1.2,-75,193672,43.6,32.22615
226.2,8.288,1.2,-74,191192,44.6,32.22615
226.1,8.288,1.2,-75,193672,43.6,32.23687
226.5,8.288,1.2,-75,193672,43.6,32.22615
226.0,8.28,1.2,-74,193672,43.6,32.22615
225.6,8.288,1.2,-75,193672,43.6,32.22615
225.7,8.288,1.2,-75,193672,43.6,32.22615
225.6,8.28,1.2,-74,193672,43.6,32.23687
226.2,8.288,1.2,-74,193672,43.6,32.2047
225.8,8.288,1.2,-74,193672,43.6,32.2047
226.0,8.288,1.2,-74,193672,43.6,32.2047
225.6,8.288,1.2,-75,193672,43.6,32.21542
224.5,8.288,1.2,-75,193672,43.6,32.19397
224.9,8.288,1.2,-75,193672,43.6,32.21542
224.5,8.288,1.2,-74,193672,43.6,32.22615
224.9,8.288,1.2,-74,193672,43.6,32.2047
224.5,8.288,1.2,-73,193672,43.6,32.21542
224.7,8.288,1.2,-75,193672,43.6,32.19397
225.3,8.288,1.2,-74,193672,43.6,32.19397
224.6,8.288,1.2,-75,193672,42.6,32.18324
224.6,8.288,1.2,-75,193672,43.6,32.18324
224.9,8.28,1.2,-74,193672,43.6,32.17252
224.5,8.288,1.2,-74,193672,43.6,32.16179
224.9,8.288,1.2,-75,192100,43.6,32.15107
225.0,8.288,1.2,-74,193672,43.6,32.14034
224.6,8.288,1.2,-74,193672,43.6,32.15107
225.2,8.288,1.2,-74,193672,42.6,32.15107
225.8,8.288,1.2,-74,193672,43.6,32.16179
225.0,8.28,1.2,-76,193672,43.6,32.17252
225.2,8.288,1.2,-74,193672,43.6,32.18324
225.3,8.288,1.2,-74,193672,43.6,32.19397
225.0,8.288,1.2,-75,193672,43.6,32.18324
225.7,8.288,1.2,-74,193672,43.6,32.2047
225.8,8.288,1.2,-74,193672,43.6,32.19397
225.2,8.288,1.2,-75,193672,43.6,32.2047
226.0,8.288,1.2,-74,193672,42.6,32.21542
225.9,8.288,1.2,-75,193672,43.6,32.22615
225.4,8.288,1.2,-74,193672,43.6,32.22615
225.8,8.288,1.2,-74,193672,42.6,32.21542
225.3,8.288,1.2,-74,193672,43.6,32.22615
224.8,8.288,1.2,-74,193672,43.6,32.21542
225.5,8.288,1.2,-75,193672,43.6,32.22615
224.8,8.296,1.2,-74,192100,43.6,32.22615
224.9,8.288,1.2,-74,193672,43.6,32.23687
225.2,8.288,1.2,-73,193672,42.6,32.23687
225.2,8.288,1.2,-74,193672,43.6,32.2476
225.6,8.288,1.2,-74,193672,43.6,32.2476
225.9,8.288,1.2,-75,193672,43.6,32.2476
225.6,8.288,1.2,-74,193672,42.6,32.2476
225.6,8.288,1.2,-74,193672,43.6,32.2476
225.9,8.288,1.2,-74,193672,42.6,32.26905
225.3,8.28,1.2,-74,193672,43.6,32.26905
225.4,8.288,1.2,-75,193672,43.6,32.25832
225.7,8.288,1.2,-75,193672,43.6,32.25832
225.2,8.296,1.2,-74,193672,43.6,32.2476
227.7,8.288,1.2,-74,193672,43.6,32.25832
227.6,8.288,1.2,-74,193672,43.6,32.25832
227.1,8.288,1.2,-74,193672,42.6,32.2476
227.4,8.296,1.2,-74,193672,43.6,32.26905
227.9,8.288,1.2,-74,193672,43.6,32.25832
226.5,8.288,1.2,-74,193672,43.6,32.26905
228.5,8.296,1.2,-74,192100,43.6,32.25832
228.3,8.288,1.2,-74,193672,43.6,32.2476
228.1,8.288,1.2,-75,193672,42.6,32.2476
228.1,8.288,1.2,-74,193672,42.6,32.22615
228.1,8.288,1.2,-74,193672,43.6,32.23687
228.5,8.296,1.2,-74,193672,43.6,32.22615
228.2,8.288,1.2,-73,193672,42.6,32.21542
228.3,8.288,1.2,-74,193672,43.6,32.21542
228.3,8.288,1.2,-75,193672,43.6,32.21542
228.2,8.288,1.2,-74,193672,43.6,32.22615
228.0,8.288,1.2,-72,193672,43.6,32.23687
228.0,8.288,1.2,-72,193672,43.6,32.23687
227.8,8.288,1.2,-73,193672,42.6,32.23687
228.1,8.288,1.2,-73,193672,43.6,32.2476
228.0,8.288,1.2,-73,193672,43.6,32.2476
227.7,8.288,1.2,-74,193672,43.6,32.2476
227.9,8.288,1.2,-74,193672,43.6,32.2476
228.3,8.288,1.2,-74,193672,43.6,32.2476
228.0,8.28,1.2,-74,193672,42.6,32.23687
228.3,8.296,1.2,-74,192100,43.6,32.2476
228.3,8.288,1.2,-75,193672,43.6,32.25832
227.6,8.288,1.2,-74,193672,43.6,32.25832
227.6,8.288,1.2,-75,193672,43.6,32.25832
227.2,8.288,1.2,-75,193672,43.6,32.25832
226.7,8.288,1.2,-74,193672,43.6,32.26905
227.6,8.288,1.2,-74,193672,42.6,32.27977
227.6,8.288,1.2,-75,193672,43.6,32.26905
227.8,8.288,1.2,-73,193672,42.6,32.30122
227.8,8.288,1.2,-74,193672,43.6,32.30122
227.7,8.288,1.2,-74,193672,43.6,32.27977
227.9,8.288,1.2,-76,193672,43.6,32.30122
227.8,8.288,1.2,-74,193672,43.6,32.30122
227.3,8.288,1.2,-74,193672,43.6,32.31195
227.1,8.288,1.2,-74,193672,43.6,32.32267
227.1,8.288,1.2,-74,193672,43.6,32.3334
227.1,8.288,1.2,-74,191144,44.6,32.32267
227.0,8.288,1.2,-74,193672,43.6,32.3334
226.9,8.288,1.2,-75,193672,42.6,32.3334
227.1,8.288,1.2,-75,193672,43.6,32.3334
227.3,8.288,1.2,-74,193672,43.6,32.34412
227.2,8.288,1.2,-75,193672,43.6,32.3334
227.1,8.288,1.2,-75,193672,43.6,32.3334
227.3,8.288,1.2,-75,193672,43.6,32.3334
227.3,8.288,1.2,-75,193672,42.6,32.32267
227.2,8.288,1.2,-75,193672,42.6,32.34412
227.0,8.288,1.2,-74,193672,43.6,32.3334
226.7,8.288,1.2,-74,193672,43.6,32.34412
225.6,8.288,1.2,-75,193672,43.6,32.34412
225.4,8.288,1.2,-74,193672,43.6,32.3334
224.0,8.288,1.2,-74,193672,43.6,32.3334
223.6,8.288,1.2,-74,193672,43.6,32.32267
223.9,8.288,1.2,-74,192100,43.6,32.3334
224.0,8.296,1.2,-74,193672,43.6,32.32267
224.0,8.288,1.2,-75,193672,43.6,32.32267
224.2,8.288,1.2,-75,193672,43.6,32.32267
224.4,8.288,1.2,-74,193672,43.6,32.32267
224.6,8.288,1.2,-75,193672,43.6,32.34412
224.4,8.288,1.2,-75,193672,42.6,32.3334
224.5,8.288,1.2,-74,193672,43.6,32.3334
224.4,8.288,1.2,-74,193672,43.6,32.3334
224.4,8.288,1.2,-74,193672,43.6,32.34412
223.9,8.288,1.2,-74,193672,43.6,32.36557
223.9,8.288,1.2,-75,193672,43.6,32.34412
223.8,8.288,1.2,-75,193672,43.6,32.35485
223.8,8.288,1.2,-75,193672,43.6,32.35485
224.0,8.288,1.2,-75,193672,43.6,32.3763
223.5,8.288,1.2,-74,193672,43.6,32.36557
223.5,8.288,1.2,-74,193672,43.6,32.3763
223.5,8.288,1.2,-75,193672,43.6,32.3763
223.3,8.288,1.2,-75,193672,42.6,32.36557
223.1,8.288,1.2,-74,192052,42.6,32.3763
223.3,8.288,1.2,-74,193672,43.6,32.38702
223.9,8.288,1.2,-75,193672,43.6,32.36557
224.0,8.288,1.2,-74,193672,43.6,32.3763
223.9,8.288,1.2,-75,193672,43.6,32.38702
223.6,8.288,1.2,-75,193672,43.6,32.3763
223.6,8.288,1.2,-74,193672,43.6,32.36557
223.5,8.288,1.2,-74,193672,43.6,32.3763
223.5,8.288,1.2,-74,193672,43.6,32.38702
223.4,8.288,1.2,-75,193620,42.6,32.38702
223.4,8.288,1.2,-74,193672,43.6,32.38702
223.6,8.288,1.2,-74,193672,43.6,32.3763
223.6,8.28,1.2,-74,193672,43.6,32.3763
224.3,8.288,1.2,-74,193672,43.6,32.38702
224.5,8.288,1.2,-74,193672,43.6,32.3763
224.5,8.288,1.2,-74,193672,43.6,32.38702
224.7,8.288,1.2,-74,193672,43.6,32.38702
225.6,8.288,1.2,-74,193672,43.6,32.38702
225.3,8.288,1.2,-75,193672,43.6,32.38702
225.1,8.296,1.2,-74,192100,43.6,32.39775
225.1,8.288,1.2,-74,193672,43.6,32.39775
225.2,8.288,1.2,-74,193672,43.6,32.39775
225.3,8.288,1.2,-75,193672,43.6,32.38702
225.6,8.288,1.2,-75,193672,43.6,32.3763
225.7,8.288,1.2,-74,193672,43.6,32.38702
225.6,8.288,1.2,-75,193672,43.6,32.39775
225.4,8.28,1.2,-74,193672,43.6,32.38702
225.3,8.288,1.2,-74,193672,43.6,32.36557
225.6,8.288,1.2,-74,193672,43.6,32.3763
225.2,8.288,1.2,-74,193672,43.6,32.3763
225.4,8.288,1.2,-74,193672,43.6,32.38702
225.2,8.296,1.2,-74,193672,43.6,32.38702
224.2,8.288,1.2,-74,193672,43.6,32.3763
224.8,8.288,1.2,-74,193672,43.6,32.39775
225.0,8.288,1.2,-75,193672,43.6,32.3763
225.4,8.288,1.2,-74,192100,43.6,32.3763
225.4,8.288,1.2,-74,193672,43.6,32.38702
225.2,8.288,1.2,-74,193672,43.6,32.3763
225.6,8.288,1.2,-74,193672,43.6,32.39775
225.5,8.288,1.2,-74,193672,43.6,32.36557
225.5,8.288,1.2,-74,193672,43.6,32.35485
225.6,8.288,1.2,-74,193672,43.6,32.34412
225.1,8.288,1.2,-74,193672,43.6,32.34412
225.4,8.288,1.2,-74,193672,42.6,32.3334
224.7,8.288,1.2,-74,193672,43.6,32.34412
225.2,8.288,1.2,-74,193672,43.6,32.32267
225.7,8.288,1.2,-74,193672,43.6,32.32267
225.3,8.288,1.2,-74,193672,43.6,32.31195
225.5,8.288,1.2,-74,193672,43.6,32.32267
225.2,8.288,1.2,-76,193672,43.6,32.3334
225.5,8.288,1.2,-74,193672,43.6,32.3334
224.4,8.288,1.2,-74,191192,43.6,32.32267
225.0,8.288,1.2,-74,193672,43.6,32.3334
224.4,8.288,1.2,-75,193672,43.6,32.3334
224.5,8.288,1.2,-74,193672,43.6,32.32267
225.0,8.288,1.2,-75,193624,42.6,32.32267
224.6,8.288,1.2,-74,193672,42.6,32.32267
225.0,8.288,1.2,-74,193620,43.6,32.31195
225.4,8.28,1.2,-74,193672,43.6,32.32267
224.4,8.288,1.2,-74,193672,43.6,32.31195
224.7,8.288,1.2,-74,193672,43.6,32.32267
225.1,8.288,1.2,-74,193672,43.6,32.3334
224.9,8.288,1.2,-75,193672,43.6,32.3334
225.0,8.288,1.2,-74,193672,42.6,32.31195
225.3,8.288,1.2,-74,193672,43.6,32.32267
224.8,8.288,1.2,-74,193672,43.6,32.32267
224.9,8.288,1.2,-74,193672,43.6,32.32267
225.1,8.288,1.2,-74,193672,43.6,32.32267
224.9,8.288,1.2,-75,193672,43.6,32.3334
224.9,8.288,1.2,-74,193672,43.6,32.3334
225.4,8.296,1.2,-75,193672,43.6,32.32267
225.1,8.288,1.2,-74,193672,43.6,32.3334
225.1,8.288,1.2,-75,193672,43.6,32.34412
225.5,8.288,1.2,-74,193672,43.6,32.34412
224.7,8.288,1.2,-75,193672,43.6,32.35485
224.8,8.288,1.2,-75,193672,43.6,32.35485
225.2,8.288,1.2,-75,193672,43.6,32.35485
225.0,8.288,1.2,-75,193672,43.6,32.35485
225.1,8.288,1.2,-74,193672,43.6,32.3334
225.4,8.296,1.2,-73,192100,43.6,32.3334
225.1,8.288,1.2,-74,193672,43.6,32.32267
225.0,8.288,1.2,-73,193672,42.6,32.32267
224.9,8.288,1.2,-73,193672,43.6,32.3334
224.2,8.288,1.2,-73,193672,43.6,32.32267
224.6,8.288,1.2,-73,193672,43.6,32.31195
224.7,8.288,1.2,-73,193672,43.6,32.2905
224.3,8.288,1.2,-72,193672,43.6,32.26905
224.2,8.288,1.2,-73,193672,43.6,32.2476
224.3,8.288,1.2,-73,193672,43.6,32.2476
224.3,8.288,1.2,-73,193672,43.6,32.23687
224.5,8.288,1.2,-73,193672,43.6,32.22615
224.3,8.288,1.2,-73,193672,43.6,32.21542
223.8,8.288,1.2,-72,193672,43.6,32.19397
224.6,8.288,1.2,-73,193672,43.6,32.19397
224.4,8.288,1.2,-74,193672,43.6,32.15107
224.3,8.288,1.2,-73,191192,43.6,32.15107
224.8,8.288,1.2,-73,193672,43.6,32.17252
224.0,8.288,1.2,-73,193672,43.6,32.16179
224.1,8.288,1.2,-73,193672,43.6,32.17252
224.5,8.288,1.2,-72,193672,43.6,32.16179
225.0,8.288,1.2,-73,193672,42.6,32.16179
225.3,8.296,1.2,-73,193672,43.6,32.16179
225.1,8.28,1.2,-73,193672,43.6,32.15107
225.1,8.288,1.2,-73,193672,43.6,32.16179
225.2,8.288,1.2,-73,193672,42.6,32.16179
225.2,8.288,1.2,-73,193672,43.6,32.17252
225.1,8.288,1.2,-73,193672,43.6,32.18324
225.0,8.288,1.2,-71,193672,43.6,32.19397
225.1,8.288,1.2,-73,193672,43.6,32.19397
225.1,8.288,1.2,-73,193672,43.6,32.19397
225.3,8.288,1.2,-73,193672,43.6,32.19397
225.4,8.288,1.2,-75,190928,43.6,32.2047
225.7,8.288,1.2,-75,193672,43.6,32.2047
225.7,8.288,1.2,-76,193672,43.6,32.22615
225.4,8.288,1.2,-77,193672,42.6,32.23687
225.6,8.288,1.2,-79,193620,42.6,32.22615
225.6,8.288,1.2,-79,193672,43.6,32.22615
226.2,8.288,1.2,-79,193672,43.6,32.21542
226.7,8.288,1.2,-78,193672,43.6,32.22615
226.2,8.288,1.2,-79,193672,43.6,32.23687
226.4,8.288,1.2,-78,193672,43.6,32.23687
226.6,8.288,1.2,-79,193672,43.6,32.23687
226.2,8.28,1.2,-78,193672,43.6,32.23687
226.4,8.288,1.2,-78,193672,43.6,32.2476
226.4,8.288,1.2,-79,193672,43.6,32.23687
226.4,8.28,1.2,-78,193672,43.6,32.22615
226.6,8.288,1.2,-79,193672,43.6,32.2047
226.4,8.296,1.2,-80,191192,43.6,32.2047
226.3,8.288,1.2,-78,193672,42.6,32.21542
226.1,8.288,1.2,-78,193672,43.6,32.2047
226.2,8.288,1.2,-79,193672,42.6,32.2047
226.0,8.288,1.2,-79,193672,43.6,32.2047
226.1,8.288,1.2,-79,193672,43.6,32.2047
226.1,8.288,1.2,-79,193672,43.6,32.2047
226.0,8.288,1.2,-78,193672,43.6,32.2047
226.0,8.288,1.2,-79,193672,43.6,32.2047
225.6,8.288,1.2,-78,193672,43.6,32.2047
224.5,8.288,1.2,-78,193672,43.6,32.22615
223.9,8.288,1.2,-79,193672,43.6,32.23687
223.3,8.288,1.2,-79,193672,43.6,32.23687
223.1,8.288,1.2,-79,193672,43.6,32.23687
223.2,8.288,1.2,-78,193672,43.6,32.23687
223.2,8.288,1.2,-79,193672,43.6,32.23687
223.5,8.288,1.2,-79,193660,43.6,32.25832
222.2,8.288,1.2,-79,193672,43.6,32.25832
222.7,8.288,1.2,-79,193672,43.6,32.23687
222.7,8.296,1.2,-78,192100,43.6,32.22615
222.7,8.288,1.2,-79,193672,43.6,32.2047
222.8,8.288,1.2,-77,193672,42.6,32.22615
222.6,8.288,1.2,-79,193672,42.6,32.19397
222.6,8.28,1.2,-79,193672,43.6,32.19397
222.3,8.288,1.2,-79,193672,42.6,32.19397
222.4,8.288,1.2,-79,193672,42.6,32.18324
222.3,8.288,1.2,-79,193672,43.6,32.19397
221.9,8.288,1.2,-78,193672,43.6,32.19397
222.0,8.28,1.2,-78,193672,42.6,32.2047
223.6,8.288,1.2,-78,193672,43.6,32.2047
224.4,8.288,1.2,-79,193672,43.6,32.2047
224.5,8.288,1.2,-79,193672,43.6,32.18324
223.8,8.288,1.2,-78,193672,43.6,32.18324
224.3,8.288,1.2,-79,193672,43.6,32.18324
224.0,8.288,1.2,-79,193672,43.6,32.19397
224.3,8.288,1.2,-79,193672,43.6,32.2047
224.7,8.288,1.2,-79,193672,43.6,32.19397
224.4,8.28,1.2,-80,193672,42.6,32.21542
224.0,8.288,1.2,-79,192100,43.6,32.2047
223.8,8.288,1.2,-78,193672,43.6,32.21542
224.2,8.288,1.2,-78,193672,43.6,32.2047
224.0,8.288,1.2,-78,193672,42.6,32.21542
224.0,8.288,1.2,-79,193672,43.6,32.22615
224.3,8.288,1.2,-79,193672,43.6,32.21542
224.6,8.288,1.2,-79,193672,43.6,32.2047
224.4,8.288,1.2,-79,193672,43.6,32.2047
224.4,8.288,1.2,-79,193672,42.6,32.2047
224.4,8.288,1.2,-78,193672,43.6,32.21542
224.5,8.288,1.2,-79,193672,43.6,32.21542
224.8,8.288,1.2,-78,193672,43.6,32.21542
224.9,8.288,1.2,-79,193672,43.6,32.2047
224.7,8.288,1.2,-80,193672,43.6,32.19397
224.6,8.288,1.2,-79,193672,43.6,32.19397
224.7,8.288,1.2,-79,193672,43.6,32.17252
224.9,8.288,1.2,-79,191144,43.6,32.18324
226.1,8.288,1.2,-79,193672,43.6,32.19397
225.7,8.288,1.2,-79,193672,43.6,32.19397
225.6,8.288,1.2,-79,193672,42.6,32.18324
225.7,8.288,1.2,-80,193672,43.6,32.2047
225.8,8.288,1.2,-78,193672,43.6,32.19397
225.6,8.288,1.2,-79,193672,43.6,32.2047
225.9,8.288,1.2,-79,193672,43.6,32.2047
225.3,8.288,1.2,-80,193672,43.6,32.19397
225.1,8.288,1.2,-79,193672,43.6,32.19397
225.0,8.288,1.2,-79,193672,43.6,32.2047
225.2,8.288,1.2,-79,193672,42.6,32.2047
225.3,8.288,1.2,-79,193672,43.6,32.2047
224.8,8.288,1.2,-79,193672,43.6,32.21542
223.7,8.288,1.2,-79,193672,43.6,32.2047
223.6,8.288,1.2,-79,193672,42.6,32.2047
223.8,8.288,1.2,-78,193672,43.6,32.21542
225.4,8.288,1.2,-79,193672,43.6,32.21542
226.6,8.288,1.2,-79,193672,42.6,32.22615
226.4,8.288,1.2,-79,192100,43.6,32.21542
226.5,8.288,1.2,-79,193672,43.6,32.18324
226.5,8.288,1.2,-79,193672,43.6,32.17252
226.5,8.288,1.2,-79,193672,42.6,32.18324
226.8,8.288,1.2,-80,193672,43.6,32.18324
226.4,8.288,1.2,-79,193672,43.6,32.17252
226.0,8.288,1.2,-79,193672,43.6,32.17252
226.1,8.288,1.2,-80,193672,43.6,32.17252
226.2,8.288,1.2,-73,193672,42.6,32.17252
226.0,8.288,1.2,-73,193624,42.6,32.18324
225.7,8.288,1.2,-74,193672,43.6,32.18324
225.8,8.288,1.2,-74,193672,43.6,32.19397
226.0,8.288,1.2,-74,193672,42.6,32.18324
226.0,8.288,1.2,-74,193672,43.6,32.17252
226.3,8.288,1.2,-74,193672,43.6,32.19397
226.3,8.288,1.2,-74,193672,43.6,32.19397
226.9,8.288,1.2,-74,191192,43.6,32.2047
226.3,8.288,1.2,-74,193672,43.6,32.2047
226.3,8.288,1.2,-74,193672,43.6,32.2047
226.1,8.288,1.2,-75,193672,43.6,32.19397
225.7,8.288,1.2,-74,193672,43.6,32.21542
225.9,8.288,1.2,-74,193672,43.6,32.21542
226.5,8.288,1.2,-74,193672,42.6,32.22615
226.6,8.288,1.2,-74,193672,43.6,32.21542
226.9,8.288,1.2,-74,193672,43.6,32.21542
226.6,8.288,1.2,-74,193672,43.6,32.22615
226.6,8.28,1.2,-74,193672,43.6,32.22615
226.9,8.288,1.2,-74,193672,42.6,32.23687
227.2,8.288,1.2,-74,193672,42.6,32.2476
226.7,8.288,1.2,-74,193672,43.6,32.2476
226.7,8.288,1.2,-75,193672,43.6,32.2476
228.1,8.288,1.2,-74,193672,42.6,32.2476
228.4,8.288,1.2,-74,193672,43.6,32.2476
228.6,8.28,1.2,-74,193672,42.6,32.25832
228.4,8.288,1.2,-74,193672,43.6,32.23687
228.3,8.296,1.2,-74,192100,43.6,32.22615
228.3,8.288,1.2,-74,193672,43.6,32.21542
228.2,8.288,1.2,-73,193672,42.6,32.21542
228.5,8.288,1.2,-74,193672,43.6,32.21542
228.2,8.288,1.2,-74,193620,42.6,32.2047
227.6,8.288,1.2,-74,193672,42.6,32.2047
227.5,8.288,1.2,-74,193672,42.6,32.19397
227.3,8.288,1.2,-73,193672,43.6,32.2047
227.6,8.288,1.2,-74,193672,43.6,32.19397
228.0,8.28,1.2,-74,193672,42.6,32.19397
227.7,8.288,1.2,-74,193672,43.6,32.17252
227.6,8.288,1.2,-74,193672,42.6,32.14034
227.5,8.288,1.2,-74,193672,43.6,32.15107
227.3,8.288,1.2,-74,193672,43.6,32.11889
227.4,8.28,1.2,-74,193672,42.6,32.11889
227.2,8.288,1.2,-72,193672,42.6,32.10817
227.0,8.288,1.2,-70,193672,43.6,32.10817
227.0,8.288,1.2,-71,193672,42.6,32.09744
226.9,8.288,1.2,-71,193672,43.6,32.08672
227.0,8.296,1.2,-72,192100,43.6,32.10817
227.6,8.288,1.2,-70,193620,42.6,32.07599
227.8,8.288,1.2,-71,193672,43.6,32.08672
227.4,8.288,1.2,-71,193672,43.6,32.09744
227.6,8.288,1.2,-71,193672,43.6,32.08672
227.8,8.288,1.2,-71,193672,42.6,32.09744
227.7,8.288,1.2,-71,193672,42.6,32.10817
227.5,8.288,1.2,-71,193672,43.6,32.10817
227.7,8.288,1.2,-70,193620,43.6,32.12962
227.6,8.288,1.2,-70,193672,42.6,32.10817
227.4,8.288,1.2,-71,193672,43.6,32.11889
227.5,8.288,1.2,-71,193672,43.6,32.12962
227.5,8.288,1.2,-70,193672,43.6,32.15107
227.4,8.288,1.2,-71,193672,43.6,32.15107
226.8,8.288,1.2,-70,193672,43.6,32.16179
226.8,8.288,1.2,-71,193620,42.6,32.16179
226.9,8.288,1.2,-70,193672,43.6,32.16179
227.4,8.288,1.2,-70,193672,43.6,32.16179
227.0,8.28,1.2,-71,193672,43.6,32.17252
226.9,8.296,1.2,-71,193672,43.6,32.15107
226.8,8.288,1.2,-71,193672,42.6,32.16179
227.2,8.288,1.2,-70,193672,43.6,32.14034
227.3,8.296,1.2,-71,192052,43.6,32.15107
227.4,8.288,1.2,-70,193672,42.6,32.15107
227.3,8.288,1.2,-71,193672,43.6,32.16179
227.5,8.288,1.2,-70,193672,43.6,32.15107
227.5,8.288,1.2,-72,193672,43.6,32.14034
227.6,8.288,1.2,-71,193672,43.6,32.14034
227.7,8.288,1.2,-71,193672,43.6,32.14034
227.6,8.288,1.2,-71,193672,43.6,32.14034
227.4,8.288,1.2,-71,193672,42.6,32.16179
227.4,8.288,1.2,-70,193672,43.6,32.16179
227.5,8.288,1.2,-71,193672,43.6,32.16179
227.5,8.288,1.2,-72,193672,43.6,32.12962
227.8,8.288,1.2,-71,193672,42.6,32.14034
227.6,8.288,1.2,-72,193672,43.6,32.12962
227.6,8.288,1.2,-73,193672,43.6,32.11889
227.6,8.288,1.2,-73,193672,42.6,32.08672
227.4,8.28,1.2,-72,193672,43.6,32.07599
227.6,8.288,1.2,-73,193672,43.6,32.07599
227.6,8.288,1.2,-72,193672,43.6,32.07599
226.6,8.288,1.2,-72,191192,43.6,32.10817
227.0,8.288,1.2,-73,193672,42.6,32.06527
227.6,8.288,1.2,-73,193672,42.6,32.06527
227.4,8.288,1.2,-73,193672,42.6,32.07599
227.3,8.288,1.2,-72,193672,43.6,32.06527
227.3,8.288,1.2,-72,193672,42.6,32.06527
227.4,8.288,1.2,-73,193672,43.6,32.08672
227.3,8.288,1.2,-73,193672,43.6,32.07599
227.5,8.288,1.2,-73,193672,43.6,32.08672
227.3,8.28,1.2,-73,193672,43.6,32.10817
227.2,8.288,1.2,-73,193672,43.6,32.11889
227.2,8.288,1.2,-73,193672,43.6,32.11889
227.3,8.288,1.2,-73,193672,42.6,32.12962
227.1,8.288,1.2,-73,192052,43.6,32.12962
227.3,8.288,1.2,-73,193672,43.6,32.12962
227.5,8.288,1.2,-74,193672,43.6,32.11889
227.2,8.28,1.2,-73,193672,42.6,32.09744
227.0,8.288,1.2,-73,193672,43.6,32.09744
227.3,8.28,1.2,-73,193672,43.6,32.09744
227.3,8.288,1.2,-73,193672,42.6,32.07599
226.9,8.288,1.2,-73,193672,43.6,32.08672
225.4,8.288,1.2,-73,193672,42.6,32.08672
224.5,8.288,1.2,-74,193672,43.6,32.08672
224.5,8.28,1.2,-73,193672,43.6,32.09744
224.8,8.288,1.2,-74,193672,43.6,32.09744
224.9,8.288,1.2,-72,193672,42.6,32.09744
225.4,8.288,1.2,-72,193672,43.6,32.10817
225.6,8.288,1.2,-73,193672,43.6,32.09744
225.6,8.288,1.2,-72,193672,43.6,32.09744
225.3,8.288,1.2,-73,191144,43.6,32.09744
225.0,8.28,1.2,-73,193672,42.6,32.08672
225.1,8.288,1.2,-73,193672,43.6,32.10817
225.3,8.288,1.2,-73,193672,42.6,32.10817
225.2,8.288,1.2,-73,193672,42.6,32.09744
225.2,8.288,1.2,-74,193672,42.6,32.11889
225.3,8.288,1.2,-74,193672,42.6,32.10817
226.1,8.288,1.2,-72,193672,43.6,32.11889
226.6,8.28,1.2,-72,193672,43.6,32.11889
226.5,8.288,1.2,-73,193672,43.6,32.11889
226.2,8.288,1.2,-72,193672,43.6,32.10817
226.4,8.288,1.2,-72,193672,42.6,32.11889
226.4,8.288,1.2,-72,193672,42.6,32.12962
226.4,8.288,1.2,-72,193672,43.6,32.12962
226.6,8.288,1.2,-72,193672,43.6,32.15107
226.4,8.288,1.2,-73,193672,42.6,32.12962
226.4,8.288,1.2,-72,192100,43.6,32.12962
226.3,8.28,1.2,-72,193672,42.6,32.12962
226.4,8.288,1.2,-73,193672,43.6,32.14034
226.2,8.288,1.2,-73,193672,43.6,32.12962
226.2,8.288,1.2,-72,193676,42.6,32.12962
226.1,8.288,1.2,-73,193628,42.6,32.11889
226.1,8.288,1.2,-72,193676,43.6,32.12962
226.0,8.288,1.2,-72,193672,43.6,32.14034
226.1,8.28,1.2,-72,193672,42.6,32.12962
226.4,8.288,1.2,-72,193672,43.6,32.15107
226.4,8.288,1.2,-72,193672,43.6,32.12962
226.8,8.28,1.2,-72,193672,43.6,32.15107
226.7,8.288,1.2,-71,193672,43.6,32.16179
226.8,8.288,1.2,-72,193672,43.6,32.16179
226.6,8.288,1.2,-71,193620,42.6,32.17252
226.7,8.288,1.2,-72,193672,42.6,32.16179
227.1,8.288,1.2,-72,193672,43.6,32.16179
227.1,8.288,1.2,-73,193672,43.6,32.16179
227.2,8.288,1.2,-74,193672,43.6,32.15107
225.5,8.296,1.2,-72,192100,43.6,32.15107
226.6,8.288,1.2,-72,193672,43.6,32.14034
227.1,8.288,1.2,-71,193672,43.6,32.12962
227.1,8.288,1.2,-72,193672,43.6,32.16179
227.1,8.28,1.2,-71,193672,43.6,32.15107
226.9,8.288,1.2,-71,193672,42.6,32.17252
227.0,8.288,1.2,-72,193672,43.6,32.15107
226.9,8.288,1.2,-71,193672,43.6,32.16179
226.9,8.288,1.2,-72,193672,43.6,32.15107
227.0,8.288,1.2,-72,193672,42.6,32.16179
227.0,8.288,1.2,-72,193672,43.6,32.17252
227.0,8.28,1.2,-71,193620,42.6,32.16179
227.1,8.288,1.2,-71,193672,42.6,32.17252
227.1,8.288,1.2,-72,193672,43.6,32.17252
227.1,8.28,1.2,-71,193672,42.6,32.17252
226.7,8.288,1.2,-71,193672,43.6,32.16179
227.4,8.28,1.2,-71,193672,43.6,32.16179
227.5,8.288,1.2,-72,193672,43.6,32.16179
227.8,8.288,1.2,-72,193672,42.6,32.16179
227.9,8.296,1.2,-70,192100,43.6,32.15107
228.0,8.288,1.2,-71,193672,43.6,32.17252
228.0,8.288,1.2,-71,193672,43.6,32.16179
227.8,8.288,1.2,-72,193672,43.6,32.15107
227.7,8.288,1.2,-72,193672,43.6,32.17252
227.6,8.288,1.2,-71,193672,43.6,32.18324
227.5,8.288,1.2,-71,193672,42.6,32.17252
227.5,8.288,1.2,-72,193672,43.6,32.17252
227.5,8.288,1.2,-71,193672,43.6,32.17252
226.9,8.296,1.2,-71,193672,43.6,32.16179
226.5,8.288,1.2,-72,193672,43.6,32.15107
226.4,8.28,1.2,-72,193672,42.6,32.12962
226.5,8.288,1.2,-72,193672,43.6,32.11889
226.5,8.288,1.2,-71,193672,43.6,32.12962
226.6,8.288,1.2,-71,193672,43.6,32.11889
226.6,8.288,1.2,-71,193672,43.6,32.11889
226.4,8.288,1.2,-71,193672,43.6,32.12962
226.4,8.288,1.2,-72,193672,42.6,32.12962
226.6,8.288,1.2,-72,193672,42.6,32.12962
226.8,8.296,1.2,-71,192100,43.6,32.11889
226.4,8.288,1.2,-72,193672,42.6,32.11889
226.4,8.288,1.2,-72,193672,43.6,32.12962
225.9,8.288,1.2,-71,193672,42.6,32.11889
225.8,8.288,1.2,-72,193672,43.6,32.11889
225.8,8.288,1.2,-72,193672,42.6,32.11889
226.1,8.288,1.2,-71,193672,42.6,32.12962
226.1,8.288,1.2,-73,193672,43.6,32.11889
226.1,8.288,1.2,-74,193672,43.6,32.10817
225.9,8.288,1.2,-75,193672,42.6,32.10817
225.6,8.288,1.2,-74,193672,43.6,32.10817
225.7,8.288,1.2,-74,193672,43.6,32.09744
225.7,8.288,1.2,-74,193672,43.6,32.09744
225.8,8.288,1.2,-74,193672,43.6,32.07599
225.7,8.288,1.2,-75,193672,43.6,32.06527
223.7,8.288,1.2,-75,193672,43.6,32.05454
223.3,8.288,1.2,-74,191144,43.6,32.03309
222.5,8.288,1.2,-75,193672,43.6,32.02237
222.8,8.288,1.2,-75,193672,42.6,32.01164
223.2,8.288,1.2,-75,193672,43.6,32.00092
223.3,8.288,1.2,-75,193672,42.6,31.99019
223.5,8.288,1.2,-75,193672,43.6,31.97947
223.5,8.288,1.2,-75,193672,42.6,31.96874
223.6,8.288,1.2,-75,193672,43.6,31.97947
224.0,8.288,1.2,-74,193672,43.6,31.95802
223.8,8.288,1.2,-75,193672,42.6,31.95802
223.9,8.288,1.2,-74,193672,43.6,31.94729
223.7,8.288,1.2,-74,193672,42.6,31.94729
223.7,8.288,1.2,-75,193672,43.6,31.95802
223.8,8.288,1.2,-75,193672,43.6,31.95802
223.7,8.288,1.2,-75,193672,43.6,31.95802
223.9,8.288,1.2,-74,193672,42.6,31.95802
223.9,8.288,1.2,-74,192100,43.6,31.95802
222.6,8.288,1.2,-75,193672,42.6,31.96874
223.5,8.288,1.2,-74,193672,42.6,31.97947
223.5,8.288,1.2,-75,193672,42.6,31.99019
223.5,8.288,1.2,-75,193672,42.6,32.00092
223.4,8.288,1.2,-75,193672,43.6,32.00092
223.8,8.288,1.2,-75,193672,43.6,32.02237
224.7,8.288,1.2,-75,193672,43.6,32.03309
224.8,8.288,1.2,-74,193672,42.6,32.04382
224.4,8.288,1.2,-75,193672,43.6,32.04382
224.7,8.288,1.2,-75,193672,43.6,32.06527
224.7,8.288,1.2,-74,193672,43.6,32.06527
224.9,8.288,1.2,-75,193672,43.6,32.08672
225.0,8.288,1.2,-74,193672,43.6,32.08672
224.7,8.288,1.2,-75,193672,43.6,32.07599
224.5,8.288,1.2,-75,193672,42.6,32.07599
224.4,8.288,1.2,-74,193672,43.6,32.08672
224.4,8.288,1.2,-74,193672,42.6,32.07599
224.6,8.288,1.2,-75,193672,42.6,32.05454
225.0,8.28,1.2,-75,192052,43.6,32.07599
225.0,8.28,1.2,-74,193672,42.6,32.05454
224.9,8.288,1.2,-75,193672,43.6,32.06527
225.0,8.28,1.2,-74,193672,42.6,32.04382
225.0,8.288,1.2,-75,193672,43.6,32.04382
225.0,8.288,1.2,-74,193672,42.6,32.03309
225.1,8.288,1.2,-75,193672,42.6,32.03309
225.2,8.28,1.2,-74,193672,43.6,32.03309
225.3,8.288,1.2,-75,193672,42.6,32.02237
225.2,8.288,1.2,-75,193672,43.6,32.02237
225.0,8.28,1.2,-74,193672,43.6,32.04382
224.9,8.288,1.2,-74,193672,43.6,32.03309
224.8,8.288,1.2,-74,193672,42.6,32.05454
224.8,8.288,1.2,-75,193672,43.6,32.04382
224.6,8.288,1.2,-74,193672,43.6,32.04382
224.9,8.288,1.2,-75,193672,43.6,32.04382
225.0,8.288,1.2,-74,191144,43.6,32.03309
224.8,8.288,1.2,-74,193672,42.6,32.04382
224.9,8.288,1.2,-74,193672,42.6,32.04382
225.1,8.288,1.2,-74,193672,43.6,32.06527
225.3,8.288,1.2,-74,193672,43.6,32.05454
225.5,8.288,1.2,-75,193672,43.6,32.06527
227.6,8.288,1.2,-74,193672,43.6,32.04382
227.6,8.288,1.2,-74,193620,42.6,32.03309
229.7,8.288,1.2,-75,193672,43.6,32.04382
229.7,8.28,1.2,-75,193620,43.6,32.04382
229.6,8.28,1.2,-75,193672,43.6,32.04382
229.5,8.288,1.2,-75,193672,43.6,32.04382
229.5,8.288,1.2,-75,193672,42.6,32.02237
229.5,8.288,1.2,-75,193672,43.6,32.02237
229.8,8.28,1.2,-75,193672,42.6,32.00092
229.8,8.288,1.2,-75,193672,42.6,32.00092
230.1,8.288,1.2,-75,193672,43.6,31.99019
230.5,8.28,1.2,-74,193672,43.6,31.99019
230.3,8.288,1.2,-75,193672,42.6,32.00092
230.0,8.288,1.2,-75,192100,43.6,32.00092
230.2,8.288,1.2,-75,193672,43.6,32.00092
230.3,8.288,1.2,-75,193672,42.6,32.02237
230.1,8.288,1.2,-74,193672,42.6,32.01164
230.0,8.28,1.2,-75,193672,43.6,32.00092
229.6,8.288,1.2,-72,193672,42.6,32.02237
229.8,8.28,1.2,-72,193672,42.6,32.03309
229.8,8.28,1.2,-73,193672,42.6,32.03309
230.0,8.288,1.2,-75,193672,42.6,32.04382
230.1,8.288,1.2,-77,193672,42.6,32.04382
230.1,8.288,1.2,-79,193672,43.6,32.04382
229.7,8.28,1.2,-76,193620,42.6,32.03309
229.2,8.288,1.2,-76,193672,43.6,32.05454
229.3,8.288,1.2,-77,193672,43.6,32.03309
229.2,8.288,1.2,-76,193672,43.6,32.03309
229.3,8.288,1.2,-77,193672,43.6,32.03309
229.2,8.288,1.2,-77,193672,43.6,32.03309
228.9,8.288,1.2,-77,193672,43.6,32.04382
228.6,8.288,1.2,-77,193672,42.6,32.04382
228.6,8.296,1.2,-76,192100,43.6,32.05454
228.2,8.28,1.2,-76,193672,42.6,32.05454
228.0,8.288,1.2,-76,193672,42.6,32.06527
228.2,8.288,1.2,-86,193672,42.6,32.07599
228.1,8.288,1.2,-85,193672,42.6,32.08672
228.1,8.288,1.2,-84,193672,43.6,32.08672
228.1,8.288,1.2,-81,193672,42.6,32.08672
227.8,8.288,1.2,-83,193672,42.6,32.06527
227.9,8.288,1.2,-83,193672,42.6,32.07599
227.9,8.288,1.2,-79,193672,42.6,32.06527
227.6,8.288,1.2,-84,193672,43.6,32.07599
227.5,8.288,1.2,-80,193672,42.6,32.06527
227.4,8.288,1.2,-84,193672,43.6,32.07599
227.4,8.28,1.2,-84,193672,43.6,32.09744
227.5,8.288,1.2,-83,193672,43.6,32.07599
227.5,8.28,1.2,-81,193672,42.6,32.06527
227.6,8.288,1.2,-85,191192,43.6,32.07599
227.5,8.288,1.2,-81,193672,43.6,32.09744
227.6,8.288,1.2,-81,193672,42.6,32.08672
227.7,8.288,1.2,-80,193672,43.6,32.08672
227.6,8.28,1.2,-85,193672,42.6,32.09744
227.8,8.288,1.2,-84,193672,42.6,32.08672
228.2,8.288,1.2,-85,193672,42.6,32.09744
228.2,8.288,1.2,-81,193672,43.6,32.08672
228.0,8.288,1.2,-79,193672,43.6,32.09744
228.0,8.288,1.2,-77,193672,42.6,32.10817
228.1,8.288,1.2,-79,193672,43.6,32.09744
228.0,8.288,1.2,-77,193672,43.6,32.10817
228.0,8.288,1.2,-79,193672,42.6,32.08672
227.4,8.288,1.2,-80,193672,43.6,32.07599
227.7,8.288,1.2,-79,193672,43.6,32.07599
227.7,8.288,1.2,-79,193672,42.6,32.09744
227.5,8.288,1.2,-79,193672,43.6,32.07599
227.4,8.288,1.2,-79,193672,43.6,32.08672
227.8,8.288,1.2,-79,193672,42.6,32.07599
228.3,8.288,1.2,-79,191192,44.6,32.06527
228.5,8.288,1.2,-77,193672,43.6,32.05454
228.4,8.288,1.2,-77,193672,42.6,32.05454
228.4,8.288,1.2,-78,193672,43.6,32.04382
228.5,8.288,1.2,-79,193672,42.6,32.05454
228.6,8.288,1.2,-79,193672,43.6,32.06527
228.6,8.288,1.2,-79,193672,42.6,32.06527
228.5,8.288,1.2,-78,193672,43.6,32.08672
228.4,8.288,1.2,-78,193672,42.6,32.06527
227.9,8.288,1.2,-78,193672,42.6,32.07599
228.4,8.288,1.2,-79,193620,42.6,32.07599
228.0,8.288,1.2,-78,193672,42.6,32.08672
228.2,8.288,1.2,-79,193672,43.6,32.08672
228.1,8.288,1.2,-79,193672,43.6,32.07599
228.1,8.288,1.2,-79,193672,42.6,32.06527
228.1,8.28,1.2,-79,193672,42.6,32.05454
228.3,8.288,1.2,-77,193672,43.6,32.06527
226.7,8.288,1.2,-78,193672,43.6,32.06527
228.0,8.288,1.2,-79,193672,42.6,32.06527
228.0,8.288,1.2,-79,191144,43.6,32.05454
227.9,8.288,1.2,-80,193672,42.6,32.03309
228.0,8.288,1.2,-78,193672,42.6,32.04382
227.1,8.288,1.2,-79,193672,42.6,32.04382
227.7,8.288,1.2,-79,193672,42.6,32.04382
227.6,8.288,1.2,-79,193672,42.6,32.05454
227.6,8.288,1.2,-79,193672,42.6,32.07599
227.6,8.288,1.2,-78,193672,43.6,32.09744
227.7,8.288,1.2,-77,193672,42.6,32.07599
227.3,8.288,1.2,-79,193672,42.6,32.08672
227.4,8.288,1.2,-78,193672,43.6,32.07599
227.5,8.288,1.2,-78,193672,43.6,32.08672
227.4,8.288,1.2,-79,193672,42.6,32.07599
227.5,8.288,1.2,-78,193672,43.6,32.06527
227.4,8.288,1.2,-79,193672,42.6,32.04382
227.5,8.288,1.2,-77,193672,42.6,32.07599
227.5,8.288,1.2,-77,193620,43.6,32.07599
227.6,8.28,1.2,-79,193672,42.6,32.07599
227.8,8.288,1.2,-79,193672,43.6,32.06527
227.5,8.296,1.2,-80,192100,43.6,32.08672
227.5,8.288,1.2,-79,193672,43.6,32.07599
227.4,8.28,1.2,-78,193672,42.6,32.06527
227.4,8.288,1.2,-78,193672,42.6,32.04382
227.5,8.288,1.2,-77,193672,42.6,32.03309
227.8,8.288,1.2,-79,193672,42.6,32.02237
227.8,8.288,1.2,-79,193620,42.6,32.01164
227.9,8.288,1.2,-79,193672,42.6,32.02237
227.9,8.288,1.2,-80,193672,43.6,32.02237
228.0,8.28,1.2,-78,193672,42.6,32.03309
228.1,8.288,1.2,-78,193672,42.6,32.02237
228.4,8.288,1.2,-79,193672,42.6,32.01164
228.6,8.288,1.2,-79,193672,42.6,32.03309
227.4,8.28,1.2,-79,193620,42.6,32.01164
227.5,8.288,1.2,-81,193672,42.6,31.99019
227.6,8.288,1.2,-78,193672,43.6,32.01164
227.5,8.288,1.2,-79,191192,43.6,31.97947
227.7,8.288,1.2,-80,193672,43.6,31.96874
227.9,8.288,1.2,-78,193672,42.6,31.96874
227.9,8.288,1.2,-79,193672,42.6,31.97947
228.0,8.28,1.2,-79,193672,43.6,31.97947
228.0,8.288,1.2,-79,193672,42.6,31.97947
228.0,8.288,1.2,-84,193672,43.6,31.97947
228.0,8.288,1.2,-79,193672,42.6,31.99019
227.7,8.288,1.2,-80,193672,42.6,32.00092
227.5,8.288,1.2,-79,193672,42.6,32.00092
225.6,8.288,1.2,-79,193672,42.6,31.99019
226.3,8.288,1.2,-78,193672,43.6,31.99019
226.4,8.288,1.2,-80,193672,43.6,31.99019
226.2,8.288,1.2,-80,193672,43.6,32.01164
226.3,8.28,1.2,-79,193672,42.6,31.99019
226.4,8.288,1.2,-80,193672,43.6,32.00092
226.4,8.288,1.2,-78,193672,43.6,31.99019
226.6,8.288,1.2,-80,193672,42.6,31.96874
226.5,8.288,1.2,-79,193672,43.6,31.96874
226.2,8.288,1.2,-82,191192,43.6,31.97947
226.1,8.288,1.2,-79,193672,43.6,31.95802
226.1,8.288,1.2,-80,193672,42.6,31.96874
226.3,8.288,1.2,-79,193672,42.6,31.99019
226.8,8.288,1.2,-79,193672,42.6,31.99019
226.7,8.288,1.2,-80,193672,42.6,31.99019
226.7,8.288,1.2,-76,193672,42.6,32.00092
226.8,8.288,1.2,-82,193672,43.6,32.00092
226.9,8.288,1.2,-77,193672,43.6,32.00092
226.9,8.288,1.2,-76,193672,42.6,32.00092
226.8,8.288,1.2,-77,193672,43.6,32.00092
226.3,8.288,1.2,-77,193672,42.6,32.00092
226.2,8.288,1.2,-76,193672,42.6,32.00092
226.1,8.28,1.2,-78,193672,43.6,31.99019
226.1,8.288,1.2,-77,193672,42.6,31.97947
226.4,8.288,1.2,-78,193620,42.6,31.97947
226.6,8.288,1.2,-76,193672,43.6,32.00092
226.6,8.288,1.2,-76,193672,43.6,32.00092
226.7,8.288,1.2,-76,193672,42.6,31.99019
226.9,8.296,1.2,-77,192100,43.6,31.99019
226.7,8.28,1.2,-76,193672,43.6,31.97947
226.7,8.288,1.2,-77,193672,42.6,31.96874
226.6,8.288,1.2,-78,193672,42.6,31.97947
226.7,8.288,1.2,-78,193672,42.6,31.97947
226.6,8.288,1.2,-78,193672,43.6,31.95802
226.7,8.28,1.2,-77,193672,42.6,31.95802
227.4,8.288,1.2,-77,193672,43.6,31.95802
227.5,8.288,1.2,-77,193672,42.6,31.96874
227.5,8.288,1.2,-78,193672,43.6,31.96874
227.5,8.288,1.2,-76,193672,43.6,31.96874
227.3,8.288,1.2,-78,193672,42.6,31.99019
225.8,8.288,1.2,-78,193672,42.6,31.97947
225.3,8.288,1.2,-76,193672,43.6,31.99019
224.9,8.288,1.2,-77,193672,43.6,31.99019
225.2,8.288,1.2,-78,193672,42.6,31.97947
225.4,8.288,1.2,-76,193672,43.6,31.99019
225.6,8.28,1.2,-78,193672,42.6,31.99019
225.4,8.288,1.2,-77,193672,43.6,31.99019
225.3,8.288,1.2,-78,192100,43.6,31.97947
225.4,8.288,1.2,-78,193672,42.6,31.99019
225.2,8.288,1.2,-77,193620,42.6,31.99019
225.4,8.288,1.2,-76,193672,42.6,31.99019
225.3,8.288,1.2,-78,193672,43.6,32.00092
225.0,8.288,1.2,-76,193672,42.6,31.99019
225.1,8.288,1.2,-77,193672,43.6,31.96874
225.1,8.288,1.2,-78,193672,43.6,31.99019
224.9,8.288,1.2,-77,193672,43.6,31.96874
224.9,8.288,1.2,-77,193672,42.6,31.97947
224.7,8.288,1.2,-77,193672,43.6,31.95802
225.0,8.288,1.2,-76,193620,42.6,31.96874
225.0,8.288,1.2,-81,193672,43.6,31.95802
225.0,8.288,1.2,-81,193672,43.6,31.95802
225.1,8.288,1.2,-80,193672,43.6,31.97947
225.1,8.288,1.2,-82,193672,42.6,31.97947
225.1,8.288,1.2,-82,193672,43.6,31.99019
225.0,8.288,1.2,-81,193672,42.6,31.97947
224.9,8.288,1.2,-80,193672,43.6,31.95802
225.1,8.288,1.2,-81,191192,43.6,31.95802
225.1,8.288,1.2,-80,193672,43.6,31.95802
225.2,8.288,1.2,-78,193672,42.6,31.93657
225.3,8.288,1.2,-78,193672,42.6,31.93657
225.8,8.288,1.2,-78,193672,43.6,31.92584
225.7,8.288,1.2,-79,193672,42.6,31.93657
225.6,8.288,1.2,-80,193672,42.6,31.93657
225.7,8.288,1.2,-80,193672,43.6,31.93657
225.6,8.288,1.2,-79,193672,42.6,31.93657
225.4,8.288,1.2,-79,193672,42.6,31.96874
225.2,8.288,1.2,-80,193672,43.6,31.95802
225.2,8.288,1.2,-80,193672,42.6,31.96874
225.1,8.288,1.2,-79,193672,43.6,31.95802
225.0,8.288,1.2,-80,193672,43.6,31.94729
224.9,8.288,1.2,-80,193672,43.6,31.93657
224.9,8.288,1.2,-79,193672,42.6,31.93657
224.8,8.288,1.2,-81,193672,43.6,31.93657
224.8,8.288,1.2,-81,193672,43.6,31.93657
225.3,8.288,1.2,-89,193672,43.6,31.92584
225.4,8.296,1.2,-81,192100,43.6,31.94729
225.5,8.28,1.2,-80,193672,42.6,31.92584
225.6,8.288,1.2,-80,193620,43.6,31.94729
225.6,8.288,1.2,-80,193672,42.6,31.95802
225.8,8.288,1.2,-80,193672,42.6,31.94729
225.9,8.288,1.2,-80,193672,42.6,31.95802
225.8,8.288,1.2,-79,193672,42.6,31.94729
224.9,8.288,1.2,-79,193672,43.6,31.96874
224.8,8.288,1.2,-77,193672,42.6,31.96874
224.8,8.288,1.2,-78,193672,42.6,31.96874
224.9,8.288,1.2,-79,193672,43.6,31.97947
225.0,8.288,1.2,-80,193672,42.6,31.97947
224.9,8.288,1.2,-79,193672,42.6,31.99019
225.0,8.288,1.2,-78,193672,43.6,32.00092
225.0,8.288,1.2,-79,193672,43.6,32.00092
224.9,8.288,1.2,-78,193672,42.6,31.99019
225.0,8.296,1.2,-76,192100,43.6,32.00092
225.3,8.288,1.2,-74,193672,43.6,31.99019
225.0,8.288,1.2,-73,193672,43.6,31.97947
225.4,8.288,1.2,-74,193672,42.6,31.97947
225.5,8.288,1.2,-73,193672,42.6,31.97947
225.5,8.288,1.2,-73,193672,42.6,31.96874
225.3,8.288,1.2,-74,193672,42.6,31.93657
225.4,8.28,1.2,-73,193672,43.6,31.93657
225.2,8.288,1.2,-74,193672,42.6,31.92584
224.1,8.288,1.2,-73,193672,42.6,31.93657
223.4,8.288,1.2,-73,193672,42.6,31.92584
223.4,8.288,1.2,-74,193672,42.6,31.92584
223.4,8.288,1.2,-74,193672,42.6,31.92584
223.3,8.288,1.2,-73,193672,43.6,31.91512
223.4,8.288,1.2,-73,193672,43.6,31.91512
223.3,8.288,1.2,-74,193672,43.6,31.92584
223.3,8.288,1.2,-73,193672,43.6,31.91512
223.2,8.288,1.2,-74,193672,42.6,31.93657
223.1,8.288,1.2,-73,193672,42.6,31.92584
222.9,8.288,1.2,-74,192100,42.6,31.92584
223.0,8.288,1.2,-74,193672,42.6,31.92584
222.9,8.288,1.2,-74,193672,42.6,31.92584
223.1,8.288,1.2,-73,193672,42.6,31.93657
223.2,8.288,1.2,-73,193672,42.6,31.93657
223.7,8.28,1.2,-73,193672,42.6,31.91512
223.7,8.288,1.2,-74,193672,42.6,31.93657
224.6,8.288,1.2,-73,193672,42.6,31.93657
224.7,8.288,1.2,-73,193672,42.6,31.93657
224.8,8.28,1.2,-74,193672,42.6,31.94729
224.9,8.28,1.2,-73,193672,43.6,31.93657
225.2,8.288,1.2,-74,193672,43.6,31.93657
224.7,8.288,1.2,-73,193672,42.6,31.93657
224.5,8.288,1.2,-73,193672,42.6,31.93657
224.5,8.288,1.2,-74,193672,42.6,31.94729
224.3,8.288,1.2,-72,193672,42.6,31.94729
224.3,8.288,1.2,-71,191156,44.6,31.96874
224.3,8.288,1.2,-70,193672,42.6,31.96874
223.9,8.288,1.2,-72,193672,43.6,31.96874
224.0,8.288,1.2,-71,193672,42.6,31.96874
224.2,8.288,1.2,-70,193672,42.6,31.97947
223.7,8.288,1.2,-71,193672,42.6,31.99019
223.6,8.288,1.2,-71,193672,42.6,31.97947
223.7,8.288,1.2,-72,193672,42.6,31.97947
223.7,8.288,1.2,-72,193672,42.6,32.00092
223.8,8.288,1.2,-72,193672,42.6,32.00092
223.8,8.288,1.2,-71,193672,43.6,32.00092
223.0,8.288,1.2,-72,193672,42.6,31.99019
223.6,8.28,1.2,-71,193672,42.6,31.99019
223.6,8.288,1.2,-71,193672,42.6,31.99019
223.8,8.288,1.2,-71,193672,42.6,31.99019
223.9,8.288,1.2,-71,193672,42.6,32.00092
223.9,8.288,1.2,-71,193672,43.6,31.97947
223.8,8.288,1.2,-72,193672,42.6,31.99019
224.0,8.288,1.2,-77,193672,43.6,31.99019
224.2,8.296,1.2,-76,192100,43.6,31.99019
224.1,8.288,1.2,-76,193672,43.6,31.97947
224.2,8.288,1.2,-77,193672,42.6,31.99019
224.2,8.288,1.2,-76,193672,43.6,32.01164
224.0,8.288,1.2,-76,193672,43.6,32.01164
223.9,8.288,1.2,-77,193672,42.6,32.00092
224.1,8.288,1.2,-76,193672,43.6,32.00092
223.8,8.288,1.2,-77,193672,42.6,32.01164
223.9,8.296,1.2,-76,193672,43.6,32.02237
223.9,8.288,1.2,-75,193672,42.6,32.01164
224.3,8.288,1.2,-75,193676,43.6,32.01164
224.2,8.288,1.2,-76,193676,42.6,32.01164
225.0,8.288,1.2,-76,193676,42.6,32.03309
226.4,8.288,1.2,-75,193628,43.6,32.02237
226.4,8.288,1.2,-76,193676,43.6,32.04382
226.5,8.288,1.2,-76,193676,43.6,32.03309
226.9,8.288,1.2,-76,193676,43.6,32.04382
226.7,8.288,1.2,-75,193676,42.6,32.03309
229.0,8.288,1.2,-75,193676,42.6,32.02237
229.0,8.296,1.2,-76,192092,43.6,32.02237
229.0,8.288,1.2,-76,193676,42.6,32.02237
229.2,8.288,1.2,-76,193676,43.6,32.03309
229.3,8.288,1.2,-76,193676,42.6,32.03309
228.6,8.288,1.2,-75,193676,42.6,32.02237
228.8,8.288,1.2,-77,193676,43.6,32.03309
228.7,8.288,1.2,-75,193676,43.6,32.02237
228.9,8.288,1.2,-77,193676,43.6,32.03309
229.1,8.28,1.2,-77,193676,42.6,32.03309
229.2,8.288,1.2,-77,193676,42.6,32.02237
229.3,8.288,1.2,-77,193676,43.6,32.04382
229.3,8.288,1.2,-77,193676,42.6,32.04382
229.4,8.288,1.2,-76,193676,42.6,32.05454
229.2,8.288,1.2,-76,193676,43.6,32.04382
229.2,8.288,1.2,-76,193676,42.6,32.06527
229.2,8.288,1.2,-76,193676,43.6,32.06527
229.4,8.288,1.2,-77,192092,43.6,32.06527
229.6,8.288,1.2,-76,193628,42.6,32.05454
229.6,8.288,1.2,-76,193676,42.6,32.05454
229.4,8.288,1.2,-76,193676,42.6,32.05454
229.4,8.288,1.2,-76,193676,42.6,32.03309
229.3,8.288,1.2,-77,193676,42.6,32.05454
229.4,8.28,1.2,-76,193676,42.6,32.04382
229.7,8.288,1.2,-74,193676,42.6,32.03309
229.7,8.288,1.2,-76,193676,42.6,32.04382
229.5,8.288,1.2,-75,193676,42.6,32.03309
229.6,8.288,1.2,-75,193676,43.6,32.02237
229.6,8.28,1.2,-74,193676,42.6,32.02237
229.6,8.288,1.2,-74,193676,43.6,32.01164
229.6,8.28,1.2,-74,193676,43.6,32.00092
229.9,8.288,1.2,-74,193676,42.6,32.00092
229.7,8.28,1.2,-75,193676,42.6,32.00092
229.7,8.288,1.2,-74,191196,43.6,31.97947
229.7,8.28,1.2,-74,193624,42.6,31.99019
229.8,8.288,1.2,-74,193676,42.6,32.00092
229.8,8.288,1.2,-74,193676,42.6,32.02237
229.7,8.28,1.2,-75,193676,42.6,32.00092
229.5,8.288,1.2,-73,193676,42.6,31.99019
229.4,8.288,1.2,-75,193676,42.6,31.99019
230.1,8.288,1.2,-75,193676,42.6,31.97947
230.3,8.288,1.2,-75,193676,42.6,31.97947
230.4,8.288,1.2,-74,193676,42.6,31.95802
230.4,8.288,1.2,-75,193676,43.6,31.94729
230.5,8.288,1.2,-74,193676,42.6,31.95802
231.1,8.288,1.2,-73,193676,42.6,31.94729
230.8,8.28,1.2,-74,193676,43.6,31.96874
230.6,8.288,1.2,-74,193676,42.6,31.97947
229.6,8.288,1.2,-74,193676,42.6,31.97947
230.9,8.288,1.2,-74,193676,43.6,31.97947
230.9,8.288,1.2,-75,193676,43.6,31.97947
231.2,8.28,1.2,-74,193676,42.6,31.97947
231.2,8.288,1.2,-75,191148,43.6,31.97947
230.8,8.288,1.2,-74,193672,42.6,31.95802
231.2,8.288,1.2,-73,193672,42.6,31.97947
231.1,8.288,1.2,-74,193672,42.6,31.95802
231.2,8.288,1.2,-75,193672,42.6,31.95802
231.1,8.28,1.2,-74,193672,43.6,31.96874
230.9,8.288,1.2,-74,193672,42.6,31.96874
230.9,8.288,1.2,-74,193672,42.6,31.96874
230.9,8.28,1.2,-74,193672,42.6,31.95802
230.3,8.288,1.2,-74,193672,42.6,31.95802
230.2,8.28,1.2,-74,193672,43.6,31.94729
229.9,8.288,1.2,-74,193672,42.6,31.94729
229.4,8.288,1.2,-75,193672,43.6,31.95802
229.8,8.288,1.2,-74,193672,43.6,31.95802
229.9,8.288,1.2,-72,193672,42.6,31.95802
229.9,8.288,1.2,-74,193672,42.6,31.94729
230.0,8.288,1.2,-73,193676,43.6,31.94729
230.0,8.28,1.2,-74,193676,42.6,31.95802
229.7,8.288,1.2,-74,193676,42.6,31.96874
229.7,8.288,1.2,-73,192056,42.6,31.95802
230.0,8.288,1.2,-74,193676,42.6,31.96874
230.0,8.288,1.2,-74,193676,42.6,31.97947
229.9,8.288,1.2,-73,193676,42.6,31.96874
230.1,8.28,1.2,-74,193672,43.6,31.99019
229.9,8.28,1.2,-73,193672,42.6,31.97947
230.0,8.28,1.2,-73,193672,42.6,31.99019
229.5,8.28,1.2,-76,193672,43.6,32.00092
229.5,8.288,1.2,-74,193672,42.6,32.00092
229.6,8.288,1.2,-84,193672,43.6,32.00092
229.6,8.288,1.2,-84,193672,42.6,32.00092
229.7,8.288,1.2,-83,193672,42.6,32.00092
229.7,8.288,1.2,-84,193672,42.6,32.00092
229.8,8.288,1.2,-84,193672,42.6,31.99019
229.8,8.28,1.2,-84,193672,42.6,31.99019
229.7,8.288,1.2,-84,193672,42.6,31.96874
229.3,8.288,1.2,-83,193672,43.6,31.97947
229.1,8.288,1.2,-84,193672,42.6,31.97947
229.3,8.288,1.2,-75,193672,42.6,31.97947
229.3,8.288,1.2,-82,191140,43.6,31.95802
229.3,8.288,1.2,-80,193672,43.6,31.96874
228.4,8.28,1.2,-80,193672,43.6,31.96874
228.5,8.288,1.2,-79,193672,42.6,31.96874
228.2,8.28,1.2,-82,193672,43.6,31.95802
228.2,8.288,1.2,-80,193672,42.6,31.94729
227.8,8.288,1.2,-81,193672,42.6,31.93657
228.0,8.288,1.2,-81,193672,43.6,31.91512
227.8,8.288,1.2,-81,193672,42.6,31.90439
228.0,8.288,1.2,-81,193672,43.6,31.89367
228.1,8.288,1.2,-81,193676,42.6,31.90439
228.2,8.288,1.2,-81,193676,42.6,31.90439
228.2,8.288,1.2,-81,193676,43.6,31.90439
228.1,8.288,1.2,-79,193676,43.6,31.90439
228.0,8.288,1.2,-79,193676,42.6,31.92584
228.0,8.288,1.2,-81,193676,42.6,31.92584
227.7,8.288,1.2,-78,193676,43.6,31.93657
227.9,8.288,1.2,-78,193676,42.6,31.92584
227.8,8.288,1.2,-80,193676,43.6,31.93657
227.8,8.296,1.2,-79,192104,43.6,31.93657
227.8,8.288,1.2,-80,193676,43.6,31.92584
227.8,8.28,1.2,-79,193676,42.6,31.91512
227.9,8.288,1.2,-79,193676,42.6,31.89367
228.0,8.288,1.2,-79,193672,42.6,31.89367
227.5,8.288,1.2,-81,193672,42.6,31.90439
227.7,8.288,1.2,-82,193672,42.6,31.89367
227.9,8.288,1.2,-80,193676,43.6,31.89367
228.1,8.28,1.2,-79,193624,43.6,31.88294
228.2,8.288,1.2,-81,193676,42.6,31.88294
228.4,8.288,1.2,-79,193676,43.6,31.88294
228.4,8.288,1.2,-80,193676,42.6,31.86149
228.2,8.288,1.2,-83,193624,43.6,31.87222
228.3,8.288,1.2,-81,193676,42.6,31.87222
228.3,8.288,1.2,-80,193676,42.6,31.87222
228.3,8.28,1.2,-80,193676,42.6,31.87222
228.4,8.288,1.2,-80,193676,43.6,31.87222
228.3,8.28,1.2,-81,193676,43.6,31.86149
228.8,8.288,1.2,-80,193676,43.6,31.86149
229.0,8.288,1.2,-80,192104,43.6,31.87222
229.0,8.288,1.2,-81,193676,42.6,31.86149
229.0,8.288,1.2,-81,193676,42.6,31.85077
229.0,8.28,1.2,-81,193676,42.6,31.85077
228.8,8.288,1.2,-81,193676,42.6,31.87222
228.9,8.288,1.2,-81,193624,42.6,31.88294
228.9,8.288,1.2,-80,193676,42.6,31.87222
228.7,8.288,1.2,-78,193676,43.6,31.88294
228.7,8.288,1.2,-79,193676,42.6,31.89367
228.1,8.288,1.2,-78,193676,42.6,31.88294
228.1,8.288,1.2,-81,193676,42.6,31.87222
228.3,8.288,1.2,-81,193676,42.6,31.87222
228.3,8.288,1.2,-81,193624,42.6,31.89367
228.3,8.288,1.2,-80,193676,42.6,31.88294
228.5,8.288,1.2,-79,193676,42.6,31.90439
228.5,8.288,1.2,-79,193676,42.6,31.92584
228.5,8.288,1.2,-80,191148,43.6,31.92584
228.5,8.288,1.2,-81,193676,42.6,31.91512
228.6,8.288,1.2,-81,193676,42.6,31.90439
228.5,8.288,1.2,-81,193676,42.6,31.90439
227.9,8.288,1.2,-81,193676,42.6,31.90439
228.0,8.288,1.2,-79,193676,42.6,31.91512
227.9,8.288,1.2,-80,193676,42.6,31.90439
228.3,8.288,1.2,-83,193676,42.6,31.89367
228.3,8.288,1.2,-85,193676,42.6,31.89367
228.3,8.288,1.2,-85,193676,42.6,31.91512
228.5,8.288,1.2,-75,193676,43.6,31.88294
228.9,8.288,1.2,-83,193676,42.6,31.89367
228.8,8.288,1.2,-83,193676,42.6,31.89367
228.8,8.288,1.2,-82,193676,43.6,31.90439
228.7,8.288,1.2,-80,193676,43.6,31.88294
228.6,8.288,1.2,-79,193676,42.6,31.86149
228.7,8.288,1.2,-82,192104,42.6,31.85077
228.7,8.288,1.2,-82,193676,42.6,31.85077
228.6,8.288,1.2,-82,193676,43.6,31.87222
228.8,8.288,1.2,-82,193676,42.6,31.87222
228.2,8.288,1.2,-80,193676,42.6,31.85077
229.0,8.288,1.2,-81,193676,42.6,31.87222
229.1,8.28,1.2,-81,193676,42.6,31.87222
229.1,8.288,1.2,-81,193676,42.6,31.88294
229.0,8.288,1.2,-79,193676,42.6,31.89367
229.0,8.288,1.2,-82,193676,42.6,31.89367
229.1,8.28,1.2,-85,193676,43.6,31.89367
229.0,8.288,1.2,-87,193676,42.6,31.89367
229.2,8.288,1.2,-88,193624,42.6,31.89367
229.1,8.288,1.2,-79,193676,43.6,31.88294
229.3,8.288,1.2,-76,193676,43.6,31.87222
229.6,8.288,1.2,-76,193676,42.6,31.89367
229.5,8.288,1.2,-76,193676,43.6,31.89367
226.6,8.288,1.2,-77,193676,42.6,31.87222
226.3,8.288,1.2,-77,193676,42.6,31.86149
226.1,8.288,1.2,-72,192104,43.6,31.84004
226.2,8.288,1.2,-71,193676,42.6,31.85077
226.3,8.288,1.2,-76,193624,42.6,31.84004
226.3,8.288,1.2,-76,193676,42.6,31.81859
226.3,8.288,1.2,-76,193672,42.6,31.81859
226.3,8.288,1.2,-76,193672,42.6,31.80787
226.3,8.288,1.2,-76,193672,42.6,31.79714
226.5,8.288,1.2,-76,193676,42.6,31.78642
226.6,8.288,1.2,-75,193676,43.6,31.77569
226.5,8.288,1.2,-76,193676,43.6,31.76497
226.6,8.288,1.2,-76,193676,42.6,31.75424
226.8,8.288,1.2,-76,193676,42.6,31.74352
227.0,8.288,1.2,-75,193676,42.6,31.74352
227.0,8.288,1.2,-74,193676,42.6,31.74352
227.0,8.28,1.2,-76,193676,42.6,31.73279
227.4,8.288,1.2,-75,193676,42.6,31.72206
227.3,8.288,1.2,-75,193676,43.6,31.73279
227.0,8.288,1.2,-76,193676,42.6,31.71134
227.1,8.288,1.2,-76,193676,42.6,31.73279
226.0,8.288,1.2,-76,191196,43.6,31.74352
226.9,8.288,1.2,-75,193676,42.6,31.75424
226.9,8.28,1.2,-76,193676,42.6,31.73279
226.8,8.288,1.2,-76,193676,42.6,31.73279
226.8,8.288,1.2,-77,193676,42.6,31.73279
226.6,8.288,1.2,-76,193676,42.6,31.73279
226.7,8.288,1.2,-76,193676,42.6,31.74352
226.7,8.288,1.2,-77,193676,42.6,31.73279
226.5,8.288,1.2,-73,193676,42.6,31.72206
226.4,8.288,1.2,-74,193676,42.6,31.71134
226.6,8.288,1.2,-76,193676,42.6,31.70061
226.9,8.288,1.2,-76,193676,42.6,31.70061
226.6,8.288,1.2,-75,193676,42.6,31.70061
226.7,8.288,1.2,-75,193676,42.6,31.68989
227.4,8.288,1.2,-76,193676,42.6,31.67916
227.6,8.288,1.2,-75,193676,42.6,31.67916
227.6,8.288,1.2,-77,193676,42.6,31.67916
227.6,8.288,1.2,-76,193676,42.6,31.68989
226.9,8.28,1.2,-74,193676,42.6,31.68989
226.8,8.296,1.2,-74,192104,43.6,31.67916
226.6,8.288,1.2,-77,193676,42.6,31.66844
226.6,8.288,1.2,-76,193676,42.6,31.67916
226.8,8.288,1.2,-76,193676,42.6,31.66844
226.7,8.288,1.2,-76,193676,42.6,31.64699
226.7,8.288,1.2,-75,193676,42.6,31.65771
226.7,8.288,1.2,-75,193676,42.6,31.64699
226.6,8.288,1.2,-75,193676,42.6,31.63626
226.4,8.288,1.2,-75,193676,42.6,31.63626
226.7,8.288,1.2,-75,193676,42.6,31.62554
226.7,8.288,1.2,-76,193676,42.6,31.61481
226.9,8.288,1.2,-76,193676,42.6,31.61481
226.9,8.288,1.2,-76,193676,42.6,31.61481
227.1,8.288,1.2,-75,193676,42.6,31.61481
227.0,8.288,1.2,-76,193676,42.6,31.59336
227.1,8.28,1.2,-76,193676,42.6,31.59336
227.0,8.288,1.2,-76,191196,43.6,31.58264
227.0,8.288,1.2,-76,193676,42.6,31.59336
227.0,8.288,1.2,-76,193676,42.6,31.59336
226.5,8.288,1.2,-76,193676,42.6,31.57191
225.2,8.288,1.2,-77,193676,42.6,31.59336
224.5,8.288,1.2,-75,193676,42.6,31.58264
224.4,8.288,1.2,-76,193676,42.6,31.57191
224.2,8.288,1.2,-75,193676,42.6,31.58264
224.3,8.288,1.2,-76,193676,42.6,31.56119
224.4,8.288,1.2,-76,193676,42.6,31.55046
224.1,8.288,1.2,-76,193624,42.6,31.56119
224.0,8.288,1.2,-76,193676,42.6,31.55046
224.1,8.296,1.2,-76,193676,42.6,31.56119
224.1,8.288,1.2,-76,193676,42.6,31.56119
224.0,8.288,1.2,-75,193676,42.6,31.55046
223.9,8.296,1.2,-76,193676,42.6,31.53974
224.1,8.288,1.2,-75,193676,42.6,31.55046
224.3,8.288,1.2,-76,193676,42.6,31.55046
224.5,8.288,1.2,-75,193676,42.6,31.53974
224.5,8.288,1.2,-76,191144,42.6,31.55046
224.5,8.296,1.2,-76,193676,42.6,31.52901
224.6,8.288,1.2,-76,193676,42.6,31.55046
224.6,8.288,1.2,-76,193676,42.6,31.56119
224.6,8.288,1.2,-76,193676,42.6,31.56119
224.7,8.288,1.2,-75,193624,43.6,31.56119
224.7,8.288,1.2,-77,193676,42.6,31.55046
224.6,8.288,1.2,-77,193624,42.6,31.53974
224.8,8.288,1.2,-76,193676,42.6,31.55046
224.3,8.288,1.2,-76,193676,42.6,31.51829
224.6,8.288,1.2,-76,193676,42.6,31.51829
224.2,8.288,1.2,-74,193676,42.6,31.51829
223.4,8.288,1.2,-75,193676,42.6,31.52901
223.4,8.288,1.2,-76,193676,42.6,31.52901
223.0,8.288,1.2,-77,193676,42.6,31.51829
219.2,8.288,1.2,-76,193676,42.6,31.50756
219.3,8.288,1.2,-76,193624,43.6,31.49684
219.4,8.288,1.2,-75,193676,42.6,31.48611
219.4,8.296,1.2,-76,193676,42.6,31.50756
219.4,8.296,1.2,-76,192104,42.6,31.48611
219.4,8.288,1.2,-74,193676,42.6,31.47539
219.4,8.288,1.2,-76,193676,42.6,31.47539
219.5,8.288,1.2,-75,193676,42.6,31.47539
219.5,8.288,1.2,-76,193672,42.6,31.46466
219.5,8.288,1.2,-76,193672,42.6,31.46466
219.4,8.288,1.2,-75,193672,42.6,31.47539
219.6,8.28,1.2,-74,193676,42.6,31.48611
219.4,8.288,1.2,-75,193676,42.6,31.48611
219.6,8.288,1.2,-76,193676,42.6,31.50756
219.7,8.288,1.2,-75,193676,42.6,31.50756
219.6,8.288,1.2,-75,193676,42.6,31.50756
219.7,8.288,1.2,-75,193676,42.6,31.50756
219.8,8.288,1.2,-76,193676,43.6,31.51829
219.5,8.288,1.2,-77,193676,42.6,31.51829
219.6,8.288,1.2,-76,193676,42.6,31.50756
219.6,8.296,1.2,-76,191144,43.6,31.50756
219.6,8.288,1.2,-75,193676,42.6,31.48611
219.1,8.288,1.2,-76,193676,42.6,31.48611
219.1,8.288,1.2,-76,193676,42.6,31.49684
219.1,8.288,1.2,-77,193676,42.6,31.48611
219.1,8.288,1.2,-76,193676,42.6,31.47539
219.2,8.288,1.2,-77,193676,42.6,31.47539
219.4,8.288,1.2,-75,193676,42.6,31.48611
219.4,8.288,1.2,-76,193676,42.6,31.48611
221.9,8.288,1.2,-75,193676,42.6,31.48611
222.1,8.288,1.2,-77,193676,42.6,31.49684
222.3,8.288,1.2,-76,193676,42.6,31.49684
222.4,8.28,1.2,-76,193676,42.6,31.49684
223.3,8.288,1.2,-76,193676,42.6,31.48611
223.2,8.28,1.2,-75,193676,42.6,31.48611
223.5,8.288,1.2,-76,193676,42.6,31.47539
223.7,8.28,1.2,-76,193676,42.6,31.46466
223.6,8.288,1.2,-76,193676,42.6,31.46466
223.5,8.288,1.2,-76,193676,42.6,31.47539
225.7,8.296,1.2,-76,192104,42.6,31.47539
225.8,8.288,1.2,-76,193676,42.6,31.48611
226.0,8.28,1.2,-75,193676,42.6,31.48611
226.0,8.288,1.2,-75,193676,42.6,31.48611
226.1,8.288,1.2,-76,193676,42.6,31.49684
225.9,8.288,1.2,-77,193676,42.6,31.48611
226.0,8.288,1.2,-76,193676,42.6,31.47539
226.0,8.288,1.2,-75,193676,42.6,31.46466
226.0,8.288,1.2,-77,193676,42.6,31.47539
226.0,8.28,1.2,-77,193676,42.6,31.47539
226.1,8.288,1.2,-76,193676,42.6,31.48611
225.9,8.288,1.2,-76,193676,42.6,31.48611
226.1,8.288,1.2,-77,193676,42.6,31.48611
226.0,8.288,1.2,-75,193676,42.6,31.46466
226.0,8.296,1.2,-76,193676,42.6,31.45394
226.0,8.288,1.2,-75,193676,42.6,31.45394
225.6,8.288,1.2,-76,193676,42.6,31.45394
225.9,8.288,1.2,-74,193676,42.6,31.44321
226.2,8.288,1.2,-76,193676,42.6,31.43249
226.0,8.296,1.2,-77,192104,42.6,31.44321
225.9,8.288,1.2,-77,193676,42.6,31.43249
225.8,8.288,1.2,-76,193676,42.6,31.43249
225.8,8.288,1.2,-77,193676,42.6,31.43249
225.6,8.288,1.2,-74,193676,42.6,31.43249
225.7,8.288,1.2,-74,193624,43.6,31.42176
225.6,8.28,1.2,-77,193676,42.6,31.42176
225.8,8.288,1.2,-75,193676,42.6,31.42176
225.6,8.28,1.2,-76,193676,42.6,31.42176
225.2,8.288,1.2,-76,193676,42.6,31.41104
225.1,8.288,1.2,-77,193676,42.6,31.43249
225.2,8.288,1.2,-74,193676,42.6,31.42176
225.2,8.288,1.2,-76,193676,42.6,31.42176
225.5,8.288,1.2,-75,193676,42.6,31.43249
225.5,8.288,1.2,-76,193676,42.6,31.44321
225.4,8.288,1.2,-75,193676,42.6,31.44321
225.5,8.288,1.2,-76,191196,43.6,31.42176
225.5,8.28,1.2,-76,193676,42.6,31.41104
225.5,8.288,1.2,-77,193676,42.6,31.42176
225.6,8.288,1.2,-77,193624,42.6,31.41104
225.7,8.288,1.2,-76,193676,42.6,31.41104
225.6,8.288,1.2,-76,193676,42.6,31.41104
224.4,8.28,1.2,-74,193676,42.6,31.41104
224.6,8.288,1.2,-81,193676,42.6,31.40031
224.6,8.288,1.2,-78,193676,42.6,31.40031
224.3,8.288,1.2,-75,193676,42.6,31.41104
224.3,8.288,1.2,-75,193676,42.6,31.41104
224.2,8.288,1.2,-75,193676,42.6,31.41104
224.1,8.288,1.2,-75,193676,42.6,31.41104
224.0,8.288,1.2,-75,193676,42.6,31.40031
224.4,8.288,1.2,-75,193676,42.6,31.42176
224.8,8.288,1.2,-81,193676,42.6,31.44321
224.5,8.288,1.2,-84,193676,43.6,31.43249
224.5,8.288,1.2,-73,193676,42.6,31.44321
224.4,8.288,1.2,-74,193676,42.6,31.44321
224.3,8.296,1.2,-74,192056,42.6,31.44321
224.4,8.288,1.2,-73,193676,42.6,31.45394
224.5,8.288,1.2,-75,193676,42.6,31.45394
224.5,8.288,1.2,-74,193676,42.6,31.47539
224.7,8.288,1.2,-74,193676,42.6,31.46466
224.5,8.288,1.2,-73,193676,42.6,31.46466
224.5,8.288,1.2,-74,193676,42.6,31.48611
224.6,8.28,1.2,-74,193676,42.6,31.48611
224.6,8.288,1.2,-74,193676,42.6,31.48611
225.0,8.288,1.2,-74,193676,42.6,31.49684
224.8,8.28,1.2,-74,193676,42.6,31.48611
224.8,8.288,1.2,-75,193676,42.6,31.50756
224.7,8.288,1.2,-74,193676,42.6,31.50756
224.5,8.288,1.2,-74,193676,42.6,31.50756
224.3,8.288,1.2,-75,193676,42.6,31.51829
224.4,8.288,1.2,-75,193676,42.6,31.50756
224.9,8.28,1.2,-74,193624,43.6,31.50756
224.9,8.288,1.2,-75,193676,42.6,31.50756
224.8,8.28,1.2,-74,193676,42.6,31.51829
224.8,8.296,1.2,-74,192104,42.6,31.52901
224.7,8.288,1.2,-74,193676,42.6,31.53974
224.8,8.28,1.2,-73,193676,42.6,31.52901
225.5,8.288,1.2,-74,193676,42.6,31.55046
225.7,8.288,1.2,-74,193676,42.6,31.56119
225.8,8.288,1.2,-73,193676,42.6,31.58264
226.0,8.288,1.2,-75,193676,42.6,31.58264
226.0,8.288,1.2,-73,193676,42.6,31.60409
226.0,8.288,1.2,-75,193676,42.6,31.60409
225.9,8.288,1.2,-73,193676,42.6,31.60409
225.8,8.288,1.2,-74,193676,42.6,31.59336
225.9,8.288,1.2,-73,193676,42.6,31.58264
225.8,8.288,1.2,-73,193676,42.6,31.59336
224.9,8.288,1.2,-74,193676,42.6,31.59336
226.0,8.288,1.2,-74,193676,42.6,31.61481
225.9,8.288,1.2,-75,193676,42.6,31.60409
225.8,8.288,1.2,-73,191196,43.6,31.62554
225.6,8.288,1.2,-74,193676,42.6,31.62554
226.0,8.288,1.2,-74,193676,42.6,31.63626
226.1,8.288,1.2,-74,193676,42.6,31.64699
226.1,8.28,1.2,-74,193676,42.6,31.64699
226.2,8.288,1.2,-74,193676,42.6,31.65771
226.5,8.288,1.2,-74,193676,42.6,31.66844
226.5,8.288,1.2,-74,193676,42.6,31.66844
226.4,8.288,1.2,-74,193676,42.6,31.68989
226.4,8.288,1.2,-74,193676,42.6,31.68989
226.4,8.288,1.2,-74,193676,42.6,31.72206
226.5,8.288,1.2,-74,193676,42.6,31.70061
226.6,8.288,1.2,-74,193676,42.6,31.71134
226.6,8.288,1.2,-74,193676,43.6,31.68989
226.3,8.288,1.2,-74,193676,42.6,31.68989
226.3,8.288,1.2,-74,193676,42.6,31.68989
226.3,8.288,1.2,-74,193676,42.6,31.67916
226.1,8.288,1.2,-75,193676,42.6,31.66844
226.0,8.288,1.2,-74,193676,42.6,31.66844
225.8,8.296,1.2,-74,192104,42.6,31.66844
225.7,8.288,1.2,-74,193676,42.6,31.66844
225.6,8.288,1.2,-74,193676,42.6,31.64699
225.3,8.288,1.2,-75,193628,42.6,31.65771
225.5,8.288,1.2,-74,193676,42.6,31.64699
225.4,8.288,1.2,-75,193676,42.6,31.65771
225.8,8.288,1.2,-74,193676,42.6,31.65771
225.9,8.288,1.2,-74,193676,42.6,31.65771
225.7,8.288,1.2,-73,193676,42.6,31.65771
225.6,8.288,1.2,-74,193676,42.6,31.65771
225.7,8.288,1.2,-74,193676,42.6,31.67916
225.6,8.288,1.2,-74,193676,42.6,31.66844
225.9,8.288,1.2,-75,193676,42.6,31.67916
226.2,8.28,1.2,-74,193676,42.6,31.66844
226.3,8.288,1.2,-75,193676,42.6,31.66844
225.9,8.28,1.2,-75,193676,42.6,31.67916
225.9,8.288,1.2,-75,191196,43.6,31.68989
226.1,8.288,1.2,-74,193676,42.6,31.70061
225.5,8.288,1.2,-75,193676,42.6,31.71134
226.2,8.288,1.2,-75,193624,42.6,31.71134
226.1,8.28,1.2,-75,193676,42.6,31.74352
225.3,8.288,1.2,-75,193676,42.6,31.73279
225.1,8.288,1.2,-74,193676,42.6,31.75424
224.9,8.288,1.2,-75,193676,42.6,31.75424
224.9,8.288,1.2,-76,193676,42.6,31.75424
224.9,8.288,1.2,-76,193676,42.6,31.76497
225.0,8.288,1.2,-74,193676,42.6,31.77569
225.1,8.288,1.2,-74,193676,42.6,31.76497
224.9,8.288,1.2,-74,193624,42.6,31.75424
225.0,8.288,1.2,-74,193676,42.6,31.75424
224.9,8.288,1.2,-75,193676,42.6,31.74352
225.0,8.288,1.2,-74,193676,42.6,31.74352
224.8,8.288,1.2,-75,193676,42.6,31.73279
224.9,8.288,1.2,-74,193676,42.6,31.74352
224.9,8.288,1.2,-74,193676,42.6,31.71134
225.0,8.296,1.2,-75,192104,42.6,31.70061
225.0,8.288,1.2,-75,193676,42.6,31.68989
225.0,8.288,1.2,-76,193676,42.6,31.67916
225.0,8.28,1.2,-76,193676,42.6,31.66844
225.0,8.288,1.2,-75,193676,42.6,31.67916
224.9,8.288,1.2,-75,193676,42.6,31.70061
224.9,8.288,1.2,-74,193676,42.6,31.70061
224.9,8.288,1.2,-75,193676,42.6,31.68989
225.1,8.288,1.2,-75,193676,42.6,31.68989
225.1,8.288,1.2,-75,193676,42.6,31.67916
225.1,8.288,1.2,-76,193676,42.6,31.68989
225.0,8.288,1.2,-75,193676,42.6,31.68989
225.2,8.288,1.2,-74,193676,42.6,31.71134
224.8,8.288,1.2,-74,193676,42.6,31.71134
225.0,8.288,1.2,-74,193676,42.6,31.72206
224.9,8.288,1.2,-74,193676,42.6,31.70061
225.0,8.288,1.2,-76,192104,42.6,31.70061
224.9,8.288,1.2,-76,193676,42.6,31.71134
225.0,8.288,1.2,-76,193676,42.6,31.71134
224.9,8.288,1.2,-75,193676,42.6,31.73279
225.0,8.288,1.2,-75,193676,42.6,31.73279
225.3,8.288,1.2,-75,193684,42.6,31.75424
225.7,8.288,1.2,-75,193672,42.6,31.74352
225.9,8.288,1.2,-75,193676,42.6,31.73279
226.0,8.288,1.2,-75,193676,42.6,31.76497
225.6,8.288,1.2,-75,193676,42.6,31.76497
225.7,8.288,1.2,-75,193676,42.6,31.76497
225.5,8.288,1.2,-75,193676,42.6,31.75424
225.5,8.288,1.2,-79,193676,42.6,31.77569
226.0,8.288,1.2,-80,193676,42.6,31.79714
226.1,8.288,1.2,-81,193676,42.6,31.78642
226.1,8.288,1.2,-81,193676,42.6,31.79714
226.3,8.288,1.2,-80,193628,42.6,31.79714
225.8,8.288,1.2,-81,193676,42.6,31.79714
225.6,8.288,1.2,-81,193676,42.6,31.81859
225.7,8.296,1.2,-81,192104,42.6,31.80787
225.5,8.288,1.2,-81,193676,42.6,31.81859
225.6,8.288,1.2,-78,193676,42.6,31.84004
225.7,8.288,1.2,-79,193676,42.6,31.82932
225.5,8.288,1.2,-76,193676,42.6,31.82932
225.3,8.288,1.2,-74,193676,42.6,31.84004
225.3,8.288,1.2,-74,193676,42.6,31.84004
225.2,8.288,1.2,-83,193676,42.6,31.84004
224.7,8.288,1.2,-81,193676,42.6,31.85077
224.6,8.288,1.2,-81,193676,42.6,31.85077
222.9,8.288,1.2,-78,193676,42.6,31.85077
222.4,8.288,1.2,-81,193676,42.6,31.85077
222.0,8.288,1.2,-82,193676,42.6,31.82932
222.3,8.288,1.2,-80,193676,42.6,31.84004
222.5,8.288,1.2,-81,193676,42.6,31.82932
222.4,8.288,1.2,-83,193676,42.6,31.79714
222.4,8.288,1.2,-83,193676,42.6,31.80787
222.7,8.288,1.2,-80,193676,42.6,31.80787
222.5,8.288,1.2,-79,193676,42.6,31.78642
222.5,8.288,1.2,-81,191148,43.6,31.77569
222.0,8.288,1.2,-81,193676,42.6,31.75424
222.0,8.288,1.2,-82,193676,42.6,31.73279
222.0,8.288,1.2,-81,193676,42.6,31.74352
222.1,8.288,1.2,-83,193676,42.6,31.75424
222.1,8.288,1.2,-82,193676,42.6,31.72206
222.0,8.288,1.2,-81,193676,42.6,31.73279
222.4,8.288,1.2,-82,193676,42.6,31.72206
222.3,8.288,1.2,-82,193676,42.6,31.72206
222.2,8.288,1.2,-81,193676,42.6,31.71134
222.1,8.288,1.2,-82,193676,42.6,31.70061
222.1,8.288,1.2,-82,193676,42.6,31.68989
222.4,8.288,1.2,-81,193676,43.6,31.67916
222.5,8.288,1.2,-82,193676,42.6,31.68989
222.8,8.288,1.2,-82,193676,42.6,31.70061
222.9,8.288,1.2,-83,193676,42.6,31.68989
223.2,8.288,1.2,-82,193676,43.6,31.70061
222.1,8.288,1.2,-82,193676,42.6,31.70061
222.2,8.288,1.2,-79,193676,42.6,31.68989
222.0,8.296,1.2,-83,192104,42.6,31.67916
222.3,8.288,1.2,-82,193676,42.6,31.67916
222.3,8.288,1.2,-83,193676,42.6,31.68989
222.6,8.288,1.2,-83,193676,42.6,31.67916
222.5,8.288,1.2,-83,193676,42.6,31.67916
222.3,8.288,1.2,-82,193676,42.6,31.65771
222.7,8.288,1.2,-78,193676,42.6,31.66844
222.6,8.288,1.2,-83,193676,42.6,31.65771
222.9,8.288,1.2,-83,193676,42.6,31.66844
222.6,8.288,1.2,-83,193624,42.6,31.64699
222.6,8.288,1.2,-83,193676,43.6,31.65771
222.4,8.288,1.2,-84,193676,42.6,31.64699
222.2,8.288,1.2,-84,193676,42.6,31.65771
222.2,8.288,1.2,-82,193676,43.6,31.64699
222.1,8.288,1.2,-82,193676,42.6,31.64699
222.1,8.28,1.2,-81,193676,42.6,31.64699
222.2,8.28,1.2,-82,192104,42.6,31.63626
222.2,8.288,1.2,-82,193676,42.6,31.63626
222.2,8.288,1.2,-82,193676,42.6,31.64699
222.3,8.288,1.2,-83,193676,42.6,31.66844
222.2,8.288,1.2,-82,193676,42.6,31.65771
221.2,8.288,1.2,-83,193676,42.6,31.65771
221.9,8.288,1.2,-83,193676,42.6,31.64699
222.0,8.288,1.2,-82,193624,42.6,31.66844
221.6,8.288,1.2,-82,193676,42.6,31.66844
219.7,8.288,1.2,-79,193676,42.6,31.65771
219.3,8.28,1.2,-82,193676,42.6,31.67916
219.6,8.288,1.2,-82,193676,42.6,31.65771
219.7,8.288,1.2,-81,193676,42.6,31.66844
219.4,8.288,1.2,-79,193676,42.6,31.65771
219.6,8.288,1.2,-81,193676,42.6,31.64699
219.5,8.288,1.2,-81,193676,42.6,31.64699
219.8,8.288,1.2,-82,193676,42.6,31.63626
220.5,8.288,1.2,-80,193676,42.6,31.62554
220.9,8.28,1.2,-82,193676,42.6,31.62554
221.2,8.28,1.2,-83,192104,42.6,31.61481
220.4,8.288,1.2,-81,193676,42.6,31.60409
221.0,8.288,1.2,-81,193676,42.6,31.61481
221.2,8.288,1.2,-83,193676,42.6,31.60409
221.1,8.288,1.2,-84,193676,42.6,31.59336
221.0,8.288,1.2,-83,193676,42.6,31.60409
221.1,8.288,1.2,-82,193676,42.6,31.58264
221.1,8.288,1.2,-82,193676,42.6,31.59336
221.1,8.288,1.2,-82,193676,42.6,31.57191
221.1,8.28,1.2,-82,193676,42.6,31.58264
221.3,8.288,1.2,-82,193676,42.6,31.59336
221.2,8.28,1.2,-82,193676,42.6,31.58264
221.3,8.288,1.2,-82,193676,42.6,31.60409
221.3,8.288,1.2,-81,193676,42.6,31.59336
221.2,8.288,1.2,-82,193676,42.6,31.60409
221.2,8.288,1.2,-82,193676,42.6,31.61481
221.2,8.288,1.2,-82,193676,43.6,31.60409
221.7,8.288,1.2,-83,193676,42.6,31.59336
222.1,8.288,1.2,-84,193676,42.6,31.59336
221.8,8.296,1.2,-80,192104,42.6,31.58264
222.1,8.288,1.2,-81,193676,42.6,31.58264
221.9,8.288,1.2,-79,193676,42.6,31.58264
221.9,8.288,1.2,-81,193676,42.6,31.58264
222.3,8.288,1.2,-80,193676,42.6,31.57191
222.0,8.288,1.2,-80,193676,42.6,31.57191
222.1,8.288,1.2,-83,193676,42.6,31.59336
222.1,8.288,1.2,-82,193676,42.6,31.58264
222.1,8.288,1.2,-83,193676,42.6,31.58264
222.1,8.288,1.2,-82,193676,42.6,31.58264
221.9,8.288,1.2,-80,193676,42.6,31.58264
222.0,8.288,1.2,-82,193676,42.6,31.58264
221.9,8.288,1.2,-82,193676,42.6,31.60409
221.9,8.288,1.2,-82,193676,42.6,31.59336
222.1,8.288,1.2,-83,193676,42.6,31.58264
221.9,8.288,1.2,-84,193676,42.6,31.58264
221.5,8.288,1.2,-82,191196,43.6,31.56119
221.6,8.288,1.2,-82,193676,42.6,31.56119
221.6,8.288,1.2,-82,193676,42.6,31.58264
221.6,8.288,1.2,-82,193676,42.6,31.56119
222.0,8.288,1.2,-83,193676,42.6,31.57191
221.9,8.288,1.2,-82,193676,42.6,31.57191
221.9,8.296,1.2,-82,193676,42.6,31.57191
221.9,8.288,1.2,-82,193676,42.6,31.58264
221.6,8.288,1.2,-83,193676,42.6,31.57191
221.7,8.288,1.2,-83,193676,42.6,31.56119
221.1,8.288,1.2,-81,193672,42.6,31.56119
221.1,8.288,1.2,-82,193672,42.6,31.55046
223.6,8.288,1.2,-80,193672,42.6,31.55046
223.5,8.288,1.2,-79,193672,42.6,31.55046
223.5,8.288,1.2,-83,193672,42.6,31.53974
223.5,8.288,1.2,-80,193672,42.6,31.53974
223.4,8.288,1.2,-83,192100,42.6,31.53974
223.2,8.288,1.2,-80,193672,42.6,31.53974
223.4,8.288,1.2,-80,193672,42.6,31.52901
223.7,8.288,1.2,-80,193672,42.6,31.53974
223.5,8.288,1.2,-82,193672,42.6,31.55046
223.8,8.288,1.2,-80,193672,42.6,31.55046
224.1,8.288,1.2,-83,193672,42.6,31.57191
223.0,8.288,1.2,-83,193672,42.6,31.56119
223.7,8.288,1.2,-84,193672,42.6,31.56119
225.9,8.288,1.2,-83,193672,42.6,31.56119
225.8,8.288,1.2,-81,193672,42.6,31.53974
225.9,8.288,1.2,-83,193672,42.6,31.56119
225.8,8.288,1.2,-82,193672,42.6,31.53974
225.8,8.288,1.2,-82,193672,42.6,31.56119
225.9,8.288,1.2,-82,193672,42.6,31.55046
226.3,8.288,1.2,-82,193672,42.6,31.55046
226.1,8.296,1.2,-81,193672,43.6,31.55046
226.1,8.288,1.2,-81,193672,42.6,31.56119
226.0,8.288,1.2,-83,193672,42.6,31.56119
226.1,8.296,1.2,-82,192100,43.6,31.55046
226.0,8.288,1.2,-82,193672,42.6,31.55046
225.9,8.288,1.2,-82,193672,42.6,31.55046
225.9,8.288,1.2,-82,193672,42.6,31.57191
225.8,8.288,1.2,-80,193672,42.6,31.58264
225.9,8.288,1.2,-83,193620,42.6,31.57191
225.8,8.288,1.2,-83,193672,42.6,31.56119
225.8,8.288,1.2,-82,193672,42.6,31.56119
225.7,8.288,1.2,-83,193672,42.6,31.55046
225.7,8.288,1.2,-83,193672,42.6,31.55046
226.2,8.288,1.2,-79,193676,42.6,31.51829
226.4,8.288,1.2,-83,193676,42.6,31.51829
226.4,8.288,1.2,-83,193676,42.6,31.52901
226.5,8.288,1.2,-81,193676,42.6,31.50756
226.5,8.288,1.2,-83,193676,42.6,31.52901
226.4,8.288,1.2,-81,193676,42.6,31.52901
226.3,8.288,1.2,-82,191148,43.6,31.52901
226.3,8.288,1.2,-82,193672,42.6,31.50756
226.2,8.288,1.2,-82,193672,42.6,31.50756
226.2,8.288,1.2,-76,193672,42.6,31.50756
225.9,8.288,1.2,-82,193656,42.6,31.49684
225.7,8.288,1.2,-82,193604,42.6,31.49684
225.9,8.288,1.2,-83,193656,42.6,31.50756
226.1,8.288,1.2,-75,193656,42.6,31.51829
226.2,8.288,1.2,-82,193656,42.6,31.50756
226.3,8.288,1.2,-81,193656,42.6,31.51829
226.2,8.288,1.2,-82,193656,42.6,31.51829
226.2,8.288,1.2,-81,193604,43.6,31.51829
225.0,8.288,1.2,-82,193604,42.6,31.49684
224.9,8.288,1.2,-82,193672,42.6,31.51829
224.6,8.288,1.2,-81,193672,42.6,31.51829
224.2,8.288,1.2,-82,193672,42.6,31.50756
224.4,8.288,1.2,-82,193672,43.6,31.51829
224.6,8.288,1.2,-82,193672,42.6,31.51829
224.7,8.288,1.2,-79,193672,42.6,31.49684
224.9,8.288,1.2,-82,192100,42.6,31.49684
224.8,8.288,1.2,-79,193672,42.6,31.50756
224.8,8.288,1.2,-78,193672,42.6,31.50756
224.9,8.288,1.2,-82,193672,42.6,31.51829
224.8,8.288,1.2,-78,193672,42.6,31.52901
224.6,8.288,1.2,-81,193672,42.6,31.52901
224.8,8.288,1.2,-82,193672,42.6,31.51829
224.8,8.288,1.2,-82,193672,42.6,31.53974
224.9,8.288,1.2,-81,193672,42.6,31.50756
225.0,8.288,1.2,-82,193620,42.6,31.51829
225.0,8.288,1.2,-81,193672,42.6,31.52901
225.0,8.288,1.2,-83,193672,42.6,31.51829
225.1,8.288,1.2,-83,193672,42.6,31.50756
224.8,8.288,1.2,-81,193672,42.6,31.49684
224.8,8.288,1.2,-82,193672,42.6,31.49684
224.7,8.288,1.2,-83,193672,42.6,31.48611
225.0,8.288,1.2,-81,193620,42.6,31.50756
224.9,8.288,1.2,-82,193672,42.6,31.48611
224.9,8.288,1.2,-82,193672,42.6,31.47539
225.0,8.288,1.2,-82,191192,43.6,31.46466
223.6,8.288,1.2,-83,193672,42.6,31.46466
224.3,8.288,1.2,-82,193672,42.6,31.45394
223.3,8.288,1.2,-83,193672,42.6,31.47539
223.3,8.288,1.2,-83,193672,42.6,31.47539
223.5,8.288,1.2,-82,193672,42.6,31.49684
223.8,8.288,1.2,-82,193620,42.6,31.48611
223.8,8.288,1.2,-82,193672,42.6,31.49684
223.8,8.288,1.2,-83,193672,42.6,31.50756
223.9,8.288,1.2,-83,193672,42.6,31.50756
223.9,8.288,1.2,-82,193672,42.6,31.50756
223.8,8.288,1.2,-82,193672,42.6,31.51829
224.0,8.288,1.2,-79,193672,42.6,31.50756
223.9,8.288,1.2,-80,193672,42.6,31.49684
224.0,8.288,1.2,-80,193672,42.6,31.48611
223.9,8.288,1.2,-82,193672,42.6,31.48611
223.8,8.296,1.2,-82,193672,42.6,31.49684
223.9,8.288,1.2,-80,193672,42.6,31.49684
224.1,8.28,1.2,-83,193672,42.6,31.49684
224.0,8.296,1.2,-83,192100,42.6,31.49684
223.9,8.288,1.2,-83,193672,42.6,31.50756
223.9,8.288,1.2,-83,193672,42.6,31.50756
223.9,8.288,1.2,-83,193672,42.6,31.49684
223.9,8.288,1.2,-79,193672,42.6,31.49684
223.8,8.288,1.2,-80,193672,42.6,31.47539
223.7,8.28,1.2,-81,193672,42.6,31.47539
223.6,8.28,1.2,-83,193672,42.6,31.46466
223.7,8.288,1.2,-82,193672,42.6,31.46466
223.7,8.288,1.2,-82,193672,42.6,31.45394
223.9,8.288,1.2,-81,193672,42.6,31.47539
223.2,8.288,1.2,-81,193672,42.6,31.47539
223.5,8.28,1.2,-82,193672,42.6,31.47539
223.6,8.28,1.2,-82,193672,42.6,31.48611
223.6,8.288,1.2,-82,193672,42.6,31.47539
224.1,8.288,1.2,-82,193672,42.6,31.47539
223.9,8.288,1.2,-82,193672,43.6,31.46466
224.0,8.288,1.2,-81,193672,42.6,31.47539
223.9,8.288,1.2,-82,193672,42.6,31.45394
223.9,8.288,1.2,-83,192100,42.6,31.46466
224.9,8.288,1.2,-82,193672,42.6,31.46466
225.0,8.288,1.2,-82,193672,42.6,31.47539
224.5,8.288,1.2,-78,193672,42.6,31.47539
224.4,8.288,1.2,-81,193672,42.6,31.47539
224.8,8.288,1.2,-82,193672,42.6,31.49684
224.9,8.288,1.2,-78,193672,42.6,31.50756
224.5,8.288,1.2,-78,193672,42.6,31.48611
224.5,8.288,1.2,-83,193672,42.6,31.48611
223.9,8.288,1.2,-83,193672,42.6,31.47539
224.7,8.288,1.2,-81,193672,42.6,31.46466
225.0,8.288,1.2,-79,193672,42.6,31.45394
225.0,8.288,1.2,-85,193672,42.6,31.46466
225.0,8.288,1.2,-74,193672,42.6,31.45394
225.1,8.288,1.2,-76,193672,42.6,31.45394
225.1,8.288,1.2,-77,193672,42.6,31.46466
225.0,8.288,1.2,-76,193672,42.6,31.44321
224.9,8.288,1.2,-77,193672,42.6,31.47539
224.9,8.288,1.2,-78,193672,42.6,31.45394
224.7,8.288,1.2,-76,192100,42.6,31.44321
224.6,8.288,1.2,-78,193672,42.6,31.43249
224.3,8.288,1.2,-76,193672,42.6,31.45394
224.3,8.288,1.2,-76,193672,42.6,31.44321
224.4,8.288,1.2,-76,193672,42.6,31.44321
224.6,8.28,1.2,-75,193672,42.6,31.45394
224.2,8.288,1.2,-76,193672,42.6,31.45394
224.4,8.288,1.2,-75,193672,42.6,31.45394
224.2,8.288,1.2,-77,193620,43.6,31.46466
224.2,8.288,1.2,-75,193672,42.6,31.45394
224.1,8.288,1.2,-76,193672,42.6,31.44321
224.0,8.288,1.2,-79,193672,42.6,31.44321
223.9,8.288,1.2,-78,193672,42.6,31.43249
223.6,8.288,1.2,-78,193672,43.6,31.42176
223.7,8.288,1.2,-80,193672,42.6,31.42176
223.9,8.288,1.2,-79,193672,42.6,31.42176
223.8,8.296,1.2,-77,191192,43.6,31.44321
223.7,8.288,1.2,-77,193672,42.6,31.44321
223.7,8.296,1.2,-79,193672,42.6,31.42176
223.9,8.288,1.2,-79,193672,42.6,31.42176
224.9,8.28,1.2,-79,193672,42.6,31.42176
225.0,8.28,1.2,-80,193672,42.6,31.42176
225.1,8.288,1.2,-81,193672,42.6,31.42176
225.2,8.288,1.2,-78,193672,42.6,31.41104
225.4,8.288,1.2,-78,193672,42.6,31.41104
225.8,8.288,1.2,-79,193672,42.6,31.41104
225.1,8.288,1.2,-79,193672,42.6,31.41104
224.6,8.288,1.2,-79,193672,42.6,31.41104
224.3,8.288,1.2,-79,193672,42.6,31.41104
224.3,8.288,1.2,-78,193672,42.6,31.41104
224.5,8.288,1.2,-77,193672,42.6,31.41104
224.5,8.288,1.2,-79,193672,42.6,31.40031
224.4,8.288,1.2,-79,193672,42.6,31.41104
224.4,8.288,1.2,-80,193672,42.6,31.41104
224.5,8.288,1.2,-79,193672,42.6,31.40031
224.5,8.288,1.2,-78,193672,42.6,31.41104
224.4,8.288,1.2,-79,193620,42.6,31.41104
224.4,8.288,1.2,-78,193672,42.6,31.42176
224.4,8.288,1.2,-79,193672,42.6,31.41104
224.4,8.288,1.2,-78,193672,42.6,31.41104
224.3,8.288,1.2,-79,193672,42.6,31.42176
224.3,8.288,1.2,-79,192100,42.6,31.42176
224.2,8.288,1.2,-78,193672,42.6,31.41104
224.6,8.288,1.2,-78,193672,42.6,31.43249
224.3,8.288,1.2,-79,193672,42.6,31.44321
224.4,8.288,1.2,-79,193672,42.6,31.44321
224.5,8.288,1.2,-78,193672,42.6,31.44321
224.5,8.288,1.2,-78,193672,42.6,31.45394
224.6,8.288,1.2,-79,193672,42.6,31.44321
224.6,8.288,1.2,-77,193672,42.6,31.45394
224.4,8.288,1.2,-79,193672,42.6,31.46466
224.5,8.288,1.2,-78,193672,42.6,31.46466
224.5,8.288,1.2,-79,193672,42.6,31.46466
224.3,8.288,1.2,-78,193672,42.6,31.46466
224.2,8.288,1.2,-78,193672,42.6,31.45394
224.4,8.288,1.2,-79,193672,42.6,31.45394
224.4,8.288,1.2,-79,193672,42.6,31.46466
224.4,8.288,1.2,-79,193676,42.6,31.47539
224.5,8.288,1.2,-78,193676,42.6,31.48611
224.4,8.288,1.2,-78,193624,42.6,31.47539
224.6,8.288,1.2,-79,193676,42.6,31.45394
224.4,8.288,1.2,-78,193676,42.6,31.45394
225.1,8.288,1.2,-79,193676,42.6,31.43249
225.1,8.296,1.2,-78,192104,42.6,31.43249
224.9,8.288,1.2,-78,193676,42.6,31.40031
224.7,8.288,1.2,-78,193676,42.6,31.40031
224.8,8.288,1.2,-78,193624,42.6,31.38959
224.5,8.288,1.2,-78,193676,42.6,31.38959
224.4,8.288,1.2,-77,193676,42.6,31.38959
225.0,8.288,1.2,-79,193676,42.6,31.40031
225.1,8.288,1.2,-77,193676,42.6,31.38959
225.0,8.288,1.2,-79,193676,42.6,31.36814
225.1,8.288,1.2,-78,193676,42.6,31.38959
225.1,8.288,1.2,-78,193676,42.6,31.37886
225.1,8.288,1.2,-78,193676,42.6,31.36814
225.0,8.288,1.2,-78,193676,42.6,31.35741
224.9,8.288,1.2,-75,193676,42.6,31.36814
224.8,8.288,1.2,-78,193676,42.6,31.35741
224.5,8.288,1.2,-78,193676,42.6,31.35741
224.6,8.288,1.2,-80,193624,43.6,31.36814
224.7,8.288,1.2,-78,193676,42.6,31.37886
224.7,8.288,1.2,-78,193676,42.6,31.35741
225.0,8.296,1.2,-78,192104,42.6,31.36814
225.0,8.288,1.2,-78,193676,42.6,31.36814
225.2,8.288,1.2,-78,193676,42.6,31.36814
225.7,8.288,1.2,-78,193676,42.6,31.36814
225.6,8.288,1.2,-77,193676,42.6,31.36814
225.7,8.288,1.2,-76,193676,42.6,31.36814
225.7,8.288,1.2,-77,193676,42.6,31.36814
225.6,8.288,1.2,-81,193676,42.6,31.37886
225.4,8.288,1.2,-84,193672,42.6,31.36814
225.1,8.288,1.2,-82,193620,42.6,31.37886
225.2,8.288,1.2,-85,193672,42.6,31.38959
225.2,8.288,1.2,-82,193672,42.6,31.38959
225.2,8.28,1.2,-84,193672,42.6,31.41104
225.5,8.288,1.2,-82,193672,42.6,31.40031
225.4,8.288,1.2,-88,193672,42.6,31.41104
225.7,8.288,1.2,-85,193672,42.6,31.41104
225.5,8.288,1.2,-88,193672,42.6,31.41104
225.6,8.288,1.2,-82,193672,42.6,31.40031
225.5,8.288,1.2,-85,193672,42.6,31.38959
225.6,8.288,1.2,-87,192100,42.6,31.38959
225.5,8.288,1.2,-85,193672,42.6,31.38959
225.4,8.288,1.2,-81,193672,42.6,31.37886
225.7,8.288,1.2,-88,193672,42.6,31.37886
224.8,8.28,1.2,-85,193672,42.6,31.37886
224.8,8.288,1.2,-91,193672,42.6,31.36814
224.8,8.288,1.2,-85,193620,42.6,31.38959
224.9,8.288,1.2,-84,193672,42.6,31.38959
225.0,8.288,1.2,-84,193672,42.6,31.37886
224.8,8.288,1.2,-85,193672,42.6,31.38959
224.9,8.288,1.2,-81,193676,42.6,31.38959
225.4,8.288,1.2,-87,193676,42.6,31.36814
225.3,8.288,1.2,-86,193676,42.6,31.36814
225.4,8.288,1.2,-84,193676,42.6,31.37886
225.5,8.288,1.2,-83,193676,42.6,31.38959
225.4,8.288,1.2,-82,193676,42.6,31.37886
225.5,8.296,1.2,-86,193676,42.6,31.40031
225.6,8.288,1.2,-86,193676,42.6,31.38959
225.6,8.288,1.2,-84,193676,42.6,31.40031
225.3,8.296,1.2,-84,192104,42.6,31.40031
225.2,8.288,1.2,-88,193676,42.6,31.40031
225.1,8.288,1.2,-82,193676,42.6,31.40031
222.9,8.288,1.2,-82,193676,42.6,31.40031
222.5,8.288,1.2,-91,193676,42.6,31.38959
222.5,8.288,1.2,-85,193676,42.6,31.38959
222.4,8.28,1.2,-85,193676,42.6,31.37886
222.3,8.288,1.2,-89,193676,42.6,31.37886
222.3,8.288,1.2,-85,193676,42.6,31.37886
222.3,8.288,1.2,-90,193676,42.6,31.36814
222.2,8.288,1.2,-85,193676,42.6,31.38959
222.3,8.288,1.2,-81,193676,42.6,31.37886
222.3,8.296,1.2,-91,193676,42.6,31.36814
222.1,8.288,1.2,-90,193676,42.6,31.35741
222.0,8.296,1.2,-83,193676,42.6,31.36814
221.8,8.288,1.2,-85,193676,42.6,31.36814
221.9,8.288,1.2,-87,193676,42.6,31.36814
221.9,8.288,1.2,-86,193676,42.6,31.37886
221.7,8.288,1.2,-85,193676,42.6,31.35741
221.3,8.288,1.2,-81,193676,43.6,31.36814
221.7,8.288,1.2,-86,193676,42.6,31.35741
222.4,8.288,1.2,-82,193676,42.6,31.35741
222.4,8.296,1.2,-87,192104,42.6,31.36814
222.2,8.288,1.2,-87,193676,42.6,31.37886
222.3,8.288,1.2,-85,193676,42.6,31.35741
222.6,8.288,1.2,-85,193676,42.6,31.35741
222.8,8.272,1.2,-86,193624,42.6,31.36814
222.8,8.28,1.2,-82,193676,43.6,31.37886
222.8,8.288,1.2,-82,193676,42.6,31.38959
222.7,8.288,1.2,-85,193676,42.6,31.40031
222.8,8.288,1.2,-85,193676,42.6,31.40031
222.7,8.288,1.2,-84,193676,42.6,31.38959
222.7,8.288,1.2,-88,193676,42.6,31.38959
222.5,8.288,1.2,-83,193676,42.6,31.36814
222.8,8.288,1.2,-88,193676,42.6,31.35741
222.6,8.288,1.2,-86,193676,43.6,31.37886
222.5,8.288,1.2,-82,193676,42.6,31.37886
222.5,8.288,1.2,-88,193676,42.6,31.37886
222.5,8.288,1.2,-82,193676,42.6,31.38959
222.7,8.288,1.2,-88,193676,42.6,31.37886
222.6,8.288,1.2,-85,193676,42.6,31.36814
222.6,8.296,1.2,-89,192104,42.6,31.36814
222.5,8.288,1.2,-89,193624,42.6,31.35741
222.2,8.288,1.2,-89,193676,42.6,31.34669
222.5,8.288,1.2,-87,193676,42.6,31.34669
222.3,8.288,1.2,-86,193676,42.6,31.34669
222.5,8.288,1.2,-85,193676,42.6,31.35741
222.5,8.288,1.2,-84,193676,42.6,31.36814
222.6,8.288,1.2,-89,193676,42.6,31.34669
222.7,8.288,1.2,-89,193676,42.6,31.34669
222.8,8.288,1.2,-84,193676,42.6,31.34669
222.9,8.288,1.2,-87,193676,42.6,31.33596
223.0,8.288,1.2,-82,193676,42.6,31.33596
223.1,8.288,1.2,-87,193676,42.6,31.33596
223.4,8.288,1.2,-82,193676,43.6,31.34669
223.5,8.288,1.2,-85,193676,42.6,31.32524
223.7,8.288,1.2,-85,193676,42.6,31.33596
223.6,8.288,1.2,-85,192104,42.6,31.33596
223.3,8.288,1.2,-82,193676,42.6,31.32524
225.7,8.288,1.2,-82,193676,42.6,31.32524
225.9,8.288,1.2,-83,193676,42.6,31.33596
225.8,8.288,1.2,-88,193676,42.6,31.34669
225.7,8.288,1.2,-86,193676,42.6,31.33596
225.5,8.28,1.2,-83,193676,42.6,31.33596
225.5,8.288,1.2,-86,193676,42.6,31.32524
225.6,8.288,1.2,-86,193676,42.6,31.32524
225.0,8.288,1.2,-83,193676,42.6,31.32524
225.0,8.288,1.2,-85,193676,43.6,31.32524
225.0,8.288,1.2,-84,193676,42.6,31.32524
225.0,8.288,1.2,-90,193676,42.6,31.34669
225.0,8.288,1.2,-86,193672,42.6,31.33596
225.0,8.288,1.2,-85,193672,42.6,31.35741
225.2,8.28,1.2,-85,193672,42.6,31.35741
225.0,8.288,1.2,-82,193672,42.6,31.35741
225.3,8.288,1.2,-82,193672,42.6,31.34669
225.4,8.288,1.2,-85,193672,42.6,31.35741
225.5,8.288,1.2,-90,191144,43.6,31.35741
225.4,8.28,1.2,-82,193672,42.6,31.36814
225.5,8.288,1.2,-83,193672,42.6,31.35741
225.7,8.288,1.2,-87,193672,42.6,31.37886
225.6,8.288,1.2,-81,193676,42.6,31.36814
225.7,8.288,1.2,-85,193676,42.6,31.35741
225.2,8.288,1.2,-88,193676,42.6,31.35741
225.1,8.288,1.2,-86,193676,42.6,31.36814
225.1,8.288,1.2,-83,193676,42.6,31.36814
225.0,8.288,1.2,-86,193676,42.6,31.36814
225.1,8.288,1.2,-87,193676,42.6,31.37886
224.9,8.288,1.2,-82,193676,42.6,31.38959
224.9,8.288,1.2,-85,193676,42.6,31.36814
224.9,8.288,1.2,-82,193676,42.6,31.35741
224.9,8.288,1.2,-85,193676,42.6,31.34669
225.1,8.28,1.2,-87,193676,42.6,31.35741
225.0,8.288,1.2,-82,193676,42.6,31.36814
224.9,8.288,1.2,-85,193676,42.6,31.35741
224.9,8.288,1.2,-88,193676,42.6,31.35741
224.9,8.288,1.2,-86,192104,42.6,31.36814
224.7,8.288,1.2,-84,193676,42.6,31.37886
224.7,8.288,1.2,-88,193624,42.6,31.38959
224.7,8.28,1.2,-87,193676,42.6,31.37886
225.0,8.288,1.2,-82,193676,42.6,31.38959
225.4,8.288,1.2,-88,193676,42.6,31.37886
226.0,8.288,1.2,-89,193676,42.6,31.35741
226.7,8.288,1.2,-86,193676,42.6,31.34669
226.9,8.288,1.2,-83,193676,42.6,31.34669
226.8,8.288,1.2,-84,193676,42.6,31.35741
226.6,8.288,1.2,-87,193672,42.6,31.34669
226.9,8.288,1.2,-88,193672,42.6,31.34669
226.9,8.288,1.2,-88,193672,42.6,31.34669
226.7,8.288,1.2,-88,193672,42.6,31.35741
226.9,8.28,1.2,-83,193672,42.6,31.35741
226.9,8.288,1.2,-86,193672,42.6,31.35741
226.9,8.288,1.2,-81,193672,42.6,31.37886
227.0,8.288,1.2,-82,193672,42.6,31.38959
226.8,8.28,1.2,-85,193620,42.6,31.38959
226.8,8.288,1.2,-81,193672,43.6,31.37886
227.1,8.288,1.2,-86,193672,42.6,31.36814
227.3,8.28,1.2,-85,193672,42.6,31.37886
227.3,8.296,1.2,-83,192100,42.6,31.36814
227.2,8.296,1.2,-82,193672,42.6,31.36814
227.5,8.288,1.2,-82,193672,42.6,31.37886
227.7,8.288,1.2,-82,193620,42.6,31.36814
227.6,8.288,1.2,-79,193672,42.6,31.36814
227.6,8.288,1.2,-81,193672,42.6,31.35741
227.5,8.28,1.2,-83,193672,42.6,31.35741
227.3,8.288,1.2,-83,193672,42.6,31.34669
227.5,8.288,1.2,-82,193672,42.6,31.32524
227.5,8.288,1.2,-79,193672,42.6,31.34669
227.3,8.288,1.2,-90,193672,42.6,31.34669
227.3,8.288,1.2,-80,193672,42.6,31.33596
227.3,8.288,1.2,-81,193672,43.6,31.34669
227.5,8.288,1.2,-77,193672,42.6,31.34669
227.7,8.288,1.2,-77,193672,42.6,31.36814
228.1,8.288,1.2,-78,193672,42.6,31.37886
228.4,8.288,1.2,-77,193672,42.6,31.37886
227.3,8.288,1.2,-78,193672,42.6,31.37886
227.6,8.288,1.2,-77,193672,42.6,31.38959
227.3,8.296,1.2,-77,192052,42.6,31.40031
227.2,8.288,1.2,-77,193672,42.6,31.41104
227.4,8.288,1.2,-78,193672,42.6,31.41104
226.4,8.28,1.2,-78,193672,42.6,31.41104
226.5,8.288,1.2,-78,193672,42.6,31.41104
226.6,8.288,1.2,-77,193672,42.6,31.40031
226.5,8.288,1.2,-76,193672,42.6,31.41104
226.8,8.28,1.2,-76,193672,42.6,31.38959
226.3,8.288,1.2,-77,193672,42.6,31.37886
226.2,8.288,1.2,-77,193672,42.6,31.37886
225.8,8.28,1.2,-76,193672,42.6,31.36814
226.0,8.288,1.2,-78,193672,42.6,31.36814
225.9,8.288,1.2,-76,193672,42.6,31.35741
225.9,8.288,1.2,-76,193672,42.6,31.36814
226.2,8.28,1.2,-77,193672,42.6,31.35741
226.4,8.288,1.2,-76,193672,42.6,31.34669
226.3,8.288,1.2,-76,193672,43.6,31.35741
226.1,8.288,1.2,-76,193672,42.6,31.35741
226.1,8.288,1.2,-77,193672,42.6,31.35741
226.2,8.296,1.2,-75,192100,42.6,31.34669
226.3,8.288,1.2,-76,193672,42.6,31.35741
226.3,8.28,1.2,-75,193672,42.6,31.35741
226.6,8.28,1.2,-76,193672,42.6,31.37886
226.7,8.288,1.2,-76,193672,42.6,31.36814
226.8,8.288,1.2,-76,193672,42.6,31.37886
226.9,8.288,1.2,-77,193672,42.6,31.36814
226.8,8.288,1.2,-76,193672,42.6,31.37886
227.0,8.288,1.2,-77,193672,42.6,31.38959
226.9,8.288,1.2,-78,193672,42.6,31.38959
226.8,8.288,1.2,-77,193672,42.6,31.40031
226.7,8.288,1.2,-76,193672,42.6,31.38959
226.7,8.288,1.2,-76,193672,42.6,31.38959
226.8,8.288,1.2,-77,193672,43.6,31.38959
226.7,8.288,1.2,-76,193672,42.6,31.38959
226.7,8.288,1.2,-77,193672,42.6,31.37886
226.7,8.288,1.2,-76,193672,42.6,31.36814
226.8,8.288,1.2,-75,193672,42.6,31.37886
226.8,8.28,1.2,-77,193672,42.6,31.36814
227.2,8.28,1.2,-75,192100,42.6,31.36814
227.3,8.288,1.2,-76,193672,42.6,31.36814
227.3,8.288,1.2,-76,193672,42.6,31.36814
227.1,8.288,1.2,-76,193672,42.6,31.36814
226.9,8.288,1.2,-77,193672,42.6,31.36814
227.0,8.288,1.2,-76,193672,42.6,31.36814
227.2,8.28,1.2,-76,193672,41.6,31.35741
227.3,8.288,1.2,-76,193672,42.6,31.36814
227.4,8.288,1.2,-77,193672,42.6,31.35741
226.4,8.288,1.2,-77,193672,42.6,31.36814
226.6,8.288,1.2,-76,193672,42.6,31.37886
226.4,8.288,1.2,-76,193672,42.6,31.38959
226.9,8.288,1.2,-77,193672,42.6,31.40031
226.9,8.288,1.2,-75,193656,42.6,31.38959
226.4,8.288,1.2,-77,193656,42.6,31.37886
226.8,8.288,1.2,-76,193656,42.6,31.41104
226.8,8.288,1.2,-75,193656,42.6,31.42176
226.9,8.288,1.2,-76,193656,42.6,31.42176
226.8,8.288,1.2,-76,193656,42.6,31.44321
226.9,8.296,1.2,-77,192084,42.6,31.44321
227.0,8.28,1.2,-76,193656,42.6,31.44321
227.2,8.288,1.2,-77,193656,42.6,31.46466
226.9,8.288,1.2,-76,193656,42.6,31.45394
226.8,8.288,1.2,-76,193656,42.6,31.45394
227.0,8.288,1.2,-77,193656,42.6,31.43249
227.0,8.288,1.2,-76,193656,42.6,31.44321
226.9,8.288,1.2,-76,193656,42.6,31.44321
226.1,8.28,1.2,-76,193656,42.6,31.44321
226.1,8.288,1.2,-76,193656,42.6,31.44321
226.1,8.288,1.2,-75,193672,42.6,31.44321
226.2,8.288,1.2,-76,193672,42.6,31.44321
226.8,8.28,1.2,-76,193672,42.6,31.44321
226.8,8.288,1.2,-75,193672,42.6,31.44321
226.8,8.28,1.2,-76,193672,42.6,31.44321
226.8,8.288,1.2,-75,193672,42.6,31.45394
226.7,8.288,1.2,-75,191144,43.6,31.44321
226.7,8.28,1.2,-76,193672,42.6,31.43249
226.7,8.288,1.2,-77,193672,42.6,31.42176
226.7,8.288,1.2,-76,193672,42.6,31.42176
226.8,8.288,1.2,-75,193672,42.6,31.42176
226.5,8.28,1.2,-77,193620,42.6,31.43249
226.5,8.288,1.2,-76,193672,42.6,31.41104
225.5,8.288,1.2,-77,193672,42.6,31.40031
225.7,8.288,1.2,-77,193672,42.6,31.38959
225.6,8.288,1.2,-77,193672,42.6,31.38959
225.4,8.288,1.2,-77,193672,42.6,31.37886
225.5,8.288,1.2,-77,193672,42.6,31.38959
225.5,8.288,1.2,-76,193672,42.6,31.38959
225.5,8.296,1.2,-76,193672,43.6,31.37886
225.6,8.288,1.2,-75,193620,42.6,31.38959
225.5,8.28,1.2,-75,193672,42.6,31.40031
225.3,8.28,1.2,-76,192100,42.6,31.37886
225.2,8.288,1.2,-76,193672,42.6,31.37886
225.2,8.28,1.2,-76,193672,42.6,31.38959
225.0,8.288,1.2,-77,193672,42.6,31.36814
224.8,8.28,1.2,-76,193672,42.6,31.37886
224.8,8.28,1.2,-77,193672,42.6,31.38959
225.1,8.288,1.2,-75,193672,42.6,31.37886
225.0,8.288,1.2,-75,193672,42.6,31.38959
225.0,8.288,1.2,-75,193672,42.6,31.41104
224.8,8.288,1.2,-75,193672,42.6,31.41104
225.1,8.28,1.2,-76,193672,42.6,31.41104
225.2,8.288,1.2,-81,193672,42.6,31.41104
225.1,8.288,1.2,-82,193672,41.6,31.41104
224.9,8.288,1.2,-81,193672,42.6,31.40031
224.8,8.288,1.2,-80,193672,42.6,31.40031
224.8,8.288,1.2,-82,193672,42.6,31.40031
224.8,8.288,1.2,-82,193672,42.6,31.41104
225.0,8.28,1.2,-82,193672,42.6,31.41104
224.8,8.288,1.2,-82,193672,42.6,31.41104
224.9,8.288,1.2,-81,191192,42.6,31.40031
225.0,8.288,1.2,-82,193672,42.6,31.37886
225.1,8.288,1.2,-82,193672,42.6,31.37886
224.9,8.288,1.2,-82,193672,42.6,31.35741
224.7,8.288,1.2,-82,193672,42.6,31.36814
224.8,8.288,1.2,-81,193672,42.6,31.35741
225.0,8.288,1.2,-81,193672,42.6,31.34669
224.9,8.288,1.2,-82,193672,42.6,31.35741
225.8,8.288,1.2,-82,193672,42.6,31.34669
225.6,8.28,1.2,-83,193672,42.6,31.33596
225.7,8.288,1.2,-82,193672,42.6,31.33596
226.0,8.288,1.2,-82,193672,42.6,31.32524
226.0,8.288,1.2,-82,193672,42.6,31.31451
226.0,8.288,1.2,-82,193672,42.6,31.32524
225.8,8.288,1.2,-82,193672,42.6,31.32524
226.0,8.288,1.2,-82,193672,42.6,31.32524
226.0,8.288,1.2,-82,193672,42.6,31.33596
226.0,8.288,1.2,-82,193672,42.6,31.34669
226.0,8.288,1.2,-83,193620,42.6,31.34669
226.3,8.296,1.2,-83,192100,42.6,31.30379
226.3,8.288,1.2,-82,193672,42.6,31.30379
226.3,8.288,1.2,-85,193672,42.6,31.29306
226.2,8.288,1.2,-83,193672,42.6,31.30379
226.4,8.288,1.2,-82,193672,42.6,31.29306
226.5,8.288,1.2,-83,193672,42.6,31.27161
226.2,8.288,1.2,-83,193620,42.6,31.27161
226.0,8.288,1.2,-83,193672,42.6,31.28234
225.6,8.288,1.2,-83,193672,42.6,31.27161
225.8,8.288,1.2,-82,193672,42.6,31.26089
226.3,8.288,1.2,-82,193672,42.6,31.26089
226.3,8.288,1.2,-83,193672,42.6,31.26089
226.2,8.288,1.2,-83,193672,42.6,31.23944
226.0,8.288,1.2,-83,193672,42.6,31.25016
226.0,8.28,1.2,-83,193672,42.6,31.23944
226.1,8.288,1.2,-83,193672,42.6,31.23944
226.1,8.288,1.2,-83,193672,42.6,31.23944
225.9,8.288,1.2,-83,193672,42.6,31.22871
225.8,8.288,1.2,-84,193672,42.6,31.21799
225.9,8.296,1.2,-83,192100,42.6,31.21799
225.9,8.28,1.2,-82,193672,42.6,31.21799
225.8,8.288,1.2,-80,193672,42.6,31.20726
225.8,8.288,1.2,-81,193672,42.6,31.23944
225.6,8.288,1.2,-81,193672,42.6,31.22871
225.4,8.288,1.2,-81,193672,42.6,31.22871
225.7,8.288,1.2,-81,193672,42.6,31.23944
225.8,8.288,1.2,-81,193672,42.6,31.22871
225.6,8.288,1.2,-81,193672,41.6,31.22871
225.4,8.288,1.2,-80,193672,42.6,31.23944
225.7,8.288,1.2,-81,193672,42.6,31.22871
225.6,8.288,1.2,-81,193672,42.6,31.23944
224.7,8.288,1.2,-80,193672,42.6,31.23944
224.9,8.288,1.2,-83,193672,42.6,31.25016
224.6,8.288,1.2,-81,193672,42.6,31.25016
224.7,8.288,1.2,-81,193672,42.6,31.22871
224.6,8.288,1.2,-81,191192,43.6,31.22871
224.6,8.288,1.2,-81,193672,42.6,31.19654
225.2,8.288,1.2,-81,193672,41.6,31.20726
225.1,8.288,1.2,-81,193672,42.6,31.18581
225.0,8.288,1.2,-81,193672,41.6,31.18581
224.5,8.288,1.2,-81,193672,42.6,31.17509
224.4,8.288,1.2,-85,193672,42.6,31.16436
223.9,8.288,1.2,-81,193672,42.6,31.16436
224.1,8.288,1.2,-79,193672,42.6,31.15364
224.1,8.288,1.2,-76,193672,42.6,31.16436
223.8,8.288,1.2,-76,193672,42.6,31.15364
224.1,8.288,1.2,-76,193672,41.6,31.15364
224.4,8.288,1.2,-77,193672,42.6,31.15364
224.1,8.288,1.2,-76,193672,42.6,31.16436
224.1,8.288,1.2,-75,193672,42.6,31.15364
224.0,8.288,1.2,-77,193672,41.6,31.16436
224.0,8.288,1.2,-76,193672,42.6,31.17509
224.0,8.288,1.2,-75,193672,42.6,31.16436
223.7,8.288,1.2,-76,193672,42.6,31.15364
223.5,8.28,1.2,-76,192100,43.6,31.15364
223.8,8.288,1.2,-76,193672,42.6,31.16436
224.1,8.288,1.2,-77,193672,42.6,31.15364
223.7,8.288,1.2,-76,193672,42.6,31.16436
223.5,8.288,1.2,-75,193672,42.6,31.14291
221.7,8.288,1.2,-76,193672,42.6,31.14291
221.1,8.288,1.2,-75,193672,42.6,31.15364
221.5,8.28,1.2,-76,193620,42.6,31.15364
221.3,8.288,1.2,-76,193672,42.6,31.15364
221.2,8.288,1.2,-77,193672,42.6,31.13218
221.0,8.288,1.2,-76,193672,42.6,31.14291
221.1,8.296,1.2,-76,193672,42.6,31.14291
221.0,8.288,1.2,-76,193672,42.6,31.12146
221.9,8.288,1.2,-76,193672,42.6,31.13218
221.6,8.288,1.2,-76,193672,42.6,31.12146
219.9,8.288,1.2,-76,193672,42.6,31.10001
219.7,8.288,1.2,-76,193672,42.6,31.10001
219.7,8.288,1.2,-77,193672,41.6,31.10001
219.6,8.288,1.2,-74,193672,42.6,31.07856
219.5,8.296,1.2,-74,192100,42.6,31.08928
219.5,8.288,1.2,-75,193672,42.6,31.08928
220.0,8.288,1.2,-74,193672,42.6,31.10001
220.0,8.288,1.2,-75,193672,41.6,31.12146
220.2,8.288,1.2,-74,193672,42.6,31.11073
220.5,8.288,1.2,-74,193672,41.6,31.12146
220.2,8.288,1.2,-73,193672,42.6,31.11073
220.2,8.288,1.2,-74,193672,42.6,31.12146
220.3,8.288,1.2,-74,193672,41.6,31.13218
220.5,8.288,1.2,-74,193672,42.6,31.13218
220.6,8.288,1.2,-74,193672,42.6,31.14291
220.6,8.288,1.2,-73,193672,42.6,31.13218
220.1,8.288,1.2,-73,193672,42.6,31.15364
220.9,8.288,1.2,-73,193672,42.6,31.14291
220.8,8.288,1.2,-74,193672,41.6,31.15364
220.7,8.288,1.2,-76,193672,42.6,31.14291
220.7,8.288,1.2,-73,191192,43.6,31.14291
220.7,8.288,1.2,-74,193672,42.6,31.13218
220.7,8.288,1.2,-73,193672,42.6,31.12146
220.8,8.288,1.2,-73,193672,42.6,31.08928
220.8,8.28,1.2,-71,193672,42.6,31.08928
220.9,8.288,1.2,-72,193672,42.6,31.08928
220.7,8.288,1.2,-72,193672,42.6,31.06783
220.8,8.288,1.2,-71,193672,42.6,31.05711
220.7,8.288,1.2,-72,193672,42.6,31.05711
221.0,8.288,1.2,-72,193672,42.6,31.04638
220.0,8.288,1.2,-72,193672,42.6,31.03566
219.8,8.288,1.2,-73,193672,42.6,31.02493
219.9,8.288,1.2,-71,193672,42.6,31.03566
219.8,8.288,1.2,-73,193672,42.6,31.02493
219.7,8.28,1.2,-76,193672,42.6,31.02493
219.7,8.288,1.2,-77,193672,42.6,31.02493
218.9,8.288,1.2,-78,193672,42.6,31.02493
218.3,8.288,1.2,-78,193672,42.6,31.01421
219.0,8.288,1.2,-77,193672,42.6,31.01421
219.1,8.296,1.2,-76,192100,42.6,31.02493
218.9,8.288,1.2,-79,193620,42.6,31.01421
218.3,8.288,1.2,-80,193672,42.6,31.02493
218.2,8.288,1.2,-80,193672,42.6,31.02493
218.9,8.28,1.2,-79,193672,42.6,31.01421
218.8,8.288,1.2,-79,193672,42.6,31.01421
218.3,8.288,1.2,-77,193620,42.6,31.02493
218.5,8.288,1.2,-80,193672,42.6,31.02493
219.2,8.288,1.2,-78,193672,42.6,31.04638
219.4,8.288,1.2,-78,193672,42.6,31.04638
218.3,8.288,1.2,-81,193676,42.6,31.04638
219.7,8.288,1.2,-81,193676,42.6,31.05711
219.4,8.288,1.2,-79,193676,42.6,31.06783
219.2,8.296,1.2,-79,193676,42.6,31.05711
219.7,8.288,1.2,-80,193676,41.6,31.07856
219.5,8.288,1.2,-79,193676,41.6,31.06783
219.6,8.288,1.2,-79,193676,42.6,31.06783
221.9,8.288,1.2,-80,193676,42.6,31.06783
221.8,8.288,1.2,-79,193676,42.6,31.10001
221.6,8.296,1.2,-79,192104,42.6,31.11073
221.3,8.288,1.2,-79,193676,42.6,31.10001
221.5,8.288,1.2,-80,193676,42.6,31.10001
221.8,8.288,1.2,-79,193676,42.6,31.10001
222.1,8.288,1.2,-79,193676,42.6,31.10001
222.2,8.272,1.2,-80,193676,42.6,31.08928
222.3,8.288,1.2,-78,193676,41.6,31.10001
222.3,8.288,1.2,-80,193624,43.6,31.08928
222.4,8.288,1.2,-80,193676,42.6,31.12146
222.6,8.288,1.2,-80,193676,42.6,31.12146
222.9,8.288,1.2,-80,193672,42.6,31.12146
223.0,8.288,1.2,-79,193672,42.6,31.10001
223.0,8.288,1.2,-80,193672,42.6,31.08928
223.0,8.288,1.2,-79,193672,42.6,31.08928
223.7,8.288,1.2,-80,193672,42.6,31.07856
223.7,8.288,1.2,-80,193672,42.6,31.08928
223.6,8.288,1.2,-80,191144,43.6,31.10001
223.5,8.288,1.2,-80,193672,42.6,31.10001
223.3,8.288,1.2,-79,193672,41.6,31.08928
223.8,8.288,1.2,-79,193672,42.6,31.10001
223.4,8.288,1.2,-78,193672,42.6,31.10001
223.9,8.288,1.2,-79,193672,42.6,31.10001
224.2,8.288,1.2,-79,193672,41.6,31.10001
224.0,8.288,1.2,-79,193672,42.6,31.10001
223.2,8.288,1.2,-79,193672,42.6,31.12146
223.3,8.288,1.2,-81,193672,42.6,31.12146
220.7,8.288,1.2,-80,193672,42.6,31.11073
221.0,8.288,1.2,-79,193672,42.6,31.12146
221.0,8.288,1.2,-78,193672,42.6,31.12146
220.9,8.28,1.2,-79,193672,42.6,31.11073
221.0,8.288,1.2,-79,193672,41.6,31.08928
220.5,8.288,1.2,-81,193672,41.6,31.08928
220.6,8.288,1.2,-80,192100,42.6,31.07856
220.7,8.288,1.2,-79,193672,42.6,31.10001
221.1,8.288,1.2,-82,193672,42.6,31.10001
220.7,8.288,1.2,-82,193672,42.6,31.12146
220.7,8.288,1.2,-82,193672,42.6,31.11073
220.7,8.288,1.2,-78,193672,42.6,31.12146
221.1,8.288,1.2,-84,193672,41.6,31.11073
221.2,8.288,1.2,-81,193672,42.6,31.10001
221.6,8.288,1.2,-84,193672,42.6,31.10001
221.5,8.288,1.2,-84,193672,42.6,31.08928
221.5,8.288,1.2,-82,193672,42.6,31.06783
221.6,8.288,1.2,-84,193672,42.6,31.08928
222.2,8.288,1.2,-83,193672,42.6,31.07856
224.2,8.288,1.2,-81,193672,42.6,31.07856
224.2,8.288,1.2,-81,193672,42.6,31.06783
224.0,8.288,1.2,-83,193672,42.6,31.06783
224.1,8.288,1.2,-81,193672,42.6,31.08928
224.0,8.288,1.2,-83,193672,42.6,31.10001
223.9,8.288,1.2,-83,193672,41.6,31.10001
223.2,8.288,1.2,-84,193672,43.6,31.12146
223.1,8.288,1.2,-85,193672,42.6,31.13218
223.0,8.288,1.2,-83,193672,42.6,31.13218
223.2,8.296,1.2,-82,192100,42.6,31.13218
223.0,8.288,1.2,-82,193672,42.6,31.14291
223.3,8.28,1.2,-81,193672,41.6,31.11073
223.1,8.288,1.2,-78,193672,41.6,31.11073
223.2,8.288,1.2,-85,193672,42.6,31.10001
222.6,8.288,1.2,-84,193672,42.6,31.08928
222.8,8.288,1.2,-84,193672,42.6,31.10001
222.8,8.28,1.2,-78,193672,42.6,31.10001
222.9,8.288,1.2,-84,193672,42.6,31.10001
223.2,8.28,1.2,-84,193672,42.6,31.06783
223.3,8.288,1.2,-83,193620,43.6,31.05711
223.0,8.28,1.2,-77,193672,42.6,31.07856
223.1,8.288,1.2,-82,193672,42.6,31.06783
223.2,8.288,1.2,-83,193672,42.6,31.04638
223.2,8.28,1.2,-85,193672,41.6,31.04638
223.1,8.288,1.2,-83,193672,42.6,31.04638
223.2,8.288,1.2,-84,192100,41.6,31.05711
223.4,8.288,1.2,-83,193672,42.6,31.05711
223.5,8.288,1.2,-83,193672,42.6,31.06783
223.5,8.288,1.2,-84,193672,41.6,31.04638
223.6,8.288,1.2,-85,193672,42.6,31.05711
223.8,8.288,1.2,-85,193672,41.6,31.05711
223.9,8.288,1.2,-86,193672,41.6,31.05711
223.8,8.288,1.2,-85,193672,42.6,31.03566
224.0,8.288,1.2,-84,193672,42.6,31.05711
224.0,8.288,1.2,-84,193672,41.6,31.05711
224.0,8.288,1.2,-83,193672,42.6,31.05711
224.0,8.288,1.2,-84,193672,42.6,31.06783
224.0,8.288,1.2,-86,193672,41.6,31.07856
223.9,8.288,1.2,-85,193672,42.6,31.07856
224.0,8.288,1.2,-84,193672,41.6,31.08928
224.1,8.288,1.2,-85,193672,42.6,31.07856
224.5,8.288,1.2,-84,193672,42.6,31.08928
224.9,8.288,1.2,-85,193672,42.6,31.08928
225.0,8.288,1.2,-86,193672,42.6,31.10001
225.1,8.296,1.2,-84,192100,42.6,31.11073
225.0,8.288,1.2,-84,193672,42.6,31.11073
224.8,8.288,1.2,-84,193672,41.6,31.12146
224.9,8.288,1.2,-84,193672,42.6,31.13218
224.9,8.28,1.2,-84,193672,42.6,31.14291
224.9,8.288,1.2,-84,193672,42.6,31.14291
222.1,8.28,1.2,-84,193672,41.6,31.14291
221.4,8.288,1.2,-84,193672,42.6,31.12146
221.8,8.288,1.2,-82,193672,42.6,31.13218
222.0,8.288,1.2,-78,193672,41.6,31.11073
221.9,8.288,1.2,-81,193672,42.6,31.11073
221.8,8.288,1.2,-81,193672,41.6,31.10001
221.8,8.288,1.2,-82,193672,42.6,31.08928
221.9,8.288,1.2,-78,193672,42.6,31.10001
222.1,8.288,1.2,-80,193672,42.6,31.10001
222.1,8.288,1.2,-80,193620,41.6,31.08928
222.0,8.288,1.2,-79,191140,43.6,31.07856
222.1,8.288,1.2,-79,193672,42.6,31.07856
222.3,8.288,1.2,-80,193672,42.6,31.06783
221.9,8.288,1.2,-80,193672,42.6,31.06783
221.5,8.288,1.2,-79,193672,42.6,31.06783
221.4,8.288,1.2,-80,193672,41.6,31.08928
221.7,8.288,1.2,-79,193672,42.6,31.08928
222.3,8.288,1.2,-79,193672,42.6,31.10001
222.0,8.288,1.2,-80,193672,42.6,31.12146
221.8,8.288,1.2,-80,193672,41.6,31.12146
222.2,8.288,1.2,-79,193676,42.6,31.10001
222.0,8.288,1.2,-79,193676,42.6,31.12146
222.0,8.288,1.2,-79,193676,42.6,31.12146
222.5,8.288,1.2,-80,193676,42.6,31.13218
222.6,8.288,1.2,-81,193676,42.6,31.10001
222.2,8.288,1.2,-82,193676,42.6,31.12146
222.4,8.288,1.2,-79,193676,42.6,31.10001
222.6,8.288,1.2,-81,193676,42.6,31.11073
222.3,8.28,1.2,-80,193676,41.6,31.10001
222.1,8.296,1.2,-81,192104,42.6,31.07856
222.0,8.288,1.2,-80,193676,41.6,31.11073
221.9,8.288,1.2,-82,193676,41.6,31.07856
221.7,8.288,1.2,-80,193676,42.6,31.07856
220.8,8.288,1.2,-80,193676,42.6,31.08928
221.2,8.28,1.2,-79,193676,42.6,31.11073
221.1,8.28,1.2,-79,193676,41.6,31.12146
220.9,8.288,1.2,-80,193676,42.6,31.10001
221.0,8.288,1.2,-80,193676,41.6,31.11073
220.9,8.288,1.2,-80,193676,41.6,31.11073
221.3,8.288,1.2,-79,193676,42.6,31.12146
221.6,8.288,1.2,-81,193676,42.6,31.12146
224.3,8.288,1.2,-80,193676,42.6,31.12146
224.4,8.288,1.2,-80,193676,42.6,31.12146
224.5,8.288,1.2,-79,193676,42.6,31.12146
224.3,8.288,1.2,-80,193676,42.6,31.13218
224.0,8.288,1.2,-79,192104,42.6,31.13218
224.0,8.28,1.2,-80,193676,42.6,31.13218
224.1,8.288,1.2,-79,193676,41.6,31.15364
226.2,8.28,1.2,-79,193624,42.6,31.15364
226.2,8.288,1.2,-82,193676,41.6,31.16436
225.6,8.288,1.2,-80,193676,42.6,31.17509
226.0,8.288,1.2,-80,193676,41.6,31.17509
226.2,8.288,1.2,-78,193676,42.6,31.17509
226.0,8.288,1.2,-81,193676,42.6,31.16436
226.1,8.288,1.2,-80,193676,41.6,31.17509
225.2,8.288,1.2,-79,193624,41.6,31.16436
225.4,8.288,1.2,-80,193676,41.6,31.17509
225.5,8.288,1.2,-81,193676,42.6,31.14291
224.4,8.288,1.2,-78,193676,42.6,31.13218
225.1,8.288,1.2,-80,193676,42.6,31.14291
225.0,8.288,1.2,-81,193676,41.6,31.13218
225.0,8.28,1.2,-79,193676,42.6,31.14291
224.9,8.28,1.2,-81,193676,41.6,31.15364
224.8,8.288,1.2,-81,193676,41.6,31.15364
224.9,8.288,1.2,-80,192056,42.6,31.16436
225.1,8.28,1.2,-80,193676,41.6,31.16436
225.2,8.288,1.2,-78,193676,41.6,31.16436
225.5,8.288,1.2,-80,193676,42.6,31.16436
225.4,8.288,1.2,-80,193676,42.6,31.17509
226.5,8.28,1.2,-80,193676,41.6,31.14291
226.5,8.288,1.2,-78,193676,41.6,31.14291
226.2,8.288,1.2,-81,193676,42.6,31.13218
226.3,8.28,1.2,-79,193676,42.6,31.12146
226.3,8.288,1.2,-80,193676,42.6,31.12146
226.0,8.288,1.2,-79,193676,42.6,31.12146
226.3,8.288,1.2,-79,193676,42.6,31.11073
226.1,8.288,1.2,-78,193676,42.6,31.13218
226.2,8.28,1.2,-79,193676,42.6,31.12146
225.8,8.288,1.2,-79,193676,41.6,31.13218
225.8,8.288,1.2,-80,193676,42.6,31.14291
225.9,8.28,1.2,-81,193676,42.6,31.14291
225.9,8.28,1.2,-79,193676,42.6,31.15364
225.9,8.288,1.2,-79,193676,42.6,31.15364
225.7,8.288,1.2,-81,192104,42.6,31.15364
226.0,8.288,1.2,-80,193676,41.6,31.14291
225.7,8.288,1.2,-80,193676,41.6,31.15364
225.9,8.288,1.2,-81,193676,42.6,31.15364
226.3,8.288,1.2,-79,193628,41.6,31.15364
225.9,8.288,1.2,-79,193676,41.6,31.14291
225.8,8.288,1.2,-79,193676,42.6,31.15364
225.6,8.288,1.2,-79,193676,42.6,31.14291
225.7,8.288,1.2,-79,193676,42.6,31.14291
225.5,8.288,1.2,-81,193676,41.6,31.14291
225.8,8.288,1.2,-80,193676,42.6,31.13218
225.7,8.288,1.2,-79,193676,41.6,31.13218
225.6,8.288,1.2,-79,193676,41.6,31.13218
225.5,8.288,1.2,-80,193676,42.6,31.13218
225.9,8.28,1.2,-79,193676,42.6,31.12146
225.6,8.288,1.2,-82,193676,41.6,31.12146
225.5,8.288,1.2,-79,192104,42.6,31.11073
225.0,8.288,1.2,-79,193676,42.6,31.12146
225.3,8.288,1.2,-80,193676,41.6,31.12146
225.1,8.288,1.2,-80,193676,42.6,31.12146
225.7,8.288,1.2,-79,193624,41.6,31.12146
225.8,8.288,1.2,-79,193676,42.6,31.12146
225.7,8.288,1.2,-79,193676,41.6,31.12146
224.6,8.288,1.2,-78,193672,42.6,31.13218
223.9,8.288,1.2,-78,193672,42.6,31.13218
223.8,8.288,1.2,-78,193672,41.6,31.13218
224.2,8.288,1.2,-79,193672,42.6,31.12146
223.1,8.288,1.2,-79,193672,42.6,31.11073
223.7,8.288,1.2,-79,193672,41.6,31.12146
223.6,8.288,1.2,-79,193672,42.6,31.12146
223.7,8.28,1.2,-78,193672,41.6,31.12146
223.8,8.288,1.2,-79,193672,42.6,31.12146
223.6,8.288,1.2,-80,193672,42.6,31.14291
223.5,8.288,1.2,-80,193672,41.6,31.13218
223.6,8.28,1.2,-81,193672,42.6,31.13218
223.6,8.288,1.2,-79,192100,42.6,31.12146
223.7,8.288,1.2,-79,193620,42.6,31.10001
223.5,8.288,1.2,-81,193672,42.6,31.08928
223.1,8.288,1.2,-80,193672,42.6,31.08928
223.0,8.28,1.2,-80,193672,42.6,31.07856
223.1,8.288,1.2,-81,193672,42.6,31.07856
223.0,8.288,1.2,-81,193672,41.6,31.07856
223.2,8.288,1.2,-78,193672,42.6,31.10001
223.5,8.288,1.2,-79,193672,42.6,31.08928
223.6,8.28,1.2,-81,193672,41.6,31.07856
223.4,8.288,1.2,-81,193672,42.6,31.06783
223.4,8.28,1.2,-80,193672,41.6,31.07856
223.3,8.288,1.2,-77,193672,41.6,31.07856
223.5,8.288,1.2,-79,193672,42.6,31.07856
223.9,8.288,1.2,-80,193672,42.6,31.06783
224.1,8.288,1.2,-81,193672,41.6,31.06783
223.6,8.288,1.2,-80,191192,43.6,31.06783
223.4,8.288,1.2,-80,193672,42.6,31.06783
223.4,8.28,1.2,-81,193672,41.6,31.06783
223.8,8.288,1.2,-80,193672,42.6,31.06783
224.0,8.288,1.2,-79,193672,41.6,31.06783
222.4,8.288,1.2,-78,193672,42.6,31.05711
222.8,8.288,1.2,-78,193672,42.6,31.05711
224.0,8.288,1.2,-79,193672,42.6,31.06783
224.1,8.288,1.2,-79,193672,42.6,31.04638
224.0,8.288,1.2,-79,193672,42.6,31.05711
223.6,8.288,1.2,-79,193672,42.6,31.06783
223.6,8.288,1.2,-81,193672,41.6,31.04638
223.9,8.288,1.2,-79,193672,42.6,31.03566
224.2,8.288,1.2,-80,193672,42.6,31.03566
223.9,8.288,1.2,-82,193672,41.6,31.03566
224.6,8.288,1.2,-80,193672,41.6,31.04638
224.4,8.288,1.2,-80,193672,42.6,31.05711
224.0,8.288,1.2,-80,193672,42.6,31.05711
224.0,8.288,1.2,-79,193672,42.6,31.05711
224.4,8.296,1.2,-81,193672,42.6,31.04638
223.9,8.288,1.2,-80,193672,42.6,31.04638
224.2,8.288,1.2,-81,193672,41.6,31.03566
224.1,8.296,1.2,-80,192100,42.6,31.03566
224.2,8.288,1.2,-80,193672,41.6,31.02493
224.1,8.288,1.2,-78,193672,42.6,31.01421
223.9,8.288,1.2,-79,193672,41.6,31.01421
224.3,8.288,1.2,-79,193672,42.6,31.04638
224.9,8.288,1.2,-78,193672,41.6,31.04638
225.2,8.288,1.2,-78,193672,41.6,31.04638
224.9,8.288,1.2,-79,193672,42.6,31.03566
224.9,8.288,1.2,-79,193672,41.6,31.03566
224.9,8.288,1.2,-79,193672,42.6,31.04638
225.3,8.28,1.2,-79,193672,42.6,31.04638
225.2,8.288,1.2,-79,193672,42.6,31.05711
225.6,8.288,1.2,-77,193672,41.6,31.07856
225.8,8.288,1.2,-74,193676,42.6,31.08928
226.0,8.28,1.2,-79,193676,42.6,31.10001
226.1,8.288,1.2,-81,193676,41.6,31.07856
226.2,8.288,1.2,-80,191148,42.6,31.08928
226.1,8.28,1.2,-80,193676,41.6,31.06783
226.0,8.288,1.2,-80,193676,42.6,31.07856
226.0,8.288,1.2,-82,193676,42.6,31.08928
226.0,8.288,1.2,-79,193676,41.6,31.08928
225.5,8.288,1.2,-79,193676,42.6,31.06783
225.5,8.288,1.2,-79,193676,42.6,31.06783
223.5,8.288,1.2,-79,193624,41.6,31.06783
223.2,8.288,1.2,-79,193676,42.6,31.06783
222.0,8.288,1.2,-79,193676,41.6,31.04638
222.1,8.288,1.2,-77,193676,42.6,31.04638
222.3,8.288,1.2,-77,193676,42.6,31.03566
222.1,8.28,1.2,-77,193676,41.6,31.04638
221.8,8.288,1.2,-78,193676,42.6,31.04638
222.2,8.288,1.2,-79,193676,41.6,31.02493
222.2,8.288,1.2,-80,193676,42.6,31.02493
222.4,8.288,1.2,-79,192104,42.6,31.00348
222.7,8.288,1.2,-79,193676,41.6,31.01421
222.9,8.288,1.2,-81,193676,41.6,31.02493
222.7,8.288,1.2,-80,193676,42.6,31.02493
222.7,8.288,1.2,-81,193676,41.6,31.02493
222.8,8.288,1.2,-81,193676,41.6,31.03566
222.9,8.288,1.2,-81,193676,41.6,31.03566
222.9,8.288,1.2,-79,193676,41.6,31.02493
222.7,8.288,1.2,-81,193676,41.6,31.01421
223.0,8.288,1.2,-79,193624,41.6,31.02493
223.1,8.288,1.2,-78,193676,41.6,31.01421
222.9,8.288,1.2,-80,193676,42.6,30.99276
222.9,8.288,1.2,-79,193672,42.6,31.01421
223.2,8.288,1.2,-79,193672,42.6,31.00348
223.0,8.288,1.2,-80,193672,41.6,31.00348
222.9,8.288,1.2,-80,193672,42.6,30.99276
222.9,8.288,1.2,-78,193620,42.6,30.99276
222.7,8.288,1.2,-77,193672,42.6,31.00348
222.9,8.288,1.2,-79,193672,42.6,31.01421
222.9,8.288,1.2,-79,192100,41.6,31.00348
222.9,8.288,1.2,-78,193672,42.6,31.01421
222.9,8.288,1.2,-79,193672,41.6,31.01421
222.9,8.288,1.2,-78,193672,41.6,31.02493
222.7,8.288,1.2,-80,193672,41.6,31.02493
222.8,8.288,1.2,-80,193672,42.6,31.04638
223.1,8.288,1.2,-80,193672,41.6,31.02493
222.5,8.288,1.2,-80,193624,42.6,31.03566
222.5,8.288,1.2,-78,193676,42.6,31.03566
223.3,8.288,1.2,-79,193676,42.6,31.03566
223.7,8.288,1.2,-80,193676,42.6,31.03566
223.7,8.288,1.2,-81,193676,41.6,31.03566
223.6,8.288,1.2,-80,193676,41.6,31.02493
224.0,8.288,1.2,-78,193676,42.6,31.02493
223.9,8.288,1.2,-80,193676,41.6,31.03566
223.6,8.288,1.2,-80,193676,41.6,31.03566
223.7,8.288,1.2,-79,193676,42.6,31.03566
223.2,8.288,1.2,-79,193676,42.6,31.02493
223.3,8.288,1.2,-77,193676,41.6,31.02493
223.7,8.296,1.2,-82,192104,42.6,31.01421
223.6,8.288,1.2,-78,193676,42.6,31.02493
223.4,8.288,1.2,-80,193676,41.6,31.01421
223.6,8.288,1.2,-79,193676,41.6,31.01421
223.7,8.288,1.2,-79,193676,42.6,31.00348
223.5,8.288,1.2,-79,193676,42.6,31.00348
223.6,8.288,1.2,-79,193676,41.6,30.99276
223.7,8.288,1.2,-78,193676,42.6,31.00348
224.0,8.288,1.2,-79,193624,41.6,30.99276
226.3,8.288,1.2,-78,193676,41.6,30.99276
225.6,8.288,1.2,-79,193676,42.6,30.99276
225.7,8.288,1.2,-78,193676,41.6,30.99276
226.1,8.288,1.2,-80,193676,42.6,31.00348
225.7,8.288,1.2,-78,193676,42.6,30.99276
225.6,8.288,1.2,-78,193676,42.6,30.99276
225.9,8.288,1.2,-78,193624,41.6,31.00348
225.8,8.288,1.2,-78,191196,42.6,31.02493
226.0,8.288,1.2,-80,193676,41.6,31.00348
225.2,8.288,1.2,-79,193676,41.6,31.00348
224.7,8.288,1.2,-78,193676,41.6,30.98203
223.5,8.288,1.2,-79,193676,41.6,30.97131
223.3,8.288,1.2,-78,193676,41.6,30.96058
223.0,8.288,1.2,-81,193676,42.6,30.97131
222.9,8.288,1.2,-78,193676,41.6,30.98203
222.9,8.288,1.2,-79,193676,42.6,30.96058
223.0,8.288,1.2,-88,193676,41.6,30.97131
222.6,8.288,1.2,-83,193676,42.6,30.96058
222.4,8.288,1.2,-82,193676,42.6,30.94986
222.5,8.288,1.2,-83,193676,41.6,30.96058
221.7,8.288,1.2,-83,193676,42.6,30.96058
222.4,8.288,1.2,-83,193676,41.6,30.93913
222.4,8.296,1.2,-82,193676,42.6,30.94986
222.3,8.288,1.2,-80,193676,42.6,30.94986
222.6,8.288,1.2,-82,193676,42.6,30.96058
222.4,8.288,1.2,-82,193676,41.6,30.94986
221.1,8.288,1.2,-81,191196,43.6,30.93913
221.9,8.288,1.2,-83,193620,41.6,30.93913
222.1,8.288,1.2,-82,193672,42.6,30.93913
222.0,8.288,1.2,-81,193672,41.6,30.92841
221.7,8.288,1.2,-81,193672,42.6,30.94986
222.0,8.288,1.2,-81,193672,41.6,30.94986
222.0,8.288,1.2,-81,193672,41.6,30.94986
222.2,8.288,1.2,-80,193672,42.6,30.93913
220.6,8.288,1.2,-82,193672,41.6,30.93913
220.4,8.288,1.2,-83,193672,41.6,30.92841
220.4,8.288,1.2,-82,193672,41.6,30.92841
220.7,8.288,1.2,-81,193672,41.6,30.92841
220.4,8.28,1.2,-84,193672,42.6,30.93913
220.1,8.288,1.2,-84,193672,42.6,30.92841
219.8,8.288,1.2,-80,193672,41.6,30.91768
219.3,8.288,1.2,-82,193672,41.6,30.93913
219.5,8.288,1.2,-80,193672,42.6,30.93913
219.3,8.288,1.2,-84,193672,41.6,30.92841
219.1,8.288,1.2,-81,193672,41.6,30.91768
219.1,8.296,1.2,-81,192100,42.6,30.89623
219.0,8.28,1.2,-80,193672,41.6,30.90696
219.3,8.288,1.2,-83,193672,41.6,30.91768
219.5,8.288,1.2,-81,193672,41.6,30.90696
219.3,8.288,1.2,-82,193672,41.6,30.90696
219.0,8.288,1.2,-82,193672,42.6,30.88551
219.0,8.288,1.2,-82,193672,41.6,30.89623
218.9,8.288,1.2,-83,193620,41.6,30.90696
218.8,8.288,1.2,-82,193672,42.6,30.89623
218.8,8.288,1.2,-81,193672,42.6,30.88551
219.3,8.288,1.2,-80,193672,42.6,30.89623
219.6,8.288,1.2,-81,193672,42.6,30.89623
220.1,8.288,1.2,-81,193672,42.6,30.88551
220.1,8.288,1.2,-81,193672,42.6,30.88551
219.9,8.288,1.2,-81,193672,42.6,30.88551
220.1,8.288,1.2,-82,193672,42.6,30.89623
220.0,8.288,1.2,-81,191144,42.6,30.88551
220.0,8.288,1.2,-87,193672,43.6,30.89623
220.0,8.296,1.2,-81,193620,42.6,30.88551
220.1,8.288,1.2,-88,193672,41.6,30.89623
220.3,8.296,1.2,-86,193672,42.6,30.87478
220.4,8.288,1.2,-85,193672,42.6,30.86406
220.7,8.288,1.2,-83,193672,41.6,30.86406
220.2,8.288,1.2,-86,193672,42.6,30.85333
220.2,8.288,1.2,-81,193672,41.6,30.86406
220.1,8.288,1.2,-82,193672,42.6,30.85333
220.4,8.288,1.2,-86,193672,41.6,30.85333
220.5,8.288,1.2,-81,193672,41.6,30.85333
220.3,8.288,1.2,-85,193672,41.6,30.85333
220.3,8.288,1.2,-80,193672,42.6,30.85333
220.5,8.288,1.2,-80,193624,41.6,30.86406
219.9,8.288,1.2,-78,193672,41.6,30.84261
220.0,8.288,1.2,-77,193672,42.6,30.84261
220.0,8.288,1.2,-78,193672,41.6,30.84261
220.1,8.288,1.2,-77,193672,41.6,30.83188
220.3,8.296,1.2,-78,192100,41.6,30.83188
220.2,8.288,1.2,-78,193672,41.6,30.82116
220.4,8.288,1.2,-78,193672,41.6,30.82116
220.5,8.288,1.2,-78,193672,41.6,30.83188
220.4,8.288,1.2,-79,193672,41.6,30.82116
220.0,8.288,1.2,-77,193672,41.6,30.82116
219.9,8.288,1.2,-79,193672,41.6,30.83188
220.1,8.288,1.2,-77,193672,41.6,30.84261
220.3,8.288,1.2,-77,193672,41.6,30.84261
220.0,8.288,1.2,-77,193672,41.6,30.84261
220.3,8.288,1.2,-77,193672,41.6,30.83188
220.3,8.288,1.2,-78,193672,41.6,30.83188
220.7,8.288,1.2,-79,193672,41.6,30.84261
219.6,8.288,1.2,-78,193672,41.6,30.83188
218.8,8.288,1.2,-77,193672,41.6,30.82116
218.7,8.288,1.2,-86,193672,41.6,30.82116
218.9,8.288,1.2,-86,193620,42.6,30.83188
219.2,8.288,1.2,-84,193672,41.6,30.83188
219.2,8.288,1.2,-84,193672,41.6,30.82116
219.2,8.296,1.2,-83,192100,42.6,30.85333
219.2,8.288,1.2,-79,193672,41.6,30.84261
219.1,8.288,1.2,-84,193672,41.6,30.84261
219.4,8.288,1.2,-84,193672,41.6,30.84261
219.3,8.288,1.2,-82,193672,41.6,30.84261
219.4,8.288,1.2,-81,193672,41.6,30.82116
219.3,8.288,1.2,-78,193672,41.6,30.83188
219.2,8.288,1.2,-81,193672,41.6,30.83188
218.6,8.288,1.2,-84,193672,41.6,30.83188
219.0,8.288,1.2,-80,193672,41.6,30.82116
219.3,8.288,1.2,-82,193672,42.6,30.84261
219.4,8.288,1.2,-83,193672,41.6,30.84261
219.5,8.288,1.2,-83,193672,41.6,30.83188
219.4,8.288,1.2,-85,193672,41.6,30.84261
219.5,8.288,1.2,-84,193672,41.6,30.84261
219.4,8.288,1.2,-85,193672,41.6,30.83188
219.4,8.288,1.2,-84,191192,43.6,30.85333
219.6,8.288,1.2,-82,193672,42.6,30.84261
219.5,8.28,1.2,-83,193672,41.6,30.85333
219.4,8.288,1.2,-83,193672,41.6,30.84261
219.5,8.288,1.2,-85,193672,41.6,30.84261
219.7,8.288,1.2,-85,193672,41.6,30.84261
219.6,8.288,1.2,-85,193672,42.6,30.84261
219.6,8.288,1.2,-82,193672,42.6,30.85333
219.4,8.288,1.2,-83,193672,42.6,30.84261
219.2,8.28,1.2,-80,193672,41.6,30.83188
219.1,8.288,1.2,-85,193672,42.6,30.84261
219.2,8.288,1.2,-84,193672,41.6,30.83188
219.1,8.288,1.2,-82,193672,41.6,30.83188
219.4,8.288,1.2,-83,193672,41.6,30.83188
222.6,8.288,1.2,-81,193672,41.6,30.82116
222.6,8.288,1.2,-83,193672,41.6,30.84261
222.9,8.288,1.2,-84,193672,42.6,30.84261
222.7,8.288,1.2,-84,193672,41.6,30.83188
222.6,8.288,1.2,-83,193672,41.6,30.84261
222.7,8.296,1.2,-83,192100,41.6,30.82116
223.2,8.288,1.2,-83,193672,41.6,30.83188
223.2,8.288,1.2,-84,193672,41.6,30.81043
224.3,8.288,1.2,-85,193672,41.6,30.81043
224.7,8.288,1.2,-82,193672,41.6,30.82116
224.6,8.288,1.2,-77,193672,41.6,30.83188
224.5,8.288,1.2,-77,193672,41.6,30.82116
226.7,8.288,1.2,-76,193672,41.6,30.82116
227.1,8.288,1.2,-77,193672,42.6,30.78898
227.2,8.288,1.2,-78,193672,41.6,30.78898
226.3,8.288,1.2,-78,193620,41.6,30.78898
224.5,8.288,1.2,-76,193672,41.6,30.78898
225.9,8.288,1.2,-78,193672,42.6,30.76753
226.3,8.288,1.2,-77,193672,41.6,30.78898
226.1,8.288,1.2,-76,193672,41.6,30.78898
226.1,8.288,1.2,-77,193672,41.6,30.78898
226.1,8.288,1.2,-75,193672,41.6,30.81043
227.0,8.28,1.2,-77,193672,41.6,30.79971
226.6,8.288,1.2,-77,193672,41.6,30.79971
226.3,8.288,1.2,-77,192100,41.6,30.78898
226.8,8.288,1.2,-77,193672,41.6,30.79971
226.7,8.288,1.2,-78,193672,41.6,30.81043
226.8,8.288,1.2,-78,193672,41.6,30.78898
226.3,8.288,1.2,-76,193672,41.6,30.79971
226.3,8.288,1.2,-76,193672,41.6,30.81043
224.8,8.288,1.2,-77,193672,41.6,30.79971
224.8,8.288,1.2,-77,193620,41.6,30.81043
224.6,8.288,1.2,-76,193672,41.6,30.79971
224.9,8.288,1.2,-76,193672,42.6,30.81043
224.6,8.288,1.2,-77,193672,41.6,30.78898
224.6,8.288,1.2,-77,193672,41.6,30.79971
224.4,8.28,1.2,-77,193672,41.6,30.81043
224.0,8.288,1.2,-77,193672,41.6,30.81043
223.6,8.288,1.2,-78,193672,41.6,30.79971
223.7,8.288,1.2,-77,193672,41.6,30.79971
223.8,8.288,1.2,-76,193672,41.6,30.79971
224.1,8.288,1.2,-78,193672,41.6,30.82116
222.6,8.288,1.2,-77,193672,41.6,30.81043
222.9,8.296,1.2,-76,192100,41.6,30.83188
223.6,8.288,1.2,-76,193672,41.6,30.82116
223.8,8.288,1.2,-76,193672,41.6,30.83188
223.8,8.288,1.2,-77,193672,41.6,30.83188
224.0,8.288,1.2,-78,193672,41.6,30.84261
224.1,8.288,1.2,-78,193672,41.6,30.84261
224.0,8.288,1.2,-77,193672,41.6,30.84261
222.5,8.288,1.2,-77,193672,41.6,30.84261
223.3,8.28,1.2,-75,193672,41.6,30.83188
223.9,8.28,1.2,-78,193672,41.6,30.83188
223.9,8.28,1.2,-77,193672,42.6,30.81043
223.9,8.288,1.2,-77,193672,41.6,30.81043
223.6,8.28,1.2,-76,193672,41.6,30.82116
224.0,8.288,1.2,-77,193672,42.6,30.82116
223.8,8.288,1.2,-77,193672,41.6,30.82116
223.9,8.288,1.2,-77,193672,41.6,30.81043
224.0,8.288,1.2,-76,191140,42.6,30.82116
223.8,8.288,1.2,-77,193672,41.6,30.82116
224.0,8.288,1.2,-78,193672,41.6,30.82116
223.7,8.288,1.2,-77,193672,41.6,30.83188
223.8,8.288,1.2,-78,193672,41.6,30.82116
222.9,8.288,1.2,-78,193672,41.6,30.82116
224.1,8.288,1.2,-77,193672,41.6,30.83188
223.8,8.28,1.2,-77,193672,41.6,30.82116
223.6,8.288,1.2,-77,193672,41.6,30.81043
223.9,8.288,1.2,-77,193672,41.6,30.81043
223.9,8.288,1.2,-78,193672,41.6,30.81043
224.2,8.288,1.2,-77,193672,41.6,30.79971
223.1,8.288,1.2,-76,193672,41.6,30.78898
224.6,8.288,1.2,-76,193672,42.6,30.79971
224.8,8.288,1.2,-76,193672,41.6,30.79971
224.7,8.288,1.2,-78,193672,41.6,30.78898
223.6,8.288,1.2,-76,193672,41.6,30.77826
224.8,8.288,1.2,-77,193672,41.6,30.79971
225.1,8.288,1.2,-78,193672,41.6,30.77826
225.0,8.296,1.2,-76,192100,42.6,30.76753
224.5,8.288,1.2,-76,193672,41.6,30.78898
224.8,8.288,1.2,-76,193672,41.6,30.79971
225.0,8.288,1.2,-78,193672,41.6,30.78898
224.9,8.288,1.2,-76,193672,41.6,30.78898
225.8,8.288,1.2,-78,193672,41.6,30.79971
225.8,8.288,1.2,-77,193672,41.6,30.78898
225.6,8.288,1.2,-78,193672,41.6,30.78898
224.2,8.288,1.2,-78,193672,41.6,30.78898
224.7,8.288,1.2,-78,193672,41.6,30.78898
225.0,8.288,1.2,-78,193672,41.6,30.77826
225.5,8.288,1.2,-78,193672,41.6,30.76753
226.2,8.288,1.2,-78,193672,41.6,30.77826
226.1,8.28,1.2,-78,193676,41.6,30.78898
226.0,8.288,1.2,-77,193676,41.6,30.77826
225.0,8.288,1.2,-78,193676,41.6,30.78898
226.0,8.288,1.2,-78,193676,42.6,30.77826
226.3,8.288,1.2,-76,193676,41.6,30.76753
226.5,8.288,1.2,-76,193676,41.6,30.77826
226.4,8.296,1.2,-76,192104,42.6,30.76753
226.8,8.288,1.2,-76,193656,41.6,30.77826
226.8,8.288,1.2,-77,193656,41.6,30.77826
226.7,8.288,1.2,-78,193656,41.6,30.76753
226.8,8.288,1.2,-79,193656,41.6,30.75681
226.8,8.288,1.2,-77,193604,41.6,30.74608
226.0,8.28,1.2,-78,193656,41.6,30.74608
225.1,8.288,1.2,-76,193656,41.6,30.73536
226.2,8.288,1.2,-79,193656,41.6,30.75681
226.0,8.288,1.2,-78,193656,42.6,30.73536
226.7,8.288,1.2,-78,193676,41.6,30.73536
226.6,8.288,1.2,-77,193676,41.6,30.73536
224.3,8.288,1.2,-78,193676,41.6,30.73536
224.5,8.288,1.2,-78,193676,42.6,30.72463
224.9,8.288,1.2,-77,193676,41.6,30.72463
224.9,8.28,1.2,-78,193676,41.6,30.72463
224.6,8.288,1.2,-79,191148,43.6,30.72463
224.9,8.288,1.2,-79,193676,41.6,30.74608
224.9,8.28,1.2,-78,193676,41.6,30.74608
225.2,8.28,1.2,-78,193676,41.6,30.73536
224.2,8.288,1.2,-77,193676,41.6,30.74608
224.0,8.28,1.2,-77,193676,41.6,30.73536
224.0,8.28,1.2,-78,193676,41.6,30.74608
224.0,8.288,1.2,-78,193676,41.6,30.74608
224.1,8.288,1.2,-79,193676,41.6,30.72463
224.3,8.288,1.2,-78,193676,41.6,30.73536
224.4,8.28,1.2,-77,193676,41.6,30.72463
224.6,8.288,1.2,-77,193676,41.6,30.73536
224.7,8.28,1.2,-76,193624,41.6,30.73536
224.8,8.288,1.2,-91,193676,41.6,30.73536
224.7,8.28,1.2,-77,193676,41.6,30.73536
224.6,8.288,1.2,-84,193676,41.6,30.75681
224.6,8.288,1.2,-74,193676,41.6,30.76753
224.8,8.288,1.2,-75,193676,41.6,30.75681
225.0,8.288,1.2,-75,193676,41.6,30.76753
225.1,8.296,1.2,-76,192056,41.6,30.75681
224.7,8.288,1.2,-75,193676,41.6,30.75681
224.8,8.28,1.2,-75,193676,41.6,30.76753
225.0,8.288,1.2,-75,193676,41.6,30.75681
225.4,8.288,1.2,-76,193676,41.6,30.75681
225.9,8.288,1.2,-74,193676,41.6,30.75681
225.2,8.288,1.2,-75,193676,41.6,30.75681
225.5,8.288,1.2,-75,193676,41.6,30.76753
226.1,8.288,1.2,-76,193676,41.6,30.77826
226.3,8.288,1.2,-74,193676,41.6,30.77826
226.1,8.288,1.2,-75,193676,41.6,30.76753
226.1,8.288,1.2,-75,193676,41.6,30.76753
227.5,8.288,1.2,-75,193676,41.6,30.76753
227.9,8.288,1.2,-75,193676,41.6,30.76753
227.7,8.288,1.2,-74,193676,41.6,30.78898
227.8,8.288,1.2,-75,193676,41.6,30.79971
227.7,8.288,1.2,-75,193676,42.6,30.78898
227.6,8.288,1.2,-76,193676,41.6,30.77826
227.7,8.288,1.2,-75,193676,41.6,30.78898
227.8,8.296,1.2,-76,192104,41.6,30.78898
227.5,8.288,1.2,-76,193676,41.6,30.81043
227.4,8.288,1.2,-76,193676,41.6,30.83188
227.5,8.288,1.2,-77,193676,41.6,30.83188
227.6,8.288,1.2,-76,193676,42.6,30.84261
227.3,8.288,1.2,-77,193676,41.6,30.85333
227.4,8.288,1.2,-76,193676,41.6,30.86406
228.4,8.288,1.2,-77,193676,41.6,30.85333
228.8,8.288,1.2,-77,193676,42.6,30.85333
228.8,8.288,1.2,-77,193676,41.6,30.86406
228.8,8.288,1.2,-77,193676,41.6,30.88551
228.8,8.288,1.2,-77,193676,41.6,30.87478
227.6,8.288,1.2,-77,193676,41.6,30.88551
227.4,8.288,1.2,-76,193676,42.6,30.89623
227.6,8.288,1.2,-76,193676,41.6,30.89623
226.2,8.288,1.2,-77,193676,41.6,30.90696
225.6,8.28,1.2,-76,192104,41.6,30.87478
225.6,8.288,1.2,-75,193676,41.6,30.88551
226.7,8.288,1.2,-76,193676,41.6,30.87478
226.7,8.288,1.2,-77,193676,41.6,30.87478
226.5,8.28,1.2,-76,193624,41.6,30.85333
226.6,8.288,1.2,-77,193624,41.6,30.86406
226.5,8.28,1.2,-76,193676,41.6,30.85333
226.3,8.28,1.2,-76,193676,41.6,30.86406
225.4,8.288,1.2,-77,193676,41.6,30.86406
225.2,8.288,1.2,-76,193676,41.6,30.86406
225.1,8.288,1.2,-77,193676,41.6,30.87478
225.2,8.288,1.2,-75,193676,41.6,30.85333
225.0,8.288,1.2,-78,193676,41.6,30.84261
222.2,8.288,1.2,-80,193676,42.6,30.86406
222.2,8.28,1.2,-82,193676,41.6,30.85333
222.3,8.288,1.2,-72,193676,41.6,30.84261
222.6,8.288,1.2,-72,193676,42.6,30.86406
222.4,8.288,1.2,-74,193676,41.6,30.84261
222.4,8.28,1.2,-75,193676,41.6,30.85333
222.4,8.296,1.2,-74,192104,41.6,30.84261
222.3,8.288,1.2,-74,193624,41.6,30.84261
222.2,8.28,1.2,-74,193676,41.6,30.85333
222.5,8.288,1.2,-75,193676,42.6,30.84261
222.5,8.28,1.2,-73,193676,41.6,30.83188
222.8,8.288,1.2,-73,193676,41.6,30.84261
222.8,8.28,1.2,-72,193676,41.6,30.83188
222.2,8.288,1.2,-72,193676,41.6,30.83188
221.7,8.28,1.2,-74,193656,41.6,30.82116
220.7,8.288,1.2,-74,193656,41.6,30.84261
221.9,8.288,1.2,-72,193676,42.6,30.85333
222.4,8.288,1.2,-73,193676,41.6,30.83188
223.0,8.288,1.2,-74,193676,42.6,30.84261
223.1,8.288,1.2,-72,193676,42.6,30.86406
222.8,8.288,1.2,-72,193676,41.6,30.86406
222.8,8.288,1.2,-72,193676,41.6,30.88551
222.9,8.288,1.2,-73,191196,42.6,30.88551
223.4,8.288,1.2,-74,193676,41.6,30.90696
223.1,8.288,1.2,-74,193676,41.6,30.90696
224.2,8.288,1.2,-73,193624,41.6,30.91768
224.1,8.288,1.2,-72,193676,41.6,30.92841
223.2,8.288,1.2,-73,193676,41.6,30.90696
223.9,8.288,1.2,-73,193676,41.6,30.91768
223.9,8.288,1.2,-74,193676,41.6,30.90696
223.5,8.288,1.2,-74,193676,41.6,30.91768
224.4,8.288,1.2,-73,193676,41.6,30.90696
225.4,8.288,1.2,-73,193672,42.6,30.92841
225.5,8.288,1.2,-74,193672,41.6,30.91768
225.5,8.28,1.2,-74,193672,41.6,30.91768
225.6,8.288,1.2,-74,193672,42.6,30.91768
224.6,8.288,1.2,-74,193672,41.6,30.91768
225.3,8.28,1.2,-74,193672,41.6,30.91768
225.5,8.288,1.2,-74,193676,42.6,30.90696
225.5,8.288,1.2,-74,193676,41.6,30.92841
225.7,8.288,1.2,-73,193676,41.6,30.90696
225.9,8.296,1.2,-74,192104,42.6,30.89623
225.5,8.288,1.2,-74,193676,41.6,30.90696
224.8,8.28,1.2,-74,193676,41.6,30.89623
224.8,8.28,1.2,-72,193676,41.6,30.88551
224.9,8.288,1.2,-74,193676,41.6,30.90696
224.8,8.288,1.2,-73,193676,41.6,30.90696
225.0,8.288,1.2,-72,193676,41.6,30.90696
225.0,8.288,1.2,-72,193624,41.6,30.91768
225.3,8.288,1.2,-74,193676,41.6,30.91768
224.1,8.288,1.2,-73,193676,41.6,30.90696
223.1,8.288,1.2,-72,193676,41.6,30.91768
222.2,8.288,1.2,-73,193676,41.6,30.90696
223.8,8.288,1.2,-72,193676,41.6,30.92841
223.9,8.288,1.2,-72,193676,41.6,30.92841
222.9,8.288,1.2,-74,193624,41.6,30.94986
222.6,8.288,1.2,-73,193676,41.6,30.96058
222.5,8.288,1.2,-72,193676,42.6,30.94986
221.7,8.288,1.2,-74,193676,41.6,30.96058
222.6,8.288,1.2,-72,193676,41.6,30.96058
222.6,8.288,1.2,-74,192104,42.6,30.97131
223.0,8.288,1.2,-74,193676,41.6,30.96058
222.8,8.288,1.2,-73,193676,41.6,30.96058
222.7,8.288,1.2,-74,193676,41.6,30.98203
220.8,8.288,1.2,-74,193676,42.6,30.98203
220.7,8.28,1.2,-74,193676,41.6,30.96058
221.7,8.288,1.2,-74,193676,41.6,30.94986
221.8,8.288,1.2,-73,193676,41.6,30.96058
221.2,8.288,1.2,-73,193676,41.6,30.93913
221.3,8.288,1.2,-73,193676,41.6,30.92841
219.5,8.288,1.2,-71,193676,41.6,30.92841
219.9,8.288,1.2,-72,193624,41.6,30.92841
219.5,8.288,1.2,-72,193676,41.6,30.92841
220.4,8.28,1.2,-73,193676,42.6,30.92841
220.6,8.288,1.2,-74,193676,41.6,30.92841
220.3,8.288,1.2,-74,193676,41.6,30.93913
221.8,8.28,1.2,-74,192104,41.6,30.96058
221.8,8.288,1.2,-74,193676,41.6,30.94986
221.9,8.288,1.2,-72,193676,41.6,30.94986
222.9,8.288,1.2,-72,193676,41.6,30.94986
222.9,8.288,1.2,-72,193676,41.6,30.96058
222.5,8.28,1.2,-74,193676,41.6,30.92841
223.6,8.288,1.2,-74,193676,41.6,30.92841
223.5,8.288,1.2,-74,193676,41.6,30.91768
223.3,8.288,1.2,-74,193676,41.6,30.92841
223.2,8.28,1.2,-73,193676,41.6,30.92841
223.4,8.288,1.2,-73,193676,42.6,30.91768
223.6,8.28,1.2,-73,193676,41.6,30.91768
222.5,8.288,1.2,-74,193676,41.6,30.93913
221.8,8.288,1.2,-73,193624,41.6,30.93913
221.7,8.288,1.2,-74,193676,41.6,30.93913
221.4,8.288,1.2,-72,193676,41.6,30.92841
221.7,8.288,1.2,-72,193676,41.6,30.90696
221.7,8.288,1.2,-74,193676,41.6,30.91768
221.8,8.288,1.2,-73,193676,41.6,30.90696
220.7,8.288,1.2,-74,192104,42.6,30.90696
219.8,8.28,1.2,-73,193624,41.6,30.89623
220.7,8.288,1.2,-74,193676,41.6,30.90696
220.9,8.28,1.2,-74,193676,41.6,30.90696
221.3,8.288,1.2,-74,193676,41.6,30.90696
221.8,8.28,1.2,-73,193676,41.6,30.90696
220.3,8.288,1.2,-73,193676,41.6,30.90696
219.4,8.288,1.2,-73,193676,42.6,30.90696
220.5,8.288,1.2,-74,193676,41.6,30.90696
220.5,8.28,1.2,-74,193676,41.6,30.90696
220.5,8.28,1.2,-73,193676,42.6,30.89623
221.2,8.28,1.2,-72,193676,41.6,30.89623
221.7,8.28,1.2,-72,193676,42.6,30.91768
220.8,8.28,1.2,-73,193676,41.6,30.91768
221.0,8.28,1.2,-73,193676,41.6,30.91768
221.8,8.288,1.2,-74,193676,41.6,30.90696
221.9,8.288,1.2,-72,193676,42.6,30.89623
221.6,8.28,1.2,-74,193628,41.6,30.90696
220.5,8.288,1.2,-72,193676,41.6,30.90696
221.5,8.296,1.2,-72,192104,41.6,30.89623
219.3,8.28,1.2,-74,193676,41.6,30.88551
220.3,8.288,1.2,-73,193676,41.6,30.88551
220.6,8.288,1.2,-73,193676,41.6,30.87478
219.9,8.288,1.2,-73,193676,41.6,30.87478
219.8,8.288,1.2,-74,193676,41.6,30.87478
220.0,8.288,1.2,-74,193676,41.6,30.85333
221.5,8.28,1.2,-73,193676,41.6,30.85333
221.4,8.288,1.2,-74,193676,41.6,30.87478
221.1,8.288,1.2,-72,193676,41.6,30.86406
221.1,8.288,1.2,-74,193676,41.6,30.85333
220.6,8.288,1.2,-74,193676,41.6,30.85333
220.8,8.28,1.2,-74,193676,41.6,30.85333
220.9,8.288,1.2,-72,193676,41.6,30.84261
220.8,8.288,1.2,-72,193624,41.6,30.84261
221.1,8.288,1.2,-73,193676,41.6,30.85333
221.0,8.288,1.2,-73,191144,42.6,30.86406
220.7,8.28,1.2,-73,193676,41.6,30.88551
220.8,8.28,1.2,-73,193676,41.6,30.87478
220.6,8.288,1.2,-73,193676,41.6,30.89623
220.3,8.288,1.2,-72,193676,41.6,30.88551
220.8,8.28,1.2,-74,193624,41.6,30.88551
219.9,8.28,1.2,-73,193676,41.6,30.89623
218.7,8.28,1.2,-71,193676,41.6,30.89623
218.8,8.288,1.2,-72,193676,41.6,30.89623
219.2,8.288,1.2,-74,193676,42.6,30.90696
220.8,8.28,1.2,-72,193676,41.6,30.89623
221.1,8.288,1.2,-72,193676,41.6,30.88551
220.8,8.28,1.2,-74,193676,41.6,30.88551
220.7,8.288,1.2,-72,193676,41.6,30.88551
220.6,8.28,1.2,-73,193676,41.6,30.86406
219.5,8.288,1.2,-74,193676,41.6,30.86406
219.6,8.288,1.2,-72,193676,42.6,30.86406
219.4,8.28,1.2,-74,193676,41.6,30.85333
219.6,8.288,1.2,-73,193676,41.6,30.84261
219.0,8.288,1.2,-74,192104,41.6,30.84261
218.7,8.28,1.2,-73,193676,41.6,30.82116
218.8,8.288,1.2,-74,193676,41.6,30.82116
218.9,8.288,1.2,-74,193676,41.6,30.79971
217.4,8.288,1.2,-73,193676,41.6,30.81043
217.7,8.288,1.2,-78,193676,41.6,30.81043
217.6,8.288,1.2,-74,193676,41.6,30.81043
216.2,8.28,1.2,-76,193676,41.6,30.79971
216.8,8.288,1.2,-77,193676,41.6,30.79971
217.5,8.288,1.2,-79,193676,41.6,30.81043
217.2,8.288,1.2,-79,193676,42.6,30.81043
218.7,8.288,1.2,-84,193676,41.6,30.78898
218.4,8.28,1.2,-87,193676,41.6,30.81043
218.3,8.28,1.2,-79,193676,42.6,30.81043
217.8,8.288,1.2,-82,193676,41.6,30.81043
217.7,8.28,1.2,-80,193676,41.6,30.81043
217.7,8.28,1.2,-80,193676,43.6,30.81043
217.5,8.288,1.2,-84,193676,41.6,30.81043
217.3,8.28,1.2,-83,193676,41.6,30.81043
217.3,8.28,1.2,-82,192104,42.6,30.82116
216.2,8.288,1.2,-77,193676,41.6,30.83188
216.5,8.28,1.2,-77,193676,41.6,30.82116
216.7,8.288,1.2,-82,193676,41.6,30.83188
217.2,8.288,1.2,-78,193676,41.6,30.83188
217.4,8.288,1.2,-78,193676,41.6,30.83188
217.3,8.288,1.2,-81,193676,41.6,30.84261
217.7,8.288,1.2,-78,193676,41.6,30.84261
217.3,8.288,1.2,-81,193676,41.6,30.84261
215.9,8.288,1.2,-84,193676,41.6,30.83188
216.0,8.288,1.2,-84,193676,41.6,30.84261
217.9,8.288,1.2,-83,193676,41.6,30.83188
218.4,8.288,1.2,-83,193676,41.6,30.84261
220.0,8.288,1.2,-81,193676,41.6,30.85333
220.0,8.288,1.2,-81,193676,41.6,30.83188
220.0,8.288,1.2,-76,193624,41.6,30.83188
219.9,8.288,1.2,-79,191196,42.6,30.83188
219.3,8.288,1.2,-81,193672,41.6,30.83188
219.2,8.288,1.2,-78,193672,41.6,30.83188
218.9,8.288,1.2,-81,193672,41.6,30.85333
219.1,8.288,1.2,-80,193672,41.6,30.84261
220.3,8.288,1.2,-81,193672,41.6,30.83188
220.4,8.28,1.2,-81,193672,41.6,30.85333
220.0,8.288,1.2,-81,193676,41.6,30.84261
219.9,8.288,1.2,-82,193676,41.6,30.84261
218.7,8.288,1.2,-82,193676,41.6,30.85333
218.7,8.288,1.2,-83,193672,42.6,30.86406
218.9,8.288,1.2,-82,193672,41.6,30.86406
218.9,8.288,1.2,-81,193672,41.6,30.86406
218.9,8.288,1.2,-82,193672,41.6,30.86406
219.0,8.288,1.2,-80,193672,41.6,30.86406
219.0,8.288,1.2,-82,193620,41.6,30.86406
219.0,8.288,1.2,-80,193672,42.6,30.86406
219.0,8.288,1.2,-82,193672,41.6,30.85333
219.2,8.28,1.2,-82,193672,41.6,30.85333
219.1,8.28,1.2,-83,192100,42.6,30.86406
218.2,8.288,1.2,-83,193672,41.6,30.87478
218.1,8.288,1.2,-81,193672,41.6,30.86406
218.2,8.288,1.2,-82,193672,41.6,30.85333
220.8,8.288,1.2,-80,193672,41.6,30.84261
220.7,8.288,1.2,-82,193672,41.6,30.84261
220.5,8.288,1.2,-83,193672,41.6,30.84261
220.3,8.288,1.2,-82,193672,41.6,30.84261
220.3,8.28,1.2,-82,193672,41.6,30.83188
220.3,8.288,1.2,-81,193672,41.6,30.81043
220.4,8.288,1.2,-83,193672,41.6,30.81043
220.7,8.288,1.2,-81,193672,41.6,30.82116
220.5,8.28,1.2,-82,193672,41.6,30.81043
220.3,8.28,1.2,-81,193672,41.6,30.79971
220.5,8.288,1.2,-80,193672,41.6,30.79971
221.2,8.28,1.2,-80,193672,41.6,30.79971
221.3,8.288,1.2,-79,191144,43.6,30.79971
221.1,8.288,1.2,-83,193672,41.6,30.79971
221.1,8.288,1.2,-80,193672,41.6,30.79971
220.8,8.288,1.2,-76,193620,41.6,30.79971
220.7,8.288,1.2,-75,193672,41.6,30.81043
220.6,8.28,1.2,-75,193672,41.6,30.82116
220.5,8.28,1.2,-76,193672,41.6,30.81043
220.5,8.288,1.2,-77,193672,41.6,30.81043
220.5,8.288,1.2,-76,193672,41.6,30.79971
220.4,8.288,1.2,-76,193672,41.6,30.83188
220.5,8.28,1.2,-77,193620,41.6,30.82116
220.3,8.288,1.2,-77,193672,41.6,30.84261
219.4,8.288,1.2,-74,193672,41.6,30.83188
220.3,8.28,1.2,-74,193672,41.6,30.84261
220.1,8.288,1.2,-83,193672,41.6,30.82116
220.5,8.288,1.2,-77,193672,41.6,30.82116
220.9,8.288,1.2,-85,191192,42.6,30.82116
220.6,8.288,1.2,-83,193672,41.6,30.82116
220.8,8.288,1.2,-84,193672,41.6,30.81043
221.0,8.28,1.2,-84,193672,41.6,30.82116
220.8,8.28,1.2,-85,193672,41.6,30.82116
221.7,8.288,1.2,-85,193672,41.6,30.82116
221.5,8.28,1.2,-85,193672,41.6,30.82116
222.6,8.28,1.2,-86,193672,41.6,30.83188
222.6,8.28,1.2,-85,193672,41.6,30.82116
221.0,8.288,1.2,-86,193672,41.6,30.82116
222.5,8.288,1.2,-84,193620,41.6,30.82116
221.9,8.288,1.2,-86,193672,41.6,30.82116
221.8,8.288,1.2,-82,193672,41.6,30.83188
222.0,8.28,1.2,-85,193672,41.6,30.82116
221.8,8.288,1.2,-82,193672,41.6,30.82116
225.5,8.288,1.2,-85,193672,41.6,30.81043
225.6,8.288,1.2,-82,193672,41.6,30.81043
223.5,8.28,1.2,-85,193620,41.6,30.81043
223.5,8.288,1.2,-83,193672,41.6,30.81043
223.4,8.296,1.2,-82,192100,41.6,30.78898
223.4,8.28,1.2,-84,193672,41.6,30.81043
223.5,8.288,1.2,-83,193672,41.6,30.79971
226.3,8.288,1.2,-84,193672,41.6,30.78898
227.1,8.288,1.2,-86,193672,41.6,30.78898
227.4,8.296,1.2,-86,193672,41.6,30.79971
226.2,8.288,1.2,-84,193672,41.6,30.78898
226.0,8.288,1.2,-85,193672,42.6,30.79971
225.7,8.288,1.2,-85,193672,41.6,30.78898
225.6,8.288,1.2,-84,193672,41.6,30.78898
225.6,8.288,1.2,-85,193672,41.6,30.79971
225.5,8.288,1.2,-86,193672,41.6,30.81043
225.9,8.288,1.2,-86,193672,41.6,30.81043
225.7,8.288,1.2,-85,193672,41.6,30.81043
224.4,8.288,1.2,-84,193620,41.6,30.79971
224.0,8.288,1.2,-84,193672,41.6,30.79971
224.5,8.288,1.2,-85,193672,42.6,30.79971
225.0,8.288,1.2,-86,193672,41.6,30.82116
223.7,8.288,1.2,-85,193672,41.6,30.82116
223.9,8.296,1.2,-81,192100,41.6,30.81043
223.9,8.288,1.2,-85,193672,41.6,30.83188
224.8,8.288,1.2,-86,193672,41.6,30.81043
223.7,8.288,1.2,-85,193672,41.6,30.79971
225.1,8.288,1.2,-82,193672,41.6,30.82116
225.1,8.288,1.2,-85,193672,41.6,30.83188
225.6,8.288,1.2,-83,193672,41.6,30.82116
225.4,8.28,1.2,-85,193672,42.6,30.82116
223.6,8.288,1.2,-83,193672,41.6,30.83188
222.4,8.288,1.2,-84,193672,41.6,30.84261
221.1,8.288,1.2,-88,193672,41.6,30.83188
221.9,8.288,1.2,-76,193672,41.6,30.84261
222.4,8.288,1.2,-75,193672,41.6,30.85333
222.8,8.288,1.2,-76,193672,41.6,30.85333
222.7,8.28,1.2,-75,193672,41.6,30.86406
222.2,8.288,1.2,-76,193672,41.6,30.86406
222.1,8.288,1.2,-73,193672,41.6,30.85333
222.8,8.288,1.2,-74,193672,41.6,30.84261
223.7,8.288,1.2,-74,193672,41.6,30.85333
223.1,8.288,1.2,-74,191192,42.6,30.85333
222.8,8.288,1.2,-76,193672,42.6,30.83188
223.8,8.28,1.2,-76,193672,41.6,30.85333
223.8,8.288,1.2,-75,193672,41.6,30.84261
223.1,8.288,1.2,-74,193672,41.6,30.85333
222.2,8.288,1.2,-76,193672,41.6,30.84261
223.9,8.28,1.2,-74,193672,41.6,30.84261
224.2,8.288,1.2,-74,193672,41.6,30.84261
224.3,8.288,1.2,-76,193672,41.6,30.84261
224.1,8.28,1.2,-76,193672,41.6,30.85333
224.3,8.288,1.2,-76,193672,42.6,30.85333
223.0,8.288,1.2,-76,193672,41.6,30.86406
222.8,8.288,1.2,-77,193672,41.6,30.87478
224.4,8.28,1.2,-74,193672,41.6,30.87478
224.5,8.288,1.2,-76,193672,41.6,30.89623
222.9,8.288,1.2,-76,193672,41.6,30.89623
224.1,8.288,1.2,-76,193672,41.6,30.89623
223.9,8.28,1.2,-75,193672,41.6,30.89623
222.7,8.288,1.2,-76,193672,41.6,30.89623
222.8,8.296,1.2,-77,192100,42.6,30.89623
223.7,8.28,1.2,-75,193672,41.6,30.88551
221.2,8.288,1.2,-76,193672,41.6,30.89623
222.3,8.288,1.2,-76,193672,41.6,30.88551
222.2,8.288,1.2,-76,193672,41.6,30.88551
222.2,8.288,1.2,-74,193672,42.6,30.86406
222.0,8.288,1.2,-75,193672,41.6,30.86406
220.1,8.288,1.2,-74,193672,41.6,30.84261
221.2,8.288,1.2,-75,193672,41.6,30.84261
221.4,8.288,1.2,-74,193672,41.6,30.84261
222.4,8.288,1.2,-74,193672,41.6,30.85333
222.1,8.288,1.2,-74,193672,41.6,30.83188
222.3,8.288,1.2,-74,193672,41.6,30.82116
222.5,8.288,1.2,-76,193672,41.6,30.83188
221.7,8.288,1.2,-77,193672,41.6,30.84261
220.2,8.288,1.2,-76,193672,42.6,30.82116
222.0,8.288,1.2,-76,193672,41.6,30.83188
221.9,8.288,1.2,-77,193672,41.6,30.84261
222.1,8.288,1.2,-76,193672,41.6,30.82116
222.2,8.288,1.2,-79,192100,41.6,30.82116
222.5,8.288,1.2,-79,193672,41.6,30.83188
222.1,8.288,1.2,-80,193672,41.6,30.82116
222.3,8.28,1.2,-80,193672,41.6,30.83188
223.8,8.288,1.2,-78,193672,41.6,30.83188
221.9,8.288,1.2,-80,193672,41.6,30.84261
222.5,8.288,1.2,-80,193672,41.6,30.83188
223.6,8.288,1.2,-80,193672,41.6,30.85333
223.4,8.28,1.2,-80,193672,41.6,30.85333
222.8,8.28,1.2,-80,193672,41.6,30.84261
222.5,8.288,1.2,-78,193672,41.6,30.83188
223.5,8.288,1.2,-81,193672,41.6,30.84261
223.6,8.28,1.2,-80,193672,41.6,30.86406
223.5,8.288,1.2,-82,193672,41.6,30.85333
227.0,8.296,1.2,-79,193672,42.6,30.87478
225.8,8.288,1.2,-80,193672,41.6,30.86406
225.2,8.288,1.2,-78,193620,41.6,30.86406
227.1,8.288,1.2,-78,193672,41.6,30.85333
227.0,8.288,1.2,-77,193672,41.6,30.86406
227.2,8.288,1.2,-78,191192,42.6,30.88551
227.0,8.288,1.2,-80,193672,41.6,30.87478
227.4,8.288,1.2,-80,193672,41.6,30.87478
227.3,8.288,1.2,-80,193672,41.6,30.88551
225.9,8.288,1.2,-78,193672,42.6,30.88551
226.8,8.288,1.2,-78,193672,41.6,30.89623
226.7,8.288,1.2,-78,193672,41.6,30.89623
226.5,8.288,1.2,-77,193672,41.6,30.89623
226.1,8.288,1.2,-78,193672,41.6,30.88551
226.3,8.288,1.2,-79,193672,41.6,30.87478
225.2,8.288,1.2,-81,193672,41.6,30.86406
226.5,8.288,1.2,-79,193672,42.6,30.85333
226.5,8.288,1.2,-82,193672,41.6,30.86406
226.3,8.288,1.2,-79,193672,41.6,30.87478
226.3,8.288,1.2,-77,193672,41.6,30.86406
225.6,8.288,1.2,-78,193672,41.6,30.86406
225.7,8.288,1.2,-80,193672,41.6,30.86406
225.8,8.288,1.2,-78,193672,41.6,30.85333
225.8,8.288,1.2,-79,193672,41.6,30.86406
225.7,8.288,1.2,-78,192100,41.6,30.87478
225.6,8.28,1.2,-81,193672,42.6,30.86406
225.5,8.288,1.2,-79,193672,41.6,30.88551
224.8,8.288,1.2,-79,193680,41.6,30.88551
225.5,8.28,1.2,-80,193672,41.6,30.88551
225.7,8.288,1.2,-81,193672,41.6,30.89623
225.8,8.288,1.2,-82,193672,42.6,30.89623
224.8,8.288,1.2,-80,193672,41.6,30.89623
225.2,8.288,1.2,-81,193620,41.6,30.89623
225.2,8.288,1.2,-79,193672,41.6,30.87478
225.1,8.288,1.2,-81,193672,41.6,30.89623
225.2,8.28,1.2,-77,193672,41.6,30.88551
225.3,8.288,1.2,-79,193672,41.6,30.91768
225.1,8.288,1.2,-78,193672,41.6,30.92841
226.3,8.288,1.2,-78,193672,41.6,30.91768
226.4,8.288,1.2,-80,193620,41.6,30.93913
226.3,8.288,1.2,-78,193672,42.6,30.92841
226.0,8.288,1.2,-81,193672,41.6,30.93913
226.3,8.288,1.2,-82,193672,41.6,30.93913
226.1,8.296,1.2,-77,192100,41.6,30.93913
225.0,8.288,1.2,-78,193672,41.6,30.93913
225.3,8.288,1.2,-80,193672,41.6,30.96058
225.6,8.288,1.2,-81,193672,41.6,30.96058
225.5,8.288,1.2,-80,193672,41.6,30.96058
225.1,8.288,1.2,-79,193672,42.6,30.94986
225.0,8.288,1.2,-81,193672,41.6,30.93913
224.9,8.288,1.2,-77,193672,41.6,30.94986
225.6,8.288,1.2,-80,193672,41.6,30.94986
227.4,8.288,1.2,-82,193672,41.6,30.94986
227.2,8.288,1.2,-79,193672,42.6,30.93913
227.1,8.288,1.2,-79,193672,41.6,30.94986
227.2,8.28,1.2,-78,193672,41.6,30.96058
226.7,8.288,1.2,-81,193672,41.6,30.96058
226.8,8.288,1.2,-78,193672,42.6,30.96058
226.9,8.288,1.2,-79,193672,41.6,30.94986
227.0,8.288,1.2,-76,193672,41.6,30.94986
226.7,8.288,1.2,-76,193672,41.6,30.94986
227.1,8.288,1.2,-77,193672,41.6,30.93913
227.4,8.296,1.2,-78,192100,42.6,30.94986
227.2,8.288,1.2,-76,193672,41.6,30.93913
227.6,8.288,1.2,-78,193672,42.6,30.93913
227.9,8.288,1.2,-79,193672,41.6,30.93913
228.0,8.288,1.2,-76,193676,41.6,30.92841
228.0,8.288,1.2,-78,193676,41.6,30.93913
225.9,8.288,1.2,-76,193676,41.6,30.93913
226.9,8.288,1.2,-76,193676,41.6,30.96058
227.0,8.288,1.2,-76,193676,41.6,30.96058
226.7,8.288,1.2,-79,193676,41.6,30.93913
227.4,8.288,1.2,-78,193676,41.6,30.93913
227.8,8.288,1.2,-79,193676,42.6,30.93913
227.4,8.288,1.2,-79,193676,41.6,30.92841
227.9,8.288,1.2,-76,193676,41.6,30.92841
228.5,8.288,1.2,-79,193676,41.6,30.91768
227.9,8.288,1.2,-76,193676,41.6,30.92841
228.0,8.288,1.2,-76,193676,42.6,30.92841
228.3,8.288,1.2,-78,193676,41.6,30.92841
229.4,8.288,1.2,-77,193676,41.6,30.92841
228.9,8.288,1.2,-78,192104,42.6,30.94986
229.1,8.28,1.2,-77,193676,41.6,30.92841
229.4,8.288,1.2,-76,193676,41.6,30.92841
229.3,8.288,1.2,-78,193676,41.6,30.90696
229.5,8.288,1.2,-78,193676,41.6,30.92841
227.6,8.288,1.2,-78,193676,41.6,30.92841
227.2,8.288,1.2,-78,193676,41.6,30.92841
227.3,8.28,1.2,-78,193676,41.6,30.92841
229.1,8.288,1.2,-78,193676,41.6,30.93913
229.0,8.288,1.2,-75,193676,41.6,30.92841
229.0,8.288,1.2,-76,193676,41.6,30.92841
230.4,8.28,1.2,-78,193676,41.6,30.92841
230.9,8.288,1.2,-76,193676,41.6,30.93913
230.9,8.288,1.2,-77,193676,42.6,30.92841
230.9,8.288,1.2,-75,193676,41.6,30.93913
230.9,8.288,1.2,-78,193676,41.6,30.92841
229.4,8.288,1.2,-76,193676,42.6,30.92841
229.8,8.288,1.2,-79,193676,41.6,30.92841
229.5,8.288,1.2,-76,193676,41.6,30.91768
229.2,8.288,1.2,-78,192104,42.6,30.91768
229.6,8.288,1.2,-77,193676,41.6,30.90696
229.7,8.288,1.2,-77,193676,41.6,30.91768
227.4,8.288,1.2,-78,193676,41.6,30.92841
227.1,8.288,1.2,-78,193676,41.6,30.91768
227.3,8.288,1.2,-78,193676,41.6,30.91768
229.9,8.288,1.2,-78,193676,41.6,30.91768
229.7,8.288,1.2,-78,193676,41.6,30.91768
229.9,8.288,1.2,-79,193676,41.6,30.90696
230.0,8.288,1.2,-78,193676,41.6,30.89623
229.6,8.288,1.2,-78,193676,42.6,30.88551
229.8,8.288,1.2,-78,193676,41.6,30.89623
229.7,8.288,1.2,-76,193676,41.6,30.88551
229.8,8.28,1.2,-77,193676,41.6,30.87478
230.1,8.288,1.2,-76,193676,42.6,30.87478
229.9,8.288,1.2,-77,193676,41.6,30.87478
230.1,8.288,1.2,-76,193676,42.6,30.86406
228.1,8.288,1.2,-76,193676,41.6,30.86406
227.7,8.288,1.2,-76,193676,41.6,30.86406
228.0,8.288,1.2,-76,192104,42.6,30.86406
227.3,8.28,1.2,-76,193676,41.6,30.85333
227.4,8.288,1.2,-76,193676,41.6,30.85333
228.1,8.288,1.2,-77,193676,41.6,30.85333
224.4,8.288,1.2,-77,193676,41.6,30.85333
223.9,8.288,1.2,-78,193624,41.6,30.84261
223.8,8.288,1.2,-77,193676,41.6,30.85333
225.5,8.288,1.2,-77,193676,41.6,30.85333
226.1,8.288,1.2,-76,193676,41.6,30.85333
226.2,8.288,1.2,-76,193676,41.6,30.85333
226.4,8.288,1.2,-76,193676,41.6,30.87478
226.4,8.288,1.2,-77,193676,41.6,30.88551
227.2,8.288,1.2,-78,193676,41.6,30.89623
226.9,8.288,1.2,-76,193676,42.6,30.91768
226.8,8.288,1.2,-78,193676,41.6,30.89623
226.7,8.288,1.2,-78,193676,41.6,30.90696
226.9,8.288,1.2,-76,193676,41.6,30.91768
227.5,8.288,1.2,-77,193676,41.6,30.90696
227.0,8.288,1.2,-77,193676,42.6,30.90696
226.3,8.296,1.2,-76,193676,42.6,30.90696
227.4,8.288,1.2,-77,193676,41.6,30.91768
227.4,8.288,1.2,-78,193628,41.6,30.89623
225.4,8.296,1.2,-78,192104,42.6,30.90696
225.3,8.288,1.2,-77,193676,41.6,30.90696
225.4,8.288,1.2,-78,193676,41.6,30.90696
227.7,8.288,1.2,-79,193676,41.6,30.90696
227.7,8.288,1.2,-78,193676,41.6,30.90696
227.3,8.288,1.2,-78,193676,41.6,30.90696
227.8,8.288,1.2,-79,193624,41.6,30.90696
228.3,8.288,1.2,-78,193676,41.6,30.90696
228.3,8.288,1.2,-78,193676,42.6,30.90696
227.7,8.288,1.2,-78,193676,41.6,30.89623
227.5,8.288,1.2,-78,193676,41.6,30.89623
227.5,8.288,1.2,-77,193676,41.6,30.89623
227.4,8.288,1.2,-79,193676,41.6,30.88551
226.1,8.28,1.2,-79,193676,41.6,30.88551
226.1,8.288,1.2,-79,193676,41.6,30.88551
226.1,8.28,1.2,-78,193676,42.6,30.87478
226.3,8.28,1.2,-79,192104,41.6,30.89623
224.6,8.288,1.2,-78,193676,41.6,30.88551
223.5,8.28,1.2,-81,193676,41.6,30.88551
223.7,8.288,1.2,-79,193676,41.6,30.89623
223.8,8.288,1.2,-75,193676,41.6,30.87478
226.0,8.288,1.2,-75,193676,41.6,30.87478
225.7,8.288,1.2,-74,193676,41.6,30.86406
225.6,8.288,1.2,-76,193676,41.6,30.85333
225.9,8.288,1.2,-79,193676,41.6,30.85333
226.3,8.288,1.2,-78,193676,41.6,30.86406
226.1,8.288,1.2,-79,193676,41.6,30.86406
225.9,8.288,1.2,-79,193676,41.6,30.87478
226.3,8.288,1.2,-79,193676,41.6,30.86406
225.9,8.28,1.2,-78,193676,42.6,30.87478
226.9,8.288,1.2,-79,193676,41.6,30.87478
226.9,8.288,1.2,-78,193676,41.6,30.87478
226.9,8.288,1.2,-78,193676,42.6,30.89623
224.5,8.288,1.2,-78,193676,41.6,30.89623
223.5,8.288,1.2,-78,193676,41.6,30.90696
223.5,8.296,1.2,-78,192104,41.6,30.90696
222.4,8.288,1.2,-78,193676,41.6,30.90696
222.6,8.288,1.2,-78,193676,41.6,30.90696
222.5,8.288,1.2,-78,193676,41.6,30.91768
223.2,8.288,1.2,-78,193676,41.6,30.90696
222.7,8.288,1.2,-78,193676,41.6,30.92841
222.7,8.288,1.2,-80,193676,41.6,30.93913
223.0,8.288,1.2,-78,193676,41.6,30.93913
222.6,8.288,1.2,-81,193676,41.6,30.92841
222.2,8.288,1.2,-78,193676,41.6,30.93913
222.6,8.288,1.2,-77,193624,41.6,30.91768
223.1,8.288,1.2,-79,193676,41.6,30.91768
223.0,8.288,1.2,-78,193676,41.6,30.88551
222.3,8.288,1.2,-78,193676,41.6,30.90696
222.1,8.288,1.2,-77,193676,41.6,30.90696
222.2,8.28,1.2,-78,193676,41.6,30.90696
222.0,8.288,1.2,-78,193676,41.6,30.89623
223.3,8.288,1.2,-79,193676,42.6,30.88551
222.9,8.28,1.2,-78,193676,41.6,30.89623
223.0,8.288,1.2,-77,193676,42.6,30.89623
222.9,8.28,1.2,-79,193676,41.6,30.89623
222.5,8.288,1.2,-78,193676,41.6,30.91768
225.2,8.288,1.2,-79,192104,41.6,30.92841
225.6,8.288,1.2,-78,193676,41.6,30.91768
224.3,8.288,1.2,-79,193676,41.6,30.91768
223.3,8.288,1.2,-78,193676,41.6,30.92841
223.5,8.288,1.2,-78,193676,41.6,30.94986
224.4,8.28,1.2,-78,193676,41.6,30.94986
224.1,8.288,1.2,-77,193676,41.6,30.94986
224.8,8.288,1.2,-79,193676,41.6,30.93913
224.6,8.288,1.2,-77,193676,41.6,30.94986
224.4,8.28,1.2,-77,193676,42.6,30.94986
223.9,8.288,1.2,-79,193676,41.6,30.94986
224.5,8.288,1.2,-78,193676,42.6,30.94986
224.1,8.288,1.2,-78,193676,41.6,30.94986
224.7,8.288,1.2,-77,193676,41.6,30.93913
224.2,8.288,1.2,-79,193676,41.6,30.93913
223.7,8.288,1.2,-78,193676,41.6,30.93913
224.0,8.288,1.2,-78,192104,41.6,30.93913
224.4,8.288,1.2,-81,193676,41.6,30.93913
224.4,8.288,1.2,-79,193624,41.6,30.94986
224.6,8.288,1.2,-80,193676,41.6,30.93913
224.5,8.28,1.2,-79,193676,41.6,30.92841
224.6,8.288,1.2,-79,193676,41.6,30.92841
223.5,8.288,1.2,-78,193676,41.6,30.90696
223.9,8.288,1.2,-79,193676,41.6,30.91768
222.3,8.28,1.2,-78,193676,41.6,30.90696
223.6,8.288,1.2,-79,193676,41.6,30.90696
223.6,8.288,1.2,-79,193676,41.6,30.89623
223.6,8.288,1.2,-77,193676,41.6,30.88551
223.0,8.28,1.2,-79,193676,41.6,30.89623
223.8,8.28,1.2,-79,193676,42.6,30.86406
223.8,8.288,1.2,-79,193676,41.6,30.86406
223.2,8.288,1.2,-78,193676,41.6,30.85333
223.5,8.288,1.2,-77,193676,42.6,30.84261
223.3,8.288,1.2,-78,193676,41.6,30.84261
222.5,8.288,1.2,-79,193676,41.6,30.85333
222.3,8.296,1.2,-78,192104,41.6,30.85333
223.8,8.288,1.2,-78,193676,41.6,30.86406
222.2,8.28,1.2,-79,193676,41.6,30.88551
219.7,8.288,1.2,-81,193676,41.6,30.89623
218.6,8.288,1.2,-73,193676,41.6,30.90696
219.5,8.288,1.2,-74,193676,41.6,30.90696
220.5,8.288,1.2,-76,193624,41.6,30.89623
220.5,8.288,1.2,-75,193676,41.6,30.91768
220.0,8.288,1.2,-73,193676,41.6,30.90696
219.5,8.288,1.2,-76,193676,41.6,30.91768
219.9,8.288,1.2,-73,193676,41.6,30.91768
219.9,8.288,1.2,-75,193676,41.6,30.92841
219.9,8.288,1.2,-75,193676,41.6,30.92841
219.8,8.288,1.2,-76,193676,41.6,30.92841
220.3,8.288,1.2,-75,193676,41.6,30.91768
220.9,8.288,1.2,-74,193676,41.6,30.90696
220.5,8.288,1.2,-73,193676,42.6,30.90696
221.6,8.288,1.2,-76,193676,41.6,30.90696
221.0,8.28,1.2,-74,193676,41.6,30.90696
219.8,8.288,1.2,-74,192104,41.6,30.88551
220.6,8.288,1.2,-75,193676,41.6,30.87478
220.6,8.288,1.2,-76,193676,41.6,30.89623
219.9,8.28,1.2,-76,193624,41.6,30.89623
219.7,8.288,1.2,-76,193676,41.6,30.89623
219.9,8.288,1.2,-74,193676,41.6,30.90696
220.2,8.288,1.2,-76,193676,41.6,30.89623
219.7,8.288,1.2,-76,193676,42.6,30.89623
219.8,8.28,1.2,-73,193676,41.6,30.89623
219.4,8.288,1.2,-75,193676,41.6,30.88551
220.5,8.28,1.2,-75,193676,42.6,30.88551
219.0,8.288,1.2,-75,193676,41.6,30.89623
218.6,8.28,1.2,-76,193676,41.6,30.88551
218.5,8.288,1.2,-74,193676,41.6,30.87478
218.5,8.288,1.2,-74,193676,41.6,30.86406
218.1,8.288,1.2,-76,193676,41.6,30.86406
217.5,8.288,1.2,-74,191196,43.6,30.85333
217.4,8.288,1.2,-75,193676,41.6,30.86406
217.5,8.288,1.2,-74,193676,41.6,30.85333
217.9,8.288,1.2,-76,193624,41.6,30.85333
218.1,8.288,1.2,-74,193676,41.6,30.83188
218.4,8.288,1.2,-77,193676,41.6,30.84261
218.3,8.288,1.2,-76,193676,41.6,30.83188
218.5,8.288,1.2,-75,193676,41.6,30.82116
218.6,8.288,1.2,-75,193676,41.6,30.83188
216.9,8.288,1.2,-75,193676,41.6,30.83188
216.8,8.288,1.2,-78,193672,42.6,30.83188
218.4,8.28,1.2,-86,193672,41.6,30.84261
217.6,8.288,1.2,-80,193672,41.6,30.83188
217.5,8.288,1.2,-80,193672,41.6,30.84261
217.3,8.288,1.2,-81,193672,41.6,30.82116
217.1,8.288,1.2,-80,193672,41.6,30.82116
217.2,8.288,1.2,-83,192100,41.6,30.83188
217.9,8.288,1.2,-79,193672,41.6,30.83188
218.8,8.288,1.2,-84,193672,41.6,30.83188
218.1,8.288,1.2,-85,193672,41.6,30.82116
218.1,8.28,1.2,-84,193672,41.6,30.82116
218.3,8.288,1.2,-84,193672,41.6,30.84261
218.4,8.28,1.2,-82,193672,41.6,30.84261
218.3,8.28,1.2,-82,193672,41.6,30.83188
218.7,8.28,1.2,-82,193672,41.6,30.82116
217.8,8.28,1.2,-82,193672,41.6,30.83188
216.6,8.288,1.2,-89,193676,41.6,30.84261
216.7,8.28,1.2,-84,193676,41.6,30.84261
216.9,8.28,1.2,-84,193676,41.6,30.84261
215.4,8.28,1.2,-82,193676,41.6,30.84261
216.8,8.288,1.2,-88,193676,41.6,30.85333
215.4,8.288,1.2,-83,193628,41.6,30.84261
218.4,8.288,1.2,-83,193676,42.6,30.84261
218.6,8.288,1.2,-87,193676,41.6,30.84261
219.3,8.288,1.2,-85,193676,41.6,30.84261
219.2,8.296,1.2,-83,192104,41.6,30.84261
218.7,8.288,1.2,-83,193676,41.6,30.81043
218.6,8.288,1.2,-83,193676,41.6,30.82116
218.7,8.288,1.2,-88,193676,41.6,30.83188
218.5,8.288,1.2,-82,193676,41.6,30.84261
218.4,8.288,1.2,-83,193676,41.6,30.84261
220.8,8.288,1.2,-85,193676,41.6,30.85333
221.6,8.288,1.2,-86,193676,41.6,30.86406
221.7,8.288,1.2,-82,193676,41.6,30.86406
221.3,8.288,1.2,-85,193676,41.6,30.86406
221.1,8.288,1.2,-85,193624,41.6,30.83188
219.9,8.288,1.2,-85,193676,41.6,30.85333
220.3,8.288,1.2,-83,193676,41.6,30.85333
219.0,8.288,1.2,-82,193676,41.6,30.86406
219.1,8.288,1.2,-83,193676,41.6,30.86406
219.4,8.288,1.2,-82,193676,41.6,30.86406
220.2,8.288,1.2,-82,191148,42.6,30.87478
220.7,8.28,1.2,-83,193676,41.6,30.87478
220.7,8.288,1.2,-82,193676,41.6,30.88551
220.7,8.28,1.2,-82,193676,42.6,30.87478
220.8,8.28,1.2,-84,193676,41.6,30.87478
220.4,8.288,1.2,-82,193676,41.6,30.87478
219.6,8.288,1.2,-81,193676,41.6,30.88551
219.1,8.288,1.2,-81,193676,41.6,30.88551
219.9,8.288,1.2,-81,193676,41.6,30.90696
215.7,8.288,1.2,-84,193676,41.6,30.89623
214.8,8.288,1.2,-83,193676,42.6,30.88551
214.3,8.28,1.2,-78,193676,41.6,30.89623
214.9,8.288,1.2,-79,193676,41.6,30.88551
214.5,8.288,1.2,-79,193676,41.6,30.85333
214.2,8.288,1.2,-80,193676,41.6,30.86406
214.5,8.28,1.2,-77,193676,41.6,30.86406
214.1,8.288,1.2,-79,193676,42.6,30.84261
214.4,8.28,1.2,-80,193624,41.6,30.84261
214.7,8.288,1.2,-78,193676,41.6,30.83188
214.8,8.296,1.2,-79,192104,42.6,30.84261
214.7,8.288,1.2,-77,193676,41.6,30.85333
214.4,8.288,1.2,-79,193676,41.6,30.85333
214.2,8.288,1.2,-78,193676,41.6,30.83188
214.2,8.288,1.2,-79,193676,41.6,30.84261
214.7,8.288,1.2,-78,193676,41.6,30.82116
214.6,8.288,1.2,-78,193676,41.6,30.82116
215.1,8.288,1.2,-80,193676,41.6,30.82116
214.8,8.288,1.2,-77,193676,41.6,30.82116
214.8,8.288,1.2,-78,193676,41.6,30.81043
214.1,8.28,1.2,-77,193676,41.6,30.79971
214.2,8.288,1.2,-80,193676,41.6,30.78898
214.6,8.288,1.2,-81,193676,41.6,30.79971
214.8,8.288,1.2,-79,193676,41.6,30.78898
214.4,8.288,1.2,-81,193676,41.6,30.78898
214.4,8.28,1.2,-78,193676,41.6,30.77826
215.4,8.288,1.2,-81,193676,42.6,30.78898
215.9,8.288,1.2,-77,193676,41.6,30.78898
216.6,8.288,1.2,-80,193676,41.6,30.78898
216.4,8.28,1.2,-80,192104,41.6,30.78898
217.0,8.288,1.2,-81,193676,41.6,30.78898
215.6,8.288,1.2,-79,193676,41.6,30.79971
216.1,8.28,1.2,-79,193676,41.6,30.79971
216.3,8.288,1.2,-81,193676,41.6,30.79971
216.7,8.288,1.2,-81,193676,41.6,30.78898
217.0,8.288,1.2,-80,193676,41.6,30.77826
216.6,8.288,1.2,-79,193676,41.6,30.78898
217.3,8.288,1.2,-81,193676,41.6,30.78898
216.5,8.28,1.2,-79,193676,41.6,30.77826
216.9,8.288,1.2,-80,193676,41.6,30.75681
216.8,8.288,1.2,-78,193676,41.6,30.75681
216.5,8.288,1.2,-79,193676,41.6,30.74608
218.2,8.288,1.2,-78,193676,41.6,30.73536
217.4,8.28,1.2,-78,193676,41.6,30.75681
218.3,8.288,1.2,-79,193676,41.6,30.76753
218.3,8.28,1.2,-81,193676,42.6,30.75681
219.3,8.28,1.2,-79,193676,41.6,30.76753
219.1,8.28,1.2,-81,193676,41.6,30.76753
218.4,8.28,1.2,-81,191196,43.6,30.77826
217.8,8.288,1.2,-78,193672,41.6,30.78898
217.4,8.288,1.2,-79,193672,41.6,30.79971
217.4,8.288,1.2,-78,193672,41.6,30.78898
218.3,8.288,1.2,-78,193672,41.6,30.78898
217.9,8.288,1.2,-81,193672,41.6,30.76753
217.4,8.28,1.2,-81,193672,41.6,30.78898
217.3,8.288,1.2,-79,193672,41.6,30.77826
217.4,8.288,1.2,-79,193672,41.6,30.77826
218.0,8.28,1.2,-78,193672,41.6,30.75681
217.9,8.288,1.2,-81,193672,42.6,30.76753
218.4,8.288,1.2,-81,193672,41.6,30.76753
219.4,8.288,1.2,-81,193672,41.6,30.76753
219.0,8.288,1.2,-81,193672,41.6,30.76753
218.9,8.288,1.2,-81,193672,41.6,30.76753
218.9,8.288,1.2,-79,193672,41.6,30.77826
218.0,8.288,1.2,-76,193672,41.6,30.78898
218.6,8.288,1.2,-79,193672,41.6,30.78898
218.6,8.288,1.2,-76,193672,41.6,30.77826
220.5,8.288,1.2,-75,191184,42.6,30.76753
218.3,8.288,1.2,-79,193620,41.6,30.75681
218.3,8.288,1.2,-79,193672,41.6,30.75681
218.1,8.288,1.2,-78,193672,41.6,30.75681
218.5,8.288,1.2,-78,193672,41.6,30.73536
217.8,8.288,1.2,-79,193672,41.6,30.75681
218.0,8.288,1.2,-79,193672,41.6,30.74608
218.1,8.288,1.2,-78,193672,41.6,30.72463
218.4,8.288,1.2,-79,193672,41.6,30.72463
216.6,8.288,1.2,-76,193672,41.6,30.73536
216.6,8.288,1.2,-79,193672,42.6,30.73536
217.4,8.288,1.2,-76,193672,41.6,30.73536
217.1,8.288,1.2,-78,193672,41.6,30.74608
217.0,8.28,1.2,-77,193672,41.6,30.73536
217.0,8.288,1.2,-77,193672,41.6,30.74608
217.0,8.288,1.2,-76,193672,41.6,30.73536
216.4,8.288,1.2,-76,193672,41.6,30.74608
216.5,8.288,1.2,-76,193672,41.6,30.75681
216.4,8.288,1.2,-76,193672,41.6,30.75681
216.0,8.288,1.2,-76,192100,41.6,30.75681
215.6,8.288,1.2,-77,193676,41.6,30.74608
216.2,8.288,1.2,-76,193676,41.6,30.74608
216.1,8.28,1.2,-78,193676,41.6,30.73536
216.6,8.288,1.2,-76,193676,41.6,30.74608
217.9,8.28,1.2,-77,193624,41.6,30.73536
217.5,8.288,1.2,-79,193676,41.6,30.73536
216.9,8.28,1.2,-79,193676,42.6,30.73536
217.1,8.28,1.2,-79,193676,41.6,30.71391
216.9,8.288,1.2,-79,193676,41.6,30.71391
218.6,8.288,1.2,-79,193676,41.6,30.72463
217.9,8.288,1.2,-78,193676,41.6,30.71391
218.3,8.288,1.2,-79,193676,41.6,30.71391
218.4,8.288,1.2,-78,193676,41.6,30.70318
217.6,8.288,1.2,-78,193676,41.6,30.70318
216.5,8.288,1.2,-79,193676,41.6,30.72463
216.1,8.288,1.2,-76,193676,41.6,30.71391
216.6,8.288,1.2,-78,193676,41.6,30.71391
217.1,8.288,1.2,-77,193676,41.6,30.70318
217.1,8.288,1.2,-75,191196,42.6,30.70318
216.2,8.288,1.2,-76,193676,41.6,30.68173
216.2,8.288,1.2,-78,193624,41.6,30.69246
216.5,8.288,1.2,-78,193676,41.6,30.70318
216.0,8.288,1.2,-78,193676,41.6,30.68173
216.6,8.28,1.2,-76,193676,41.6,30.69246
216.8,8.288,1.2,-75,193676,41.6,30.67101
216.2,8.288,1.2,-78,193676,41.6,30.68173
216.6,8.288,1.2,-76,193676,41.6,30.68173
215.9,8.288,1.2,-78,193624,41.6,30.69246
215.5,8.288,1.2,-78,193676,41.6,30.68173
215.6,8.288,1.2,-78,193676,41.6,30.68173
216.3,8.288,1.2,-79,193676,41.6,30.70318
215.9,8.288,1.2,-78,193676,41.6,30.68173
214.3,8.28,1.2,-79,193676,41.6,30.68173
212.9,8.288,1.2,-79,193676,41.6,30.68173
213.4,8.288,1.2,-79,193676,41.6,30.67101
212.9,8.28,1.2,-79,193676,41.6,30.68173
213.4,8.288,1.2,-78,193676,41.6,30.68173
213.4,8.296,1.2,-78,192104,41.6,30.67101
212.6,8.288,1.2,-78,193676,41.6,30.67101
214.3,8.288,1.2,-75,193676,41.6,30.66028
214.0,8.288,1.2,-75,193676,41.6,30.67101
213.1,8.288,1.2,-75,193676,41.6,30.67101
214.6,8.288,1.2,-75,193676,41.6,30.66028
215.3,8.28,1.2,-76,193624,41.6,30.66028
214.7,8.288,1.2,-79,193676,41.6,30.66028
213.6,8.288,1.2,-78,193676,41.6,30.67101
214.6,8.28,1.2,-79,193676,41.6,30.64956
215.2,8.288,1.2,-78,193676,41.6,30.67101
213.0,8.28,1.2,-77,193676,41.6,30.64956
211.3,8.288,1.2,-78,193676,41.6,30.64956
213.8,8.288,1.2,-78,193676,42.6,30.63883
215.8,8.288,1.2,-76,193676,41.6,30.64956
214.5,8.288,1.2,-77,193676,41.6,30.64956
214.9,8.28,1.2,-79,193676,42.6,30.63883
211.4,8.288,1.2,-78,193676,41.6,30.63883
209.1,8.288,1.2,-78,193676,41.6,30.63883
207.8,8.296,1.2,-78,192104,41.6,30.63883
210.3,8.28,1.2,-78,193676,41.6,30.66028
212.0,8.288,1.2,-80,193676,41.6,30.63883
210.9,8.288,1.2,-79,193676,41.6,30.64956
208.8,8.28,1.2,-79,193676,41.6,30.63883
212.9,8.288,1.2,-77,193676,41.6,30.64956
214.0,8.28,1.2,-78,193676,41.6,30.63883
214.0,8.288,1.2,-78,193676,41.6,30.66028
215.7,8.288,1.2,-79,193676,41.6,30.63883
216.7,8.288,1.2,-85,193676,41.6,30.64956
212.3,8.288,1.2,-83,193676,41.6,30.66028
214.4,8.288,1.2,-82,193676,41.6,30.64956
215.9,8.28,1.2,-83,193676,41.6,30.66028
216.7,8.288,1.2,-83,193676,41.6,30.67101
213.4,8.288,1.2,-83,193676,41.6,30.64956
213.9,8.288,1.2,-83,193676,41.6,30.67101
215.8,8.288,1.2,-82,193668,41.6,30.69246
214.8,8.28,1.2,-83,193676,41.6,30.68173
212.7,8.28,1.2,-82,193676,41.6,30.69246
211.5,8.288,1.2,-82,192104,42.6,30.70318
212.8,8.288,1.2,-83,193676,41.6,30.70318
214.2,8.288,1.2,-83,193676,41.6,30.70318
214.5,8.288,1.2,-83,193676,41.6,30.69246
215.2,8.288,1.2,-82,193676,41.6,30.70318
213.4,8.288,1.2,-83,193676,41.6,30.72463
214.0,8.288,1.2,-83,193676,41.6,30.71391
213.3,8.288,1.2,-83,193676,41.6,30.71391
213.5,8.288,1.2,-82,193676,41.6,30.72463
215.0,8.28,1.2,-81,193676,41.6,30.72463
213.4,8.288,1.2,-82,193676,41.6,30.73536
212.8,8.288,1.2,-84,193676,41.6,30.72463
214.6,8.288,1.2,-83,193676,41.6,30.74608
217.7,8.288,1.2,-83,193676,41.6,30.73536
216.2,8.28,1.2,-83,193676,41.6,30.75681
216.6,8.28,1.2,-83,193676,41.6,30.75681
212.0,8.28,1.2,-83,191196,43.6,30.74608
212.3,8.288,1.2,-83,193676,41.6,30.74608
214.8,8.288,1.2,-82,193676,41.6,30.75681
215.2,8.28,1.2,-82,193676,41.6,30.75681
214.3,8.288,1.2,-79,193676,41.6,30.75681
214.8,8.288,1.2,-79,193676,41.6,30.74608
213.7,8.288,1.2,-70,193676,41.6,30.76753
213.8,8.288,1.2,-70,193676,41.6,30.77826
214.2,8.28,1.2,-71,193676,41.6,30.77826
213.7,8.288,1.2,-84,193676,41.6,30.76753
215.1,8.28,1.2,-65,193676,41.6,30.77826
213.9,8.288,1.2,-77,193676,41.6,30.76753
212.9,8.288,1.2,-83,193676,41.6,30.77826
212.1,8.288,1.2,-81,193676,41.6,30.76753
212.5,8.288,1.2,-73,193676,42.6,30.76753
212.5,8.288,1.2,-76,193676,43.6,30.76753
211.4,8.288,1.2,-70,193676,43.6,30.75681
211.0,8.288,1.2,-76,193676,43.6,30.75681
211.6,8.288,1.2,-73,193676,43.6,30.75681
215.6,8.288,1.2,-77,192104,44.6,30.73536
217.3,8.264,1.2,-72,193676,44.6,30.72463
215.4,8.288,1.2,-80,193676,43.6,30.71391
216.6,8.288,1.2,-77,193676,42.6,30.72463
217.8,8.288,1.2,-77,193676,42.6,30.70318
214.7,8.28,1.2,-73,193676,42.6,30.70318
215.0,8.288,1.2,-78,193676,42.6,30.70318
218.1,8.28,1.2,-79,193676,42.6,30.70318
216.4,8.28,1.2,-84,193676,42.6,30.69246
217.1,8.288,1.2,-78,193676,42.6,30.69246
213.0,8.28,1.2,-75,193676,42.6,30.69246
210.6,8.288,1.2,-75,193676,42.6,30.68173
213.0,8.28,1.2,-81,193676,41.6,30.68173
215.0,8.288,1.2,-86,193676,42.6,30.68173
215.1,8.28,1.2,-79,193676,42.6,30.68173
215.0,8.28,1.2,-70,193676,41.6,30.66028
213.9,8.288,1.2,-72,192104,42.6,30.67101
214.5,8.288,1.2,-67,193676,41.6,30.66028
214.4,8.288,1.2,-74,193676,41.6,30.66028
216.2,8.28,1.2,-74,193676,41.6,30.66028
211.4,8.288,1.2,-72,193676,42.6,30.63883
208.7,8.28,1.2,-74,193676,41.6,30.64956
213.8,8.288,1.2,-74,193676,41.6,30.63883
215.2,8.28,1.2,-78,193676,42.6,30.64956
215.0,8.28,1.2,-73,193676,41.6,30.64956
215.0,8.28,1.2,-74,193676,41.6,30.64956
213.4,8.288,1.2,-78,193676,41.6,30.67101
211.5,8.288,1.2,-70,193676,41.6,30.66028
213.4,8.28,1.2,-79,193676,41.6,30.66028
216.1,8.288,1.2,-72,193676,42.6,30.66028
215.9,8.288,1.2,-74,193676,41.6,30.66028
214.1,8.288,1.2,-73,193676,41.6,30.68173
213.9,8.288,1.2,-72,193676,42.6,30.67101
215.9,8.288,1.2,-72,193676,41.6,30.68173
215.8,8.28,1.2,-75,193676,41.6,30.67101
215.2,8.296,1.2,-78,192056,42.6,30.66028
216.2,8.288,1.2,-72,193676,43.6,30.67101
216.4,8.288,1.2,-77,193676,43.6,30.68173
216.2,8.288,1.2,-73,193676,43.6,30.69246
216.6,8.288,1.2,-80,193676,43.6,30.69246
217.8,8.288,1.2,-79,193676,43.6,30.71391
219.7,8.288,1.2,-81,193676,43.6,30.71391
219.9,8.288,1.2,-79,193676,44.6,30.70318
221.0,8.288,1.2,-76,193676,43.6,30.70318
219.3,8.288,1.2,-74,193676,44.6,30.72463
219.8,8.288,1.2,-81,193676,44.6,30.72463
220.5,8.288,1.2,-73,193676,44.6,30.72463
220.5,8.28,1.2,-74,193676,44.6,30.72463
218.5,8.28,1.2,-71,193676,45.6,30.74608
219.0,8.288,1.2,-74,193624,46.6,30.72463
220.6,8.288,1.2,-73,193624,45.6,30.74608
222.0,8.288,1.2,-73,193676,44.6,30.73536
220.7,8.288,1.2,-74,193676,44.6,30.73536
220.4,8.288,1.2,-78,193676,44.6,30.73536
220.4,8.272,1.2,-75,193668,45.6,30.71391
220.9,8.28,1.2,-75,193676,44.6,30.71391
220.6,8.296,1.2,-76,193676,44.6,30.71391
218.7,8.288,1.2,-83,192056,45.6,30.70318
218.9,8.288,1.2,-73,193676,43.6,30.69246
221.0,8.288,1.2,-74,193676,44.6,30.67101
222.0,8.288,1.2,-73,193676,44.6,30.67101
222.1,8.272,1.2,-75,193672,44.6,30.64956
221.0,8.264,1.2,-73,193672,44.6,30.64956
221.6,8.288,1.2,-75,193672,44.6,30.66028
222.0,8.288,1.2,-71,193620,45.6,30.64956
220.5,8.288,1.2,-70,193672,43.6,30.66028
219.9,8.288,1.2,-68,193672,43.6,30.68173
221.6,8.28,1.2,-75,193620,43.6,30.69246
221.0,8.28,1.2,-80,193672,44.6,30.69246
221.4,8.28,1.2,-80,193672,44.6,30.67101
221.6,8.288,1.2,-81,193672,45.6,30.68173
222.2,8.288,1.2,-80,193620,45.6,30.66028
222.4,8.288,1.2,-83,193672,43.6,30.67101
221.0,8.288,1.2,-81,193672,44.6,30.66028
221.7,8.288,1.2,-84,193672,44.6,30.68173
219.1,8.296,1.2,-83,193672,44.6,30.64956
219.3,8.28,1.2,-82,193620,44.6,30.64956
219.3,8.288,1.2,-81,193672,45.6,30.64956
218.8,8.288,1.2,-80,193620,44.6,30.64956
218.4,8.296,1.2,-80,193672,44.6,30.66028
217.0,8.288,1.2,-76,193672,43.6,30.67101
216.8,8.288,1.2,-81,193672,43.6,30.68173
216.7,8.296,1.2,-79,192100,44.6,30.68173
217.1,8.288,1.2,-78,193672,44.6,30.67101
218.5,8.288,1.2,-77,193672,44.6,30.69246
219.7,8.288,1.2,-79,193672,44.6,30.68173
221.2,8.288,1.2,-80,193672,43.6,30.69246
220.7,8.288,1.2,-80,193672,44.6,30.68173
220.7,8.288,1.2,-77,193672,44.6,30.68173
220.2,8.288,1.2,-79,193676,44.6,30.69246
220.1,8.288,1.2,-78,193676,43.6,30.69246
220.2,8.288,1.2,-80,193676,44.6,30.68173
220.6,8.288,1.2,-81,193624,44.6,30.69246
221.2,8.288,1.2,-81,193676,44.6,30.68173
220.8,8.288,1.2,-81,193624,45.6,30.68173
221.2,8.288,1.2,-82,193676,44.6,30.68173
218.8,8.288,1.2,-81,193624,45.6,30.68173
219.3,8.288,1.2,-81,193676,44.6,30.68173
219.1,8.288,1.2,-80,193676,44.6,30.68173
219.3,8.288,1.2,-81,193676,44.6,30.68173
218.8,8.288,1.2,-80,193484,48.6,30.68173
218.2,8.28,1.2,-81,193676,45.6,30.68173
218.1,8.288,1.2,-82,193676,45.6,30.69246
217.3,8.288,1.2,-81,193676,45.6,30.69246
217.3,8.28,1.2,-79,193676,45.6,30.70318
217.8,8.28,1.2,-80,193676,46.6,30.69246
217.8,8.28,1.2,-81,193624,46.6,30.70318
218.2,8.288,1.2,-80,193624,46.6,30.70318
218.8,8.288,1.2,-79,193624,44.6,30.71391
218.8,8.288,1.2,-79,193676,44.6,30.71391
217.8,8.288,1.2,-80,192104,45.6,30.70318
217.7,8.288,1.2,-77,193676,44.6,30.69246
217.6,8.288,1.2,-78,193676,45.6,30.70318
218.0,8.288,1.2,-79,193676,45.6,30.70318
216.3,8.288,1.2,-80,193624,45.6,30.70318
216.1,8.288,1.2,-79,193624,43.6,30.68173
216.2,8.288,1.2,-78,193676,43.6,30.69246
216.4,8.288,1.2,-80,193676,44.6,30.69246
216.2,8.288,1.2,-79,193676,44.6,30.68173
215.7,8.288,1.2,-78,193676,44.6,30.67101
212.6,8.296,1.2,-80,193676,45.6,30.67101
212.4,8.288,1.2,-77,193624,45.6,30.68173
212.4,8.288,1.2,-78,193676,43.6,30.68173
212.0,8.288,1.2,-77,193676,44.6,30.67101
212.8,8.28,1.2,-75,193676,44.6,30.68173
211.7,8.28,1.2,-77,193676,44.6,30.68173
212.2,8.264,1.2,-76,193676,45.6,30.68173
212.7,8.288,1.2,-77,193676,45.6,30.69246
212.6,8.288,1.2,-80,193624,45.6,30.70318
213.6,8.288,1.2,-81,193676,44.6,30.68173
213.3,8.288,1.2,-77,193676,43.6,30.69246
211.9,8.288,1.2,-77,193676,44.6,30.69246
211.9,8.288,1.2,-75,193676,45.6,30.69246
211.8,8.288,1.2,-75,193676,44.6,30.70318
210.9,8.288,1.2,-75,193676,44.6,30.70318
211.3,8.272,1.2,-75,192104,47.6,30.70318
214.0,8.288,1.2,-75,193676,44.6,30.69246
213.3,8.288,1.2,-75,193676,44.6,30.70318
214.4,8.288,1.2,-75,193676,44.6,30.69246
215.1,8.28,1.2,-76,193676,44.6,30.69246
214.7,8.288,1.2,-78,193676,44.6,30.70318
214.6,8.28,1.2,-76,193676,44.6,30.69246
212.7,8.288,1.2,-76,192104,44.6,30.69246
211.6,8.288,1.2,-76,193676,44.6,30.69246
212.2,8.288,1.2,-74,193676,44.6,30.69246
212.7,8.28,1.2,-74,193816,44.6,30.67101
212.4,8.288,1.2,-82,193676,44.6,30.68173
212.5,8.288,1.2,-80,193676,45.6,30.67101
212.6,8.288,1.2,-83,193676,44.6,30.68173
212.8,8.288,1.2,-88,193676,44.6,30.66028
213.2,8.288,1.2,-82,193676,45.6,30.67101
214.4,8.288,1.2,-82,193676,44.6,30.67101
213.4,8.28,1.2,-82,193676,45.6,30.68173
212.3,8.288,1.2,-82,193676,45.6,30.67101
211.6,8.288,1.2,-78,193624,44.6,30.64956
215.8,8.28,1.2,-81,193672,45.6,30.67101
216.6,8.264,1.2,-78,193676,46.6,30.66028
216.5,8.28,1.2,-83,193624,46.6,30.64956
216.3,8.288,1.2,-80,192040,45.6,30.64956
215.6,8.28,1.2,-87,193672,44.6,30.64956
214.9,8.288,1.2,-83,193816,45.6,30.66028
214.0,8.288,1.2,-80,193676,45.6,30.66028
211.3,8.288,1.2,-82,193656,45.6,30.67101
211.5,8.28,1.2,-79,193676,45.6,30.66028
211.3,8.288,1.2,-79,193676,45.6,30.66028
212.4,8.288,1.2,-79,193628,46.6,30.66028
212.7,8.28,1.2,-80,193676,44.6,30.68173
213.6,8.288,1.2,-78,193676,44.6,30.67101
212.4,8.28,1.2,-82,193676,45.6,30.67101
212.8,8.288,1.2,-82,193676,44.6,30.68173
211.8,8.272,1.2,-80,193628,44.6,30.68173
209.4,8.288,1.2,-82,193672,46.6,30.68173
211.4,8.288,1.2,-82,193624,45.6,30.67101
215.5,8.288,1.2,-76,193672,44.6,30.69246
217.5,8.288,1.2,-80,193672,44.6,30.69246
218.6,8.288,1.2,-81,193672,44.6,30.69246
217.0,8.264,1.2,-82,193672,44.6,30.68173
216.4,8.28,1.2,-81,193624,44.6,30.68173
217.8,8.288,1.2,-82,193672,46.6,30.68173
216.3,8.288,1.2,-79,193624,44.6,30.68173
215.1,8.288,1.2,-82,191144,45.6,30.67101
214.6,8.288,1.2,-81,193672,44.6,30.67101
215.0,8.288,1.2,-85,193672,44.6,30.68173
212.8,8.288,1.2,-80,193672,44.6,30.69246
215.9,8.28,1.2,-83,193672,44.6,30.69246
217.5,8.288,1.2,-87,193624,45.6,30.68173
216.8,8.288,1.2,-78,193624,44.6,30.67101
217.0,8.288,1.2,-82,193676,44.6,30.67101
215.5,8.288,1.2,-82,193676,44.6,30.68173
215.3,8.288,1.2,-81,193676,43.6,30.69246
217.0,8.288,1.2,-79,193672,44.6,30.68173
216.8,8.288,1.2,-79,193672,43.6,30.69246
214.7,8.288,1.2,-79,193672,44.6,30.68173
213.7,8.288,1.2,-77,193672,44.6,30.70318
214.7,8.288,1.2,-78,193672,43.6,30.70318
215.0,8.288,1.2,-83,193672,43.6,30.69246
214.6,8.288,1.2,-79,193672,44.6,30.70318
212.9,8.288,1.2,-83,193672,44.6,30.69246
212.7,8.288,1.2,-82,193672,44.6,30.69246
212.2,8.288,1.2,-83,193676,44.6,30.68173
213.6,8.288,1.2,-78,193676,44.6,30.67101
217.4,8.288,1.2,-83,193676,43.6,30.66028
220.1,8.288,1.2,-78,193684,45.6,30.67101
221.2,8.288,1.2,-86,193816,45.6,30.66028
222.6,8.288,1.2,-86,193676,44.6,30.66028
222.0,8.272,1.2,-83,193676,46.6,30.67101
222.1,8.288,1.2,-90,193676,44.6,30.67101
219.0,8.288,1.2,-84,193676,44.6,30.67101
219.0,8.296,1.2,-86,192104,45.6,30.64956
220.4,8.288,1.2,-91,193672,45.6,30.64956
220.5,8.288,1.2,-84,193672,44.6,30.63883
220.3,8.288,1.2,-82,193672,45.6,30.64956
219.2,8.296,1.2,-87,193672,45.6,30.66028
219.5,8.264,1.2,-84,193672,45.6,30.64956
223.7,8.28,1.2,-87,193624,47.6,30.64956
223.2,8.28,1.2,-84,193624,46.6,30.66028
222.8,8.288,1.2,-86,193624,45.6,30.64956
221.5,8.296,1.2,-84,193672,44.6,30.66028
221.6,8.288,1.2,-80,193672,45.6,30.67101
221.2,8.288,1.2,-81,193672,44.6,30.67101
221.4,8.288,1.2,-86,193672,44.6,30.67101
219.3,8.28,1.2,-82,193672,45.6,30.67101
222.9,8.288,1.2,-84,193672,46.6,30.68173
225.0,8.288,1.2,-84,193624,45.6,30.68173
225.0,8.296,1.2,-80,192100,45.6,30.68173
221.0,8.288,1.2,-87,193668,44.6,30.70318
220.1,8.28,1.2,-89,193668,44.6,30.69246
220.5,8.288,1.2,-85,193668,44.6,30.68173
219.7,8.28,1.2,-90,193668,45.6,30.69246
219.8,8.288,1.2,-84,193620,45.6,30.69246
220.4,8.288,1.2,-83,193620,44.6,30.69246
219.6,8.288,1.2,-93,193668,44.6,30.69246
220.1,8.288,1.2,-86,193816,45.6,30.69246
219.1,8.288,1.2,-84,193676,44.6,30.68173
220.1,8.28,1.2,-84,193676,44.6,30.69246
220.0,8.288,1.2,-88,193676,45.6,30.68173
217.9,8.288,1.2,-82,193628,44.6,30.69246
214.8,8.288,1.2,-81,193676,43.6,30.68173
215.6,8.288,1.2,-90,193672,43.6,30.68173
216.5,8.288,1.2,-81,193812,44.6,30.68173
216.4,8.288,1.2,-76,193672,43.6,30.70318
216.3,8.288,1.2,-81,193672,43.6,30.70318
217.0,8.288,1.2,-79,193672,43.6,30.69246
214.4,8.288,1.2,-77,193672,44.6,30.71391
215.5,8.288,1.2,-77,193676,43.6,30.70318
213.5,8.288,1.2,-77,193676,43.6,30.71391
213.8,8.288,1.2,-82,193672,45.6,30.71391
214.4,8.28,1.2,-81,193676,45.6,30.71391
217.4,8.288,1.2,-78,193672,44.6,30.71391
216.0,8.296,1.2,-77,192088,44.6,30.71391
216.4,8.288,1.2,-77,193672,44.6,30.71391
218.1,8.28,1.2,-76,193672,44.6,30.72463
216.5,8.288,1.2,-75,193672,44.6,30.71391
214.1,8.288,1.2,-76,190516,44.6,30.71391
213.0,8.288,1.2,-76,193676,44.6,30.70318
214.8,8.288,1.2,-75,193676,44.6,30.70318
213.3,8.288,1.2,-75,193676,44.6,30.68173
213.5,8.288,1.2,-75,193676,44.6,30.69246
211.5,8.28,1.2,-75,193676,44.6,30.68173
211.9,8.288,1.2,-77,193676,44.6,30.68173
213.4,8.288,1.2,-76,192240,45.6,30.69246
216.0,8.288,1.2,-75,193676,44.6,30.69246
213.4,8.288,1.2,-76,193628,44.6,30.69246
211.0,8.272,1.2,-79,193676,45.6,30.68173
213.4,8.28,1.2,-77,193676,46.6,30.68173
212.9,8.288,1.2,-79,193628,46.6,30.69246
214.1,8.288,1.2,-77,193628,45.6,30.68173
213.2,8.288,1.2,-81,193676,44.6,30.69246
212.0,8.288,1.2,-81,193676,45.6,30.67101
212.0,8.288,1.2,-88,193676,44.6,30.67101
213.1,8.288,1.2,-78,193816,45.6,30.68173
212.1,8.28,1.2,-80,193676,45.6,30.68173
214.8,8.288,1.2,-82,193676,45.6,30.67101
215.6,8.288,1.2,-80,193628,45.6,30.66028
213.9,8.288,1.2,-84,193812,44.6,30.67101
212.7,8.288,1.2,-83,193672,44.6,30.68173
214.3,8.288,1.2,-79,193660,45.6,30.68173
214.8,8.296,1.2,-80,193672,45.6,30.69246
215.6,8.28,1.2,-88,193672,45.6,30.68173
217.2,8.28,1.2,-81,192052,47.6,30.68173
216.3,8.288,1.2,-86,193624,44.6,30.69246
215.8,8.288,1.2,-85,193672,44.6,30.71391
216.4,8.288,1.2,-93,193672,44.6,30.70318
212.2,8.288,1.2,-79,193676,44.6,30.70318
209.9,8.28,1.2,-78,193676,44.6,30.70318
210.4,8.296,1.2,-80,193676,44.6,30.72463
213.6,8.288,1.2,-78,193628,46.6,30.73536
215.2,8.288,1.2,-77,193628,43.6,30.73536
216.5,8.288,1.2,-77,193676,44.6,30.72463
214.7,8.288,1.2,-80,193676,44.6,30.73536
215.9,8.296,1.2,-79,193676,44.6,30.71391
215.0,8.28,1.2,-81,193676,44.6,30.72463
214.9,8.288,1.2,-79,193676,44.6,30.74608
214.8,8.288,1.2,-78,193628,45.6,30.72463
215.2,8.288,1.2,-83,193676,44.6,30.73536
213.0,8.288,1.2,-81,193676,44.6,30.72463
212.6,8.288,1.2,-79,193768,43.6,30.71391
212.3,8.288,1.2,-76,193676,44.6,30.71391
210.3,8.288,1.2,-75,193676,44.6,30.69246
212.4,8.288,1.2,-77,193676,44.6,30.70318
214.4,8.288,1.2,-81,193676,44.6,30.69246
213.9,8.288,1.2,-80,192104,44.6,30.67101
214.0,8.288,1.2,-81,193676,44.6,30.68173
214.1,8.288,1.2,-82,193816,44.6,30.67101
214.2,8.288,1.2,-79,193676,44.6,30.67101
213.4,8.288,1.2,-77,193676,44.6,30.66028
214.7,8.288,1.2,-80,193676,44.6,30.67101
218.3,8.288,1.2,-79,193676,44.6,30.67101
218.1,8.288,1.2,-90,193672,44.6,30.66028
216.9,8.288,1.2,-78,193676,44.6,30.67101
214.6,8.288,1.2,-81,193816,44.6,30.68173
216.6,8.288,1.2,-77,193676,44.6,30.70318
217.6,8.288,1.2,-79,193676,44.6,30.68173
218.1,8.288,1.2,-78,193676,44.6,30.68173
215.6,8.288,1.2,-78,193676,45.6,30.68173
215.9,8.288,1.2,-79,193676,44.6,30.67101
217.5,8.288,1.2,-78,193676,45.6,30.67101
217.5,8.288,1.2,-79,193672,46.6,30.68173
216.4,8.288,1.2,-78,193676,45.6,30.67101
216.2,8.288,1.2,-76,193672,45.6,30.68173
216.2,8.304,1.2,-76,192088,45.6,30.68173
218.1,8.288,1.2,-76,193624,46.6,30.68173
215.9,8.288,1.2,-76,193624,46.6,30.68173
216.1,8.288,1.2,-81,193624,45.6,30.69246
217.3,8.288,1.2,-82,193672,44.6,30.69246
216.7,8.288,1.2,-78,193624,45.6,30.71391
214.4,8.288,1.2,-83,193672,44.6,30.71391
217.0,8.288,1.2,-80,193672,45.6,30.70318
218.1,8.28,1.2,-78,193672,44.6,30.70318
219.6,8.288,1.2,-76,193624,46.6,30.71391
218.3,8.288,1.2,-79,193628,45.6,30.70318
217.5,8.288,1.2,-81,193816,44.6,30.69246
216.9,8.288,1.2,-82,193676,44.6,30.71391
216.2,8.272,1.2,-77,193676,46.6,30.69246
218.1,8.288,1.2,-81,193676,45.6,30.69246
217.5,8.288,1.2,-82,193676,45.6,30.67101
217.4,8.28,1.2,-80,192056,47.6,30.68173
216.5,8.288,1.2,-78,193672,44.6,30.67101
215.5,8.288,1.2,-81,193676,44.6,30.68173
215.5,8.288,1.2,-83,193816,45.6,30.68173
214.3,8.288,1.2,-81,193676,45.6,30.69246
213.9,8.28,1.2,-87,193676,45.6,30.69246
213.5,8.296,1.2,-80,193676,45.6,30.69246
213.9,8.288,1.2,-83,193624,45.6,30.69246
213.6,8.288,1.2,-81,193676,44.6,30.68173
213.6,8.288,1.2,-85,193672,44.6,30.69246
214.7,8.288,1.2,-81,193676,44.6,30.70318
214.4,8.288,1.2,-83,193676,44.6,30.71391
215.9,8.28,1.2,-84,193676,44.6,30.70318
214.3,8.288,1.2,-80,193676,45.6,30.71391
217.0,8.288,1.2,-88,193628,45.6,30.69246
218.8,8.288,1.2,-80,193676,43.6,30.69246
219.7,8.288,1.2,-86,193672,44.6,30.70318
219.9,8.288,1.2,-82,193676,44.6,30.69246
216.6,8.288,1.2,-87,193676,43.6,30.70318
216.5,8.288,1.2,-81,193676,44.6,30.69246
215.4,8.288,1.2,-85,193676,44.6,30.69246
216.7,8.288,1.2,-81,193628,45.6,30.69246
218.1,8.288,1.2,-88,191196,44.6,30.68173
217.2,8.288,1.2,-79,193676,44.6,30.66028
215.7,8.288,1.2,-84,193816,44.6,30.67101
215.8,8.288,1.2,-83,193668,44.6,30.68173
215.9,8.288,1.2,-80,193620,43.6,30.68173
215.6,8.288,1.2,-77,193672,43.6,30.68173
217.2,8.288,1.2,-78,193672,44.6,30.68173
215.4,8.288,1.2,-79,193672,44.6,30.68173
218.1,8.288,1.2,-79,193672,44.6,30.69246
217.7,8.288,1.2,-80,193812,44.6,30.71391
218.7,8.288,1.2,-85,193812,45.6,30.69246
217.5,8.288,1.2,-81,193672,45.6,30.70318
219.3,8.288,1.2,-79,193672,44.6,30.71391
217.9,8.288,1.2,-87,193656,45.6,30.71391
219.8,8.288,1.2,-81,193656,44.6,30.71391
219.8,8.288,1.2,-80,193676,45.6,30.72463
219.7,8.288,1.2,-78,193676,45.6,30.70318
220.3,8.296,1.2,-77,193676,45.6,30.71391
220.8,8.288,1.2,-81,193676,45.6,30.70318
220.4,8.296,1.2,-82,192104,44.6,30.70318
220.3,8.272,1.2,-83,193764,45.6,30.69246
219.1,8.296,1.2,-76,193672,46.6,30.69246
220.0,8.288,1.2,-77,193624,45.6,30.68173
220.4,8.288,1.2,-77,193672,44.6,30.69246
220.3,8.288,1.2,-78,193672,44.6,30.67101
220.4,8.288,1.2,-81,193672,44.6,30.66028
220.6,8.264,1.2,-81,193672,45.6,30.67101
219.8,8.28,1.2,-82,193672,44.6,30.67101
220.0,8.288,1.2,-79,193624,45.6,30.66028
221.6,8.288,1.2,-79,193624,45.6,30.64956
221.3,8.288,1.2,-82,193672,44.6,30.66028
221.1,8.288,1.2,-81,193812,44.6,30.66028
221.6,8.296,1.2,-81,192100,44.6,30.66028
221.9,8.288,1.2,-78,193672,44.6,30.66028
218.2,8.288,1.2,-82,193672,44.6,30.66028
217.4,8.288,1.2,-80,193624,45.6,30.66028
222.0,8.288,1.2,-83,193672,44.6,30.66028
222.1,8.288,1.2,-82,193672,44.6,30.67101
220.2,8.288,1.2,-90,193812,44.6,30.69246
220.3,8.28,1.2,-84,193672,45.6,30.67101
219.4,8.28,1.2,-86,193672,44.6,30.67101
220.2,8.296,1.2,-86,193672,44.6,30.66028
222.0,8.288,1.2,-84,193624,46.6,30.66028
219.8,8.288,1.2,-79,193672,44.6,30.68173
221.1,8.288,1.2,-83,193672,43.6,30.68173
222.4,8.288,1.2,-81,193672,44.6,30.67101
223.2,8.288,1.2,-84,193672,44.6,30.67101
221.6,8.288,1.2,-84,193672,44.6,30.67101
221.8,8.288,1.2,-83,192092,44.6,30.64956
222.2,8.288,1.2,-82,193664,44.6,30.66028
222.4,8.288,1.2,-79,193680,44.6,30.67101
223.1,8.288,1.2,-77,193668,44.6,30.66028
222.9,8.288,1.2,-83,193676,44.6,30.67101
223.1,8.288,1.2,-84,193676,44.6,30.67101
219.8,8.288,1.2,-77,193676,44.6,30.66028
219.6,8.288,1.2,-87,193676,44.6,30.66028
221.2,8.288,1.2,-85,193676,44.6,30.66028
220.2,8.288,1.2,-86,193676,44.6,30.66028
219.1,8.288,1.2,-81,193672,44.6,30.66028
218.6,8.288,1.2,-69,193812,44.6,30.67101
218.8,8.288,1.2,-71,193672,43.6,30.66028
219.2,8.288,1.2,-68,193672,45.6,30.64956
219.2,8.288,1.2,-70,193672,43.6,30.66028
218.9,8.288,1.2,-69,193672,43.6,30.64956
218.8,8.296,1.2,-69,192100,42.6,30.66028
219.6,8.288,1.2,-68,193672,42.6,30.63883
221.1,8.288,1.2,-67,193672,42.6,30.66028
222.3,8.288,1.2,-69,193672,42.6,30.64956
221.9,8.288,1.2,-69,193676,42.6,30.64956
220.2,8.288,1.2,-70,193676,42.6,30.66028
222.4,8.288,1.2,-71,193676,42.6,30.66028
222.4,8.288,1.2,-71,193676,42.6,30.66028
222.2,8.288,1.2,-72,193676,42.6,30.66028
222.2,8.288,1.2,-86,193676,42.6,30.66028
220.8,8.288,1.2,-80,193672,42.6,30.66028
220.6,8.28,1.2,-86,193672,42.6,30.66028
221.9,8.288,1.2,-83,193672,41.6,30.67101
221.3,8.288,1.2,-82,193672,42.6,30.66028
220.4,8.288,1.2,-79,193676,41.6,30.66028
221.5,8.288,1.2,-81,193676,42.6,30.66028
221.1,8.288,1.2,-86,193672,42.6,30.66028
220.2,8.288,1.2,-74,193672,42.6,30.67101
218.9,8.288,1.2,-74,193672,42.6,30.64956
218.8,8.288,1.2,-74,193676,42.6,30.63883
220.3,8.288,1.2,-75,193676,42.6,30.64956
222.5,8.288,1.2,-75,193676,42.6,30.63883
222.6,8.288,1.2,-71,193672,42.6,30.64956
223.6,8.288,1.2,-75,193672,42.6,30.63883
222.4,8.288,1.2,-72,193672,41.6,30.62811
219.9,8.288,1.2,-70,193672,42.6,30.63883
221.0,8.288,1.2,-77,193672,42.6,30.62811
221.0,8.288,1.2,-79,193628,42.6,30.62811
220.8,8.28,1.2,-77,193676,44.6,30.60666
221.3,8.288,1.2,-85,193676,43.6,30.60666
223.2,8.288,1.2,-87,193676,43.6,30.59593
223.3,8.24,1.2,-86,193684,46.6,30.58521
220.5,8.28,1.2,-82,193676,43.6,30.58521
221.0,8.288,1.2,-84,193676,43.6,30.59593
218.2,8.28,1.2,-84,192104,44.6,30.58521
218.6,8.288,1.2,-85,193676,43.6,30.59593
218.6,8.288,1.2,-84,193628,43.6,30.58521
218.8,8.288,1.2,-84,193676,43.6,30.57448
219.6,8.288,1.2,-86,193676,44.6,30.58521
219.4,8.288,1.2,-86,193676,44.6,30.57448
218.6,8.288,1.2,-86,193676,44.6,30.59593
218.5,8.28,1.2,-87,193676,44.6,30.59593
219.5,8.288,1.2,-82,193676,44.6,30.58521
219.9,8.28,1.2,-83,193676,44.6,30.58521
219.9,8.288,1.2,-82,193672,45.6,30.58521
219.7,8.272,1.2,-89,193672,46.6,30.58521
218.9,8.288,1.2,-92,193624,46.6,30.59593
218.4,8.288,1.2,-92,193624,45.6,30.58521
219.0,8.288,1.2,-85,193672,44.6,30.58521
220.5,8.288,1.2,-92,193672,43.6,30.59593
220.6,8.28,1.2,-89,193672,44.6,30.59593
220.5,8.288,1.2,-90,193672,44.6,30.59593
220.7,8.264,1.2,-92,193672,44.6,30.61738
221.3,8.296,1.2,-92,193672,45.6,30.62811
221.3,8.288,1.2,-91,193624,45.6,30.62811
219.8,8.288,1.2,-93,193672,43.6,30.62811
219.3,8.296,1.2,-93,192092,44.6,30.62811
218.4,8.288,1.2,-86,193672,44.6,30.61738
220.6,8.288,1.2,-86,193672,44.6,30.61738
220.6,8.28,1.2,-84,193624,44.6,30.61738
220.6,8.288,1.2,-82,193672,44.6,30.61738
220.4,8.288,1.2,-92,193624,45.6,30.60666
219.6,8.28,1.2,-84,193672,43.6,30.60666
219.6,8.288,1.2,-84,193676,44.6,30.59593
220.7,8.288,1.2,-92,193676,44.6,30.58521
220.7,8.288,1.2,-92,193676,44.6,30.58521
220.7,8.288,1.2,-83,192104,44.6,30.57448
220.8,8.288,1.2,-92,193624,45.6,30.57448
223.1,8.288,1.2,-88,193624,44.6,30.58521
223.9,8.288,1.2,-94,193672,43.6,30.59593
224.5,8.288,1.2,-88,193672,44.6,30.57448
225.1,8.288,1.2,-87,193672,44.6,30.58521
225.7,8.272,1.2,-93,193672,44.6,30.59593
225.4,8.288,1.2,-86,193672,45.6,30.60666
224.4,8.288,1.2,-87,193624,45.6,30.60666
223.9,8.288,1.2,-87,193676,43.6,30.59593
222.4,8.288,1.2,-90,193676,44.6,30.61738
222.9,8.288,1.2,-85,193816,44.6,30.61738
223.9,8.288,1.2,-87,193676,43.6,30.61738
225.1,8.296,1.2,-91,193668,44.6,30.60666
225.6,8.288,1.2,-87,193676,44.6,30.61738
224.6,8.288,1.2,-86,193676,43.6,30.59593
225.3,8.296,1.2,-95,192104,44.6,30.62811
223.9,8.288,1.2,-93,193676,44.6,30.62811
224.0,8.288,1.2,-87,193768,43.6,30.60666
223.9,8.288,1.2,-93,193676,44.6,30.61738
224.8,8.288,1.2,-79,193676,44.6,30.61738
225.2,8.288,1.2,-86,193676,44.6,30.60666
226.0,8.288,1.2,-84,193676,43.6,30.61738
226.1,8.288,1.2,-82,193676,44.6,30.62811
226.7,8.288,1.2,-86,193676,44.6,30.60666
224.9,8.288,1.2,-87,193768,44.6,30.61738
224.1,8.288,1.2,-85,193676,44.6,30.62811
224.0,8.288,1.2,-73,193676,44.6,30.63883
225.8,8.28,1.2,-75,193676,44.6,30.63883
224.7,8.288,1.2,-75,193676,45.6,30.62811
224.5,8.288,1.2,-78,193676,44.6,30.63883
224.0,8.288,1.2,-81,193676,44.6,30.62811
224.1,8.288,1.2,-86,192096,45.6,30.61738
221.9,8.288,1.2,-80,193676,45.6,30.62811
222.0,8.288,1.2,-88,193676,45.6,30.61738
223.7,8.28,1.2,-84,193676,45.6,30.61738
225.2,8.28,1.2,-84,193676,46.6,30.59593
224.7,8.296,1.2,-83,193628,46.6,30.60666
224.8,8.288,1.2,-84,193628,45.6,30.60666
225.0,8.288,1.2,-84,193672,44.6,30.61738
224.7,8.288,1.2,-87,193672,44.6,30.60666
226.3,8.288,1.2,-89,193672,44.6,30.59593
227.0,8.288,1.2,-85,193672,44.6,30.59593
226.8,8.288,1.2,-86,193676,45.6,30.57448
226.5,8.296,1.2,-85,193676,45.6,30.58521
227.6,8.296,1.2,-85,193628,45.6,30.59593
227.2,8.288,1.2,-84,193676,44.6,30.58521
226.6,8.288,1.2,-88,193676,44.6,30.58521
225.8,8.296,1.2,-84,192104,44.6,30.57448
225.5,8.288,1.2,-84,193676,44.6,30.58521
224.0,8.28,1.2,-83,193676,44.6,30.57448
223.6,8.288,1.2,-81,193676,44.6,30.57448
225.4,8.288,1.2,-80,193628,45.6,30.57448
223.5,8.288,1.2,-78,193676,43.6,30.59593
222.9,8.288,1.2,-81,193676,43.6,30.57448
221.8,8.288,1.2,-79,193676,44.6,30.57448
223.5,8.288,1.2,-79,193676,44.6,30.58521
222.9,8.28,1.2,-78,193676,44.6,30.57448
222.2,8.288,1.2,-79,193676,45.6,30.57448
220.8,8.288,1.2,-78,193628,45.6,30.57448
217.8,8.288,1.2,-78,193676,43.6,30.57448
219.1,8.288,1.2,-82,193676,43.6,30.57448
220.5,8.288,1.2,-78,193676,44.6,30.57448
220.7,8.288,1.2,-77,193676,43.6,30.57448
221.1,8.288,1.2,-79,192056,43.6,30.57448
221.6,8.288,1.2,-79,193676,44.6,30.57448
220.5,8.288,1.2,-79,193676,43.6,30.57448
220.9,8.288,1.2,-82,193676,43.6,30.58521
220.5,8.288,1.2,-80,193676,44.6,30.58521
218.9,8.28,1.2,-82,193816,44.6,30.57448
220.1,8.288,1.2,-83,193668,45.6,30.57448
220.2,8.288,1.2,-81,193668,44.6,30.57448
220.1,8.288,1.2,-83,193672,44.6,30.57448
219.2,8.288,1.2,-82,193672,44.6,30.58521
219.4,8.288,1.2,-78,193672,43.6,30.58521
220.4,8.288,1.2,-80,193672,43.6,30.59593
220.6,8.288,1.2,-82,193672,44.6,30.59593
220.6,8.288,1.2,-81,193672,44.6,30.59593
221.3,8.288,1.2,-81,193672,44.6,30.59593
221.4,8.288,1.2,-80,193672,44.6,30.60666
219.5,8.288,1.2,-80,193624,44.6,30.60666
218.6,8.288,1.2,-78,193672,44.6,30.59593
221.9,8.288,1.2,-79,193672,45.6,30.59593
221.0,8.288,1.2,-78,193672,44.6,30.59593
221.0,8.288,1.2,-82,193672,45.6,30.59593
219.4,8.288,1.2,-82,193672,44.6,30.58521
220.3,8.28,1.2,-79,191192,46.6,30.58521
220.8,8.272,1.2,-82,193672,46.6,30.59593
220.2,8.288,1.2,-79,193624,46.6,30.58521
222.2,8.288,1.2,-79,193624,45.6,30.58521
222.6,8.288,1.2,-79,193676,44.6,30.58521
220.0,8.288,1.2,-79,193684,44.6,30.58521
220.0,8.288,1.2,-79,193684,44.6,30.57448
220.1,8.288,1.2,-79,193684,44.6,30.57448
220.2,8.28,1.2,-81,193684,44.6,30.56376
220.3,8.288,1.2,-78,193684,45.6,30.57448
221.2,8.288,1.2,-81,193636,44.6,30.56376
219.2,8.288,1.2,-82,193684,44.6,30.56376
215.4,8.288,1.2,-82,193684,44.6,30.56376
215.6,8.296,1.2,-81,193684,45.6,30.56376
216.0,8.296,1.2,-79,193684,44.6,30.55303
216.1,8.296,1.2,-79,193684,44.6,30.55303
217.5,8.288,1.2,-80,193636,45.6,30.56376
215.8,8.296,1.2,-82,193636,43.6,30.55303
216.8,8.288,1.2,-82,193684,44.6,30.55303
217.0,8.296,1.2,-80,192104,44.6,30.5423
216.0,8.288,1.2,-85,193684,44.6,30.56376
215.3,8.288,1.2,-83,193684,44.6,30.55303
214.2,8.288,1.2,-82,193684,44.6,30.55303
214.0,8.288,1.2,-79,193624,45.6,30.53158
213.8,8.288,1.2,-78,193624,43.6,30.5423
214.3,8.288,1.2,-78,193676,43.6,30.55303
214.0,8.288,1.2,-79,193676,44.6,30.5423
215.0,8.288,1.2,-79,193676,44.6,30.56376
217.2,8.28,1.2,-78,193676,44.6,30.56376
217.3,8.296,1.2,-80,193676,44.6,30.56376
217.2,8.288,1.2,-81,193624,45.6,30.55303
218.3,8.288,1.2,-79,193676,43.6,30.57448
217.1,8.288,1.2,-78,193676,43.6,30.57448
216.9,8.288,1.2,-79,193672,43.6,30.55303
216.4,8.296,1.2,-81,193676,43.6,30.56376
217.9,8.288,1.2,-76,193676,43.6,30.56376
221.6,8.288,1.2,-77,193676,43.6,30.56376
221.8,8.288,1.2,-78,193676,43.6,30.56376
223.8,8.288,1.2,-77,193636,43.6,30.57448
223.0,8.288,1.2,-78,193684,43.6,30.57448
223.0,8.288,1.2,-81,193816,44.6,30.57448
222.2,8.28,1.2,-78,193676,44.6,30.56376
223.1,8.288,1.2,-83,193676,44.6,30.56376
222.6,8.288,1.2,-78,193676,43.6,30.56376
222.0,8.288,1.2,-79,191196,45.6,30.56376
220.7,8.288,1.2,-79,193676,44.6,30.55303
222.7,8.288,1.2,-79,193676,44.6,30.55303
223.6,8.288,1.2,-80,193676,44.6,30.55303
223.5,8.288,1.2,-81,193676,44.6,30.56376
219.5,8.288,1.2,-79,193676,44.6,30.56376
220.0,8.288,1.2,-78,193676,44.6,30.55303
218.4,8.288,1.2,-79,193676,44.6,30.55303
220.0,8.288,1.2,-77,193676,44.6,30.53158
219.5,8.288,1.2,-77,193676,44.6,30.52085
218.5,8.288,1.2,-80,193628,44.6,30.5423
219.4,8.288,1.2,-80,192104,45.6,30.52085
219.5,8.288,1.2,-77,193676,45.6,30.52085
220.7,8.288,1.2,-76,193676,45.6,30.5423
220.1,8.28,1.2,-80,193676,45.6,30.52085
219.9,8.288,1.2,-80,193628,46.6,30.53158
220.9,8.288,1.2,-76,193628,46.6,30.53158
221.0,8.288,1.2,-81,193676,44.6,30.5423
221.4,8.296,1.2,-81,193676,43.6,30.52085
224.2,8.296,1.2,-77,192104,44.6,30.53158
224.2,8.288,1.2,-79,193676,44.6,30.53158
221.8,8.272,1.2,-79,193676,44.6,30.53158
220.4,8.288,1.2,-78,193676,45.6,30.53158
221.4,8.288,1.2,-79,193636,44.6,30.53158
220.8,8.28,1.2,-80,193824,44.6,30.53158
219.3,8.288,1.2,-78,193684,44.6,30.52085
219.0,8.296,1.2,-80,193676,44.6,30.5423
218.9,8.288,1.2,-78,193676,44.6,30.53158
220.2,8.264,1.2,-80,193676,44.6,30.5423
219.9,8.288,1.2,-79,193676,45.6,30.5423
222.9,8.288,1.2,-80,193628,44.6,30.56376
220.5,8.28,1.2,-79,193676,43.6,30.55303
220.3,8.288,1.2,-79,193676,44.6,30.5423
222.3,8.288,1.2,-75,193676,44.6,30.5423
223.7,8.288,1.2,-76,193676,44.6,30.5423
223.2,8.28,1.2,-77,193676,44.6,30.5423
225.0,8.288,1.2,-77,193676,45.6,30.5423
223.3,8.288,1.2,-76,193628,44.6,30.5423
223.7,8.28,1.2,-76,193684,45.6,30.5423
223.6,8.288,1.2,-76,193668,44.6,30.55303
223.5,8.288,1.2,-76,193676,44.6,30.5423
224.6,8.296,1.2,-78,193672,44.6,30.56376
223.5,8.28,1.2,-76,193676,44.6,30.55303
223.7,8.288,1.2,-75,193676,45.6,30.55303
225.0,8.288,1.2,-75,193628,45.6,30.5423
225.1,8.288,1.2,-78,193676,43.6,30.5423
225.1,8.288,1.2,-80,193676,43.6,30.55303
223.5,8.288,1.2,-76,191196,44.6,30.55303
223.3,8.288,1.2,-77,193676,43.6,30.5423
225.2,8.288,1.2,-76,193676,43.6,30.53158
225.8,8.288,1.2,-77,193676,43.6,30.53158
223.5,8.288,1.2,-77,193676,43.6,30.5423
223.4,8.288,1.2,-78,193676,43.6,30.5423
224.4,8.288,1.2,-79,193676,43.6,30.5423
224.6,8.288,1.2,-79,192104,43.6,30.53158
225.0,8.288,1.2,-80,193676,44.6,30.52085
224.2,8.288,1.2,-78,193676,44.6,30.5423
224.6,8.288,1.2,-80,193676,44.6,30.55303
225.8,8.288,1.2,-80,193676,44.6,30.55303
224.3,8.288,1.2,-78,193676,44.6,30.56376
226.4,8.288,1.2,-77,193676,44.6,30.55303
227.0,8.288,1.2,-79,193672,44.6,30.55303
224.8,8.288,1.2,-78,193672,44.6,30.55303
225.2,8.288,1.2,-77,193672,43.6,30.55303
227.9,8.288,1.2,-76,191192,45.6,30.5423
227.7,8.288,1.2,-77,193672,44.6,30.55303
227.4,8.288,1.2,-76,193672,43.6,30.5423
226.1,8.288,1.2,-79,193672,44.6,30.5423
226.5,8.288,1.2,-77,193816,44.6,30.5423
225.3,8.288,1.2,-77,193676,44.6,30.53158
225.3,8.288,1.2,-77,193676,44.6,30.5423
226.2,8.296,1.2,-79,193672,44.6,30.53158
224.6,8.288,1.2,-75,193672,44.6,30.5423
225.0,8.288,1.2,-76,193624,45.6,30.5423
225.7,8.288,1.2,-75,193684,44.6,30.5423
226.6,8.288,1.2,-83,193676,44.6,30.53158
226.0,8.288,1.2,-78,193676,44.6,30.53158
225.0,8.296,1.2,-77,192104,44.6,30.53158
225.0,8.288,1.2,-78,193684,44.6,30.51013
226.5,8.296,1.2,-78,193676,44.6,30.52085
226.4,8.288,1.2,-77,193628,45.6,30.51013
226.3,8.288,1.2,-77,193676,44.6,30.53158
225.5,8.288,1.2,-81,193812,44.6,30.5423
224.7,8.288,1.2,-80,193672,44.6,30.55303
227.1,8.288,1.2,-81,193676,44.6,30.5423
227.2,8.28,1.2,-76,193676,44.6,30.53158
226.9,8.288,1.2,-78,193676,44.6,30.53158
226.9,8.288,1.2,-77,193628,45.6,30.52085
225.6,8.288,1.2,-76,193676,43.6,30.5423
225.2,8.288,1.2,-81,193676,43.6,30.53158
225.9,8.288,1.2,-82,193676,44.6,30.52085
228.8,8.288,1.2,-78,193676,44.6,30.53158
228.4,8.272,1.2,-81,193676,44.6,30.52085
228.5,8.28,1.2,-79,193676,45.6,30.53158
228.4,8.288,1.2,-78,193628,45.6,30.53158
228.5,8.288,1.2,-77,193676,43.6,30.53158
228.6,8.288,1.2,-83,193676,44.6,30.53158
228.7,8.288,1.2,-80,193676,44.6,30.52085
228.6,8.288,1.2,-79,193676,43.6,30.5423
228.1,8.288,1.2,-84,193676,44.6,30.53158
229.2,8.288,1.2,-79,193676,43.6,30.5423
229.5,8.288,1.2,-80,193676,43.6,30.5423
229.4,8.288,1.2,-79,192104,43.6,30.53158
229.1,8.288,1.2,-81,193680,44.6,30.53158
229.1,8.288,1.2,-86,193816,44.6,30.53158
228.4,8.288,1.2,-83,193676,44.6,30.5423
228.7,8.288,1.2,-79,193676,44.6,30.5423
229.1,8.288,1.2,-80,193676,44.6,30.52085
228.8,8.288,1.2,-81,193676,44.6,30.53158
229.7,8.28,1.2,-82,193676,45.6,30.5423
230.0,8.288,1.2,-88,193676,45.6,30.53158
228.9,8.288,1.2,-87,192104,44.6,30.55303
228.8,8.288,1.2,-84,191196,46.6,30.53158
227.7,8.288,1.2,-84,193676,44.6,30.52085
227.6,8.288,1.2,-86,193676,44.6,30.55303
227.8,8.288,1.2,-82,193628,44.6,30.52085
227.6,8.288,1.2,-82,193676,44.6,30.55303
227.4,8.288,1.2,-82,193676,44.6,30.53158
227.2,8.288,1.2,-81,193816,44.6,30.5423
227.2,8.296,1.2,-85,192092,44.6,30.55303
227.2,8.296,1.2,-85,193664,45.6,30.56376
227.2,8.264,1.2,-85,193664,45.6,30.55303
227.5,8.28,1.2,-84,193632,46.6,30.56376
226.9,8.296,1.2,-84,193764,46.6,30.56376
227.7,8.296,1.2,-84,193624,45.6,30.57448
227.3,8.288,1.2,-85,193816,44.6,30.57448
226.4,8.288,1.2,-87,193676,44.6,30.57448
224.5,8.288,1.2,-84,193676,45.6,30.56376
224.5,8.28,1.2,-86,193676,44.6,30.56376
224.7,8.288,1.2,-88,193676,45.6,30.57448
224.6,8.288,1.2,-83,193676,45.6,30.56376
224.2,8.288,1.2,-85,193628,45.6,30.56376
224.2,8.296,1.2,-87,192104,44.6,30.57448
224.0,8.288,1.2,-88,193676,44.6,30.56376
224.3,8.288,1.2,-89,193672,44.6,30.57448
225.2,8.288,1.2,-84,193672,44.6,30.57448
225.1,8.288,1.2,-81,193672,44.6,30.57448
225.1,8.288,1.2,-82,193672,45.6,30.55303
225.1,8.288,1.2,-84,193624,44.6,30.5423
224.1,8.288,1.2,-82,193676,44.6,30.56376
224.7,8.288,1.2,-82,193816,44.6,30.56376
224.8,8.28,1.2,-82,193676,44.6,30.56376
224.9,8.28,1.2,-80,193676,44.6,30.56376
224.8,8.288,1.2,-83,193676,44.6,30.56376
225.3,8.288,1.2,-86,193628,45.6,30.5423
226.0,8.288,1.2,-81,192056,44.6,30.56376
224.3,8.288,1.2,-80,193676,43.6,30.56376
224.1,8.288,1.2,-80,193676,44.6,30.55303
225.2,8.288,1.2,-78,193676,43.6,30.56376
225.8,8.28,1.2,-81,193676,44.6,30.55303
225.8,8.288,1.2,-80,193676,44.6,30.56376
225.7,8.288,1.2,-83,193628,45.6,30.55303
226.1,8.288,1.2,-83,193628,44.6,30.55303
226.1,8.288,1.2,-81,193676,43.6,30.56376
226.1,8.288,1.2,-87,193816,44.6,30.55303
226.4,8.288,1.2,-79,193676,43.6,30.56376
226.4,8.288,1.2,-86,193676,44.6,30.58521
224.9,8.288,1.2,-84,193676,43.6,30.58521
226.0,7.952,36.4,-85,193676,44.6,30.57448
