ina3221.battery.voltage,ina3221.battery.current_ma,ina3221.esp.voltage,ina3221.esp.current_ma,ina3221.main.voltage,ina3221.main.current_ma,si7021.temperature,si7021.humidity,system.rssi,system.free_heap,system.reconnects,system.cpu_temp
8.104,-236.4,5.552,32.0,12.48,186.8,31.72206,66.52502,-84,194056,1,43.6
8.104,-235.6,5.552,30.0,12.48,186.8,31.73279,66.46399,-83,194056,1,43.6
8.104,-238.4,5.552,32.0,12.48,189.6,31.75424,66.44873,-79,194056,1,43.6
8.104,-239.2,5.552,30.4,12.48,188.8,31.74352,66.43347,-76,194056,1,43.6
8.104,-238.8,5.552,31.2,12.48,189.2,31.75424,66.43347,-78,194056,1,43.6
8.104,-238.0,5.552,29.6,12.48,188.4,31.75424,66.55554,-85,194056,1,43.6
8.104,-238.0,5.552,30.8,12.48,188.4,31.77569,66.46399,-76,194056,1,43.6
8.104,-236.8,5.552,33.2,12.48,188.8,31.77569,66.40295,-78,194056,1,43.6
8.104,-236.0,5.496,72.4,12.464,205.2,31.79714,66.29614,-88,194008,1,45.6
8.104,-234.8,5.544,35.2,12.48,188.4,31.79714,66.31903,-85,192484,1,44.6
8.104,-235.6,5.544,35.2,12.48,188.4,31.80787,66.258,-81,194056,1,44.6
8.104,-234.4,5.552,31.2,12.48,186.4,31.81859,66.34192,-80,194056,1,43.6
8.104,-234.4,5.552,30.8,12.48,186.0,31.82932,66.258,-85,194056,1,43.6
8.104,-233.6,5.552,30.8,12.48,185.6,31.81859,66.14355,-76,194056,1,43.6
8.104,-234.0,5.552,29.2,12.48,185.2,31.82932,66.18933,-84,194056,1,43.6
8.104,-234.0,5.552,30.4,12.48,185.6,31.85077,66.15118,-83,194056,1,43.6
8.104,-235.2,5.544,31.2,12.48,187.6,31.86149,66.07489,-85,194056,1,43.6
8.104,-233.6,5.552,30.0,12.48,184.8,31.85077,66.10541,-77,194056,1,43.6
8.104,-234.0,5.552,29.6,12.48,186.0,31.88294,66.40295,-81,194056,1,43.6
8.104,-234.8,5.552,30.0,12.48,186.0,31.89367,66.47162,-81,194056,1,43.6
8.104,-232.0,5.552,30.0,12.488,184.8,31.90439,66.4411,-83,194056,1,43.6
8.104,-232.8,5.552,31.2,12.48,185.6,31.90439,66.21985,-83,194008,1,45.6
8.104,-233.2,5.544,33.2,12.48,186.0,31.90439,66.00623,-79,194060,1,45.6
8.104,-231.6,5.552,32.4,12.488,184.0,31.91512,65.94519,-79,194064,1,43.6
8.104,-230.4,5.552,30.0,12.488,182.8,31.92584,65.93756,-80,194056,1,43.6
8.104,-231.6,5.528,46.4,12.48,192.4,31.91512,65.85364,-79,191580,1,44.6
8.104,-231.6,5.552,30.0,12.488,183.6,31.92584,65.8689,-79,194064,1,43.6
8.104,-232.0,5.552,31.2,12.488,184.4,31.92584,65.88416,-82,194064,1,43.6
8.104,-231.6,5.552,29.6,12.488,183.2,31.94729,65.93756,-81,194064,1,43.6
8.104,-230.8,5.552,30.8,12.488,183.6,31.94729,65.85364,-81,194056,1,43.6
8.104,-232.4,5.552,32.8,12.488,185.6,31.93657,65.7392,-80,194056,1,43.6
8.104,-230.8,5.552,30.0,12.488,182.8,31.96874,66.1817,-82,194056,1,43.6
8.104,-230.0,5.552,31.6,12.488,183.2,31.96874,65.89941,-84,194056,1,43.6
8.104,-231.2,5.552,30.0,12.488,183.2,31.97947,65.71631,-83,194056,1,43.6
8.104,-229.2,5.552,30.8,12.488,182.4,31.97947,65.54846,-82,194056,1,43.6
8.104,-230.8,5.552,29.2,12.488,182.8,31.97947,65.55609,-85,194056,1,43.6
8.104,-230.8,5.552,30.4,12.488,183.6,31.99019,65.54083,-81,194056,1,43.6
8.104,-231.2,5.544,32.8,12.488,184.4,31.97947,65.41876,-87,194056,1,43.6
8.104,-230.8,5.552,30.0,12.488,183.2,31.99019,65.38824,-82,194056,1,43.6
8.104,-230.8,5.552,31.6,12.488,183.2,31.97947,65.38062,-83,194056,1,43.6
8.104,-230.4,5.552,29.2,12.488,183.2,32.00092,65.38062,-80,194056,1,43.6
8.104,-230.0,5.552,31.6,12.488,182.8,31.97947,65.37299,-79,194056,1,43.6
8.104,-230.0,5.552,29.2,12.488,182.0,31.99019,65.31958,-83,194056,1,43.6
8.104,-230.4,5.552,30.8,12.488,182.8,31.99019,65.31958,-84,194056,1,43.6
8.112,-230.8,5.552,29.2,12.488,182.8,31.99019,65.36536,-84,194056,1,43.6
8.112,-231.2,5.552,30.0,12.488,183.2,31.99019,65.33484,-79,194056,1,43.6
8.112,-230.8,5.552,32.4,12.488,184.0,32.01164,65.2738,-84,194056,1,43.6
8.112,-230.4,5.544,38.4,12.488,186.4,32.01164,65.21277,-81,194056,1,43.6
8.112,-229.6,5.552,31.6,12.488,182.8,32.01164,65.22803,-80,194056,1,43.6
8.112,-230.8,5.552,29.6,12.488,182.4,32.03309,65.36536,-81,194056,1,43.6
8.112,-230.0,5.52,55.6,12.48,195.2,32.04382,65.28143,-80,192484,1,43.6
8.112,-230.4,5.552,29.6,12.488,182.4,32.04382,65.37299,-84,194056,1,43.6
8.112,-231.2,5.552,30.4,12.488,183.6,32.05454,65.21277,-84,194056,1,43.6
8.112,-230.4,5.544,32.0,12.488,183.6,32.05454,65.19751,-79,194056,1,43.6
8.112,-230.0,5.552,30.0,12.496,182.8,32.06527,65.15936,-74,194064,1,43.6
8.112,-230.0,5.552,31.2,12.488,183.2,32.07599,65.16699,-81,194056,1,43.6
8.112,-228.8,5.552,29.2,12.496,182.0,32.07599,65.15173,-73,194056,1,43.6
8.112,-229.2,5.552,30.4,12.496,182.8,32.07599,65.09833,-73,194056,1,43.6
8.112,-229.2,5.552,29.2,12.488,183.6,32.07599,65.0907,-73,194056,1,43.6
8.112,-228.8,5.552,30.4,12.496,182.4,32.07599,65.03729,-74,194056,1,43.6
8.112,-230.0,5.552,32.0,12.496,182.8,32.08672,65.02203,-74,194056,1,43.6
8.112,-229.6,5.552,29.6,12.496,182.0,32.09744,64.93048,-77,194056,1,43.6
8.112,-229.2,5.552,31.2,12.496,182.8,32.08672,64.93048,-75,194056,1,43.6
8.112,-230.0,5.552,29.2,12.496,182.0,32.09744,64.97626,-76,194064,1,43.6
8.112,-229.2,5.552,30.8,12.496,182.8,32.08672,64.90759,-77,194056,1,43.6
8.112,-230.0,5.552,29.2,12.496,182.0,32.09744,64.86945,-78,194056,1,43.6
8.112,-229.6,5.552,30.4,12.496,182.4,32.09744,64.85419,-83,194064,1,43.6
8.112,-229.2,5.552,30.4,12.496,183.2,32.10817,64.90759,-77,194064,1,43.6
8.112,-230.0,5.552,30.0,12.496,182.0,32.10817,64.86182,-76,194064,1,43.6
8.112,-229.2,5.52,54.4,12.488,194.4,32.11889,65.06781,-77,191532,1,43.6
8.112,-230.0,5.552,29.6,12.496,182.4,32.12962,65.12122,-80,194064,1,43.6
8.112,-230.0,5.552,30.0,12.496,182.0,32.14034,64.85419,-80,194064,1,43.6
8.112,-228.8,5.552,33.2,12.496,183.6,32.15107,64.83893,-78,194064,1,43.6
8.112,-230.0,5.552,30.0,12.496,182.4,32.14034,64.86945,-81,194064,1,43.6
8.112,-230.0,5.552,32.4,12.496,182.8,32.16179,64.76263,-87,194064,1,43.6
8.112,-229.2,5.552,29.6,12.496,182.0,32.16179,64.70923,-75,194064,1,43.6
8.112,-229.2,5.552,31.2,12.496,183.2,32.16179,64.67871,-74,194064,1,43.6
8.12,-230.0,5.552,29.6,12.496,182.8,32.17252,64.62531,-81,194064,1,43.6
8.112,-229.2,5.552,31.2,12.496,182.4,32.17252,64.63293,-77,194064,1,43.6
8.12,-229.2,5.552,33.2,12.496,183.6,32.18324,64.60242,-78,194064,1,43.6
8.112,-229.6,5.552,30.8,12.496,182.4,32.18324,64.61005,-78,194064,1,43.6
8.12,-230.0,5.552,32.4,12.496,183.6,32.18324,64.51086,-77,194064,1,43.6
8.12,-230.0,5.56,29.6,12.496,182.8,32.18324,64.51849,-78,194064,1,43.6
8.12,-230.0,5.552,30.8,12.496,183.6,32.2047,64.50323,-79,194064,1,43.6
8.12,-230.4,5.56,30.0,12.496,183.2,32.2047,64.49561,-80,194064,1,43.6
8.12,-230.4,5.552,30.8,12.496,182.8,32.2047,64.48798,-79,194064,1,43.6
8.12,-230.0,5.552,29.6,12.496,183.2,32.2047,64.53375,-78,194064,1,43.6
8.12,-231.2,5.552,30.0,12.496,183.2,32.21542,64.46509,-78,194064,1,43.6
8.12,-229.6,5.544,38.4,12.496,185.2,32.22615,64.44983,-79,194064,1,43.6
8.12,-230.0,5.552,29.2,12.496,182.4,32.22615,64.38879,-81,194064,1,43.6
8.12,-231.2,5.552,31.2,12.496,183.2,32.23687,64.41931,-80,194064,1,43.6
8.12,-230.4,5.552,28.8,12.496,182.4,32.2476,64.41168,-78,194064,1,43.6
8.12,-230.4,5.552,30.8,12.496,183.2,32.25832,64.43457,-78,194064,1,43.6
8.12,-230.0,5.552,28.8,12.496,184.0,32.26905,64.35828,-78,194064,1,43.6
8.12,-230.4,5.552,31.2,12.496,183.2,32.26905,64.35828,-77,194064,1,43.6
8.12,-231.2,5.552,31.6,12.496,184.0,32.27977,64.34302,-81,194064,1,43.6
8.12,-231.2,5.552,29.6,12.496,184.0,32.27977,64.27435,-77,194064,1,43.6
8.112,-223.6,5.512,58.0,12.488,192.0,32.2905,64.22095,-80,192484,1,43.6
8.12,-230.4,5.552,30.0,12.496,183.2,32.27977,64.1828,-78,194056,1,43.6
8.12,-232.0,5.552,31.6,12.496,183.6,32.27977,64.22095,-77,194056,1,43.6
8.12,-230.8,5.552,32.8,12.496,184.4,32.2905,64.35065,-77,194056,1,43.6
8.12,-228.0,5.544,35.6,12.496,184.4,32.32267,64.39642,-79,194064,1,43.6
8.12,-225.6,5.528,48.4,12.496,187.6,32.31195,64.38116,-77,194056,1,43.6
8.12,-231.2,5.552,29.6,12.496,183.2,32.3334,64.30487,-79,194056,1,43.6
8.12,-229.6,5.552,31.2,12.496,183.2,32.3334,64.25146,-77,194056,1,43.6
8.12,-230.4,5.552,29.2,12.496,182.8,32.3334,64.20569,-76,194056,1,43.6
8.12,-230.0,5.552,30.4,12.496,182.4,32.3334,64.19043,-81,194056,1,43.6
8.12,-230.8,5.552,30.4,12.496,184.8,32.3334,64.10651,-78,194056,1,43.6
8.12,-229.6,5.552,30.0,12.496,183.2,32.34412,64.04547,-78,194056,1,43.6
8.128,-230.0,5.552,32.0,12.496,184.0,32.35485,63.99207,-76,194056,1,43.6
8.128,-230.8,5.552,29.6,12.496,182.8,32.34412,63.97681,-78,194056,1,43.6
8.128,-230.4,5.552,31.6,12.496,183.6,32.36557,63.94629,-76,194056,1,43.6
8.128,-230.4,5.56,29.6,12.496,182.4,32.35485,64.00732,-78,194056,1,43.6
8.128,-229.6,5.552,30.4,12.496,184.0,32.35485,64.00732,-80,194056,1,43.6
8.128,-230.0,5.552,29.2,12.496,182.8,32.36557,64.17517,-77,194056,1,43.6
8.128,-230.8,5.552,30.0,12.496,183.6,32.36557,64.19806,-76,194056,1,43.6
8.128,-230.4,5.552,31.2,12.496,184.0,32.38702,64.0531,-81,194056,1,43.6
8.128,-230.0,5.552,30.0,12.496,183.6,32.39775,64.06836,-76,194056,1,43.6
8.128,-230.8,5.552,30.4,12.496,184.0,32.39775,64.09125,-79,194056,1,43.6
8.128,-230.4,5.552,30.0,12.496,183.2,32.38702,64.12939,-79,192484,1,43.6
8.128,-229.6,5.552,30.4,12.496,183.2,32.40847,64.22858,-80,194056,1,43.6
8.128,-231.6,5.552,29.2,12.496,182.8,32.42992,64.41931,-81,194056,1,43.6
8.128,-230.8,5.552,30.0,12.496,184.4,32.42992,64.46509,-81,194056,1,43.6
8.128,-229.6,5.552,32.8,12.496,184.4,32.42992,64.32013,-80,194056,1,43.6
8.128,-230.8,5.552,29.6,12.496,183.2,32.44065,64.0531,-80,194056,1,43.6
8.128,-230.8,5.552,31.6,12.496,184.4,32.45137,64.16754,-79,194056,1,43.6
8.128,-231.2,5.552,29.6,12.496,183.6,32.45137,64.06836,-81,194056,1,43.6
8.128,-231.6,5.552,30.8,12.496,183.2,32.44065,63.80896,-83,194056,1,43.6
8.128,-230.8,5.552,29.2,12.496,182.8,32.45137,63.73267,-81,194056,1,43.6
8.128,-231.2,5.552,30.4,12.496,184.4,32.45137,63.70215,-78,194056,1,44.6
8.128,-230.8,5.552,31.6,12.496,184.8,32.45137,63.70215,-81,194056,1,43.6
8.128,-231.6,5.552,29.6,12.496,184.0,32.47282,64.03784,-78,194056,1,43.6
8.128,-230.8,5.552,30.0,12.496,184.0,32.47282,63.7937,-79,194064,1,43.6
8.128,-230.4,5.552,30.4,12.504,184.0,32.4621,63.72504,-78,194056,1,43.6
8.128,-232.0,5.552,30.0,12.496,183.6,32.47282,63.67926,-80,194056,1,43.6
8.136,-231.6,5.552,29.2,12.504,184.0,32.48355,63.71741,-80,194056,1,43.6
8.136,-232.0,5.552,29.6,12.504,184.0,32.49427,63.70978,-81,194056,1,43.6
8.136,-231.6,5.552,29.2,12.504,184.0,32.505,63.80896,-82,194056,1,43.6
8.12,-220.0,5.52,55.2,12.496,187.6,32.505,63.70978,-76,194052,1,44.6
8.128,-231.2,5.552,33.6,12.496,186.0,32.505,63.7403,-78,194056,1,43.6
8.136,-230.4,5.552,29.6,12.504,183.6,32.52645,63.84711,-76,194056,1,43.6
8.128,-221.6,5.52,55.2,12.496,188.0,32.52645,63.75555,-80,192484,1,43.6
8.136,-231.2,5.552,29.6,12.504,184.8,32.51572,63.74792,-77,194056,1,43.6
8.136,-230.8,5.552,30.8,12.504,184.0,32.53717,63.96918,-77,194056,1,43.6
8.136,-231.2,5.552,29.2,12.504,184.0,32.5479,63.93866,-79,194056,1,43.6
8.136,-232.4,5.552,30.4,12.496,184.0,32.55862,63.83185,-77,194008,1,43.6
8.136,-231.2,5.552,29.2,12.504,185.2,32.56935,63.72504,-82,194056,1,43.6
8.136,-230.8,5.552,29.6,12.504,184.0,32.58007,63.65637,-79,194056,1,43.6
8.136,-232.0,5.552,31.2,12.504,184.8,32.56935,63.57245,-78,194064,1,43.6
8.136,-233.2,5.552,30.0,12.504,184.0,32.58007,63.49615,-77,194056,1,43.6
8.136,-229.2,5.544,34.0,12.504,185.2,32.56935,63.45801,-77,194056,1,43.6
8.136,-232.8,5.552,29.6,12.504,184.0,32.55862,63.58008,-78,194056,1,43.6
8.136,-231.6,5.552,29.6,12.504,184.8,32.55862,63.5343,-79,194056,1,43.6
8.136,-232.0,5.552,29.2,12.504,184.0,32.56935,63.50378,-78,194056,1,43.6
8.136,-232.0,5.552,29.2,12.504,184.8,32.5908,63.50378,-81,194056,1,44.6
8.136,-230.4,5.544,35.2,12.504,184.4,32.5908,63.4809,-89,194056,1,43.6
8.136,-230.4,5.552,31.6,12.504,184.0,32.5908,63.67163,-79,194056,1,43.6
8.136,-230.0,5.552,33.2,12.504,184.8,32.58007,63.64111,-71,194056,1,43.6
8.136,-231.6,5.552,32.0,12.504,184.8,32.60152,63.42749,-75,194056,1,43.6
8.136,-231.2,5.552,30.4,12.504,185.2,32.60152,63.31305,-74,194008,1,43.6
8.136,-232.0,5.552,29.2,12.504,184.8,32.5908,63.32831,-64,194064,1,43.6
8.136,-232.0,5.552,30.0,12.504,184.8,32.5908,63.23676,-70,194016,1,44.6
8.144,-231.2,5.552,32.4,12.504,185.2,32.5908,63.25201,-74,194064,1,43.6
8.128,-220.8,5.528,48.8,12.504,185.6,32.60152,63.16809,-67,194064,1,44.6
8.128,-220.8,5.528,49.6,12.504,186.0,32.5908,63.09943,-73,194056,1,43.6
8.144,-233.6,5.56,29.6,12.504,184.8,32.60152,63.0918,-72,194056,1,44.6
8.128,-219.2,5.52,55.6,12.504,186.4,32.5908,63.05365,-71,192484,1,43.6
8.144,-232.0,5.552,29.6,12.504,185.2,32.5908,63.10706,-72,194056,1,44.6
8.144,-233.2,5.552,30.8,12.504,184.0,32.5908,63.07654,-75,194008,1,43.6
8.136,-227.6,5.544,36.0,12.504,184.8,32.60152,63.12994,-70,194056,1,43.6
8.144,-231.6,5.552,31.2,12.504,184.8,32.58007,63.13757,-71,194064,1,43.6
8.136,-229.2,5.552,36.0,12.504,184.8,32.5908,63.10706,-65,194064,1,43.6
8.144,-232.4,5.552,29.6,12.504,184.0,32.5908,63.06128,-68,194064,1,43.6
8.144,-232.4,5.552,31.6,12.504,184.8,32.5908,63.06128,-70,194056,1,43.6
8.144,-232.4,5.56,29.2,12.504,184.8,32.58007,63.06891,-68,194056,1,43.6
8.144,-230.8,5.552,33.2,12.504,184.4,32.5908,63.0918,-70,194008,1,43.6
8.144,-232.8,5.552,30.0,12.504,184.8,32.5908,63.09943,-71,194056,1,44.6
8.144,-233.2,5.552,30.0,12.504,184.0,32.5908,63.12231,-70,194056,1,43.6
8.144,-231.6,5.552,32.4,12.504,185.2,32.5908,63.1452,-71,194056,1,43.6
8.144,-232.8,5.56,30.0,12.504,184.4,32.5908,63.12994,-69,194056,1,44.6
8.144,-233.2,5.552,31.6,12.504,186.0,32.5908,63.11469,-70,194056,1,43.6
8.144,-232.8,5.552,29.6,12.504,185.2,32.60152,63.12231,-70,194056,1,43.6
8.144,-231.6,5.552,30.8,12.504,184.8,32.5908,63.13757,-70,194056,1,43.6
8.144,-233.2,5.552,29.6,12.504,184.8,32.5908,63.16046,-71,194056,1,43.6
8.144,-232.8,5.552,30.0,12.504,184.8,32.60152,63.12994,-70,194056,1,43.6
8.136,-220.0,5.528,50.4,12.504,186.8,32.61225,63.15283,-70,194056,1,44.6
8.144,-233.6,5.56,30.0,12.504,185.6,32.60152,63.12994,-70,194056,1,43.6
8.144,-230.4,5.544,34.8,12.504,186.0,32.62297,63.10706,-70,194056,1,43.6
8.136,-218.8,5.52,55.6,12.504,186.8,32.6337,63.0918,-70,192484,1,43.6
8.144,-232.0,5.552,31.2,12.504,185.2,32.6337,63.08417,-70,194064,1,43.6
8.152,-234.0,5.552,29.2,12.504,185.2,32.62297,63.0918,-69,194064,1,43.6
8.144,-232.8,5.552,32.8,12.504,185.2,32.6337,63.03076,-77,194016,1,43.6
8.152,-233.6,5.56,32.8,12.504,186.0,32.6337,62.98499,-73,194064,1,43.6
8.152,-233.2,5.552,29.6,12.504,185.6,32.6337,62.99261,-75,194056,1,43.6
8.152,-233.2,5.552,32.0,12.504,186.0,32.62297,63.0155,-78,194056,1,43.6
8.152,-232.4,5.552,29.6,12.504,185.2,32.62297,63.02313,-74,194056,1,43.6
8.152,-232.0,5.552,32.0,12.504,185.6,32.6337,63.02313,-74,194056,1,43.6
8.144,-226.4,5.544,40.8,12.504,185.6,32.61225,63.06891,-73,194056,1,44.6
8.152,-231.6,5.552,31.2,12.504,185.2,32.60152,63.08417,-72,194056,1,43.6
8.152,-232.8,5.552,29.2,12.504,185.2,32.61225,63.02313,-74,194056,1,43.6
8.152,-232.4,5.552,30.4,12.504,185.2,32.62297,63.0155,-72,194056,1,44.6
8.152,-232.0,5.552,32.0,12.504,185.6,32.61225,63.07654,-74,194056,1,44.6
8.152,-233.2,5.552,30.0,12.504,186.0,32.61225,63.06128,-74,194056,1,43.6
8.152,-233.2,5.552,31.6,12.504,185.6,32.61225,63.0918,-65,194056,1,43.6
8.152,-234.0,5.552,30.0,12.504,184.8,32.62297,63.04602,-69,194056,1,44.6
8.152,-232.8,5.552,31.6,12.504,185.6,32.61225,63.06891,-68,194056,1,43.6
8.152,-233.6,5.552,29.6,12.504,184.8,32.62297,63.10706,-75,194056,1,43.6
8.152,-230.8,5.552,34.0,12.504,185.2,32.6337,63.06128,-75,194044,1,44.6
8.152,-234.0,5.552,30.0,12.504,185.2,32.62297,63.03076,-75,194056,1,43.6
8.152,-233.2,5.552,30.4,12.504,185.6,32.6337,63.00787,-73,194056,1,43.6
8.144,-218.0,5.52,54.8,12.504,185.6,32.64442,63.0155,-74,192484,1,43.6
8.152,-233.2,5.552,29.6,12.504,185.2,32.6337,62.98499,-73,194056,1,44.6
8.152,-232.8,5.552,31.6,12.504,185.2,32.6337,63.02313,-71,194056,1,43.6
8.152,-233.6,5.552,29.6,12.504,185.6,32.6337,63.00024,-74,194056,1,43.6
8.152,-233.2,5.552,30.8,12.504,186.4,32.64442,62.98499,-73,194056,1,43.6
8.152,-232.8,5.552,31.6,12.504,185.6,32.64442,62.96973,-73,194056,1,43.6
8.152,-225.6,5.544,41.2,12.504,185.6,32.64442,62.92395,-72,194056,1,44.6
8.152,-230.0,5.552,34.0,12.504,186.4,32.65515,62.92395,-74,194056,1,43.6
8.16,-233.6,5.56,30.0,12.504,185.6,32.65515,62.90869,-72,194056,1,43.6
8.16,-232.4,5.552,30.4,12.504,185.6,32.65515,62.87817,-72,194056,1,43.6
8.16,-234.0,5.552,29.6,12.504,185.2,32.66587,62.87817,-73,194064,1,43.6
8.16,-232.4,5.552,30.8,12.504,186.0,32.65515,62.81714,-73,194064,1,43.6
8.16,-233.6,5.552,29.2,12.504,185.6,32.6766,62.84766,-72,194064,1,43.6
8.16,-233.6,5.552,30.4,12.504,186.0,32.6766,62.81714,-70,194056,1,44.6
8.16,-232.0,5.552,32.8,12.504,185.6,32.66587,62.81714,-72,194056,1,43.6
8.16,-233.2,5.552,30.0,12.512,185.6,32.66587,62.82477,-72,194056,1,43.6
8.16,-231.2,5.552,32.0,12.504,185.6,32.6766,62.81714,-72,194056,1,43.6
8.16,-233.2,5.552,29.6,12.504,185.2,32.6766,62.84003,-71,194056,1,43.6
8.16,-232.8,5.552,30.8,12.512,186.0,32.6766,62.80188,-71,194056,1,43.6
8.152,-223.2,5.536,45.6,12.504,186.0,32.68732,62.84003,-71,194056,1,44.6
8.16,-232.8,5.552,30.4,12.512,185.6,32.69805,62.77899,-72,194056,1,43.6
8.16,-231.2,5.552,30.8,12.512,185.2,32.69805,62.77136,-73,194056,1,43.6
8.144,-216.8,5.512,54.4,12.504,186.4,32.70877,62.7561,-71,192484,1,43.6
8.16,-231.6,5.552,30.0,12.512,185.6,32.70877,62.77136,-71,194056,1,43.6
8.16,-233.2,5.552,29.6,12.512,185.2,32.7195,62.77136,-72,194056,1,43.6
8.16,-232.8,5.552,29.6,12.512,185.2,32.70877,62.74847,-71,194056,1,43.6
8.16,-234.0,5.552,29.6,12.512,185.6,32.70877,62.71033,-72,194056,1,43.6
8.16,-233.2,5.552,29.2,12.512,185.6,32.7195,62.66455,-72,194056,1,43.6
8.16,-231.2,5.552,32.8,12.512,184.8,32.70877,62.65692,-73,194056,1,43.6
8.16,-233.6,5.552,29.6,12.512,186.0,32.70877,62.68744,-74,194056,1,43.6
8.16,-231.6,5.552,32.0,12.512,185.6,32.69805,62.71796,-74,194056,1,43.6
8.16,-233.2,5.552,29.6,12.512,185.6,32.70877,62.68744,-73,194056,1,43.6
8.16,-232.4,5.552,31.6,12.512,185.6,32.70877,62.67981,-72,194056,1,43.6
8.168,-233.2,5.552,29.6,12.512,185.2,32.7195,62.66455,-72,194056,1,43.6
8.168,-232.4,5.552,30.8,12.512,185.2,32.7195,62.6264,-71,194056,1,43.6
8.168,-232.0,5.552,29.2,12.512,185.2,32.7195,62.61877,-72,194064,1,43.6
8.168,-232.4,5.552,30.0,12.512,185.6,32.73022,62.66455,-70,194056,1,43.6
8.16,-232.0,5.552,31.6,12.512,185.2,32.73022,62.64929,-71,194056,1,43.6
8.168,-233.2,5.552,29.6,12.512,185.2,32.73022,62.64929,-71,194056,1,43.6
8.16,-230.4,5.552,31.6,12.512,184.8,32.74095,62.6264,-72,194056,1,43.6
8.168,-234.0,5.56,29.2,12.512,185.6,32.73022,62.65692,-71,194056,1,43.6
8.168,-231.2,5.552,29.6,12.512,184.8,32.75167,62.58826,-71,194056,1,44.6
8.168,-232.0,5.552,29.2,12.512,184.4,32.7624,62.60352,-72,194056,1,43.6
8.168,-231.6,5.552,29.6,12.512,184.8,32.75167,62.56537,-72,194008,1,43.6
8.168,-234.0,5.552,33.2,12.512,185.6,32.7624,62.56537,-72,192484,1,43.6
8.168,-229.6,5.552,32.4,12.512,184.0,32.77312,62.55774,-72,194056,1,43.6
8.168,-230.0,5.552,32.4,12.512,184.0,32.7624,62.51959,-71,194056,1,43.6
8.168,-232.4,5.552,29.6,12.512,185.6,32.75167,62.52722,-70,194056,1,43.6
8.168,-231.2,5.552,32.0,12.512,184.8,32.75167,62.48145,-69,194056,1,43.6
8.168,-231.6,5.552,31.2,12.512,184.4,32.7624,62.54248,-70,194056,1,43.6
8.168,-231.6,5.552,31.6,12.512,184.8,32.77312,62.52722,-73,194056,1,43.6
8.168,-232.0,5.552,29.6,12.512,184.8,32.7624,62.55011,-70,194056,1,43.6
8.168,-231.6,5.552,30.8,12.512,184.4,32.78385,62.51959,-72,194008,1,43.6
8.168,-232.8,5.56,29.2,12.512,185.2,32.7624,62.48907,-71,194056,1,43.6
8.168,-230.0,5.552,31.6,12.512,183.6,32.77312,62.45093,-72,194056,1,44.6
8.168,-229.2,5.552,31.6,12.512,184.0,32.79457,62.45093,-71,194056,1,43.6
8.168,-226.8,5.552,34.4,12.512,183.6,32.79457,62.47382,-71,194056,1,44.6
8.168,-229.6,5.552,30.8,12.512,183.6,32.79457,62.42804,-70,194056,1,44.6
8.16,-215.6,5.56,29.6,12.52,172.8,32.78385,62.43567,-69,194056,1,43.6
8.168,-229.6,5.552,29.6,12.512,183.2,32.79457,62.48907,-72,194056,1,43.6
8.16,-220.8,5.544,42.4,12.512,182.0,32.79457,62.48145,-71,194044,1,44.6
8.16,-220.4,5.552,32.4,12.52,178.0,32.78385,62.46619,-72,194056,1,44.6
8.16,-222.4,5.552,34.4,12.512,179.6,32.79457,62.4433,-72,194056,1,43.6
8.152,-214.0,5.52,55.2,12.512,184.0,32.78385,62.45856,-71,192484,1,44.6
8.16,-219.2,5.528,48.0,12.512,184.4,32.78385,62.45093,-70,194056,1,43.6
8.152,-206.8,5.552,29.6,12.528,166.8,32.79457,62.4433,-70,194056,1,43.6
8.168,-228.0,5.552,30.8,12.512,182.8,32.77312,62.45093,-70,194056,1,43.6
8.168,-230.0,5.56,29.6,12.512,183.2,32.78385,62.45093,-70,194056,1,43.6
8.144,-200.0,5.552,30.4,12.528,162.4,32.79457,62.45856,-72,194056,1,43.6
8.144,-202.4,5.552,32.8,12.528,164.8,32.78385,62.42804,-72,194056,1,43.6
8.16,-216.4,5.552,30.8,12.52,174.0,32.78385,62.47382,-72,194056,1,43.6
8.168,-229.2,5.552,31.6,12.512,183.6,32.77312,62.46619,-72,194056,1,43.6
8.168,-230.4,5.56,29.6,12.512,183.6,32.7624,62.48907,-72,194056,1,43.6
8.168,-229.2,5.552,30.4,12.512,183.2,32.7624,62.50433,-72,194056,1,43.6
8.152,-208.8,5.552,29.6,12.52,167.6,32.7624,62.48145,-71,194056,1,43.6
8.16,-222.4,5.552,30.4,12.52,178.0,32.77312,62.53485,-72,194056,1,43.6
8.16,-218.0,5.552,36.4,12.52,176.0,32.7624,62.55011,-72,194056,1,43.6
8.168,-228.4,5.552,28.8,12.512,182.4,32.77312,62.573,-72,194056,1,43.6
8.136,-188.4,5.544,37.2,12.536,155.6,32.78385,62.573,-72,194056,1,43.6
8.152,-206.4,5.552,30.0,12.528,167.2,32.78385,62.52722,-72,191576,1,45.6
8.144,-195.6,5.552,31.2,12.528,159.2,32.79457,62.50433,-70,194056,1,43.6
8.152,-208.8,5.552,28.8,12.52,168.8,32.78385,62.45093,-72,194056,1,43.6
8.144,-196.4,5.552,30.4,12.528,160.4,32.78385,62.50433,-72,194056,1,43.6
8.144,-199.6,5.552,28.8,12.528,162.0,32.79457,62.43567,-70,194056,1,43.6
8.152,-208.8,5.552,30.4,12.528,168.4,32.79457,62.43567,-73,194056,1,43.6
8.136,-188.4,5.552,32.8,12.536,154.0,32.79457,62.45093,-72,194056,1,43.6
8.152,-212.4,5.552,30.0,12.52,171.6,32.78385,62.42041,-72,194056,1,44.6
8.144,-197.2,5.552,32.0,12.528,161.2,32.78385,62.46619,-71,194056,1,43.6
8.152,-210.8,5.56,29.6,12.52,169.6,32.77312,62.45856,-70,194056,1,43.6
8.168,-228.0,5.552,30.4,12.512,182.8,32.78385,62.42041,-73,194056,1,43.6
8.152,-209.2,5.552,29.2,12.52,168.8,32.77312,62.40515,-69,194056,1,43.6
8.144,-200.0,5.552,30.0,12.528,163.2,32.78385,62.45093,-71,194056,1,43.6
8.168,-222.4,5.552,28.8,12.52,177.6,32.78385,62.38989,-69,194056,1,43.6
8.152,-208.8,5.552,29.2,12.528,168.8,32.77312,62.4433,-70,194056,1,43.6
8.136,-187.2,5.552,32.0,12.536,154.0,32.7624,62.41278,-72,194056,1,43.6
8.12,-169.6,5.552,30.0,12.544,140.4,32.77312,62.40515,-69,194056,1,44.6
8.136,-185.2,5.552,31.2,12.536,152.0,32.78385,62.45093,-71,194056,1,43.6
8.136,-185.6,5.56,29.2,12.536,152.0,32.78385,62.4433,-71,194056,1,43.6
8.128,-181.2,5.512,61.2,12.528,162.8,32.78385,62.41278,-70,194056,1,44.6
8.136,-190.4,5.56,29.2,12.536,155.2,32.79457,62.38226,-72,194056,1,43.6
8.136,-188.4,5.552,30.4,12.536,154.8,32.78385,62.33649,-71,194056,1,43.6
8.128,-180.8,5.52,55.2,12.528,161.2,32.79457,62.34412,-72,192484,1,43.6
8.152,-206.0,5.552,29.6,12.528,166.4,32.79457,62.32886,-72,194056,1,43.6
8.136,-183.6,5.552,32.0,12.536,152.4,32.79457,62.34412,-81,194056,1,43.6
8.144,-200.0,5.552,33.6,12.528,163.6,32.8053,62.29834,-81,194056,1,43.6
8.144,-195.6,5.552,30.8,12.536,160.0,32.8053,62.27545,-78,194056,1,43.6
8.136,-189.2,5.552,29.6,12.536,154.4,32.8053,62.2373,-79,194056,1,43.6
8.144,-196.0,5.56,29.6,12.536,159.6,32.8053,62.24493,-81,194056,1,43.6
8.136,-186.0,5.552,32.4,12.536,154.4,32.8053,62.26782,-81,194056,1,43.6
8.136,-184.8,5.552,29.2,12.536,152.0,32.81602,62.24493,-77,194056,1,45.6
8.128,-178.0,5.552,32.0,12.544,148.0,32.81602,62.2373,-80,194056,1,43.6
8.144,-192.8,5.56,29.2,12.536,156.0,32.8053,62.26019,-80,194056,1,43.6
8.144,-190.0,5.552,31.2,12.536,155.6,32.81602,62.26019,-78,194056,1,43.6
8.136,-185.6,5.552,29.2,12.536,152.4,32.8053,62.21442,-80,194056,1,43.6
8.144,-199.2,5.56,30.8,12.528,161.6,32.8053,62.2373,-80,194056,1,43.6
8.136,-185.6,5.56,29.6,12.536,152.0,32.79457,62.26019,-79,194056,1,43.6
8.136,-182.8,5.552,30.4,12.544,150.8,32.8053,62.27545,-82,194056,1,43.6
8.136,-183.6,5.552,32.4,12.536,149.6,32.8053,62.22205,-80,194056,1,43.6
8.144,-195.2,5.552,29.6,12.536,158.8,32.81602,62.26782,-80,194056,1,43.6
8.136,-186.8,5.552,32.4,12.536,152.8,32.8053,62.26019,-75,194056,1,43.6
8.136,-182.4,5.552,29.2,12.536,150.4,32.79457,62.30597,-76,194056,1,43.6
8.152,-202.4,5.552,32.4,12.528,164.4,32.78385,62.32123,-78,194056,1,43.6
8.136,-186.8,5.552,29.2,12.536,152.8,32.78385,62.32886,-76,194056,1,43.6
8.136,-187.2,5.552,30.4,12.536,153.2,32.78385,62.34412,-78,194056,1,43.6
8.136,-184.4,5.552,32.8,12.536,153.6,32.78385,62.35938,-77,194056,1,43.6
8.136,-188.0,5.552,29.6,12.536,154.4,32.78385,62.37463,-78,194056,1,44.6
8.136,-187.2,5.552,32.8,12.536,154.4,32.77312,62.38226,-78,194056,1,44.6
8.144,-192.0,5.552,29.6,12.536,157.2,32.78385,62.35938,-78,194056,1,43.6
8.136,-187.6,5.552,31.2,12.536,152.0,32.81602,62.40515,-79,194056,1,43.6
8.136,-180.8,5.544,46.0,12.536,156.0,32.8053,62.41278,-77,194052,1,44.6
8.168,-216.8,5.56,30.8,12.52,173.6,32.81602,62.38226,-78,194056,1,43.6
8.144,-187.6,5.552,28.8,12.536,153.6,32.8053,62.32123,-78,194056,1,43.6
8.136,-183.2,5.52,56.8,12.528,162.8,32.81602,62.29834,-78,192484,1,44.6
8.136,-183.2,5.552,31.6,12.536,151.6,32.81602,62.30597,-79,194056,1,43.6
8.136,-185.6,5.56,29.6,12.536,150.0,32.81602,62.26782,-79,194056,1,43.6
8.136,-178.8,5.552,31.6,12.544,148.4,32.8053,62.24493,-80,194056,1,43.6
8.128,-168.0,5.552,29.6,12.544,138.8,32.82675,62.26019,-73,194056,1,43.6
8.152,-204.4,5.552,30.4,12.528,165.6,32.83747,62.27545,-74,194056,1,43.6
8.136,-178.8,5.552,28.8,12.544,147.6,32.8053,62.28308,-71,194056,1,43.6
8.144,-187.6,5.552,30.0,12.536,154.0,32.81602,62.26019,-71,194008,1,44.6
8.128,-172.4,5.552,31.6,12.544,144.4,32.81602,62.27545,-71,194056,1,43.6
8.144,-188.0,5.56,29.6,12.536,154.4,32.81602,62.21442,-71,194056,1,43.6
8.136,-185.2,5.552,30.8,12.536,152.4,32.8053,62.20679,-72,194056,1,43.6
8.136,-177.6,5.56,29.2,12.544,146.4,32.8053,62.1839,-74,194056,1,43.6
8.144,-194.4,5.552,34.8,12.536,160.4,32.81602,62.15338,-70,194056,1,43.6
8.12,-156.4,5.552,29.2,12.552,130.8,32.8053,62.20679,-70,194056,1,44.6
8.128,-175.6,5.552,30.4,12.544,144.0,32.8053,62.24493,-71,194056,1,43.6
8.128,-176.8,5.552,32.8,12.544,146.8,32.8053,62.2373,-70,194056,1,43.6
8.12,-159.6,5.552,30.0,12.552,133.2,32.8053,62.24493,-70,194056,1,43.6
8.128,-176.0,5.552,31.6,12.544,146.0,32.77312,62.29071,-74,194056,1,43.6
8.16,-213.2,5.56,29.6,12.528,170.8,32.77312,62.35175,-73,194056,1,43.6
8.136,-176.8,5.544,42.8,12.536,151.6,32.75167,62.39752,-73,194056,1,44.6
8.112,-155.6,5.56,29.2,12.552,130.4,32.7624,62.38989,-72,194056,1,43.6
8.128,-170.0,5.552,30.4,12.544,141.6,32.7624,62.38226,-73,194008,1,43.6
8.152,-201.2,5.52,56.8,12.52,176.4,32.7624,62.35175,-71,192484,1,43.6
8.12,-157.2,5.552,30.0,12.552,132.0,32.75167,62.38989,-71,194056,1,43.6
8.12,-162.8,5.544,36.8,12.552,138.4,32.74095,62.42041,-70,194056,1,43.6
8.112,-154.8,5.552,29.2,12.552,130.0,32.7624,62.39752,-70,194056,1,43.6
8.144,-189.2,5.552,31.6,12.536,156.4,32.75167,62.34412,-70,194064,1,43.6
8.12,-155.6,5.552,29.2,12.552,130.4,32.74095,62.38989,-70,194064,1,43.6
8.136,-176.4,5.552,32.8,12.544,146.4,32.74095,62.38226,-70,194016,1,44.6
8.136,-180.0,5.552,32.8,12.544,150.0,32.75167,62.41278,-74,194064,1,43.6
8.12,-156.4,5.552,29.6,12.552,130.8,32.74095,62.42804,-77,194008,1,44.6
8.136,-181.6,5.552,31.6,12.544,150.8,32.75167,62.42804,-76,194056,1,43.6
8.12,-154.4,5.552,29.6,12.552,129.6,32.7624,62.40515,-71,194056,1,43.6
8.144,-190.0,5.552,31.2,12.536,156.0,32.75167,62.37463,-72,194056,1,43.6
8.128,-165.2,5.552,29.2,12.552,137.2,32.75167,62.38989,-58,194056,1,44.6
8.12,-156.4,5.552,30.0,12.552,131.2,32.74095,62.39752,-61,194056,1,44.6
8.128,-164.4,5.544,35.6,12.544,140.8,32.74095,62.37463,-65,194056,1,43.6
8.12,-156.0,5.552,29.6,12.552,130.8,32.75167,62.34412,-66,194056,1,43.6
8.128,-166.8,5.52,49.2,12.544,148.8,32.74095,62.32123,-63,194056,1,44.6
8.12,-157.2,5.552,30.8,12.552,132.4,32.74095,62.34412,-61,194056,1,43.6
8.144,-188.0,5.552,30.4,12.536,154.4,32.75167,62.32886,-63,194056,1,43.6
8.12,-162.8,5.544,38.8,12.544,140.0,32.7624,62.30597,-65,194056,1,43.6
8.128,-173.6,5.552,30.0,12.544,144.4,32.7624,62.3136,-63,194008,1,43.6
8.12,-158.8,5.552,30.0,12.552,135.6,32.74095,62.27545,-63,194056,1,43.6
8.136,-174.4,5.512,57.6,12.536,159.6,32.74095,62.30597,-65,192484,1,44.6
8.128,-163.6,5.544,33.2,12.552,138.4,32.75167,62.26782,-65,194056,1,43.6
8.128,-164.0,5.544,39.2,12.552,140.8,32.77312,62.25256,-64,194056,1,44.6
8.128,-171.2,5.52,51.6,12.536,152.8,32.7624,62.28308,-66,192480,1,43.6
8.12,-153.6,5.552,30.8,12.552,130.0,32.77312,62.2373,-66,190908,1,43.6
8.128,-168.0,5.552,30.8,12.552,140.0,32.77312,62.22968,-66,194056,1,43.6
8.12,-153.2,5.56,29.2,12.552,128.4,32.7624,62.24493,-64,194064,1,43.6
8.12,-153.6,5.552,30.8,12.552,130.0,32.77312,62.1839,-65,194056,1,43.6
8.12,-157.2,5.552,31.2,12.552,132.4,32.77312,62.17627,-67,194056,1,43.6
8.112,-151.6,5.552,29.6,12.56,128.0,32.77312,62.20679,-65,194056,1,43.6
8.12,-164.4,5.552,30.0,12.552,137.6,32.77312,62.16864,-65,194056,1,43.6
8.12,-153.2,5.552,30.0,12.552,129.2,32.77312,62.13812,-66,190908,1,43.6
8.128,-167.2,5.552,29.6,12.552,139.6,32.78385,62.13049,-67,192484,1,43.6
8.112,-152.0,5.552,30.0,12.552,128.4,32.79457,62.12286,-65,194056,1,43.6
8.112,-151.6,5.552,30.8,12.56,128.0,32.79457,62.13049,-66,194056,1,43.6
8.128,-165.6,5.552,32.8,12.552,140.4,32.8053,62.13049,-66,194056,1,43.6
8.12,-153.6,5.552,29.6,12.552,129.2,32.81602,62.11523,-65,194056,1,43.6
8.128,-172.8,5.552,31.6,12.544,144.0,32.8053,62.09235,-65,194056,1,43.6
8.12,-153.2,5.552,29.2,12.552,129.2,32.81602,62.06946,-67,194056,1,43.6
8.128,-163.6,5.552,32.0,12.552,137.6,32.81602,62.0542,-64,194056,1,43.6
8.12,-153.6,5.552,30.4,12.552,130.0,32.81602,62.03894,-65,194056,1,43.6
8.12,-154.8,5.552,30.4,12.552,130.0,32.82675,61.98553,-62,194008,1,43.6
8.12,-152.0,5.552,29.6,12.56,128.0,32.81602,62.03131,-62,194056,1,43.6
8.12,-154.8,5.552,30.4,12.552,130.0,32.81602,62.03131,-62,194056,1,43.6
8.12,-159.6,5.552,32.0,12.552,134.8,32.8053,62.00842,-62,194056,1,43.6
8.12,-155.2,5.552,30.8,12.552,130.8,32.8053,62.03894,-63,191528,1,45.6
8.128,-163.6,5.552,30.8,12.552,137.6,32.81602,62.04657,-63,194056,1,43.6
8.12,-152.4,5.56,30.0,12.552,128.8,32.81602,62.06183,-63,194056,1,43.6
8.12,-151.2,5.552,30.4,12.56,127.6,32.82675,62.01605,-63,194056,1,43.6
8.12,-151.2,5.552,29.6,12.56,127.2,32.81602,61.98553,-64,194056,1,44.6
8.12,-150.0,5.552,29.2,12.56,126.8,32.81602,62.00842,-64,194056,1,43.6
8.12,-160.4,5.552,32.0,12.552,135.6,32.79457,62.00842,-63,194056,1,43.6
8.112,-149.2,5.56,29.2,12.56,126.0,32.8053,62.0542,-63,194056,1,43.6
8.128,-161.2,5.552,31.2,12.552,134.8,32.79457,62.04657,-65,194056,1,43.6
8.12,-150.0,5.552,28.8,12.56,126.8,32.78385,62.06183,-63,194056,1,43.6
8.128,-163.6,5.552,30.8,12.552,136.8,32.78385,62.06183,-63,194056,1,43.6
8.12,-152.0,5.552,29.2,12.56,128.0,32.78385,62.04657,-62,194056,1,43.6
8.12,-152.4,5.552,30.0,12.56,128.4,32.78385,62.03894,-65,194056,1,43.6
8.12,-158.8,5.544,40.4,12.552,138.8,32.77312,62.06183,-64,194044,1,43.6
8.12,-151.2,5.552,30.0,12.56,127.6,32.7624,62.07709,-64,192480,1,43.6
8.12,-158.4,5.552,31.6,12.552,134.0,32.77312,62.09998,-64,190908,1,43.6
8.136,-171.2,5.512,56.8,12.536,154.8,32.77312,62.07709,-64,192484,1,44.6
8.128,-165.6,5.52,56.4,12.544,150.8,32.7624,62.13049,-64,190912,1,43.6
8.112,-145.6,5.552,29.2,12.56,123.2,32.7624,62.07709,-62,194056,1,43.6
8.112,-144.8,5.552,28.8,12.56,123.2,32.7624,62.07709,-63,193432,2,43.6
8.112,-147.6,5.552,30.0,12.56,125.2,32.7624,62.0542,-63,193692,2,43.6
8.12,-151.2,5.552,32.4,12.552,130.0,32.7624,62.04657,-64,193692,2,43.6
8.112,-147.2,5.552,30.4,12.56,124.8,32.7624,62.03131,-62,190548,2,43.6
8.12,-150.0,5.552,30.4,12.56,128.0,32.7624,62.0542,-63,193692,2,43.6
8.112,-146.0,5.552,29.6,12.56,124.0,32.77312,62.0542,-64,192120,2,43.6
8.128,-163.2,5.552,30.0,12.552,136.8,32.7624,62.06183,-62,193692,2,43.6
8.12,-148.4,5.552,28.8,12.56,125.6,32.77312,62.03131,-62,190548,2,43.6
8.136,-171.6,5.528,50.0,12.536,153.6,32.78385,62.06946,-61,193692,2,44.6
8.12,-152.8,5.552,32.0,12.552,129.2,32.77312,62.03131,-62,193692,2,43.6
8.12,-148.0,5.552,29.2,12.56,125.2,32.78385,62.03131,-62,193692,2,43.6
8.128,-166.0,5.52,55.2,12.544,150.4,32.78385,62.07709,-63,192112,2,44.6
8.12,-147.2,5.552,29.2,12.56,125.2,32.77312,62.08472,-62,193692,2,43.6
8.12,-150.0,5.552,30.8,12.56,126.8,32.7624,62.06946,-64,193692,2,43.6
8.12,-146.4,5.552,30.0,12.56,124.4,32.78385,62.06183,-62,192120,2,43.6
8.12,-148.4,5.552,30.8,12.56,126.4,32.77312,62.04657,-62,190548,2,43.6
8.12,-146.8,5.552,31.6,12.56,125.6,32.77312,62.0542,-63,193692,2,43.6
8.12,-152.8,5.544,36.0,12.552,132.4,32.78385,62.03131,-62,193692,2,43.6
8.12,-151.2,5.544,36.0,12.552,133.6,32.79457,61.99316,-61,193692,2,43.6
8.128,-166.8,5.52,54.4,12.544,150.0,32.79457,62.00842,-61,192064,2,45.6
8.128,-156.8,5.552,31.2,12.552,132.8,32.78385,62.00079,-63,193684,2,43.6
8.12,-147.2,5.552,29.2,12.56,124.8,32.79457,61.98553,-63,193684,2,43.6
8.128,-160.0,5.552,30.8,12.552,134.8,32.78385,61.97028,-61,193684,2,43.6
8.128,-155.6,5.552,30.4,12.552,130.8,32.77312,61.99316,-61,193692,2,43.6
8.12,-147.6,5.552,29.6,12.56,125.6,32.77312,61.97028,-62,193692,2,43.6
8.12,-148.4,5.552,32.4,12.56,126.4,32.77312,61.9245,-61,193692,2,43.6
8.12,-144.0,5.552,29.6,12.56,122.8,32.77312,61.9245,-62,193692,2,43.6
8.12,-149.2,5.552,31.6,12.56,126.0,32.77312,61.90924,-63,193692,2,43.6
8.12,-148.0,5.544,32.0,12.56,126.8,32.77312,61.88635,-61,192120,2,43.6
8.12,-152.4,5.552,30.8,12.56,128.4,32.75167,61.87872,-61,190548,2,43.6
8.112,-142.4,5.552,29.2,12.56,121.6,32.7624,61.84821,-63,193692,2,43.6
8.12,-147.2,5.552,30.8,12.56,124.4,32.75167,61.86346,-63,193692,2,43.6
8.12,-146.4,5.552,28.8,12.56,124.4,32.7624,61.87872,-62,193692,2,43.6
8.12,-147.2,5.552,30.0,12.56,124.8,32.77312,61.84058,-62,193692,2,44.6
8.12,-148.4,5.552,32.8,12.56,127.2,32.7624,61.7948,-63,193692,2,43.6
8.12,-144.8,5.552,29.6,12.56,123.2,32.77312,61.80243,-61,193692,2,43.6
8.12,-149.2,5.552,32.0,12.56,128.0,32.79457,61.80243,-61,193692,2,43.6
8.112,-141.6,5.552,29.2,12.56,120.8,32.77312,61.80243,-62,193692,2,43.6
8.12,-146.0,5.552,30.4,12.56,124.4,32.78385,61.77191,-61,193692,2,43.6
8.136,-164.8,5.52,55.2,12.544,149.2,32.78385,61.76428,-61,192112,2,43.6
8.12,-144.4,5.552,30.4,12.56,122.8,32.78385,61.74902,-63,192112,2,43.6
8.12,-147.2,5.552,32.4,12.56,126.4,32.78385,61.74139,-63,193692,2,43.6
8.12,-145.6,5.552,30.0,12.56,123.6,32.78385,61.68799,-65,193692,2,43.6
8.12,-150.8,5.552,32.0,12.56,128.8,32.77312,61.68799,-62,193692,2,45.6
8.12,-143.2,5.552,29.2,12.56,122.0,32.77312,61.71088,-63,193692,2,43.6
8.12,-143.6,5.552,30.8,12.56,122.8,32.78385,61.71088,-62,192120,2,43.6
8.12,-143.2,5.552,29.2,12.56,122.0,32.77312,61.71088,-63,191204,2,44.6
8.12,-144.4,5.552,30.4,12.56,123.2,32.7624,61.73376,-61,193692,2,43.6
8.12,-142.4,5.56,28.8,12.56,121.6,32.7624,61.70325,-63,193692,2,43.6
8.12,-141.2,5.552,30.0,12.56,120.4,32.78385,61.72614,-61,193692,2,43.6
8.12,-144.0,5.552,31.6,12.56,124.0,32.77312,61.67273,-63,193692,2,43.6
8.12,-142.4,5.552,30.0,12.56,121.6,32.77312,61.72614,-62,193692,2,43.6
8.12,-140.0,5.552,30.8,12.56,120.8,32.78385,61.71088,-59,193692,2,43.6
8.12,-139.2,5.552,29.6,12.56,119.2,32.78385,61.67273,-64,193692,2,43.6
8.12,-141.6,5.552,30.4,12.56,121.6,32.78385,61.64984,-66,193692,2,43.6
8.12,-144.0,5.552,32.8,12.56,124.8,32.78385,61.65747,-65,193692,2,43.6
8.12,-143.2,5.552,30.4,12.56,122.4,32.75167,61.68036,-65,191164,2,44.6
8.12,-146.4,5.544,36.0,12.56,127.6,32.7624,61.70325,-66,193692,2,43.6
8.12,-140.4,5.552,30.0,12.56,120.4,32.75167,61.69562,-68,193692,2,43.6
8.12,-142.8,5.552,30.8,12.56,123.2,32.75167,61.73376,-66,193692,2,43.6
8.12,-142.4,5.552,29.2,12.56,122.0,32.75167,61.70325,-67,193692,2,43.6
8.12,-142.4,5.552,30.8,12.56,122.0,32.7624,61.69562,-62,193692,2,43.6
8.12,-140.0,5.56,29.2,12.56,119.6,32.75167,61.68036,-64,193692,2,43.6
8.12,-138.4,5.552,30.4,12.568,119.2,32.75167,61.70325,-77,193692,2,44.6
8.12,-142.0,5.552,33.2,12.56,122.8,32.75167,61.71088,-77,193692,2,43.6
8.12,-138.8,5.552,30.0,12.56,119.2,32.74095,61.81006,-73,193692,2,43.6
8.12,-141.6,5.552,32.0,12.56,122.0,32.74095,62.06183,-73,193684,2,43.6
8.12,-138.4,5.552,29.6,12.56,118.8,32.74095,63.17572,-74,193692,2,43.6
8.12,-138.4,5.552,31.2,12.56,119.6,32.75167,63.62585,-74,193692,2,43.6
8.12,-139.2,5.552,29.2,12.56,119.2,32.77312,63.16046,-75,193684,2,43.6
8.112,-135.6,5.552,30.8,12.568,116.8,32.77312,63.07654,-76,193684,2,43.6
8.12,-136.4,5.552,30.0,12.568,117.6,32.78385,63.2749,-75,193684,2,43.6
8.12,-136.8,5.552,30.8,12.568,118.0,32.79457,63.09943,-76,193684,2,44.6
8.12,-139.2,5.552,30.8,12.56,121.6,32.77312,63.22913,-71,193684,2,43.6
8.12,-144.0,5.552,33.6,12.56,124.8,32.77312,62.73322,-74,193684,2,43.6
8.128,-155.6,5.528,47.6,12.552,140.8,32.77312,62.69507,-81,193684,2,44.6
8.12,-137.6,5.552,29.6,12.56,118.0,32.78385,62.52722,-74,193684,2,43.6
8.12,-135.2,5.552,29.6,12.568,116.8,32.79457,62.29071,-74,193684,2,43.6
8.12,-135.6,5.56,28.8,12.568,116.8,32.78385,62.02368,-66,193684,2,43.6
8.12,-137.6,5.552,29.6,12.568,118.4,32.78385,61.95502,-66,193684,2,44.6
8.12,-136.8,5.552,32.8,12.56,118.8,32.79457,61.84058,-65,193684,2,43.6
8.136,-159.2,5.528,50.4,12.544,143.6,32.78385,61.86346,-65,193684,2,44.6
8.12,-138.8,5.552,31.2,12.56,120.0,32.8053,61.77191,-66,193684,2,43.6
8.12,-135.2,5.552,29.2,12.568,116.8,32.8053,61.6651,-66,193684,2,43.6
8.136,-161.2,5.52,55.6,12.544,147.2,32.81602,61.65747,-67,192112,2,43.6
8.12,-135.6,5.552,30.0,12.568,116.8,32.81602,61.63458,-69,193684,2,43.6
8.12,-135.2,5.552,30.4,12.568,116.8,32.8053,61.51251,-66,193636,2,43.6
8.12,-135.6,5.552,32.8,12.568,118.4,32.8053,61.49725,-69,193684,2,43.6
8.12,-136.0,5.552,30.0,12.568,117.2,32.81602,61.45148,-66,193684,2,44.6
8.12,-137.6,5.552,30.8,12.56,119.2,32.8053,61.48199,-66,193684,2,43.6
8.12,-134.8,5.552,29.2,12.568,116.0,32.81602,61.45148,-66,193684,2,43.6
8.12,-137.6,5.552,30.4,12.56,118.8,32.81602,61.42096,-69,193684,2,43.6
8.12,-134.0,5.56,28.8,12.568,115.6,32.82675,61.41333,-67,193684,2,43.6
8.12,-134.4,5.552,29.6,12.568,116.0,32.81602,61.36755,-69,193692,2,43.6
8.12,-135.2,5.552,32.4,12.568,116.4,32.82675,61.39807,-68,193692,2,43.6
8.12,-136.8,5.552,29.6,12.568,117.6,32.83747,61.39044,-65,193692,2,43.6
8.12,-137.2,5.552,31.2,12.56,118.0,32.82675,61.38281,-65,193692,2,43.6
8.12,-138.8,5.552,30.8,12.56,119.6,32.83747,61.47437,-66,193692,2,43.6
8.12,-137.6,5.552,30.8,12.56,118.4,32.8482,61.52014,-68,193692,2,43.6
8.12,-133.6,5.552,28.8,12.568,115.2,32.85892,61.52014,-69,193684,2,43.6
8.136,-159.6,5.52,57.6,12.544,146.4,32.85892,61.32941,-69,193644,2,45.6
8.12,-133.2,5.552,29.2,12.568,114.8,32.86965,61.35229,-69,193692,2,43.6
8.12,-136.4,5.552,31.6,12.56,118.0,32.86965,61.28363,-69,193692,2,43.6
8.136,-157.2,5.52,54.4,12.544,143.6,32.85892,61.25311,-65,192120,2,43.6
8.12,-134.0,5.552,29.6,12.568,115.6,32.86965,61.26837,-64,193692,2,43.6
8.12,-137.2,5.552,31.6,12.56,118.8,32.8911,61.23022,-62,193692,2,43.6
8.12,-133.2,5.552,29.6,12.568,114.8,32.8911,61.21497,-69,193692,2,43.6
8.12,-133.6,5.552,30.8,12.568,116.0,32.88037,61.16919,-69,193684,2,43.6
8.12,-131.2,5.56,29.2,12.568,113.6,32.88037,61.10815,-69,193684,2,43.6
8.12,-132.4,5.552,30.0,12.568,114.8,32.86965,61.07764,-70,193684,2,43.6
8.12,-130.4,5.552,32.8,12.568,114.4,32.86965,61.06238,-67,193692,2,43.6
8.12,-131.2,5.552,29.2,12.568,114.0,32.85892,61.07001,-66,193692,2,43.6
8.12,-131.6,5.552,32.4,12.568,115.6,32.8482,61.07764,-67,193692,2,43.6
8.12,-132.8,5.56,29.6,12.568,115.2,32.8482,61.1463,-68,193692,2,43.6
8.12,-128.8,5.552,33.2,12.568,114.0,32.83747,61.12341,-68,193692,2,43.6
8.12,-131.6,5.552,28.8,12.568,114.0,32.82675,61.16156,-66,193692,2,43.6
8.12,-130.4,5.552,30.8,12.568,113.2,32.81602,61.18445,-67,193692,2,43.6
8.12,-130.0,5.552,28.8,12.568,112.4,32.83747,61.16156,-66,193692,2,43.6
8.12,-129.6,5.552,30.4,12.568,112.8,32.83747,61.21497,-66,193692,2,44.6
8.12,-130.0,5.552,32.4,12.568,114.4,32.82675,61.19208,-66,193684,2,43.6
8.12,-129.6,5.552,29.6,12.568,112.4,32.82675,61.19971,-68,193684,2,43.6
8.12,-131.6,5.552,31.2,12.568,115.2,32.81602,61.23022,-69,193684,2,43.6
8.12,-130.4,5.552,30.8,12.568,113.6,32.81602,61.23022,-70,193692,2,44.6
8.12,-128.8,5.552,31.2,12.568,113.2,32.81602,61.2226,-66,193692,2,43.6
8.12,-128.8,5.552,29.2,12.568,112.0,32.81602,61.21497,-68,193692,2,43.6
8.12,-130.8,5.552,30.4,12.568,113.6,32.83747,61.29126,-63,191164,2,44.6
8.12,-130.4,5.552,32.0,12.568,114.8,32.83747,61.24548,-64,193692,2,43.6
8.12,-130.0,5.552,29.6,12.568,113.2,32.83747,61.16156,-64,193692,2,43.6
8.12,-129.6,5.552,31.6,12.568,113.6,32.8482,61.13867,-63,193692,2,43.6
8.12,-128.4,5.552,30.0,12.568,112.4,32.8482,61.08527,-65,193692,2,43.6
8.12,-130.0,5.552,32.0,12.568,114.0,32.83747,61.07001,-61,193644,2,43.6
8.12,-129.6,5.552,30.8,12.568,113.2,32.81602,61.07764,-63,193692,2,43.6
8.12,-128.0,5.552,30.4,12.568,112.0,32.8482,61.0929,-62,193692,2,43.6
8.12,-129.6,5.552,32.8,12.568,114.0,32.8482,61.07001,-61,193692,2,43.6
8.12,-126.8,5.552,29.6,12.568,111.2,32.85892,61.06238,-62,193692,2,43.6
8.12,-127.6,5.552,31.6,12.568,112.4,32.8482,61.03186,-62,193692,2,43.6
8.12,-128.4,5.552,29.6,12.568,111.6,32.85892,61.00897,-62,193692,2,43.6
8.12,-128.8,5.552,30.8,12.568,112.4,32.8482,61.00134,-65,193692,2,43.6
8.12,-128.4,5.56,30.0,12.568,112.0,32.86965,61.00134,-63,193692,2,43.6
8.12,-126.0,5.552,30.4,12.568,110.8,32.8482,60.97845,-64,193644,2,43.6
8.12,-128.4,5.56,28.8,12.568,111.6,32.85892,60.97845,-64,193692,2,44.6
8.12,-129.6,5.552,29.6,12.568,113.2,32.85892,60.98608,-63,193692,2,43.6
8.12,-127.2,5.552,30.0,12.568,112.4,32.85892,60.97083,-63,193692,2,43.6
8.12,-125.2,5.56,29.6,12.568,109.6,32.8482,60.9632,-63,193692,2,43.6
8.136,-146.8,5.528,52.0,12.552,136.8,32.8482,60.98608,-63,191204,2,43.6
8.12,-128.8,5.56,29.6,12.568,112.0,32.83747,61.03949,-63,193684,2,43.6
8.136,-146.0,5.52,52.8,12.552,135.2,32.85892,61.10815,-64,193684,2,43.6
8.12,-124.8,5.56,28.8,12.568,109.6,32.85892,61.0929,-63,193684,2,43.6
8.12,-127.2,5.56,30.0,12.568,111.2,32.85892,61.04712,-63,193684,2,43.6
8.12,-125.6,5.552,32.4,12.568,110.8,32.86965,60.98608,-61,193692,2,43.6
8.128,-139.2,5.544,40.8,12.56,125.6,32.8482,60.98608,-64,193692,2,43.6
8.12,-129.6,5.552,33.6,12.568,114.4,32.85892,60.99371,-64,193684,2,43.6
8.12,-125.2,5.552,29.6,12.568,109.2,32.8482,60.9632,-60,193684,2,43.6
8.12,-124.8,5.552,30.4,12.568,110.0,32.83747,60.99371,-63,193684,2,43.6
8.12,-122.8,5.552,32.8,12.568,110.0,32.8482,60.97845,-63,193684,2,43.6
8.12,-124.8,5.552,29.6,12.568,109.6,32.85892,61.00897,-64,193684,2,43.6
8.12,-125.6,5.552,32.8,12.568,111.6,32.85892,60.99371,-62,193684,2,43.6
8.12,-125.2,5.552,29.6,12.568,110.0,32.8482,61.00897,-62,193692,2,43.6
8.12,-126.8,5.552,31.2,12.568,112.0,32.85892,61.03186,-63,193684,2,43.6
8.12,-125.2,5.552,29.6,12.568,109.6,32.85892,61.0166,-63,193684,2,43.6
8.12,-124.0,5.552,31.2,12.568,110.0,32.88037,61.02423,-63,193684,2,43.6
8.12,-123.2,5.552,29.2,12.568,108.4,32.88037,60.97845,-63,193684,2,43.6
8.12,-127.6,5.552,28.8,12.568,111.6,32.88037,60.97083,-62,193684,2,43.6
8.12,-124.8,5.552,32.8,12.568,110.4,32.8911,60.9632,-64,193684,2,43.6
8.12,-124.8,5.552,28.8,12.568,109.2,32.90182,61.03186,-64,193684,2,43.6
8.12,-128.0,5.552,30.8,12.568,112.0,32.91255,60.98608,-64,193684,2,43.6
8.144,-150.8,5.52,55.2,12.544,140.8,32.91255,60.93268,-61,192112,2,43.6
8.12,-126.4,5.552,30.8,12.568,110.8,32.92327,60.8869,-63,193684,2,43.6
8.12,-124.0,5.56,28.8,12.568,108.8,32.91255,60.8335,-62,193684,2,43.6
8.12,-126.0,5.552,30.4,12.568,110.4,32.91255,60.78772,-63,193684,2,43.6
8.12,-126.4,5.552,32.4,12.568,112.4,32.90182,60.80298,-67,193684,2,43.6
8.12,-125.6,5.552,30.0,12.568,110.0,32.91255,60.77246,-63,193684,2,43.6
8.12,-124.8,5.552,31.6,12.568,110.8,32.8911,60.77246,-66,193684,2,43.6
8.12,-124.0,5.552,29.2,12.568,109.6,32.8911,60.77246,-64,193684,2,43.6
8.12,-124.8,5.552,30.8,12.568,110.4,32.8911,60.7572,-63,193684,2,43.6
8.12,-122.4,5.552,29.2,12.568,108.0,32.86965,60.73431,-63,193684,2,43.6
8.12,-124.8,5.552,33.6,12.568,111.2,32.86965,60.71143,-62,192112,2,43.6
8.12,-120.8,5.552,32.8,12.568,108.0,32.85892,60.85638,-70,193676,3,43.6
8.12,-119.2,5.552,30.0,12.576,105.6,32.88037,60.89453,-65,193676,3,44.6
8.12,-121.2,5.552,32.0,12.568,108.0,32.86965,60.86401,-71,193676,3,43.6
8.12,-120.4,5.56,29.6,12.576,106.4,32.8911,60.86401,-75,193676,3,44.6
8.12,-121.6,5.552,31.2,12.568,107.6,32.88037,60.84113,-77,193676,3,43.6
8.12,-118.4,5.552,29.6,12.576,104.8,32.86965,60.84113,-76,193676,3,43.6
8.12,-119.2,5.552,30.8,12.568,106.4,32.86965,60.84113,-73,193684,3,43.6
8.12,-120.8,5.552,28.8,12.568,106.8,32.86965,60.86401,-88,193676,3,43.6
8.12,-120.0,5.552,30.0,12.568,106.4,32.88037,60.81824,-72,193676,3,43.6
8.128,-127.6,5.512,58.8,12.56,124.4,32.86965,60.81061,-79,193684,3,44.6
8.12,-119.2,5.552,29.6,12.568,105.6,32.85892,60.81061,-77,193676,3,43.6
8.12,-118.8,5.552,30.4,12.576,106.0,32.86965,60.81061,-76,193676,3,43.6
8.128,-127.2,5.52,59.2,12.56,122.4,32.85892,60.81824,-77,192092,3,43.6
8.12,-116.8,5.552,30.4,12.576,104.4,32.85892,60.87927,-80,193676,3,43.6
8.12,-118.8,5.552,29.2,12.568,105.2,32.8482,60.89453,-79,193676,3,43.6
8.12,-122.4,5.552,30.0,12.568,108.4,32.83747,60.90979,-79,193676,3,43.6
8.12,-119.6,5.552,32.4,12.576,106.8,32.82675,60.89453,-87,193676,3,43.6
8.12,-118.0,5.552,29.6,12.576,105.2,32.81602,60.87927,-83,193676,3,43.6
8.12,-116.8,5.552,31.6,12.576,104.8,32.82675,60.8869,-79,193676,3,43.6
8.12,-118.0,5.552,29.2,12.576,104.8,32.8053,60.95557,-81,193676,3,43.6
8.12,-117.6,5.552,30.4,12.568,105.2,32.79457,60.91742,-85,193676,3,43.6
8.12,-116.8,5.552,29.2,12.576,103.6,32.8053,60.94794,-82,193676,3,43.6
8.12,-116.0,5.552,30.0,12.576,104.0,32.79457,60.91742,-74,193676,3,43.6
8.12,-116.4,5.552,30.8,12.576,105.2,32.8053,60.93268,-76,193676,3,43.6
8.12,-116.0,5.552,29.6,12.576,103.6,32.79457,60.91742,-79,193676,3,43.6
8.12,-118.4,5.552,30.8,12.576,106.4,32.8053,60.93268,-76,193676,3,43.6
8.12,-117.2,5.552,29.6,12.576,104.0,32.79457,60.94794,-73,193676,3,43.6
8.12,-117.2,5.552,29.6,12.576,104.8,32.77312,60.92505,-74,193676,3,43.6
8.12,-116.8,5.544,34.8,12.568,106.8,32.78385,60.92505,-72,193676,3,43.6
8.12,-116.8,5.552,29.6,12.576,104.4,32.77312,60.93268,-73,193676,3,43.6
8.12,-117.2,5.552,29.2,12.576,104.4,32.77312,61.00134,-69,193676,3,43.6
8.12,-116.4,5.552,29.6,12.576,104.0,32.79457,61.00897,-70,193676,3,43.6
8.12,-121.2,5.536,42.8,12.568,112.0,32.77312,61.04712,-70,193676,3,43.6
8.12,-116.4,5.552,29.2,12.576,103.6,32.79457,61.00897,-71,193676,3,43.6
8.12,-117.2,5.552,31.2,12.576,104.4,32.79457,61.02423,-70,193676,3,43.6
8.12,-116.0,5.552,30.8,12.576,104.0,32.8053,61.0166,-72,193676,3,43.6
8.12,-116.0,5.552,30.0,12.576,104.0,32.8053,60.97083,-70,193676,3,43.6
8.12,-116.0,5.552,29.6,12.576,103.6,32.82675,61.00134,-70,193684,3,43.6
8.12,-116.4,5.552,30.0,12.576,103.6,32.83747,61.00134,-70,193676,3,43.6
8.12,-116.4,5.552,31.6,12.568,104.8,32.83747,61.00897,-69,193676,3,43.6
8.128,-121.2,5.512,64.4,12.56,124.4,32.83747,60.94031,-74,193684,3,44.6
8.12,-116.0,5.552,30.8,12.576,103.6,32.83747,60.90979,-72,193676,3,43.6
8.12,-116.4,5.56,29.2,12.576,103.2,32.82675,60.94031,-76,193676,3,43.6
8.128,-124.8,5.52,56.0,12.56,122.4,32.85892,60.91742,-70,192092,3,43.6
8.128,-116.8,5.552,32.8,12.576,105.6,32.85892,60.8869,-77,193676,3,43.6
8.128,-117.2,5.552,29.6,12.576,104.4,32.85892,60.89453,-69,193676,3,43.6
8.128,-118.8,5.552,31.6,12.568,105.6,32.85892,60.89453,-73,193676,3,43.6
8.128,-116.0,5.552,29.2,12.576,103.2,32.8482,60.90216,-71,193676,3,43.6
8.128,-116.8,5.552,31.2,12.568,104.0,32.86965,60.87164,-72,193676,3,43.6
8.128,-116.8,5.552,29.2,12.568,104.0,32.86965,60.86401,-72,193676,3,43.6
8.128,-115.6,5.552,30.4,12.576,103.2,32.88037,60.81824,-73,193628,3,43.6
8.128,-115.6,5.552,28.8,12.576,104.8,32.88037,60.8335,-72,193676,3,43.6
8.128,-115.6,5.552,30.0,12.576,103.2,32.88037,60.78009,-71,193676,3,43.6
8.128,-115.6,5.552,32.0,12.576,104.4,32.88037,60.78009,-71,193676,3,43.6
8.128,-115.6,5.56,29.6,12.576,103.6,32.86965,60.7572,-69,193676,3,43.6
8.128,-116.0,5.552,30.8,12.568,104.4,32.86965,60.78009,-61,193676,3,43.6
8.128,-116.4,5.552,30.0,12.576,104.0,32.85892,60.78772,-60,193676,3,46.6
8.128,-116.0,5.552,30.4,12.576,103.6,32.85892,60.81061,-71,193676,3,44.6
8.128,-116.0,5.552,29.2,12.576,103.6,32.86965,60.78772,-67,193676,3,43.6
8.128,-116.0,5.552,30.0,12.576,104.0,32.86965,60.81061,-82,193676,3,44.6
8.128,-116.0,5.552,32.0,12.576,104.8,32.88037,60.81824,-72,193676,3,43.6
8.128,-116.0,5.56,30.0,12.576,103.6,32.88037,60.78772,-69,193676,3,43.6
8.128,-116.0,5.552,31.6,12.568,104.8,32.88037,60.77246,-67,193676,3,43.6
8.128,-116.4,5.56,29.6,12.576,103.6,32.88037,60.76483,-63,193676,3,43.6
8.128,-116.0,5.552,31.2,12.568,104.0,32.86965,60.73431,-63,193676,3,43.6
8.128,-116.8,5.552,29.2,12.576,103.6,32.88037,60.7572,-61,193676,3,43.6
8.128,-116.4,5.56,30.4,12.576,103.6,32.88037,60.73431,-64,193628,3,43.6
8.128,-116.0,5.552,33.2,12.576,105.2,32.8911,60.71143,-64,193676,3,43.6
8.128,-113.6,5.544,38.8,12.568,106.8,32.90182,60.73431,-63,193676,3,44.6
8.128,-116.0,5.552,32.0,12.576,104.4,32.8911,60.71906,-64,193676,3,43.6
8.128,-115.6,5.552,29.6,12.576,103.2,32.90182,60.73431,-65,193676,3,43.6
8.128,-113.2,5.52,55.6,12.568,112.8,32.90182,60.74194,-64,192092,3,43.6
8.128,-115.6,5.552,29.2,12.576,103.6,32.90182,60.71143,-63,193676,3,43.6
8.128,-116.0,5.552,30.4,12.576,103.6,32.90182,60.71143,-62,193676,3,43.6
8.128,-116.0,5.552,29.2,12.576,102.8,32.90182,60.71906,-62,193676,3,43.6
8.128,-116.0,5.552,30.0,12.576,103.6,32.90182,60.69617,-63,193676,3,43.6
8.128,-116.8,5.552,30.0,12.576,105.2,32.90182,60.7038,-61,193676,3,43.6
8.128,-116.0,5.552,29.6,12.576,103.6,32.91255,60.68854,-62,193676,3,43.6
8.128,-116.0,5.552,29.2,12.576,104.4,32.90182,60.74957,-62,193676,3,43.6
8.128,-115.6,5.552,29.2,12.576,103.2,32.8911,60.74194,-64,193676,3,43.6
8.128,-116.4,5.552,30.0,12.576,104.0,32.8911,60.72668,-63,193676,3,43.6
8.128,-116.0,5.552,28.8,12.576,103.6,32.8911,60.71143,-63,193676,3,43.6
8.128,-116.0,5.552,29.6,12.576,103.6,32.8911,60.72668,-62,193676,3,43.6
8.128,-115.6,5.552,32.4,12.568,104.0,32.8911,60.69617,-64,193676,3,43.6
8.128,-115.6,5.56,30.0,12.576,103.6,32.8911,60.66565,-64,193676,3,43.6
8.128,-115.6,5.552,31.6,12.568,104.0,32.88037,60.69617,-63,193676,3,43.6
8.136,-116.0,5.552,29.2,12.576,103.2,32.88037,60.72668,-64,193676,3,43.6
8.136,-115.6,5.552,30.8,12.576,104.0,32.86965,60.7038,-61,193676,3,43.6
8.136,-116.0,5.552,29.2,12.576,103.2,32.88037,60.71906,-64,193676,3,43.6
8.136,-115.6,5.552,30.0,12.576,103.2,32.88037,60.72668,-77,193676,3,43.6
8.136,-115.6,5.552,32.8,12.576,104.4,32.88037,60.74194,-68,193676,3,43.6
8.136,-115.2,5.552,30.0,12.576,103.2,32.88037,60.7572,-76,193676,3,43.6
8.136,-116.0,5.552,31.2,12.576,104.4,32.8911,60.77246,-78,193676,3,43.6
8.136,-115.6,5.552,30.8,12.576,103.6,32.8911,60.74957,-78,193676,3,43.6
8.136,-115.2,5.552,30.0,12.576,103.6,32.90182,60.73431,-77,193676,3,43.6
8.136,-114.8,5.552,30.0,12.576,102.8,32.91255,60.71143,-78,193676,3,43.6
8.128,-106.8,5.504,64.4,12.568,114.4,32.91255,60.68091,-77,193628,3,44.6
8.136,-115.6,5.552,32.4,12.576,104.0,32.90182,60.65802,-81,193676,3,43.6
8.136,-113.6,5.552,33.6,12.576,104.0,32.92327,60.64276,-79,193676,3,44.6
8.128,-108.8,5.52,53.6,12.568,110.0,32.90182,60.58173,-78,192092,3,44.6
8.136,-115.2,5.552,29.2,12.576,103.2,32.92327,60.56647,-73,193676,3,44.6
8.136,-114.8,5.552,30.4,12.576,102.8,32.90182,60.5741,-76,193676,3,43.6
8.136,-115.6,5.56,28.8,12.576,102.8,32.8911,60.55884,-78,193676,3,43.6
8.136,-115.2,5.56,30.0,12.576,102.8,32.90182,60.58936,-77,193676,3,43.6
8.136,-114.4,5.552,32.4,12.576,104.0,32.8911,60.55884,-77,193676,3,43.6
8.136,-115.2,5.552,30.0,12.576,102.8,32.92327,60.52069,-77,193676,3,43.6
8.136,-113.6,5.544,34.4,12.576,104.4,32.91255,60.51306,-77,193676,3,43.6
8.136,-114.8,5.56,29.6,12.576,102.8,32.91255,60.52069,-78,193676,3,43.6
8.136,-114.0,5.552,30.8,12.576,102.4,32.90182,60.4978,-77,193676,3,43.6
8.136,-114.8,5.552,29.2,12.576,102.4,32.90182,60.52832,-78,193676,3,43.6
8.136,-114.0,5.552,30.8,12.576,103.2,32.8911,60.52832,-77,193676,3,43.6
8.136,-113.6,5.544,39.6,12.576,104.8,32.8911,60.55121,-77,193676,3,43.6
8.136,-115.2,5.552,29.6,12.576,102.8,32.8911,60.5741,-77,193676,3,44.6
8.136,-114.0,5.552,31.2,12.576,103.2,32.92327,60.63513,-75,193676,3,43.6
8.136,-114.8,5.552,29.2,12.576,102.8,32.90182,60.60461,-77,193676,3,43.6
8.136,-114.4,5.552,30.8,12.576,102.8,32.91255,60.52832,-76,193676,3,43.6
8.136,-114.0,5.56,29.2,12.576,102.4,32.92327,60.52069,-78,193676,3,43.6
8.136,-113.6,5.552,30.4,12.576,102.0,32.934,60.47491,-78,193676,3,43.6
8.136,-112.4,5.544,36.0,12.576,104.4,32.934,60.45203,-77,193684,3,43.6
8.136,-114.0,5.552,30.4,12.576,102.4,32.94473,60.45966,-77,193676,3,43.6
8.136,-112.8,5.552,31.6,12.576,102.4,32.94473,60.4444,-76,193676,3,43.6
8.128,-105.6,5.52,54.8,12.568,108.0,32.934,60.39862,-75,192092,3,43.6
8.136,-114.0,5.552,31.6,12.576,103.2,32.94473,60.40625,-76,193676,3,43.6
8.136,-114.4,5.56,29.6,12.576,102.0,32.95545,60.41388,-75,193676,3,43.6
8.128,-104.8,5.52,54.0,12.568,108.8,32.95545,60.42151,-74,193628,3,44.6
8.136,-110.0,5.544,39.2,12.576,105.2,32.94473,60.38336,-75,193628,3,46.6
8.136,-113.6,5.552,30.8,12.576,102.4,32.95545,60.38336,-77,193676,3,45.6
8.136,-113.6,5.552,30.0,12.576,103.2,32.95545,60.40625,-78,193676,3,44.6
8.136,-113.6,5.56,29.6,12.576,101.6,32.94473,60.3681,-78,193676,3,44.6
8.136,-113.2,5.552,30.4,12.576,102.4,32.94473,60.34521,-76,193676,3,43.6
8.144,-113.6,5.552,29.6,12.576,101.6,32.94473,60.35284,-76,193676,3,44.6
8.136,-112.8,5.552,30.0,12.576,101.6,32.94473,60.40625,-76,193676,3,44.6
8.144,-112.8,5.56,29.2,12.576,101.2,32.94473,60.39862,-76,193676,3,43.6
8.136,-112.0,5.552,30.0,12.576,101.2,32.94473,60.41388,-76,193676,3,43.6
8.144,-112.8,5.552,32.4,12.576,102.8,32.92327,60.39862,-83,193676,3,43.6
8.136,-110.8,5.552,29.6,12.576,99.99999,32.934,60.41388,-81,193676,3,43.6
8.136,-110.0,5.552,32.4,12.576,100.8,32.934,60.4444,-78,193676,3,43.6
8.136,-110.0,5.552,30.4,12.576,99.99999,32.92327,60.45203,-77,193676,3,44.6
8.136,-110.4,5.552,32.4,12.576,101.2,32.92327,60.47491,-82,193676,3,44.6
8.136,-110.0,5.56,29.2,12.576,99.2,32.934,60.46729,-77,193676,3,44.6
8.144,-111.6,5.552,30.4,12.576,100.4,32.91255,60.45966,-82,193684,3,44.6
8.136,-110.0,5.552,32.0,12.576,100.8,32.934,60.45203,-76,193676,3,44.6
8.144,-110.8,5.552,29.6,12.576,100.4,32.92327,60.4444,-76,193676,3,43.6
8.128,-100.4,5.52,55.2,12.576,106.0,32.92327,60.45203,-79,193676,3,44.6
8.136,-110.0,5.552,29.2,12.576,99.6,32.934,60.4444,-76,193676,3,43.6
8.144,-110.0,5.552,29.6,12.576,99.99999,32.92327,60.42151,-78,193676,3,43.6
8.136,-101.6,5.52,54.0,12.576,105.6,32.92327,60.4444,-80,192092,3,44.6
8.136,-109.6,5.552,29.6,12.576,99.6,32.92327,60.4444,-78,193628,3,43.6
8.144,-110.4,5.552,32.8,12.576,99.99999,32.934,60.42151,-80,193676,3,43.6
8.144,-109.6,5.552,29.2,12.576,99.2,32.94473,60.41388,-73,193676,3,43.6
8.136,-106.4,5.552,31.6,12.576,97.2,32.94473,60.39862,-73,193676,3,43.6
8.136,-107.6,5.552,29.2,12.584,98.0,32.95545,60.41388,-77,193676,3,43.6
8.136,-108.0,5.544,34.0,12.576,99.6,32.94473,60.37573,-74,193676,3,43.6
8.144,-109.2,5.552,28.8,12.576,98.8,32.94473,60.36047,-74,193676,3,43.6
8.136,-107.6,5.552,30.0,12.576,98.0,32.94473,60.3681,-74,193628,3,43.6
8.136,-106.4,5.552,29.2,12.584,97.2,32.95545,60.36047,-71,193676,3,43.6
8.144,-109.6,5.552,29.6,12.576,99.6,32.95545,60.33759,-73,193676,3,44.6
8.136,-105.2,5.544,38.4,12.576,99.99999,32.95545,60.38336,-72,193676,3,43.6
8.144,-108.4,5.56,29.6,12.584,98.4,32.95545,60.37573,-72,193676,3,43.6
8.136,-106.8,5.552,31.2,12.576,98.4,32.94473,60.36047,-72,193676,3,43.6
8.144,-108.4,5.56,29.2,12.576,98.4,32.94473,60.34521,-71,193676,3,43.6
8.144,-108.0,5.552,30.4,12.576,98.4,32.95545,60.39862,-72,193676,3,43.6
8.144,-110.4,5.56,28.8,12.576,99.6,32.96618,60.37573,-71,193676,3,43.6
8.144,-109.2,5.56,30.0,12.576,99.2,32.95545,60.34521,-72,193628,3,44.6
8.144,-107.6,5.552,31.6,12.584,98.8,32.94473,60.39099,-73,193676,3,43.6
8.144,-108.4,5.56,29.6,12.576,98.4,32.94473,60.4444,-73,193676,3,43.6
8.144,-105.6,5.552,30.4,12.584,96.8,32.94473,60.39862,-72,193676,3,43.6
8.136,-102.4,5.544,38.0,12.576,98.0,32.94473,60.42914,-71,193676,3,43.6
8.136,-98.4,5.528,48.8,12.576,100.8,32.934,60.3681,-71,193676,3,44.6
8.136,-103.6,5.544,37.6,12.576,98.8,32.92327,60.41388,-72,193676,3,43.6
8.144,-105.2,5.552,32.0,12.584,96.8,32.92327,60.40625,-71,193676,3,43.6
8.128,-94.0,5.52,54.8,12.576,100.4,32.934,60.42914,-73,192092,3,43.6
8.144,-105.6,5.552,29.6,12.584,96.8,32.91255,60.45203,-73,193676,3,43.6
8.144,-106.0,5.56,30.8,12.584,97.6,32.934,60.47491,-71,193676,3,43.6
8.144,-107.2,5.56,28.8,12.584,97.6,32.92327,60.4444,-72,193676,3,43.6
8.144,-106.8,5.56,30.0,12.576,97.6,32.934,60.46729,-74,193676,3,44.6
8.144,-104.8,5.552,34.4,12.576,99.2,32.934,60.47491,-72,193676,3,44.6
8.144,-105.6,5.552,32.0,12.576,97.2,32.92327,60.42914,-74,193676,3,44.6
8.144,-105.6,5.552,31.2,12.584,97.6,32.934,60.42151,-74,193676,3,44.6
8.144,-108.0,5.56,29.6,12.584,98.4,32.94473,60.40625,-73,193676,3,46.6
8.144,-105.2,5.552,34.4,12.576,98.8,32.94473,60.43677,-72,193676,3,44.6
8.144,-106.4,5.552,29.2,12.584,97.2,32.934,60.42914,-70,193676,3,44.6
8.144,-106.4,5.552,30.4,12.584,97.6,32.94473,60.41388,-74,193628,3,44.6
8.136,-101.2,5.528,43.2,12.576,100.4,32.92327,60.41388,-72,193676,3,46.6
8.128,-92.8,5.512,60.8,12.576,102.4,32.92327,60.42151,-71,193628,3,46.6
8.144,-101.2,5.536,43.2,12.576,100.4,32.92327,60.42914,-73,193676,3,45.6
8.144,-107.2,5.56,29.6,12.584,97.6,32.92327,60.45966,-80,193676,3,44.6
8.144,-106.0,5.552,31.6,12.584,97.2,32.92327,60.45203,-71,193676,3,44.6
8.144,-104.8,5.552,30.0,12.584,96.0,32.92327,60.45966,-75,193676,3,43.6
8.144,-105.2,5.552,30.8,12.584,96.4,32.934,60.42914,-71,193676,3,43.6
8.144,-106.4,5.56,29.2,12.584,96.8,32.94473,60.43677,-73,193676,3,44.6
8.144,-106.8,5.552,30.4,12.584,97.6,32.934,60.4444,-73,193676,3,43.6
8.144,-106.4,5.56,28.8,12.576,98.4,32.95545,60.41388,-72,193676,3,43.6
8.144,-106.0,5.552,30.0,12.584,97.2,32.95545,60.39099,-72,191148,3,44.6
8.144,-106.4,5.552,30.4,12.576,97.6,32.96618,60.36047,-72,193676,3,43.6
8.144,-107.2,5.552,29.6,12.584,97.6,32.9769,60.32996,-71,193676,3,44.6
8.144,-102.8,5.544,36.4,12.576,97.2,32.9769,60.32996,-72,193676,3,43.6
8.144,-104.8,5.552,29.2,12.584,95.6,32.99835,60.29944,-74,193676,3,43.6
8.144,-102.8,5.552,30.8,12.584,95.2,32.9769,60.28418,-72,193676,3,43.6
8.144,-103.6,5.552,32.4,12.584,96.0,32.9769,60.26129,-72,193676,3,43.6
8.144,-104.8,5.552,29.6,12.584,96.0,32.96618,60.28418,-72,193628,3,44.6
8.136,-96.4,5.528,47.6,12.576,99.99999,32.96618,60.30707,-72,193676,3,44.6
8.144,-102.8,5.552,30.0,12.584,94.8,32.95545,60.32233,-72,193676,3,44.6
8.144,-104.4,5.552,30.8,12.584,96.4,32.94473,60.37573,-71,193628,3,44.6
8.144,-104.0,5.552,28.8,12.584,95.2,32.91255,60.41388,-71,193676,3,43.6
8.144,-104.8,5.552,30.4,12.584,96.4,32.91255,60.50543,-73,193676,3,44.6
8.144,-102.4,5.552,32.0,12.584,95.6,32.934,60.58173,-72,193676,3,44.6
8.144,-103.2,5.552,29.2,12.584,94.8,32.90182,60.59698,-71,193676,3,43.6
8.144,-104.4,5.552,31.2,12.584,96.4,32.90182,60.60461,-70,193676,3,43.6
8.144,-103.6,5.552,30.8,12.584,95.2,32.90182,60.65039,-73,193676,3,44.6
8.144,-104.0,5.552,31.2,12.584,96.4,32.90182,60.68091,-76,193676,3,43.6
8.144,-104.4,5.552,29.2,12.584,96.0,32.90182,60.74957,-74,193676,3,43.6
8.136,-95.6,5.528,48.4,12.576,98.4,32.90182,60.77246,-72,193684,3,44.6
8.144,-99.99999,5.544,35.6,12.584,94.4,32.90182,60.80298,-80,193676,3,43.6
8.144,-104.0,5.552,29.2,12.584,95.6,32.88037,62.58063,-87,193676,3,43.6
8.136,-92.8,5.52,54.8,12.576,100.8,32.86965,62.27545,-82,192092,3,43.6
8.144,-101.6,5.552,29.2,12.584,94.0,32.88037,62.27545,-79,193676,3,44.6
8.144,-102.0,5.552,32.0,12.584,95.2,32.88037,62.00079,-79,193676,3,44.6
8.144,-103.2,5.552,28.8,12.584,94.8,32.86965,61.65747,-77,193676,3,44.6
8.144,-103.2,5.552,30.0,12.584,95.2,32.88037,61.48199,-78,193676,3,44.6
8.144,-102.4,5.552,32.0,12.584,95.6,32.88037,61.36755,-78,193676,3,43.6
8.144,-102.4,5.552,32.0,12.584,95.6,32.88037,61.20734,-75,193676,3,43.6
8.144,-100.8,5.552,32.0,12.584,94.4,32.8911,61.1463,-78,193676,3,43.6
8.144,-102.4,5.552,29.2,12.584,94.4,32.90182,61.10815,-77,193676,3,43.6
8.144,-100.8,5.552,31.6,12.584,93.6,32.91255,61.07001,-76,193676,3,43.6
8.152,-103.2,5.552,30.0,12.584,95.2,32.91255,61.13104,-78,193676,3,43.6
8.144,-101.2,5.552,30.0,12.584,93.6,32.91255,61.0166,-68,193676,3,43.6
8.152,-101.6,5.552,29.2,12.584,93.6,32.91255,60.91742,-68,193676,3,43.6
8.152,-101.2,5.552,30.4,12.584,93.6,32.92327,60.89453,-66,193676,3,44.6
8.144,-100.4,5.552,32.0,12.584,94.4,32.934,60.81061,-66,193676,3,43.6
8.152,-101.2,5.552,29.6,12.584,93.6,32.91255,60.79535,-71,193676,3,43.6
8.136,-86.8,5.504,68.39999,12.576,102.0,32.90182,60.76483,-70,193684,3,45.6
8.152,-101.2,5.552,29.6,12.584,93.6,32.91255,60.79535,-70,193676,3,44.6
8.152,-99.99999,5.552,30.0,12.584,93.2,32.91255,60.81061,-70,193676,3,43.6
8.144,-90.8,5.52,55.2,12.576,99.2,32.91255,60.81061,-71,192092,3,44.6
8.152,-99.99999,5.552,31.6,12.584,93.2,32.91255,60.84875,-69,193676,3,43.6
8.152,-99.2,5.552,32.4,12.584,93.6,32.92327,60.8335,-68,193676,3,43.6
8.152,-99.2,5.552,31.2,12.584,92.8,32.92327,60.81824,-69,193676,3,43.6
8.144,-98.0,5.552,32.8,12.584,92.8,32.92327,60.81824,-70,193676,3,43.6
8.152,-99.6,5.552,29.2,12.584,92.8,32.95545,60.81824,-69,193676,3,43.6
8.144,-96.4,5.544,40.0,12.584,95.2,32.95545,60.77246,-69,193676,3,43.6
8.152,-99.2,5.552,28.8,12.584,92.0,32.94473,60.73431,-70,193676,3,43.6
8.152,-98.0,5.552,30.4,12.584,92.0,32.94473,60.67328,-69,193628,3,43.6
8.152,-98.4,5.552,29.2,12.584,93.2,32.95545,60.68091,-70,193676,3,43.6
8.144,-95.6,5.536,42.4,12.584,96.0,32.934,60.66565,-68,193676,3,44.6
8.152,-97.6,5.552,31.6,12.584,93.2,32.94473,60.69617,-68,193676,3,44.6
8.152,-98.4,5.552,30.4,12.584,92.0,32.95545,60.67328,-69,193676,3,47.6
8.152,-98.8,5.552,32.0,12.584,93.2,32.934,60.68854,-68,193676,3,47.6
8.136,-87.59999,5.512,62.4,12.576,99.2,32.934,60.71906,-68,193676,3,46.6
8.152,-99.99999,5.552,30.0,12.584,92.8,32.95545,60.69617,-69,193676,3,45.6
8.144,-95.2,5.544,41.2,12.584,94.8,32.95545,60.72668,-69,193676,3,45.6
8.152,-98.4,5.56,29.6,12.584,91.6,32.96618,60.73431,-69,193676,3,44.6
8.152,-96.8,5.552,31.6,12.584,91.6,32.9769,60.71906,-70,193676,3,44.6
8.144,-89.99999,5.52,55.2,12.576,98.0,32.9769,60.68854,-68,192092,3,44.6
8.152,-96.0,5.544,35.2,12.584,93.2,32.99835,60.66565,-68,193676,3,44.6
8.152,-97.6,5.552,29.2,12.584,90.8,32.98763,60.6275,-69,193676,3,44.6
8.152,-98.0,5.552,30.4,12.584,92.39999,32.99835,60.6275,-68,193676,3,43.6
8.152,-97.6,5.552,29.6,12.584,91.2,32.99835,60.58173,-68,193676,3,44.6
8.144,-87.2,5.512,59.2,12.576,98.4,33.00908,60.56647,-68,193628,3,45.6
8.152,-96.0,5.544,35.6,12.584,92.8,33.00908,60.61224,-68,193676,3,44.6
8.152,-97.2,5.552,30.0,12.584,91.2,33.00908,60.55884,-68,193676,3,44.6
8.152,-98.0,5.552,31.2,12.584,92.39999,33.0198,60.54358,-69,193676,3,44.6
8.152,-98.0,5.552,31.6,12.584,92.39999,33.00908,60.52069,-68,193676,3,43.6
8.152,-97.6,5.552,30.0,12.584,91.6,33.0198,60.55884,-69,193676,3,43.6
8.152,-98.4,5.56,30.0,12.584,92.0,33.03053,60.60461,-69,193676,3,43.6
8.152,-97.6,5.552,29.6,12.584,91.2,33.03053,60.52069,-69,193676,3,44.6
8.152,-96.8,5.552,32.0,12.584,91.2,33.04125,60.52832,-70,193676,3,44.6
8.152,-97.6,5.56,29.6,12.584,91.2,33.03053,60.46729,-67,193676,3,43.6
8.152,-96.8,5.552,30.8,12.584,90.8,33.04125,60.4444,-67,193676,3,43.6
8.152,-97.2,5.552,28.8,12.584,90.8,33.05198,60.45203,-68,193676,3,43.6
8.152,-97.2,5.552,30.8,12.584,90.8,33.07343,60.45203,-67,193676,3,43.6
8.152,-97.2,5.56,29.6,12.584,90.8,33.05198,60.36047,-68,193676,3,43.6
8.152,-95.2,5.544,35.6,12.584,92.0,33.0627,60.3681,-69,193676,3,44.6
8.152,-95.6,5.544,36.4,12.584,92.39999,33.0627,60.34521,-70,193676,3,44.6
8.152,-97.2,5.56,29.6,12.584,90.8,33.07343,60.30707,-69,193676,3,45.6
8.144,-87.59999,5.52,54.4,12.576,97.2,33.0627,60.26129,-69,191196,3,46.6
8.152,-97.2,5.552,29.2,12.584,90.8,33.05198,60.25366,-69,193676,3,44.6
8.152,-96.4,5.552,30.8,12.584,90.8,33.05198,60.32996,-71,193676,3,44.6
8.152,-96.8,5.56,28.8,12.584,90.8,33.04125,60.3147,-69,193676,3,44.6
8.152,-96.8,5.552,30.0,12.584,90.39999,33.05198,60.33759,-69,193676,3,44.6
8.152,-96.0,5.552,32.4,12.584,91.6,33.05198,60.38336,-70,193676,3,44.6
8.152,-96.4,5.552,30.8,12.584,90.8,33.05198,60.33759,-70,193676,3,43.6
8.16,-96.4,5.552,31.6,12.584,91.2,33.04125,60.36047,-69,193676,3,44.6
8.16,-96.8,5.56,29.2,12.584,90.39999,33.04125,60.3681,-70,193676,3,43.6
8.16,-96.4,5.552,30.8,12.584,90.8,33.04125,60.38336,-70,193676,3,43.6
8.16,-96.8,5.552,28.8,12.584,90.39999,33.03053,60.37573,-67,193676,3,43.6
8.152,-87.59999,5.528,52.8,12.584,95.6,33.03053,60.40625,-69,193628,3,45.6
8.16,-97.2,5.56,32.4,12.584,91.6,33.03053,60.37573,-69,193676,3,44.6
8.16,-96.4,5.552,30.0,12.584,90.39999,33.05198,60.37573,-69,193676,3,44.6
8.16,-96.4,5.552,32.0,12.584,91.2,33.03053,60.3681,-69,193676,3,44.6
8.16,-96.8,5.552,29.6,12.584,90.39999,33.03053,60.3681,-68,193676,3,43.6
8.16,-96.8,5.552,31.2,12.584,91.2,33.05198,60.3681,-68,193676,3,43.6
8.16,-96.4,5.56,29.6,12.584,90.39999,33.05198,60.33759,-69,193676,3,43.6
8.16,-96.8,5.552,30.4,12.584,90.8,33.05198,60.32233,-69,193676,3,43.6
8.16,-96.8,5.56,29.2,12.584,90.39999,33.04125,60.32233,-68,193676,3,43.6
8.152,-89.99999,5.536,46.8,12.584,94.8,33.04125,60.32233,-68,193676,3,44.6
8.16,-96.0,5.552,30.8,12.584,91.2,33.05198,60.34521,-68,193676,3,43.6
8.16,-94.0,5.552,35.2,12.584,91.6,33.04125,60.32996,-69,193676,3,43.6
8.16,-96.4,5.552,30.4,12.584,90.8,33.05198,60.32996,-70,193676,3,43.6
8.16,-97.2,5.552,29.6,12.584,90.39999,33.04125,60.33759,-66,193676,3,44.6
8.152,-86.8,5.52,55.6,12.584,96.8,33.0627,60.38336,-67,193676,3,44.6
8.16,-92.8,5.544,39.6,12.584,92.39999,33.08415,60.39099,-66,193676,3,44.6
8.16,-96.8,5.56,30.0,12.584,90.8,33.07343,60.36047,-67,193676,3,44.6
8.152,-86.39999,5.52,55.6,12.584,95.2,33.05198,60.3147,-68,192092,3,44.6
8.16,-96.8,5.552,29.6,12.584,90.8,33.0627,60.27655,-68,193676,3,43.6
8.16,-96.0,5.552,31.6,12.584,91.6,33.07343,60.26892,-69,193676,3,43.6
8.16,-96.8,5.56,29.6,12.584,90.8,33.05198,60.29944,-69,193676,3,43.6
8.16,-96.4,5.552,30.8,12.584,91.2,33.0627,60.3147,-68,193676,3,43.6
8.168,-96.8,5.56,29.2,12.584,90.8,33.0627,60.29181,-69,193676,3,43.6
8.168,-96.8,5.552,30.0,12.584,90.8,33.05198,60.3147,-68,193676,3,43.6
8.16,-96.8,5.552,31.2,12.584,91.6,33.05198,60.3147,-69,193676,3,43.6
8.168,-96.8,5.552,29.6,12.584,90.8,33.05198,60.32233,-67,193676,3,43.6
8.168,-96.0,5.552,30.0,12.584,91.2,33.08415,60.35284,-66,193676,3,43.6
8.168,-96.8,5.552,29.2,12.584,90.8,33.0627,60.33759,-67,193676,3,43.6
8.168,-96.8,5.552,29.6,12.584,91.2,33.07343,60.30707,-68,193676,3,43.6
8.168,-97.2,5.552,29.6,12.584,90.8,33.07343,60.29181,-68,193676,3,44.6
8.16,-92.39999,5.544,38.4,12.584,92.0,33.11633,60.28418,-67,193676,3,45.6
8.16,-93.2,5.544,36.8,12.584,91.6,33.08415,60.29181,-68,193676,3,47.6
8.168,-96.8,5.552,29.6,12.584,90.8,33.09488,60.33759,-67,193676,3,45.6
8.168,-95.6,5.552,32.8,12.584,91.2,33.09488,60.29944,-67,193676,3,44.6
8.168,-96.8,5.552,29.6,12.584,90.8,33.09488,60.26129,-67,193676,3,44.6
8.168,-96.0,5.552,31.6,12.584,90.8,33.09488,60.20789,-68,193676,3,44.6
8.168,-97.2,5.56,29.2,12.584,91.2,33.11633,60.17737,-68,193684,3,44.6
8.168,-96.4,5.56,30.8,12.584,91.2,33.1056,60.21552,-68,193676,3,43.6
8.168,-97.2,5.552,29.2,12.584,90.8,33.1056,60.16211,-68,193676,3,44.6
8.16,-83.6,5.512,57.6,12.576,96.0,33.1056,60.16211,-68,193628,3,44.6
8.168,-97.2,5.56,29.2,12.584,90.8,33.08415,60.15448,-68,193676,3,43.6
8.168,-96.8,5.552,29.6,12.584,90.8,33.09488,60.20789,-69,193676,3,44.6
8.16,-85.6,5.52,56.0,12.584,94.4,33.1056,60.17737,-69,192092,3,43.6
8.168,-97.2,5.56,29.6,12.584,90.8,33.09488,60.19263,-70,193676,3,44.6
8.168,-97.2,5.552,30.8,12.584,91.2,33.09488,60.15448,-68,193676,3,43.6
8.168,-97.6,5.552,29.2,12.584,91.2,33.09488,60.19263,-67,193676,3,43.6
8.168,-97.2,5.552,30.0,12.584,91.2,33.08415,60.17737,-67,193676,3,44.6
8.176,-97.2,5.552,29.2,12.584,90.8,33.07343,60.20026,-68,193676,3,43.6
8.176,-97.2,5.552,29.6,12.584,91.2,33.08415,60.19263,-69,193676,3,44.6
8.168,-96.0,5.552,32.4,12.584,90.8,33.07343,60.20789,-67,193676,3,43.6
8.176,-97.2,5.552,29.6,12.584,91.2,33.08415,60.25366,-67,193676,3,43.6
8.176,-96.8,5.552,31.6,12.584,90.8,33.08415,60.2384,-68,193676,3,43.6
8.176,-97.6,5.56,29.2,12.584,90.8,33.08415,60.23077,-67,193676,3,44.6
8.176,-97.2,5.552,30.8,12.584,90.8,33.09488,60.35284,-67,193676,3,43.6
8.176,-97.2,5.56,28.8,12.584,91.2,33.11633,60.35284,-69,193676,3,43.6
8.176,-97.6,5.56,30.4,12.584,91.2,33.12705,60.30707,-71,193676,3,44.6
8.176,-96.8,5.552,32.4,12.584,92.0,33.13778,60.20789,-70,193676,3,43.6
8.176,-97.6,5.552,29.6,12.584,90.8,33.12705,60.17737,-68,193676,3,43.6
8.176,-97.6,5.552,31.2,12.584,91.6,33.11633,60.16211,-67,193676,3,44.6
8.176,-97.2,5.56,29.6,12.584,91.2,33.12705,60.1087,-68,193676,3,43.6
8.176,-97.2,5.552,31.2,12.584,91.6,33.12705,60.12396,-68,193676,3,43.6
8.168,-92.0,5.544,38.0,12.584,91.2,33.13778,60.17737,-69,193676,3,45.6
8.176,-96.4,5.552,32.0,12.584,91.2,33.13778,60.17737,-69,193676,3,44.6
8.176,-96.8,5.552,32.4,12.584,91.6,33.1485,60.10107,-70,193676,3,43.6
8.168,-82.0,5.52,56.4,12.576,94.0,33.16995,60.09344,-71,192092,3,44.6
8.176,-97.2,5.552,31.6,12.584,91.6,33.1485,60.08582,-69,193676,3,43.6
8.176,-98.0,5.56,29.6,12.584,91.2,33.1485,60.04767,-70,193676,3,43.6
8.176,-96.8,5.552,31.2,12.584,91.6,33.1485,60.01715,-71,193676,3,43.6
8.176,-98.0,5.56,29.2,12.584,91.2,33.1485,60.03241,-72,193676,3,43.6
8.176,-97.6,5.56,30.4,12.584,91.2,33.13778,60.02478,-69,193628,3,43.6
8.184,-98.0,5.56,28.8,12.584,92.0,33.12705,60.01715,-69,193676,3,43.6
8.184,-97.6,5.56,30.0,12.584,91.2,33.1485,60.01715,-71,193628,3,44.6
8.184,-96.8,5.552,32.0,12.584,92.0,33.12705,60.01715,-69,193676,3,43.6
8.184,-98.0,5.552,29.6,12.584,91.2,33.13778,60.04767,-69,193676,3,43.6
8.184,-96.4,5.552,31.2,12.584,92.0,33.12705,60.07056,-69,193676,3,43.6
8.184,-98.0,5.56,29.6,12.584,91.6,33.12705,60.04004,-69,193676,3,43.6
8.184,-97.6,5.56,30.4,12.584,91.6,33.11633,60.06293,-68,193676,3,43.6
8.184,-98.0,5.552,29.2,12.584,91.6,33.11633,60.07056,-65,193676,3,44.6
8.184,-97.6,5.56,30.0,12.584,91.6,33.1056,60.07819,-70,193628,3,44.6
8.184,-96.4,5.552,31.2,12.584,92.0,33.1056,60.11633,-66,193676,3,43.6
8.184,-98.0,5.56,30.0,12.584,91.6,33.1056,60.15448,-66,193676,3,43.6
8.184,-97.2,5.552,31.2,12.584,92.0,33.1056,60.13159,-67,193676,3,43.6
8.184,-98.0,5.56,29.6,12.584,91.6,33.09488,60.13922,-66,193676,3,45.6
8.176,-86.8,5.536,47.6,12.584,91.6,33.09488,60.13922,-66,193676,3,44.6
8.184,-98.4,5.56,29.6,12.584,91.6,33.11633,60.14685,-64,193676,3,44.6
8.184,-97.2,5.552,30.4,12.584,91.6,33.11633,60.16211,-65,193676,3,43.6
8.176,-83.2,5.52,54.4,12.584,92.8,33.11633,60.20026,-64,192092,3,44.6
8.184,-97.6,5.56,30.0,12.584,91.2,33.11633,60.09344,-66,193676,3,44.6
8.184,-96.4,5.552,32.8,12.584,92.0,33.11633,60.11633,-65,193676,3,43.6
8.288,1.2,5.552,29.6,12.656,23.6,33.1056,60.10107,-65,193676,3,43.6
8.288,1.2,5.552,31.6,12.656,24.0,33.11633,60.08582,-65,193676,3,43.6
8.288,1.2,5.544,36.8,12.648,26.8,33.08415,60.1087,-65,193676,3,44.6
8.288,1.2,5.552,34.0,12.656,25.6,33.1056,60.16974,-65,193676,3,44.6
8.288,1.2,5.552,29.2,12.656,23.2,33.1056,60.14685,-68,193676,3,44.6
8.288,1.2,5.552,33.2,12.656,25.2,33.1056,60.13159,-68,193628,3,43.6
8.288,1.2,5.552,29.2,12.656,23.2,33.11633,60.13159,-68,193676,3,43.6
8.288,1.2,5.552,29.6,12.656,23.6,33.11633,60.09344,-68,193676,3,44.6
8.288,1.2,5.56,29.6,12.656,24.4,33.1056,60.08582,-70,193676,3,43.6
8.288,1.2,5.56,31.2,12.656,24.0,33.09488,60.09344,-68,193676,3,43.6
8.288,1.2,5.552,29.6,12.656,23.6,33.1056,60.09344,-70,193676,3,43.6
8.288,1.2,5.56,29.2,12.656,23.2,33.09488,60.10107,-66,193676,3,43.6
8.296,1.2,5.552,30.0,12.656,23.6,33.09488,60.13159,-66,193676,3,43.6
8.288,1.2,5.552,32.0,12.656,24.0,33.09488,60.11633,-67,193676,3,43.6
8.288,1.2,5.552,29.6,12.656,23.6,33.09488,60.1087,-67,193676,3,43.6
8.288,1.2,5.552,31.6,12.656,24.0,33.09488,60.11633,-67,193676,3,43.6
8.288,1.2,5.552,29.6,12.656,23.6,33.1056,60.11633,-67,193676,3,44.6
8.296,1.2,5.552,31.2,12.656,24.0,33.08415,60.1087,-68,193676,3,43.6
8.288,1.2,5.552,29.2,12.656,23.2,33.08415,60.13159,-68,193676,3,43.6
8.288,1.2,5.552,31.6,12.656,24.4,33.08415,60.14685,-67,193676,3,43.6
8.288,1.2,5.552,28.8,12.656,23.2,33.1056,60.13922,-70,193676,3,43.6
8.288,1.2,5.552,30.0,12.656,23.6,33.09488,60.14685,-70,193676,3,43.6
8.296,1.2,5.512,55.2,12.648,35.6,33.08415,60.14685,-69,192092,3,43.6
8.288,1.2,5.56,30.0,12.656,23.6,33.07343,60.16974,-71,193676,3,43.6
8.288,1.2,5.552,31.2,12.656,24.4,33.08415,60.16211,-68,193676,3,43.6
8.288,1.2,5.552,29.6,12.656,23.6,33.07343,60.13159,-69,193676,3,43.6
8.288,1.2,5.552,30.4,12.656,24.0,33.09488,60.16974,-69,193676,3,43.6
8.288,1.2,5.56,29.6,12.656,23.2,33.09488,60.185,-69,193676,3,43.6
8.288,1.2,5.552,29.2,12.656,24.0,33.07343,60.185,-70,193676,3,43.6
8.288,1.2,5.552,32.4,12.656,24.0,33.08415,60.16974,-68,193676,3,43.6
8.288,1.2,5.56,29.2,12.656,23.6,33.08415,60.16211,-67,193676,3,43.6
8.288,1.2,5.552,31.2,12.656,23.6,33.07343,60.20026,-67,193676,3,43.6
8.296,1.2,5.56,29.2,12.656,23.2,33.07343,60.17737,-69,193676,3,43.6
8.288,1.2,5.56,30.8,12.656,23.6,33.08415,60.17737,-68,193676,3,43.6
8.288,1.2,5.552,33.6,12.648,25.2,33.1056,60.16974,-69,193676,3,43.6
8.288,1.2,5.56,30.0,12.656,23.6,33.09488,60.17737,-68,193676,3,43.6
8.288,1.2,5.552,32.8,12.648,24.8,33.09488,60.20026,-68,193676,3,43.6
8.28,1.2,5.552,34.4,12.648,25.6,33.1056,60.17737,-69,193676,3,44.6
8.288,1.2,5.552,30.8,12.648,24.0,33.09488,60.16211,-67,193676,3,43.6
8.288,1.2,5.56,29.2,12.656,23.2,33.1056,60.16974,-68,193676,3,44.6
8.288,1.2,5.552,30.8,12.648,24.0,33.1056,60.15448,-70,193628,3,43.6
8.288,1.2,5.552,32.8,12.648,23.6,33.09488,60.14685,-68,193676,3,44.6
8.288,1.2,5.552,30.0,12.648,23.6,33.1056,60.11633,-67,193676,3,43.6
8.296,1.2,5.552,32.0,12.648,24.4,33.09488,60.10107,-69,193676,3,43.6
8.288,1.2,5.552,30.0,12.648,23.6,33.09488,60.1087,-69,193684,3,44.6
8.288,1.2,5.552,31.2,12.648,24.4,33.09488,60.10107,-69,193676,3,43.6
8.288,1.2,5.56,29.2,12.648,24.0,33.08415,60.10107,-69,193676,3,43.6
8.296,1.2,5.512,61.6,12.64,38.8,33.08415,60.13922,-69,193676,3,44.6
8.288,1.2,5.552,29.2,12.648,23.2,33.08415,60.13922,-70,193676,3,43.6
8.296,1.2,5.56,30.0,12.648,23.6,33.08415,60.11633,-70,193676,3,43.6
8.296,1.2,5.52,55.2,12.648,35.6,33.09488,60.12396,-68,192092,3,43.6
8.288,1.2,5.56,30.0,12.648,23.2,33.07343,60.16211,-68,193676,3,44.6
8.288,1.2,5.552,32.0,12.648,24.8,33.09488,60.13922,-68,193676,3,43.6
8.288,1.2,5.552,29.6,12.648,23.2,33.08415,60.13922,-69,193676,3,43.6
8.288,1.2,5.552,31.2,12.648,24.4,33.08415,60.13922,-70,193676,3,43.6
8.288,1.2,5.552,29.2,12.648,23.2,33.08415,60.16974,-70,193676,3,43.6
8.288,1.2,5.544,30.4,12.648,24.4,33.08415,60.16974,-69,193676,3,43.6
8.296,1.2,5.552,29.2,12.648,23.2,33.05198,60.17737,-70,193676,3,43.6
8.288,1.2,5.56,30.8,12.648,23.6,33.0627,60.19263,-69,193628,3,43.6
8.288,1.2,5.552,31.2,12.648,25.6,33.05198,60.23077,-68,193676,3,43.6
8.288,1.2,5.56,29.6,12.648,24.0,33.05198,60.23077,-69,193676,3,43.6
8.288,1.2,5.552,30.4,12.648,24.4,33.05198,60.2384,-69,193676,3,43.6
8.288,1.2,5.552,30.0,12.648,23.2,33.05198,60.25366,-68,193676,3,43.6
8.288,1.2,5.552,30.0,12.648,24.4,33.05198,60.2384,-68,193676,3,43.6
8.288,1.2,5.56,29.2,12.648,23.2,33.05198,60.2384,-69,193676,3,43.6
8.288,1.2,5.552,30.4,12.648,23.6,33.04125,60.27655,-68,193676,3,43.6
8.288,1.2,5.552,29.2,12.648,23.2,33.0198,60.29181,-69,193676,3,43.6
8.288,1.2,5.552,30.0,12.648,23.6,33.0198,60.32233,-69,193676,3,43.6
8.288,1.2,5.552,32.8,12.648,24.4,33.0198,60.32233,-69,193676,3,43.6
8.288,1.2,5.552,29.6,12.648,23.6,33.0198,60.32996,-68,193676,3,43.6
8.288,1.2,5.544,36.0,12.648,26.8,33.00908,60.35284,-68,193676,3,43.6
8.288,1.2,5.552,29.6,12.648,23.6,33.00908,60.35284,-70,193676,3,43.6
8.28,1.2,5.552,31.2,12.648,24.4,33.00908,60.37573,-68,192092,3,43.6
8.288,1.2,5.552,29.2,12.648,23.2,32.99835,60.38336,-70,193676,3,43.6
8.288,1.2,5.552,30.8,12.648,24.0,32.99835,60.39862,-68,193628,3,43.6
8.288,1.2,5.552,29.2,12.648,23.2,32.99835,60.37573,-68,193676,3,44.6
8.288,1.2,5.552,30.0,12.648,23.6,32.98763,60.38336,-69,193676,3,44.6
8.288,1.2,5.544,31.2,12.648,24.8,32.99835,60.42151,-69,193676,3,43.6
8.288,1.2,5.552,29.6,12.648,23.6,32.99835,60.42151,-74,193676,3,43.6
8.288,1.2,5.552,30.0,12.648,24.4,32.99835,60.39862,-67,193676,3,43.6
8.288,1.2,5.552,29.6,12.648,23.2,33.0198,60.39862,-66,193676,3,43.6
8.288,1.2,5.552,29.6,12.648,24.0,32.99835,60.40625,-67,193676,3,43.6
8.288,1.2,5.552,29.2,12.648,23.2,32.99835,60.40625,-67,193676,3,43.6
8.288,1.2,5.552,29.2,12.648,23.6,32.99835,60.42151,-68,193676,3,43.6
8.296,1.2,5.552,32.0,12.648,23.6,32.98763,60.40625,-67,193676,3,43.6
8.288,1.2,5.544,31.2,12.648,24.0,32.99835,60.42151,-67,193676,3,43.6
8.288,1.2,5.552,31.6,12.648,23.6,32.99835,60.43677,-69,193676,3,43.6
8.288,1.2,5.56,29.2,12.648,23.2,32.99835,60.40625,-67,193676,3,43.6
8.288,1.2,5.552,31.6,12.648,24.0,33.00908,60.42151,-69,193676,3,43.6
8.288,1.2,5.552,29.2,12.648,23.2,32.99835,60.39099,-68,193676,3,43.6
8.288,1.2,5.552,30.0,12.648,23.6,32.99835,60.38336,-69,193676,3,43.6
8.28,1.2,5.552,32.8,12.648,24.8,33.00908,60.41388,-66,193676,3,43.6
8.288,1.2,5.56,29.6,12.648,23.6,33.03053,60.42151,-67,193676,3,43.6
8.288,1.2,5.552,31.6,12.648,24.0,33.0198,60.41388,-69,193676,3,43.6
8.272,1.2,5.544,36.0,12.648,26.4,33.03053,60.36047,-67,191196,3,45.6
8.288,1.2,5.536,38.0,12.648,27.2,33.04125,60.3681,-67,193676,3,43.6
8.288,1.2,5.56,29.2,12.648,23.2,33.04125,60.34521,-68,193676,3,43.6
8.288,1.2,5.552,30.4,12.648,23.6,33.03053,60.32996,-67,193628,3,43.6
8.288,1.2,5.552,32.4,12.648,24.8,33.03053,60.3147,-67,193676,3,43.6
8.288,1.2,5.552,30.4,12.648,23.6,33.04125,60.32996,-66,193676,3,43.6
8.288,1.2,5.552,32.0,12.648,24.4,33.04125,60.32996,-69,193676,3,43.6
8.288,1.2,5.552,30.0,12.648,23.6,33.05198,60.30707,-66,193676,3,44.6
8.28,1.2,5.552,30.8,12.648,23.6,33.04125,60.29944,-65,193676,3,43.6
8.288,1.2,5.56,28.8,12.648,23.2,33.05198,60.27655,-66,193676,3,43.6
8.288,1.2,5.552,30.4,12.648,23.2,33.0627,60.26129,-64,193676,3,43.6
8.288,1.2,5.56,28.8,12.648,25.2,33.0627,60.26129,-66,193676,3,43.6
8.288,1.2,5.552,30.0,12.648,23.6,33.0627,60.26129,-65,193676,3,43.6
8.288,1.2,5.544,32.0,12.648,24.8,33.0627,60.24603,-65,193676,3,43.6
8.288,1.2,5.552,29.6,12.648,23.2,33.0627,60.26129,-65,193676,3,43.6
8.288,1.2,5.552,31.2,12.648,24.4,33.0627,60.23077,-65,193676,3,43.6
8.288,1.2,5.56,29.2,12.648,23.2,33.0627,60.25366,-65,193684,3,43.6
8.288,1.2,5.552,30.8,12.648,24.0,33.07343,60.20026,-64,193676,3,43.6
8.288,1.2,5.552,29.2,12.648,23.2,33.07343,60.20789,-65,193676,3,43.6
8.296,1.2,5.52,57.2,12.64,36.4,33.08415,60.21552,-64,193676,3,44.6
8.288,1.2,5.552,31.6,12.648,24.8,33.08415,60.185,-65,193676,3,43.6
8.288,1.2,5.552,30.4,12.648,24.0,33.0627,60.19263,-65,193676,3,43.6
8.296,1.2,5.52,54.8,12.64,35.2,33.07343,60.13159,-64,192092,3,43.6
8.288,1.2,5.552,29.6,12.648,23.6,33.05198,60.15448,-64,193676,3,43.6
8.288,1.2,5.544,31.2,12.648,24.4,33.05198,60.16974,-65,193676,3,43.6
8.288,1.2,5.56,29.2,12.648,23.6,33.05198,60.14685,-64,193676,3,43.6
8.288,1.2,5.56,30.8,12.648,23.6,33.04125,60.17737,-65,193676,3,44.6
8.288,1.2,5.552,29.2,12.648,25.2,33.05198,60.20026,-65,193676,3,43.6
8.288,1.2,5.552,30.0,12.648,23.6,33.05198,60.23077,-66,193676,3,43.6
8.288,1.2,5.552,32.0,12.648,24.4,33.0627,60.2384,-64,193676,3,43.6
8.288,1.2,5.56,30.0,12.648,23.6,33.0627,60.24603,-64,193628,3,45.6
8.288,1.2,5.52,59.6,12.64,39.2,33.08415,60.23077,-65,193628,3,47.6
8.272,1.2,5.496,73.2,12.64,42.8,33.09488,60.24603,-64,193628,3,49.6
8.288,1.2,5.52,61.6,12.64,38.8,33.09488,60.11633,-65,193628,3,49.6
8.112,-140.8,5.552,30.8,12.552,121.2,33.08415,60.07819,-65,193628,3,49.6
8.12,-138.0,5.544,38.4,12.552,123.6,33.09488,60.03241,-65,193628,3,49.6
8.128,-141.6,5.536,44.8,12.552,130.4,33.09488,60.02478,-64,193676,3,47.6
8.112,-122.0,5.56,30.0,12.56,108.0,33.08415,60.01715,-66,193676,3,46.6
8.12,-121.6,5.552,31.2,12.568,108.8,33.0627,60.04767,-63,193684,3,45.6
8.12,-116.4,5.56,29.6,12.568,103.6,33.07343,60.07819,-66,193676,3,45.6
8.12,-116.8,5.552,29.6,12.568,104.8,33.08415,60.12396,-66,193676,3,44.6
8.128,-122.8,5.52,53.6,12.552,119.6,33.07343,60.12396,-69,192092,3,45.6
8.128,-116.0,5.552,30.4,12.568,104.0,33.08415,60.14685,-66,193676,3,44.6
8.128,-115.6,5.56,28.8,12.568,103.2,33.08415,60.15448,-66,193676,3,44.6
8.128,-115.2,5.552,29.6,12.568,103.2,33.07343,60.12396,-67,193676,3,44.6
8.128,-115.2,5.552,35.2,12.568,105.2,33.09488,60.14685,-67,193676,3,44.6
8.136,-114.4,5.56,29.6,12.568,102.8,33.09488,60.16211,-65,193676,3,44.6
8.136,-113.2,5.552,30.8,12.568,102.4,33.09488,60.12396,-67,193676,3,44.6
8.136,-112.8,5.552,30.0,12.568,101.6,33.1056,60.13922,-66,193676,3,44.6
8.136,-113.2,5.552,30.4,12.568,102.0,33.08415,60.07056,-67,193628,3,43.6
8.136,-111.2,5.56,29.6,12.568,101.6,33.09488,60.09344,-65,193676,3,44.6
8.136,-111.2,5.56,30.4,12.568,100.4,33.11633,60.12396,-65,193676,3,44.6
8.136,-109.2,5.552,33.6,12.568,100.8,33.11633,60.0553,-66,193676,3,44.6
8.144,-109.6,5.56,29.6,12.568,99.2,33.1056,60.07056,-66,193676,3,44.6
8.144,-105.6,5.552,31.2,12.576,97.6,33.11633,60.09344,-68,193676,3,44.6
8.144,-105.6,5.56,29.2,12.576,96.8,33.11633,60.11633,-68,193676,3,44.6
8.144,-103.6,5.552,31.6,12.576,96.8,33.13778,60.04767,-66,193628,3,43.6
8.144,-103.6,5.552,33.6,12.576,95.6,33.12705,60.02478,-66,193676,3,44.6
8.144,-100.4,5.552,30.0,12.576,93.2,33.12705,60.04004,-66,193676,3,44.6
8.144,-99.99999,5.552,32.4,12.576,94.0,33.11633,60.01715,-67,193676,3,43.6
8.144,-99.99999,5.552,29.6,12.576,92.8,33.11633,60.00189,-66,193676,3,44.6
8.144,-99.6,5.552,31.6,12.576,92.8,33.11633,60.01715,-68,193676,3,43.6
8.144,-98.8,5.56,28.8,12.576,92.0,33.09488,60.01715,-69,193676,3,44.6
8.136,-90.8,5.52,55.2,12.568,98.8,33.08415,60.03241,-69,193628,3,45.6
8.144,-98.4,5.56,29.2,12.576,91.6,33.07343,60.07056,-70,193676,3,43.6
8.152,-97.6,5.552,31.6,12.576,91.6,33.08415,60.06293,-67,193676,3,44.6
8.144,-89.2,5.52,54.8,12.576,96.8,33.07343,60.11633,-67,192092,3,44.6
8.152,-97.2,5.552,30.4,12.576,91.2,33.0627,60.13159,-68,193676,3,44.6
8.152,-96.8,5.552,33.2,12.576,92.0,33.0627,60.185,-67,193676,3,43.6
8.152,-96.0,5.552,32.0,12.576,91.2,33.07343,60.16974,-67,193676,3,43.6
8.152,-96.8,5.552,31.2,12.576,91.2,33.07343,60.15448,-68,193676,3,43.6
8.152,-96.4,5.552,30.4,12.576,90.8,33.0627,60.13159,-67,193676,3,43.6
8.152,-96.4,5.552,30.4,12.576,90.8,33.0627,60.12396,-67,193676,3,44.6
8.152,-96.0,5.552,32.4,12.576,91.6,33.07343,60.12396,-66,193676,3,43.6
8.16,-96.8,5.552,29.6,12.576,90.8,33.0627,60.14685,-67,193676,3,44.6
8.16,-95.6,5.552,31.6,12.576,91.2,33.0627,60.12396,-67,193676,3,43.6
8.16,-96.8,5.56,29.6,12.576,90.8,33.05198,60.16211,-67,193676,3,43.6
8.16,-96.4,5.552,30.8,12.576,90.8,33.05198,60.16974,-67,193676,3,43.6
8.16,-96.8,5.552,30.4,12.576,90.8,33.04125,60.15448,-67,193676,3,43.6
8.16,-96.8,5.56,30.4,12.576,90.8,33.0627,60.15448,-67,193676,3,43.6
8.16,-96.4,5.56,30.0,12.576,90.8,33.04125,60.15448,-73,193676,3,43.6
8.168,-98.0,5.552,30.0,12.576,91.2,33.0627,60.15448,-73,193676,3,43.6
8.16,-93.6,5.544,36.8,12.576,92.8,33.05198,60.15448,-73,193676,3,44.6
8.168,-97.2,5.56,30.0,12.576,91.2,33.04125,60.16974,-74,193676,3,43.6
8.168,-93.2,5.544,40.4,12.576,92.8,33.04125,60.16211,-70,193676,3,43.6
8.168,-96.4,5.552,31.6,12.576,91.2,33.03053,60.19263,-69,193676,3,44.6
8.168,-96.4,5.552,30.8,12.576,91.2,33.04125,60.17737,-69,193676,3,43.6
8.176,-97.6,5.56,29.2,12.576,91.2,33.04125,60.16974,-68,193676,3,43.6
8.16,-87.2,5.528,47.2,12.576,92.39999,33.03053,60.20026,-67,193676,3,45.6
8.176,-96.4,5.552,32.4,12.576,91.6,33.0198,60.20026,-68,193676,3,43.6
8.176,-97.2,5.552,29.6,12.576,91.2,33.03053,60.22314,-68,193676,3,43.6
8.16,-81.2,5.512,56.4,12.576,93.2,33.03053,60.26129,-68,192092,3,44.6
8.168,-85.2,5.528,49.6,12.576,92.0,33.03053,60.23077,-64,193676,3,45.6
8.176,-97.2,5.552,30.8,12.576,91.6,33.03053,60.24603,-69,193676,3,44.6
8.176,-97.6,5.552,29.2,12.576,91.2,33.04125,60.21552,-67,193676,3,43.6
8.176,-96.8,5.552,32.0,12.576,91.6,33.04125,60.2384,-67,193628,3,43.6
8.176,-96.0,5.552,32.8,12.576,92.0,33.04125,60.19263,-69,193676,3,43.6
8.184,-97.6,5.552,30.0,12.576,91.6,33.03053,60.20026,-68,193676,3,44.6
8.184,-96.4,5.552,32.0,12.576,91.6,33.04125,60.20789,-68,193676,3,43.6
8.288,1.2,5.552,29.6,12.648,23.6,33.03053,60.19263,-68,193676,3,43.6
8.288,1.2,5.552,30.8,12.648,24.0,33.03053,60.20789,-68,193676,3,43.6
8.288,1.2,5.552,29.2,12.648,23.2,33.0198,60.23077,-68,193676,3,44.6
8.288,1.2,5.552,30.4,12.648,23.6,33.00908,60.23077,-69,193628,3,43.6
8.288,1.2,5.544,32.8,12.648,26.8,33.00908,60.26129,-69,193676,3,43.6
8.288,1.2,5.552,30.0,12.648,23.6,33.00908,60.29944,-68,193676,3,44.6
8.28,1.2,5.544,33.2,12.648,25.2,32.98763,60.32996,-67,193676,3,43.6
8.288,1.2,5.552,30.4,12.648,24.0,32.9769,60.33759,-67,193628,3,45.6
8.28,1.2,5.552,31.6,12.648,24.4,32.99835,60.34521,-67,193676,3,44.6
8.288,1.2,5.544,29.6,12.648,23.6,32.9769,60.34521,-67,193676,3,44.6
8.288,1.2,5.552,30.8,12.648,24.0,32.9769,60.38336,-67,193676,3,43.6
8.296,1.2,5.552,29.6,12.648,23.6,32.96618,60.37573,-67,193676,3,44.6
8.288,1.2,5.552,33.6,12.648,24.8,32.98763,60.3681,-67,193628,3,44.6
8.296,1.2,5.552,29.2,12.648,23.6,32.9769,60.3681,-68,193676,3,44.6
8.288,1.2,5.552,30.4,12.648,23.6,32.98763,60.3681,-67,193684,3,44.6
8.288,1.2,5.536,44.4,12.648,29.2,32.9769,60.37573,-68,193676,3,43.6
8.288,1.2,5.552,30.0,12.648,23.6,32.98763,60.38336,-66,193676,3,43.6
8.296,1.2,5.52,56.8,12.64,36.8,32.96618,60.3681,-67,193676,3,44.6
8.288,1.2,5.544,30.4,12.648,23.6,32.96618,60.38336,-68,193676,3,44.6
8.288,1.2,5.544,30.8,12.648,24.8,32.96618,60.39099,-67,193676,3,43.6
8.296,1.2,5.52,55.6,12.64,35.2,32.96618,60.3681,-67,192092,3,44.6
8.288,1.2,5.552,30.4,12.648,24.4,32.96618,60.38336,-68,193676,3,43.6
8.296,1.2,5.544,33.6,12.648,25.2,32.95545,60.42914,-67,193676,3,43.6
8.288,1.2,5.56,30.0,12.648,24.0,32.96618,60.42914,-68,193676,3,43.6
8.288,1.2,5.544,32.0,12.648,24.4,32.94473,60.43677,-67,193676,3,43.6
8.288,1.2,5.552,29.6,12.648,24.0,32.934,60.39862,-70,193676,3,43.6
8.288,1.2,5.552,31.2,12.648,24.0,32.95545,60.42914,-68,193676,3,43.6
8.296,1.2,5.552,29.6,12.648,23.6,32.94473,60.38336,-68,193676,3,44.6
8.288,1.2,5.552,30.8,12.648,23.6,32.94473,60.42914,-67,193628,3,43.6
8.28,1.2,5.552,31.6,12.648,24.4,32.95545,60.42151,-68,193676,3,44.6
8.288,1.2,5.552,30.0,12.648,23.6,32.94473,60.43677,-69,193676,3,44.6
8.288,1.2,5.552,34.4,12.648,24.8,32.95545,60.41388,-67,193676,3,44.6
8.28,1.2,5.552,31.2,12.648,24.4,32.96618,60.42151,-64,193676,3,44.6
8.288,1.2,5.544,36.4,12.648,26.4,32.95545,60.37573,-65,193676,3,44.6
8.288,1.2,5.552,29.6,12.648,23.6,32.95545,60.36047,-64,193676,3,44.6
8.288,1.2,5.552,31.2,12.648,24.0,32.96618,60.38336,-65,193676,3,43.6
8.288,1.2,5.536,46.4,12.64,31.2,32.94473,60.38336,-65,193676,3,44.6
8.288,1.2,5.552,30.4,12.648,23.6,32.95545,60.39099,-65,193676,3,44.6
8.288,1.2,5.552,32.4,12.648,25.2,32.96618,60.38336,-63,193676,3,43.6
8.296,1.2,5.52,53.6,12.64,35.2,32.96618,60.38336,-64,192092,3,44.6
8.288,1.2,5.544,31.6,12.648,24.4,32.94473,60.39099,-64,193676,3,43.6
8.288,1.2,5.552,29.6,12.648,23.6,32.95545,60.42151,-66,193676,3,43.6
8.288,1.2,5.552,30.8,12.648,24.0,32.96618,60.38336,-64,193676,3,43.6
8.288,1.2,5.56,28.8,12.648,23.2,32.94473,60.41388,-65,193676,3,43.6
8.296,1.2,5.544,30.0,12.648,24.0,32.95545,60.40625,-65,193676,3,43.6
8.28,1.2,5.544,35.6,12.648,27.2,32.96618,60.42151,-65,193676,3,43.6
8.288,1.2,5.544,30.0,12.648,23.6,32.95545,60.40625,-66,193676,3,44.6
8.28,1.2,5.544,34.0,12.648,24.4,32.94473,60.39099,-64,193676,3,43.6
8.288,1.2,5.552,30.0,12.648,23.6,32.94473,60.40625,-63,193676,3,43.6
8.288,1.2,5.544,36.4,12.648,25.6,32.94473,60.42151,-65,193676,3,44.6
8.296,1.2,5.552,29.2,12.648,23.6,32.934,60.39099,-64,193676,3,43.6
8.288,1.2,5.552,30.4,12.648,23.6,32.92327,60.41388,-64,193676,3,43.6
8.288,1.2,5.552,29.2,12.648,23.2,32.934,60.42914,-65,193684,3,44.6
8.288,1.2,5.528,48.4,12.64,31.6,32.934,60.39862,-64,193676,3,44.6
8.296,1.2,5.544,40.4,12.648,28.4,32.934,60.4444,-65,193676,3,44.6
8.288,1.2,5.552,30.0,12.648,23.6,32.94473,60.39099,-65,191148,3,45.6
8.296,1.2,5.552,31.6,12.648,24.0,32.95545,60.4444,-65,193676,3,43.6
8.288,1.2,5.552,29.6,12.648,23.6,32.96618,60.38336,-65,193676,3,44.6
8.288,1.2,5.552,30.8,12.648,23.6,32.96618,60.35284,-65,193676,3,43.6
8.288,1.2,5.552,29.2,12.648,23.2,32.96618,60.34521,-65,193676,3,44.6
8.288,1.2,5.552,30.4,12.648,23.6,32.98763,60.34521,-65,193676,3,43.6
8.296,1.2,5.536,36.0,12.648,28.0,32.95545,60.34521,-65,193676,3,43.6
8.288,1.2,5.552,29.2,12.648,23.6,32.96618,60.36047,-64,193676,3,44.6
8.296,1.2,5.552,31.2,12.648,24.4,32.94473,60.36047,-65,193676,3,43.6
8.288,1.2,5.552,29.6,12.648,23.2,32.95545,60.39862,-64,193676,3,43.6
8.288,1.2,5.552,29.6,12.648,23.6,32.94473,60.40625,-65,193676,3,43.6
8.288,1.2,5.56,29.2,12.648,23.2,32.96618,60.39099,-65,193676,3,43.6
8.288,1.2,5.552,29.6,12.648,23.6,32.94473,60.38336,-65,193628,3,44.6
8.288,1.2,5.552,32.0,12.648,24.4,32.95545,60.3681,-64,193676,3,44.6
8.296,1.2,5.552,28.8,12.648,23.6,32.94473,60.36047,-65,193676,3,43.6
8.288,1.2,5.552,33.2,12.648,24.8,32.95545,60.39099,-65,193676,3,43.6
8.288,1.2,5.552,30.4,12.648,23.6,32.934,60.39862,-63,193676,3,43.6
8.288,1.2,5.552,30.0,12.648,23.6,32.934,60.41388,-65,193676,3,44.6
8.288,1.2,5.552,28.8,12.648,25.2,32.94473,60.42151,-63,193676,3,43.6
8.288,1.2,5.528,48.8,12.64,32.4,32.92327,60.41388,-66,193676,3,43.6
8.296,1.2,5.536,45.2,12.64,32.4,32.934,60.43677,-65,193676,3,43.6
8.288,1.2,5.552,31.6,12.648,24.0,32.934,60.4444,-65,193676,3,44.6
8.296,1.2,5.512,54.8,12.64,34.8,32.934,60.46729,-66,192092,3,44.6
8.288,1.2,5.552,29.2,12.648,23.2,32.934,60.45203,-67,193676,3,43.6
8.288,1.2,5.552,30.4,12.648,24.0,32.92327,60.47491,-67,193676,3,43.6
8.288,1.2,5.552,29.2,12.648,23.2,32.91255,60.46729,-65,193676,3,43.6
8.288,1.2,5.56,30.0,12.648,23.6,32.91255,60.48254,-67,193676,3,43.6
8.288,1.2,5.552,31.6,12.648,24.8,32.90182,60.50543,-66,193676,3,43.6
8.296,1.2,5.536,42.8,12.64,30.4,32.91255,60.51306,-65,193676,3,43.6
8.288,1.2,5.552,31.2,12.648,24.0,32.90182,60.52832,-66,193676,3,43.6
8.296,1.2,5.552,29.2,12.648,23.2,32.90182,60.55884,-65,193676,3,43.6
8.28,1.2,5.552,32.0,12.648,24.4,32.88037,60.58173,-67,193676,3,43.6
8.288,1.2,5.56,29.2,12.648,23.2,32.88037,60.61224,-66,193676,3,43.6
8.288,1.2,5.552,30.4,12.648,23.2,32.88037,60.6275,-66,193676,3,43.6
8.288,1.2,5.552,32.8,12.648,24.8,32.85892,60.65039,-66,193676,3,43.6
8.288,1.2,5.56,30.0,12.648,23.2,32.86965,60.64276,-64,193676,3,43.6
8.288,1.2,5.552,31.6,12.648,24.4,32.86965,60.65039,-65,193676,3,43.6
8.288,1.2,5.552,29.6,12.648,23.2,32.88037,60.6275,-64,193676,3,44.6
8.288,1.2,5.552,30.8,12.648,24.0,32.86965,60.61224,-63,193676,3,43.6
8.288,1.2,5.552,29.2,12.648,23.2,32.88037,60.60461,-65,193676,3,43.6
8.288,1.2,5.552,30.4,12.648,23.6,32.85892,60.61224,-65,193628,3,43.6
8.288,1.2,5.552,30.8,12.648,24.8,32.86965,60.61987,-64,193676,3,43.6
8.288,1.2,5.552,30.0,12.648,23.6,32.88037,60.6275,-65,193676,3,43.6
8.28,1.2,5.552,30.4,12.648,24.4,32.88037,60.61224,-64,193676,3,43.6
8.288,1.2,5.528,48.4,12.64,32.4,32.88037,60.61987,-65,193676,3,44.6
8.288,1.2,5.552,30.0,12.648,24.0,32.88037,60.63513,-65,193676,3,43.6
8.288,1.2,5.56,29.2,12.648,23.2,32.86965,60.61987,-64,193676,3,43.6
8.296,1.2,5.512,56.0,12.64,35.6,32.88037,60.60461,-65,192092,3,43.6
8.288,1.2,5.56,29.2,12.648,23.2,32.88037,60.60461,-66,193676,3,43.6
8.296,1.2,5.56,30.8,12.648,24.4,32.86965,60.58173,-67,193676,3,43.6
8.288,1.2,5.552,32.0,12.648,24.4,32.88037,60.59698,-68,193676,3,43.6
8.288,1.2,5.56,29.6,12.648,23.6,32.90182,60.59698,-65,193676,3,43.6
8.288,1.2,5.552,31.6,12.648,24.4,32.8911,60.58936,-68,193676,3,43.6
8.288,1.2,5.552,29.2,12.648,23.6,32.90182,60.58173,-66,193676,3,43.6
8.288,1.2,5.552,30.4,12.648,24.0,32.90182,60.55884,-66,193676,3,43.6
8.288,1.2,5.56,29.6,12.648,23.6,32.91255,60.53595,-68,193676,3,43.6
8.288,1.2,5.552,30.0,12.648,23.6,32.90182,60.52832,-67,193676,3,43.6
8.288,1.2,5.552,32.0,12.64,24.8,32.92327,60.51306,-67,193676,3,43.6
8.288,1.2,5.56,29.6,12.648,23.2,32.90182,60.50543,-66,193676,3,43.6
8.288,1.2,5.552,31.2,12.64,24.0,32.90182,60.50543,-68,193676,3,43.6
8.296,1.2,5.56,29.2,12.648,23.2,32.8911,60.52832,-67,193676,3,43.6
8.288,1.2,5.56,30.8,12.648,23.6,32.8911,60.55121,-66,193676,3,43.6
8.288,1.2,5.56,29.2,12.648,23.6,32.88037,60.54358,-66,193676,3,43.6
8.288,1.2,5.56,29.6,12.648,23.6,32.86965,60.55121,-68,193676,3,43.6
8.288,1.2,5.552,32.4,12.64,24.4,32.88037,60.55884,-67,193676,3,43.6
8.288,1.2,5.56,29.2,12.648,23.6,32.88037,60.60461,-67,193676,3,43.6
8.288,1.2,5.552,31.6,12.64,24.0,32.8482,60.61224,-68,193676,3,43.6
8.288,1.2,5.56,29.2,12.648,23.2,32.8482,60.66565,-68,193676,3,43.6
8.288,1.2,5.56,31.2,12.64,23.6,32.83747,60.66565,-68,193676,3,43.6
8.296,1.2,5.536,43.6,12.64,29.6,32.83747,60.7038,-68,193676,3,43.6
8.288,1.2,5.56,30.4,12.648,23.2,32.82675,60.69617,-69,193676,3,43.6
8.288,1.2,5.552,28.8,12.648,23.2,32.82675,60.71906,-67,193676,3,43.6
8.288,1.2,5.52,54.8,12.64,35.2,32.82675,60.73431,-67,192092,3,44.6
8.288,1.2,5.552,32.4,12.64,24.8,32.82675,60.71906,-69,193676,3,43.6
8.288,1.2,5.56,29.6,12.648,23.6,32.81602,60.73431,-68,193676,3,43.6
8.288,1.2,5.552,31.2,12.64,24.4,32.82675,60.76483,-67,193676,3,43.6
8.288,1.2,5.56,29.6,12.648,23.2,32.81602,60.74957,-69,193676,3,43.6
8.288,1.2,5.552,30.4,12.648,24.0,32.82675,60.76483,-69,193676,3,43.6
8.288,1.2,5.56,29.2,12.648,23.2,32.82675,60.78009,-67,193676,3,43.6
8.288,1.2,5.56,30.4,12.648,24.0,32.81602,60.74957,-65,193628,3,43.6
8.288,1.2,5.552,31.6,12.64,24.8,32.8053,60.76483,-69,193676,3,43.6
8.288,1.2,5.56,30.0,12.648,23.2,32.79457,60.77246,-70,193676,3,43.6
8.288,1.2,5.552,31.2,12.64,24.4,32.81602,60.7572,-68,193676,3,43.6
8.288,1.2,5.56,30.0,12.64,23.6,32.8053,60.74194,-68,193676,3,43.6
8.288,1.2,5.544,31.2,12.648,24.4,32.81602,60.7572,-70,193676,3,43.6
8.288,1.2,5.552,29.6,12.64,23.6,32.81602,60.78009,-70,193672,3,43.6
8.288,1.2,5.56,30.4,12.64,24.0,32.79457,60.78772,-65,193624,3,43.6
8.288,1.2,5.552,29.2,12.64,23.2,32.81602,60.78772,-65,193672,3,43.6
8.288,1.2,5.552,30.0,12.64,23.6,32.8053,60.77246,-64,193672,3,43.6
8.288,1.2,5.552,32.4,12.64,24.8,32.8053,60.80298,-66,193672,3,43.6
8.288,1.2,5.552,29.6,12.64,23.6,32.82675,60.80298,-65,193672,3,43.6
8.288,1.2,5.552,33.6,12.64,25.2,32.81602,60.80298,-65,193672,3,43.6
8.288,1.2,5.552,29.6,12.64,23.2,32.8053,60.78772,-65,193672,3,43.6
8.288,1.2,5.56,30.4,12.64,24.0,32.8053,60.78009,-65,193624,3,43.6
8.296,1.2,5.52,57.2,12.64,34.8,32.81602,60.77246,-66,192100,3,43.6
8.288,1.2,5.552,30.0,12.64,23.6,32.81602,60.77246,-65,193672,3,43.6
8.288,1.2,5.552,30.8,12.64,24.4,32.82675,60.78009,-65,193672,3,43.6
8.288,1.2,5.552,29.6,12.64,23.6,32.82675,60.77246,-66,193672,3,43.6
8.288,1.2,5.552,30.4,12.64,24.4,32.82675,60.72668,-67,193672,3,43.6
8.288,1.2,5.544,29.6,12.64,23.6,32.81602,60.71143,-64,193672,3,43.6
8.288,1.2,5.552,29.2,12.64,24.0,32.83747,60.74194,-65,193672,3,43.6
8.288,1.2,5.552,29.2,12.64,23.6,32.82675,60.72668,-68,193672,3,43.6
8.296,1.2,5.552,29.6,12.64,23.6,32.82675,60.74194,-65,193672,3,43.6
8.288,1.2,5.56,29.6,12.64,23.6,32.82675,60.74957,-65,193672,3,43.6
8.288,1.2,5.552,29.6,12.64,23.6,32.8053,60.7572,-67,193672,3,43.6
8.288,1.2,5.552,32.0,12.64,24.0,32.81602,60.77246,-67,193672,3,43.6
8.288,1.2,5.56,29.2,12.64,23.6,32.81602,60.78772,-66,193672,3,43.6
8.288,1.2,5.552,32.0,12.64,23.6,32.8053,60.79535,-66,193672,3,43.6
8.288,1.2,5.552,28.8,12.64,23.6,32.82675,60.81824,-65,193672,3,43.6
8.288,1.2,5.552,30.4,12.64,23.6,32.8053,60.80298,-67,193672,3,43.6
8.296,1.2,5.536,45.2,12.64,30.4,32.8053,60.81824,-66,193672,3,44.6
8.288,1.2,5.544,30.0,12.64,23.6,32.8053,60.78772,-65,193672,3,43.6
8.288,1.2,5.552,28.8,12.64,25.2,32.81602,60.81061,-65,193672,3,43.6
8.296,1.2,5.52,58.8,12.632,36.4,32.81602,60.81061,-65,192100,3,43.6
8.288,1.2,5.552,32.4,12.64,24.4,32.81602,60.80298,-65,193672,3,43.6
8.288,1.2,5.552,29.6,12.64,23.2,32.82675,60.78772,-65,193672,3,43.6
8.288,1.2,5.552,31.6,12.64,24.4,32.82675,60.77246,-63,193672,3,43.6
8.288,1.2,5.552,29.6,12.64,23.2,32.81602,60.76483,-66,193672,3,43.6
8.288,1.2,5.552,30.4,12.64,24.0,32.8053,60.77246,-64,193672,3,43.6
8.288,1.2,5.56,29.2,12.64,23.2,32.8053,60.79535,-65,193672,3,43.6
8.288,1.2,5.552,30.0,12.64,24.0,32.78385,60.86401,-64,193672,3,43.6
8.28,1.2,5.552,32.4,12.64,24.4,32.77312,60.86401,-65,193672,3,43.6
8.288,1.2,5.552,29.2,12.64,23.6,32.77312,60.90216,-64,193672,3,43.6
8.288,1.2,5.552,31.6,12.64,24.0,32.7624,60.94794,-64,193672,3,43.6
8.288,1.2,5.552,29.2,12.64,23.2,32.74095,60.9632,-65,193672,3,43.6
8.288,1.2,5.552,30.8,12.64,23.2,32.73022,61.02423,-63,193672,3,43.6
8.288,1.2,5.552,28.8,12.64,23.6,32.70877,61.06238,-65,193672,3,43.6
8.288,1.2,5.544,31.6,12.64,24.8,32.7195,61.12341,-63,193672,3,43.6
8.288,1.2,5.56,28.4,12.64,25.2,32.73022,61.11578,-63,193672,3,43.6
8.288,1.2,5.56,29.6,12.64,23.2,32.74095,61.11578,-64,193672,3,43.6
8.288,1.2,5.552,31.6,12.64,24.8,32.74095,61.07764,-65,193672,3,43.6
8.288,1.2,5.552,29.2,12.64,23.2,32.73022,61.10052,-63,193672,3,43.6
8.296,1.2,5.52,56.4,12.632,36.8,32.73022,61.0929,-62,193672,3,43.6
8.288,1.2,5.552,29.2,12.64,23.2,32.73022,61.07764,-62,193672,3,43.6
8.288,1.2,5.552,30.4,12.64,23.6,32.73022,61.10815,-65,193672,3,43.6
8.296,1.2,5.52,55.2,12.632,34.8,32.7195,61.13104,-64,192100,3,43.6
8.288,1.2,5.552,30.0,12.64,23.6,32.69805,61.1463,-61,193672,3,43.6
8.288,1.2,5.552,30.8,12.64,24.8,32.69805,61.18445,-65,193672,3,43.6
8.288,1.2,5.552,30.0,12.64,23.2,32.68732,61.18445,-66,193672,3,43.6
8.288,1.2,5.552,30.8,12.64,24.4,32.69805,61.2226,-65,193672,3,43.6
8.296,1.2,5.552,29.6,12.64,23.6,32.68732,61.2226,-63,193672,3,43.6
8.288,1.2,5.552,30.4,12.64,24.4,32.68732,61.2226,-66,193672,3,43.6
8.288,1.2,5.552,29.6,12.64,23.2,32.68732,61.24548,-66,193672,3,43.6
8.288,1.2,5.552,30.4,12.64,24.0,32.6766,61.29126,-65,193672,3,43.6
8.288,1.2,5.552,29.2,12.64,23.2,32.66587,61.29126,-65,193672,3,43.6
8.288,1.2,5.552,30.0,12.64,23.6,32.66587,61.29889,-63,193672,3,43.6
8.288,1.2,5.544,32.0,12.64,24.8,32.68732,61.31415,-66,193672,3,43.6
8.288,1.2,5.552,29.6,12.64,23.6,32.68732,61.29889,-64,193672,3,43.6
8.288,1.2,5.552,31.2,12.64,24.0,32.6766,61.29126,-65,193672,3,43.6
8.288,1.2,5.552,29.2,12.64,23.6,32.6766,61.24548,-65,193672,3,43.6
8.288,1.2,5.552,30.8,12.64,24.0,32.68732,61.26074,-65,193672,3,43.6
8.288,1.2,5.552,28.8,12.64,23.2,32.66587,61.23785,-65,193672,3,43.6
8.288,1.2,5.552,30.0,12.64,23.6,32.65515,61.25311,-61,193620,3,43.6
8.288,1.2,5.552,28.8,12.64,25.2,32.64442,61.23785,-63,193672,3,43.6
8.288,1.2,5.552,30.0,12.64,23.2,32.6337,61.276,-64,193620,3,44.6
8.288,1.2,5.552,32.4,12.64,24.8,32.62297,61.25311,-63,193672,3,43.6
8.288,1.2,5.552,29.6,12.64,23.2,32.60152,61.30652,-65,193672,3,43.6
8.296,1.2,5.512,57.6,12.632,36.4,32.61225,61.32178,-62,193672,3,43.6
8.288,1.2,5.552,35.2,12.64,25.6,32.60152,61.35992,-61,193672,3,44.6
8.288,1.2,5.552,30.4,12.64,24.0,32.5908,61.38281,-62,193672,3,43.6
8.296,1.2,5.512,55.2,12.632,36.8,32.5908,61.41333,-65,192100,3,44.6
8.288,1.2,5.56,30.0,12.64,23.6,32.5908,61.45148,-63,193620,3,44.6
8.288,1.2,5.544,30.0,12.64,24.8,32.5908,61.51251,-65,193672,3,43.6
8.288,1.2,5.56,30.8,12.64,24.0,32.58007,61.51251,-64,193620,3,44.6
8.288,1.2,5.544,29.6,12.64,24.0,32.55862,61.55066,-64,193672,3,43.6
8.288,1.2,5.552,29.6,12.64,23.2,32.56935,61.58118,-65,193672,3,44.6
8.288,1.2,5.544,30.0,12.64,24.4,32.58007,61.60406,-65,193672,3,43.6
8.288,1.2,5.552,28.8,12.64,23.2,32.58007,61.60406,-64,193672,3,43.6
8.288,1.2,5.552,29.6,12.64,23.6,32.55862,61.57355,-65,193672,3,43.6
8.288,1.2,5.552,34.0,12.64,24.4,32.56935,61.58118,-65,193672,3,43.6
8.288,1.2,5.552,29.2,12.64,23.6,32.55862,61.58118,-63,193672,3,44.6
8.288,1.2,5.552,31.6,12.64,23.6,32.56935,61.59644,-65,193672,3,43.6
8.288,1.2,5.552,29.2,12.64,23.6,32.56935,61.57355,-64,193672,3,43.6
8.288,1.2,5.544,35.2,12.64,25.6,32.55862,61.55066,-64,193672,3,43.6
8.288,1.2,5.552,29.2,12.64,23.2,32.55862,61.55066,-64,193672,3,43.6
8.288,1.2,5.552,30.4,12.64,23.2,32.55862,61.58881,-67,193624,3,43.6
8.288,1.2,5.544,32.4,12.64,24.8,32.55862,61.59644,-64,193672,3,43.6
8.288,1.2,5.552,31.2,12.64,24.0,32.56935,61.61932,-64,193672,3,43.6
8.288,1.2,5.552,31.2,12.64,24.4,32.58007,61.57355,-64,193672,3,43.6
8.288,1.2,5.552,29.6,12.64,23.2,32.56935,61.57355,-64,193672,3,43.6
8.288,1.2,5.552,31.2,12.64,24.4,32.55862,61.58881,-65,193672,3,43.6
8.288,1.2,5.552,29.2,12.64,23.2,32.56935,61.58118,-64,193672,3,43.6
8.288,1.2,5.528,50.8,12.632,34.0,32.55862,61.60406,-65,193620,3,43.6
8.288,1.2,5.552,32.0,12.64,25.2,32.5479,61.61169,-64,193672,3,43.6
8.288,1.2,5.552,30.0,12.64,23.6,32.5479,61.62695,-66,193672,3,43.6
8.296,1.2,5.52,54.8,12.632,34.8,32.53717,61.64221,-65,192100,3,43.6
8.288,1.2,5.552,29.6,12.64,23.6,32.5479,61.61932,-63,193672,3,43.6
8.288,1.2,5.552,30.8,12.64,24.0,32.5479,61.64221,-65,193672,3,43.6
8.288,1.2,5.544,29.6,12.64,23.6,32.53717,61.64221,-66,193672,3,43.6
8.288,1.2,5.552,30.4,12.64,24.0,32.53717,61.6651,-65,193620,3,43.6
8.288,1.2,5.544,30.8,12.64,24.0,32.5479,61.6651,-66,193672,3,43.6
8.288,1.2,5.552,30.0,12.64,23.6,32.55862,61.65747,-66,193672,3,43.6
8.288,1.2,5.552,32.0,12.64,24.4,32.55862,61.67273,-67,193672,3,43.6
8.288,1.2,5.552,29.6,12.64,23.2,32.55862,61.64984,-66,193672,3,43.6
8.288,1.2,5.552,31.2,12.64,24.4,32.55862,61.64221,-65,193672,3,43.6
8.288,1.2,5.56,29.2,12.64,23.2,32.56935,61.61169,-65,193672,3,43.6
8.288,1.2,5.552,30.4,12.64,24.0,32.58007,61.59644,-65,193672,3,43.6
8.288,1.2,5.552,29.2,12.64,23.2,32.5908,61.57355,-64,193672,3,43.6
8.288,1.2,5.552,30.0,12.64,24.0,32.5908,61.54303,-66,193672,3,43.6
8.288,1.2,5.552,32.4,12.64,24.4,32.58007,61.5354,-65,193672,3,43.6
8.288,1.2,5.56,29.6,12.64,23.6,32.58007,61.50488,-65,193672,3,43.6
8.288,1.2,5.552,31.6,12.64,24.0,32.61225,61.54303,-66,193672,3,43.6
8.288,1.2,5.552,29.6,12.64,23.6,32.5908,61.5354,-65,193672,3,43.6
8.288,1.2,5.552,31.2,12.64,23.6,32.62297,61.55829,-64,193672,3,43.6
8.288,1.2,5.528,52.0,12.632,33.6,32.5908,61.5354,-67,193672,3,44.6
8.288,1.2,5.552,30.4,12.64,23.6,32.58007,61.58881,-67,193672,3,43.6
8.288,1.2,5.552,29.2,12.64,23.2,32.60152,61.57355,-67,193672,3,43.6
8.296,1.2,5.536,44.8,12.64,30.8,32.5908,61.55829,-65,193672,3,44.6
8.288,1.2,5.544,31.6,12.64,24.4,32.5908,61.5354,-68,193672,3,43.6
8.288,1.2,5.56,29.6,12.64,23.2,32.5908,61.58881,-70,193672,3,43.6
8.296,1.2,5.52,53.2,12.632,34.8,32.60152,61.59644,-73,192100,3,43.6
8.288,1.2,5.56,29.6,12.64,23.2,32.60152,61.55066,-74,193672,3,43.6
8.288,1.2,5.552,30.4,12.64,24.0,32.61225,61.60406,-76,193672,3,43.6
8.288,1.2,5.552,29.2,12.64,23.2,32.61225,61.58881,-74,193672,3,43.6
8.288,1.2,5.552,30.4,12.64,24.0,32.60152,61.56592,-74,193672,3,43.6
8.288,1.2,5.552,30.0,12.64,24.4,32.61225,61.59644,-73,193672,3,43.6
8.288,1.2,5.552,30.8,12.64,23.6,32.62297,61.77191,-72,193672,3,43.6
8.28,1.2,5.528,41.6,12.64,28.4,32.60152,61.73376,-72,193672,3,43.6
8.288,1.2,5.552,29.6,12.64,23.2,32.60152,61.76428,-73,193672,3,43.6
8.28,1.2,5.536,44.0,12.64,30.8,32.62297,61.74139,-73,193672,3,44.6
8.288,1.2,5.56,29.6,12.64,23.2,32.61225,61.68799,-71,193672,3,44.6
8.288,1.2,5.552,29.6,12.64,24.0,32.61225,61.67273,-72,193620,3,44.6
8.288,1.2,5.552,33.6,12.64,24.4,32.6337,61.6651,-75,193672,3,43.6
8.288,1.2,5.552,29.2,12.64,23.6,32.6337,61.89398,-74,193672,3,43.6
8.288,1.2,5.552,31.6,12.64,23.6,32.6337,61.90924,-69,193672,3,43.6
8.288,1.2,5.552,29.2,12.64,23.6,32.6337,61.77191,-71,193672,3,43.6
8.288,1.2,5.552,30.8,12.64,24.0,32.64442,61.70325,-70,193672,3,43.6
8.288,1.2,5.552,29.2,12.64,23.2,32.6337,61.55066,-72,193672,3,43.6
8.288,1.2,5.552,30.4,12.64,23.6,32.62297,61.56592,-68,193672,3,43.6
8.288,1.2,5.552,32.0,12.64,24.8,32.61225,61.54303,-71,193672,3,43.6
8.288,1.2,5.552,30.0,12.64,23.2,32.62297,61.52014,-70,193672,3,43.6
8.288,1.2,5.544,32.0,12.64,24.4,32.6337,61.49725,-63,193672,3,43.6
8.296,1.2,5.52,53.2,12.632,34.8,32.60152,61.49725,-63,192100,3,43.6
8.288,1.2,5.552,30.8,12.64,24.4,32.61225,61.54303,-62,193672,3,43.6
8.288,1.2,5.552,29.2,12.64,23.6,32.62297,61.5354,-68,193672,3,43.6
8.288,1.2,5.552,30.4,12.64,24.0,32.62297,61.52014,-65,193672,3,43.6
8.288,1.2,5.552,29.2,12.64,23.2,32.62297,61.52777,-60,193672,3,43.6
8.288,1.2,5.552,30.4,12.64,23.6,32.62297,61.51251,-64,193672,3,43.6
8.288,1.2,5.552,32.4,12.64,24.8,32.62297,61.47437,-63,193672,3,43.6
8.288,1.2,5.552,30.0,12.64,23.6,32.61225,61.47437,-63,193672,3,43.6
8.288,1.2,5.552,31.2,12.64,24.4,32.61225,61.48199,-66,193672,3,43.6
8.288,1.2,5.552,28.8,12.64,23.2,32.61225,61.46674,-65,193672,3,43.6
8.288,1.2,5.552,30.4,12.64,24.0,32.60152,61.42859,-65,193672,3,43.6
8.288,1.2,5.56,28.8,12.64,23.2,32.5908,61.43622,-65,193672,3,43.6
8.288,1.2,5.552,30.4,12.64,23.6,32.60152,61.45148,-64,193672,3,43.6
8.296,1.2,5.552,32.0,12.64,24.8,32.58007,61.51251,-65,193672,3,43.6
8.288,1.2,5.552,29.6,12.64,23.2,32.58007,61.54303,-64,193672,3,43.6
8.288,1.2,5.544,30.8,12.64,24.0,32.56935,61.57355,-64,193672,3,43.6
8.288,1.2,5.552,29.6,12.64,23.2,32.5479,61.58881,-64,193672,3,43.6
8.288,1.2,5.552,30.4,12.64,23.6,32.55862,61.62695,-65,193620,3,43.6
8.288,1.2,5.552,32.8,12.64,24.8,32.53717,61.64984,-66,193672,3,43.6
8.296,1.2,5.52,57.2,12.632,36.8,32.52645,61.67273,-66,193672,3,44.6
8.296,1.2,5.552,32.0,12.64,24.4,32.53717,61.67273,-65,193672,3,43.6
8.288,1.2,5.56,29.6,12.64,23.6,32.52645,61.70325,-65,193672,3,43.6
8.296,1.2,5.52,55.6,12.632,34.8,32.51572,61.69562,-66,192100,3,43.6
8.288,1.2,5.552,29.2,12.64,23.2,32.52645,61.71851,-64,193672,3,43.6
8.288,1.2,5.552,30.8,12.64,23.6,32.51572,61.70325,-66,193672,3,43.6
8.288,1.2,5.552,29.2,12.64,24.8,32.51572,61.73376,-63,193672,3,43.6
8.28,1.2,5.552,34.8,12.64,26.0,32.52645,61.71088,-65,193672,3,43.6
8.288,1.2,5.544,31.6,12.64,24.4,32.51572,61.70325,-65,193672,3,43.6
8.288,1.2,5.56,29.6,12.64,23.2,32.505,61.73376,-65,193480,3,44.6
8.288,1.2,5.552,31.2,12.64,24.4,32.52645,61.71851,-63,193672,3,43.6
8.288,1.2,5.56,29.2,12.64,22.8,32.52645,61.69562,-65,193672,3,43.6
8.288,1.2,5.552,30.4,12.64,23.6,32.51572,61.72614,-63,193672,3,43.6
8.288,1.2,5.552,29.2,12.64,23.2,32.52645,61.69562,-65,193672,3,43.6
8.288,1.2,5.552,31.2,12.64,24.0,32.505,61.73376,-64,193620,3,45.6
8.288,1.2,5.552,30.0,12.64,24.8,32.505,61.74902,-65,193672,3,44.6
8.288,1.2,5.552,29.6,12.64,23.6,32.505,61.71851,-66,193672,3,44.6
8.288,1.2,5.552,30.8,12.64,24.4,32.505,61.73376,-63,193672,3,43.6
8.288,1.2,5.552,29.2,12.64,23.6,32.505,61.73376,-66,193672,3,43.6
8.288,1.2,5.56,29.6,12.64,24.0,32.49427,61.7948,-64,193672,3,44.6
8.288,1.2,5.552,29.2,12.64,23.2,32.48355,61.81006,-65,193672,3,43.6
8.288,1.2,5.552,29.2,12.64,23.6,32.47282,61.80243,-65,193672,3,43.6
8.288,1.2,5.544,38.4,12.64,26.8,32.47282,61.81769,-64,193672,3,43.6
8.296,1.2,5.56,29.2,12.64,23.6,32.4621,61.81769,-65,193672,3,43.6
8.288,1.2,5.552,30.8,12.64,24.0,32.4621,61.87109,-65,193672,3,43.6
8.296,1.2,5.512,55.6,12.632,36.0,32.45137,61.87872,-64,192100,3,43.6
8.288,1.2,5.552,30.8,12.64,24.0,32.45137,61.88635,-66,193672,3,43.6
8.288,1.2,5.56,29.2,12.64,23.2,32.45137,61.90161,-66,193672,3,43.6
8.288,1.2,5.552,30.4,12.64,23.6,32.45137,61.90161,-65,193672,3,43.6
8.296,1.2,5.552,32.0,12.64,24.8,32.4621,61.88635,-64,193672,3,43.6
8.296,1.2,5.552,29.6,12.64,23.6,32.4621,61.86346,-65,193672,3,43.6
8.288,1.2,5.552,31.2,12.64,24.4,32.4621,61.84821,-64,193672,3,43.6
8.288,1.2,5.552,29.6,12.64,23.6,32.45137,61.88635,-65,193672,3,43.6
8.288,1.2,5.552,30.8,12.64,24.0,32.44065,61.91687,-66,193672,3,43.6
8.288,1.2,5.56,29.2,12.64,23.2,32.4192,61.93976,-64,193672,3,43.6
8.288,1.2,5.552,29.6,12.64,23.6,32.42992,61.95502,-65,193672,3,43.6
8.288,1.2,5.552,32.0,12.64,24.8,32.4192,62.00842,-65,193672,3,43.6
8.288,1.2,5.56,30.0,12.64,23.6,32.4192,62.04657,-64,193672,3,43.6
8.296,1.2,5.536,38.4,12.64,28.8,32.40847,62.03894,-64,193672,3,43.6
8.288,1.2,5.56,29.6,12.64,23.6,32.4192,62.03131,-64,193672,3,43.6
8.288,1.2,5.552,31.2,12.64,24.4,32.4192,62.03131,-65,193672,3,43.6
8.288,1.2,5.552,29.6,12.64,23.6,32.42992,62.0542,-65,193672,3,43.6
8.288,1.2,5.552,30.8,12.64,24.0,32.40847,62.04657,-67,193672,3,43.6
8.288,1.2,5.552,30.0,12.64,23.6,32.39775,62.06946,-65,193672,3,43.6
8.288,1.2,5.528,47.2,12.632,32.0,32.4192,62.09235,-65,193620,3,44.6
8.288,1.2,5.552,32.0,12.64,24.8,32.39775,62.09235,-65,193672,3,43.6
8.296,1.2,5.552,30.0,12.64,23.6,32.39775,62.13049,-66,193672,3,43.6
8.296,1.2,5.52,53.6,12.632,34.8,32.39775,62.11523,-66,192100,3,43.6
8.296,1.2,5.56,29.2,12.64,23.2,32.40847,62.1076,-64,193672,3,43.6
8.288,1.2,5.552,32.0,12.64,24.0,32.4192,62.16101,-64,193672,3,43.6
8.288,1.2,5.552,29.2,12.64,23.2,32.4192,62.16864,-66,193672,3,43.6
8.288,1.2,5.544,32.4,12.64,25.2,32.39775,62.14575,-64,193672,3,43.6
8.288,1.2,5.552,28.8,12.64,24.0,32.40847,62.13049,-66,193672,3,43.6
8.288,1.2,5.552,29.6,12.64,24.0,32.39775,62.13812,-65,193672,3,43.6
8.288,1.2,5.552,32.4,12.64,23.6,32.39775,62.13812,-67,193672,3,43.6
8.288,1.2,5.552,29.2,12.64,23.6,32.39775,62.16864,-67,193672,3,43.6
8.288,1.2,5.552,31.2,12.64,23.6,32.38702,62.17627,-66,193672,3,43.6
8.288,1.2,5.552,29.2,12.64,23.6,32.38702,62.19916,-65,193672,3,43.6
8.288,1.2,5.552,31.2,12.64,23.2,32.40847,62.1839,-64,193672,3,43.6
8.288,1.2,5.552,28.8,12.64,23.6,32.4192,62.14575,-63,193672,3,43.6
8.288,1.2,5.552,30.4,12.64,23.6,32.4192,62.14575,-65,193672,3,43.6
8.288,1.2,5.552,28.8,12.64,23.2,32.45137,62.13049,-66,193672,3,43.6
8.288,1.2,5.56,30.4,12.64,23.2,32.44065,62.09235,-66,193672,3,43.6
8.288,1.2,5.552,32.4,12.64,24.8,32.42992,62.0542,-64,193672,3,43.6
8.296,1.2,5.552,29.6,12.64,23.2,32.44065,62.0542,-64,193672,3,43.6
8.288,1.2,5.552,31.2,12.64,24.4,32.45137,62.06183,-64,193672,3,43.6
8.288,1.2,5.56,29.2,12.64,23.2,32.44065,62.03894,-65,193672,3,43.6
8.28,1.2,5.552,32.8,12.64,25.2,32.44065,62.03131,-63,193672,3,43.6
8.288,1.2,5.56,29.2,12.64,23.2,32.45137,62.0542,-64,193672,3,43.6
8.296,1.2,5.536,44.0,12.632,30.4,32.44065,62.06946,-66,193672,3,44.6
8.288,1.2,5.552,31.2,12.64,24.8,32.42992,62.0542,-66,193672,3,43.6
8.288,1.2,5.552,29.6,12.64,23.6,32.44065,62.06183,-65,193672,3,43.6
8.296,1.2,5.52,53.6,12.632,35.2,32.42992,62.06946,-66,192100,3,43.6
8.288,1.2,5.56,29.6,12.64,23.6,32.4192,62.06946,-64,193672,3,43.6
8.288,1.2,5.552,30.8,12.64,24.0,32.42992,62.09998,-65,193672,3,43.6
8.288,1.2,5.552,29.6,12.64,23.6,32.40847,62.11523,-65,193672,3,43.6
8.288,1.2,5.552,30.4,12.64,23.6,32.42992,62.1076,-63,193672,3,43.6
8.296,1.2,5.552,32.4,12.64,25.2,32.42992,62.1076,-64,193672,3,43.6
8.288,1.2,5.56,30.0,12.64,23.2,32.44065,62.06946,-65,193672,3,43.6
8.288,1.2,5.552,31.2,12.64,24.4,32.42992,62.09998,-65,193672,3,43.6
8.288,1.2,5.552,29.6,12.64,23.6,32.44065,62.09998,-65,193672,3,43.6
8.288,1.2,5.544,30.8,12.64,24.4,32.44065,62.07709,-65,193672,3,43.6
8.288,1.2,5.56,29.2,12.64,23.2,32.42992,62.09235,-65,193672,3,43.6
8.288,1.2,5.552,30.4,12.64,23.6,32.44065,62.06946,-63,193620,3,42.6
8.288,1.2,5.552,29.2,12.64,24.8,32.45137,62.06183,-65,193672,3,43.6
8.288,1.2,5.552,30.0,12.64,23.6,32.45137,62.03894,-65,193672,3,43.6
8.288,1.2,5.552,32.0,12.64,24.4,32.4621,61.98553,-65,193672,3,43.6
8.288,1.2,5.56,29.6,12.64,23.2,32.4621,61.97028,-66,193672,3,43.6
8.288,1.2,5.552,31.2,12.64,24.0,32.48355,61.94739,-63,193672,3,43.6
8.288,1.2,5.552,29.2,12.64,23.6,32.4621,61.97028,-67,193672,3,43.6
8.288,1.2,5.552,30.8,12.64,24.0,32.48355,61.93976,-65,193672,3,43.6
8.296,1.2,5.512,60.4,12.632,38.0,32.45137,61.99316,-64,193672,3,43.6
8.288,1.2,5.552,30.4,12.64,23.6,32.45137,61.97028,-65,193672,3,43.6
8.288,1.2,5.552,32.4,12.64,25.2,32.44065,62.00079,-64,193672,3,43.6
8.296,1.2,5.52,56.4,12.632,36.0,32.44065,61.99316,-64,192100,3,43.6
8.288,1.2,5.544,31.2,12.64,24.4,32.45137,62.0542,-64,193672,3,43.6
8.296,1.2,5.552,29.2,12.64,23.2,32.44065,62.02368,-64,193672,3,43.6
8.288,1.2,5.552,30.4,12.64,24.0,32.44065,62.04657,-64,193672,3,43.6
8.296,1.2,5.544,28.8,12.64,23.2,32.42992,62.06183,-66,193672,3,43.6
8.288,1.2,5.552,30.0,12.64,24.0,32.4192,62.07709,-66,193672,3,43.6
8.288,1.2,5.552,30.4,12.64,24.8,32.4192,62.12286,-65,193672,3,43.6
8.288,1.2,5.544,30.0,12.64,23.6,32.4192,62.1076,-66,193672,3,43.6
8.288,1.2,5.552,30.0,12.64,24.4,32.42992,62.12286,-70,193672,3,43.6
8.288,1.2,5.552,29.6,12.64,23.2,32.42992,62.13049,-70,193672,3,43.6
8.288,1.2,5.552,29.6,12.64,24.0,32.42992,62.13049,-69,193672,3,43.6
8.288,1.2,5.552,29.2,12.64,23.2,32.40847,62.12286,-69,193672,3,43.6
8.288,1.2,5.552,29.6,12.64,23.6,32.40847,62.16101,-69,193620,3,43.6
8.288,1.2,5.552,28.8,12.64,23.2,32.4192,62.11523,-70,193672,3,43.6
8.288,1.2,5.552,29.6,12.64,23.6,32.42992,62.09998,-71,193672,3,44.6
8.296,1.2,5.552,31.6,12.64,24.0,32.44065,62.09998,-74,193672,3,43.6
8.288,1.2,5.552,30.0,12.64,23.6,32.44065,62.09235,-72,193672,3,43.6
8.288,1.2,5.552,30.8,12.64,24.0,32.4621,62.06946,-69,193672,3,43.6
8.288,1.2,5.56,28.8,12.64,23.6,32.45137,62.06183,-68,193672,3,43.6
8.288,1.2,5.52,57.2,12.632,37.2,32.45137,62.06183,-67,193672,3,44.6
8.288,1.2,5.56,28.8,12.64,23.2,32.45137,62.06183,-67,193672,3,43.6
8.288,1.2,5.56,30.0,12.64,23.6,32.45137,62.07709,-69,193672,3,43.6
8.296,1.2,5.52,53.6,12.632,34.8,32.44065,62.0542,-67,192100,3,43.6
8.288,1.2,5.552,30.0,12.64,23.6,32.42992,62.07709,-68,193672,3,43.6
8.288,1.2,5.552,32.0,12.64,24.8,32.42992,62.08472,-66,193672,3,43.6
8.288,1.2,5.552,29.2,12.64,23.6,32.45137,62.07709,-67,193672,3,44.6
8.288,1.2,5.544,40.4,12.632,28.8,32.42992,62.06946,-70,193672,3,43.6
8.288,1.2,5.552,28.8,12.64,23.2,32.42992,62.03131,-68,193672,3,44.6
8.288,1.2,5.552,30.8,12.64,24.0,32.4192,62.04657,-67,193672,3,43.6
8.288,1.2,5.56,29.2,12.64,23.2,32.4192,62.06946,-68,193672,3,43.6
8.288,1.2,5.552,30.0,12.64,23.6,32.40847,62.09235,-67,193672,3,43.6
8.288,1.2,5.544,42.8,12.632,29.6,32.39775,62.11523,-68,193672,3,43.6
8.288,1.2,5.544,40.0,12.632,28.4,32.39775,62.13049,-68,193672,3,43.6
8.288,1.2,5.552,31.2,12.64,24.4,32.40847,62.16101,-69,193672,3,43.6
8.288,1.2,5.552,29.2,12.64,23.2,32.38702,62.16101,-67,193672,3,43.6
8.296,1.2,5.512,58.8,12.632,37.6,32.36557,62.19153,-68,192100,3,43.6
8.288,1.2,5.552,29.2,12.64,23.2,32.38702,62.20679,-69,193672,3,43.6
8.288,1.2,5.528,48.0,12.632,31.6,32.3763,62.19916,-71,193672,3,43.6
8.288,1.2,5.544,32.0,12.64,25.2,32.36557,62.25256,-70,193672,3,43.6
8.288,1.2,5.552,29.6,12.64,23.6,32.36557,62.26782,-68,193672,3,43.6
8.288,1.2,5.544,30.4,12.64,24.4,32.36557,62.29834,-69,193672,3,43.6
8.288,1.2,5.536,39.6,12.632,28.4,32.35485,62.26782,-66,193672,3,43.6
8.288,1.2,5.552,30.0,12.64,24.0,32.34412,62.30597,-68,193672,3,43.6
8.288,1.2,5.552,29.2,12.64,23.2,32.36557,62.26019,-66,193672,3,43.6
8.288,1.2,5.552,32.8,12.64,24.4,32.36557,62.27545,-68,193672,3,43.6
8.288,1.2,5.552,32.0,12.64,23.6,32.35485,62.30597,-68,193672,3,43.6
8.288,1.2,5.552,29.2,12.64,23.2,32.35485,62.29834,-66,193672,3,43.6
8.288,1.2,5.552,31.6,12.64,23.6,32.35485,62.26782,-68,193672,3,43.6
8.288,1.2,5.552,28.8,12.64,23.6,32.35485,62.25256,-68,193672,3,43.6
8.288,1.2,5.52,53.6,12.632,34.8,32.35485,62.24493,-69,193640,3,43.6
8.288,1.2,5.552,29.2,12.64,23.2,32.35485,62.26019,-67,193672,3,43.6
8.288,1.2,5.552,30.8,12.64,23.6,32.36557,62.27545,-73,193672,3,43.6
8.288,1.2,5.552,29.2,12.64,23.2,32.35485,62.22968,-67,193672,3,43.6
8.288,1.2,5.552,30.0,12.64,23.2,32.36557,62.2373,-67,193672,3,43.6
8.288,1.2,5.536,42.8,12.632,30.0,32.35485,62.25256,-71,191192,3,43.6
8.288,1.2,5.552,29.6,12.64,23.2,32.36557,62.28308,-67,193672,3,43.6
8.288,1.2,5.552,31.2,12.64,24.0,32.35485,62.27545,-67,193672,3,43.6
8.288,1.2,5.56,29.2,12.64,23.2,32.35485,62.26782,-69,193672,3,43.6
8.288,1.2,5.552,30.4,12.64,24.0,32.34412,62.29071,-67,193672,3,43.6
8.288,1.2,5.552,29.2,12.64,23.2,32.3334,62.32123,-68,193672,3,43.6
8.288,1.2,5.552,30.0,12.64,23.6,32.3334,62.35938,-67,193672,3,43.6
8.288,1.2,5.552,31.6,12.64,24.8,32.34412,62.33649,-67,193672,3,43.6
8.288,1.2,5.552,29.6,12.64,23.6,32.34412,62.32886,-67,193672,3,43.6
8.288,1.2,5.552,31.6,12.64,24.8,32.35485,62.34412,-70,193672,3,43.6
8.288,1.2,5.552,29.6,12.64,23.2,32.35485,62.3136,-67,193672,3,43.6
8.288,1.2,5.552,31.2,12.64,24.0,32.36557,62.30597,-67,193672,3,43.6
8.288,1.2,5.552,29.2,12.64,23.6,32.36557,62.27545,-68,193672,3,43.6
8.288,1.2,5.552,30.8,12.64,23.6,32.3763,62.26019,-68,193672,3,43.6
8.288,1.2,5.552,32.8,12.64,23.2,32.3763,62.26782,-67,193672,3,43.6
8.288,1.2,5.552,30.0,12.64,23.2,32.38702,62.25256,-68,193672,3,43.6
8.288,1.2,5.552,31.6,12.64,24.8,32.36557,62.26782,-70,193672,3,43.6
8.288,1.2,5.56,29.6,12.64,23.2,32.38702,62.26019,-69,193672,3,43.6
8.288,1.2,5.552,31.2,12.64,24.0,32.38702,62.20679,-69,193672,3,43.6
8.288,1.2,5.544,40.4,12.632,28.4,32.39775,62.19916,-69,193672,3,43.6
8.288,1.2,5.552,30.8,12.64,24.0,32.40847,62.17627,-69,193672,3,43.6
8.288,1.2,5.552,29.2,12.64,23.2,32.40847,62.11523,-69,193672,3,43.6
8.296,1.2,5.52,55.2,12.632,35.2,32.40847,62.12286,-70,192100,3,43.6
8.288,1.2,5.552,32.8,12.64,24.4,32.4192,62.09998,-70,193672,3,43.6
8.288,1.2,5.552,29.6,12.64,23.6,32.4192,62.07709,-69,193672,3,43.6
8.28,1.2,5.552,32.0,12.64,23.6,32.40847,62.09235,-69,193672,3,43.6
8.288,1.2,5.56,29.2,12.64,23.2,32.38702,62.13812,-69,193672,3,43.6
8.288,1.2,5.552,30.8,12.64,23.2,32.39775,62.16101,-69,193672,3,43.6
8.288,1.2,5.552,28.8,12.64,23.2,32.39775,62.19916,-69,193672,3,43.6
8.288,1.2,5.544,30.4,12.64,23.2,32.38702,62.19153,-74,193672,3,43.6
8.288,1.2,5.552,32.8,12.64,24.8,32.39775,62.19916,-67,193672,3,43.6
8.288,1.2,5.552,30.0,12.64,23.2,32.38702,62.19916,-68,193672,3,43.6
8.288,1.2,5.552,32.0,12.64,24.4,32.38702,62.19153,-67,193672,3,43.6
8.288,1.2,5.56,29.2,12.64,23.2,32.3763,62.19153,-68,193672,3,43.6
8.288,1.2,5.552,30.8,12.64,24.4,32.3763,62.19153,-66,193672,3,43.6
8.288,1.2,5.56,29.6,12.64,23.2,32.38702,62.19153,-68,193672,3,43.6
8.288,1.2,5.552,30.4,12.64,24.0,32.3763,62.22205,-66,193672,3,43.6
8.288,1.2,5.56,29.2,12.64,23.2,32.36557,62.19916,-68,193672,3,43.6
8.288,1.2,5.552,30.0,12.64,24.0,32.36557,62.22968,-67,193672,3,43.6
8.288,1.2,5.544,31.6,12.64,24.8,32.36557,62.22205,-68,193672,3,43.6
8.288,1.2,5.56,29.6,12.64,23.6,32.36557,62.22968,-67,193672,3,43.6
8.296,1.2,5.52,54.0,12.632,34.8,32.36557,62.22205,-69,192100,3,43.6
8.288,1.2,5.552,29.6,12.64,23.6,32.36557,62.21442,-67,193672,3,43.6
8.288,1.2,5.552,30.8,12.64,24.0,32.35485,62.25256,-68,193672,3,43.6
8.288,1.2,5.544,29.2,12.64,23.6,32.3763,62.22968,-67,193672,3,43.6
8.288,1.2,5.552,30.4,12.64,24.0,32.38702,62.21442,-71,193620,3,42.6
8.288,1.2,5.552,29.2,12.64,23.2,32.38702,62.20679,-69,193672,3,43.6
8.288,1.2,5.552,30.4,12.64,24.0,32.38702,62.22205,-68,193672,3,43.6
8.288,1.2,5.544,32.0,12.64,24.8,32.3763,62.20679,-68,193672,3,43.6
8.288,1.2,5.552,30.0,12.64,23.6,32.3763,62.19916,-68,193672,3,43.6
8.288,1.2,5.552,31.2,12.64,24.4,32.3763,62.20679,-71,193672,3,43.6
8.288,1.2,5.552,29.2,12.64,23.6,32.35485,62.20679,-72,193672,3,43.6
8.288,1.2,5.552,30.8,12.64,24.0,32.36557,62.25256,-69,193672,3,43.6
8.288,1.2,5.552,29.6,12.64,23.2,32.35485,62.25256,-68,193672,3,43.6
8.288,1.2,5.552,30.8,12.64,23.6,32.35485,62.27545,-69,193672,3,43.6
8.288,1.2,5.552,32.8,12.64,24.8,32.36557,62.25256,-71,193672,3,43.6
8.288,1.2,5.56,29.6,12.64,23.6,32.35485,62.26782,-70,193672,3,43.6
8.288,1.2,5.552,31.6,12.64,24.0,32.36557,62.26019,-69,193672,3,43.6
8.288,1.2,5.56,29.2,12.64,23.6,32.36557,62.26019,-71,193672,3,43.6
8.28,1.2,5.552,31.2,12.64,24.0,32.34412,62.26019,-71,193672,3,43.6
8.288,1.2,5.552,29.2,12.64,23.2,32.36557,62.25256,-71,193672,3,43.6
8.288,1.2,5.552,31.2,12.64,23.6,32.35485,62.25256,-71,193620,3,43.6
8.288,1.2,5.552,29.2,12.64,23.6,32.3763,62.27545,-71,193672,3,43.6
8.288,1.2,5.552,30.8,12.64,23.6,32.38702,62.2373,-71,191144,3,43.6
8.288,1.2,5.544,32.0,12.64,24.8,32.36557,62.22205,-72,193684,3,43.6
8.288,1.2,5.552,29.6,12.64,23.2,32.3763,62.25256,-72,193684,3,43.6
8.288,1.2,5.552,31.2,12.64,24.0,32.35485,62.26019,-74,193684,3,43.6
8.288,1.2,5.552,29.2,12.64,23.2,32.36557,62.25256,-72,193684,3,43.6
8.288,1.2,5.552,30.0,12.64,24.0,32.35485,62.28308,-72,193676,3,43.6
8.288,1.2,5.552,29.6,12.64,23.2,32.35485,62.30597,-71,193676,3,43.6
8.288,1.2,5.544,29.6,12.64,23.6,32.36557,62.28308,-72,193676,3,43.6
8.288,1.2,5.552,30.0,12.64,24.8,32.36557,62.28308,-73,193676,3,43.6
8.288,1.2,5.552,29.6,12.64,23.2,32.36557,62.25256,-73,193676,3,43.6
8.288,1.2,5.552,30.0,12.64,24.0,32.36557,62.26019,-72,193676,3,43.6
8.288,1.2,5.552,29.2,12.64,23.6,32.3763,62.25256,-73,193676,3,43.6
8.288,1.2,5.552,29.6,12.64,24.0,32.35485,62.22968,-71,193676,3,43.6
8.288,1.2,5.552,28.8,12.64,23.2,32.36557,62.26782,-73,193676,3,43.6
8.288,1.2,5.552,29.2,12.64,23.6,32.35485,62.26782,-73,193676,3,43.6
8.288,1.2,5.552,32.8,12.64,23.2,32.35485,62.27545,-72,193676,3,43.6
8.288,1.2,5.552,35.6,12.632,26.8,32.35485,62.26019,-72,193676,3,43.6
8.288,1.2,5.552,32.0,12.64,24.0,32.3763,62.27545,-70,193676,3,43.6
8.28,1.2,5.552,29.6,12.64,23.6,32.36557,62.26019,-71,193676,3,43.6
8.296,1.2,5.512,54.0,12.632,35.6,32.38702,62.20679,-71,192092,3,43.6
8.288,1.2,5.552,29.2,12.64,23.2,32.3763,62.24493,-71,193676,3,43.6
8.28,1.2,5.552,30.0,12.64,23.6,32.38702,62.24493,-70,193676,3,43.6
8.288,1.2,5.552,32.8,12.64,25.2,32.3763,62.24493,-72,193676,3,43.6
8.288,1.2,5.552,30.8,12.64,24.0,32.3763,62.26019,-72,193676,3,43.6
8.28,1.2,5.544,32.0,12.64,24.4,32.38702,62.24493,-73,193676,3,43.6
8.288,1.2,5.552,29.6,12.64,23.6,32.38702,62.24493,-73,193676,3,43.6
8.288,1.2,5.552,31.2,12.64,24.0,32.36557,62.25256,-72,193676,3,43.6
8.288,1.2,5.552,29.2,12.64,23.2,32.3763,62.26019,-74,193676,3,43.6
8.288,1.2,5.544,30.8,12.64,24.0,32.36557,62.25256,-75,193676,3,43.6
8.288,1.2,5.552,29.2,12.64,25.2,32.36557,62.29071,-68,193676,3,43.6
8.288,1.2,5.552,29.6,12.64,23.6,32.35485,62.29071,-70,193676,3,43.6
8.288,1.2,5.552,32.0,12.64,24.4,32.35485,62.30597,-69,193676,3,43.6
8.288,1.2,5.552,29.6,12.64,23.6,32.35485,62.3136,-69,193672,3,43.6
8.288,1.2,5.544,31.2,12.64,24.0,32.34412,62.34412,-69,193672,3,43.6
8.288,1.2,5.544,29.6,12.64,23.6,32.3334,62.33649,-71,193672,3,43.6
8.288,1.2,5.52,50.4,12.632,33.6,32.3334,62.38989,-69,193672,3,43.6
8.288,1.2,5.552,29.2,12.64,23.2,32.3334,62.38989,-74,193672,3,42.6
8.288,1.2,5.552,30.4,12.64,23.6,32.32267,62.38226,-70,193620,3,42.6
8.296,1.2,5.512,58.0,12.632,36.4,32.32267,62.38226,-72,192100,3,43.6
8.288,1.2,5.552,29.6,12.64,23.6,32.32267,62.42041,-71,193672,3,43.6
8.288,1.2,5.552,30.8,12.64,24.8,32.31195,62.39752,-73,193672,3,43.6
8.288,1.2,5.544,29.6,12.64,23.6,32.30122,62.42041,-73,193672,3,43.6
8.288,1.2,5.544,29.2,12.64,24.4,32.31195,62.38226,-71,193672,3,43.6
8.288,1.2,5.552,29.2,12.64,23.2,32.31195,62.41278,-71,193672,3,43.6
8.288,1.2,5.544,29.2,12.64,24.0,32.31195,62.40515,-72,193672,3,43.6
8.288,1.2,5.552,29.2,12.64,23.2,32.30122,62.4433,-71,193672,3,43.6
8.288,1.2,5.552,28.8,12.64,23.6,32.30122,62.43567,-70,193672,3,43.6
8.288,1.2,5.552,32.4,12.64,23.6,32.2905,62.4433,-71,193672,3,43.6
8.288,1.2,5.552,29.6,12.64,23.6,32.31195,62.43567,-72,193672,3,43.6
8.28,1.2,5.544,31.6,12.64,23.6,32.2905,62.48907,-72,193672,3,43.6
8.288,1.2,5.552,29.2,12.64,23.2,32.2905,62.50433,-70,193672,3,43.6
8.288,1.2,5.544,30.8,12.64,23.6,32.2905,62.51196,-71,193672,3,43.6
8.288,1.2,5.552,29.2,12.64,23.2,32.31195,62.46619,-71,193672,3,43.6
8.28,1.2,5.544,30.4,12.64,23.2,32.30122,62.48145,-71,193672,3,43.6
8.28,1.2,5.544,32.8,12.64,24.8,32.31195,62.48145,-71,193672,3,43.6
8.288,1.2,5.552,29.6,12.64,23.6,32.30122,62.4967,-75,193672,3,43.6
8.288,1.2,5.552,32.4,12.64,24.8,32.2905,62.47382,-72,193672,3,43.6
8.288,1.2,5.552,30.0,12.64,23.6,32.30122,62.45856,-70,193672,3,43.6
8.288,1.2,5.544,30.8,12.64,24.0,32.2905,62.50433,-71,193672,3,43.6
8.288,1.2,5.552,29.2,12.64,23.6,32.30122,62.48907,-74,193672,3,43.6
8.28,1.2,5.552,31.2,12.64,24.4,32.30122,62.48145,-71,192100,3,43.6
8.288,1.2,5.56,29.2,12.64,23.2,32.30122,62.4433,-73,193672,3,43.6
8.288,1.2,5.544,30.0,12.64,23.6,32.30122,62.4433,-69,193672,3,43.6
8.28,1.2,5.552,32.4,12.64,24.8,32.2905,62.42041,-70,193672,3,43.6
8.296,1.2,5.52,52.4,12.632,34.4,32.2905,62.45093,-74,193672,3,43.6
8.28,1.2,5.552,30.8,12.64,24.4,32.30122,62.42041,-76,193672,3,43.6
8.288,1.2,5.552,29.2,12.64,23.2,32.2905,62.45093,-72,193672,3,43.6
8.288,1.2,5.552,30.4,12.64,24.0,32.2905,62.42804,-71,193672,3,43.6
8.288,1.2,5.552,29.2,12.64,23.2,32.30122,62.42041,-70,193672,3,43.6
8.288,1.2,5.552,30.4,12.64,23.6,32.2905,62.4433,-70,193672,3,43.6
8.288,1.2,5.544,31.6,12.64,24.8,32.27977,62.45093,-70,193672,3,43.6
8.288,1.2,5.552,29.6,12.64,23.6,32.2905,62.4967,-71,193672,3,43.6
8.288,1.2,5.552,30.4,12.64,24.4,32.27977,62.48907,-71,193672,3,43.6
8.28,1.2,5.552,29.2,12.64,23.6,32.2905,62.51196,-72,193672,3,43.6
8.28,1.2,5.552,29.6,12.64,24.0,32.2905,62.48145,-70,193672,3,43.6
8.288,1.2,5.552,29.2,12.64,23.2,32.27977,62.50433,-70,193672,3,43.6
8.288,1.2,5.544,30.4,12.64,24.8,32.27977,62.52722,-69,193620,3,43.6
8.288,1.2,5.544,32.4,12.64,23.6,32.26905,62.51196,-67,193672,3,43.6
8.288,1.2,5.552,29.2,12.64,23.6,32.26905,62.54248,-66,193672,3,43.6
8.288,1.2,5.552,32.4,12.64,23.6,32.25832,62.573,-66,193672,3,43.6
8.288,1.2,5.552,28.8,12.64,23.6,32.26905,62.573,-66,193672,3,43.6
8.288,1.2,5.544,30.8,12.64,23.6,32.2476,62.58826,-66,193672,3,43.6
8.288,1.2,5.552,29.2,12.64,23.6,32.26905,62.59589,-66,191192,3,43.6
8.288,1.2,5.552,30.4,12.64,23.2,32.25832,62.56537,-66,193620,3,42.6
8.288,1.2,5.56,28.8,12.64,23.2,32.2476,62.61115,-66,193672,3,42.6
8.288,1.2,5.552,30.0,12.64,23.6,32.23687,62.6264,-65,193672,3,43.6
8.288,1.2,5.552,32.0,12.64,24.4,32.23687,62.65692,-67,193672,3,43.6
8.288,1.2,5.56,29.6,12.64,23.2,32.23687,62.64166,-66,193672,3,43.6
8.288,1.2,5.552,31.6,12.64,24.0,32.23687,62.67981,-66,193672,3,43.6
8.288,1.2,5.56,29.6,12.64,23.2,32.23687,62.66455,-66,193672,3,43.6
8.288,1.2,5.552,30.0,12.64,24.0,32.23687,62.67218,-68,193672,3,43.6
8.288,1.2,5.552,29.2,12.64,23.2,32.22615,62.66455,-67,193672,3,43.6
8.288,1.2,5.552,30.0,12.64,24.0,32.22615,62.71033,-66,193672,3,43.6
8.28,1.2,5.552,31.2,12.64,24.4,32.22615,62.69507,-67,193672,3,42.6
8.288,1.2,5.552,29.6,12.64,23.6,32.21542,62.71796,-67,193672,3,43.6
8.288,1.2,5.544,30.8,12.64,24.4,32.22615,62.74847,-68,193672,3,43.6
8.288,1.2,5.552,29.6,12.64,23.6,32.2047,62.71796,-66,193672,3,43.6
8.28,1.2,5.552,30.8,12.64,24.0,32.21542,62.76373,-66,193672,3,42.6
8.288,1.2,5.552,29.2,12.64,23.2,32.21542,62.74847,-67,193672,3,43.6
8.288,1.2,5.552,30.0,12.64,23.6,32.2047,62.71796,-66,193672,3,43.6
8.288,1.2,5.544,32.8,12.64,25.2,32.21542,62.74084,-66,193672,3,43.6
8.288,1.2,5.552,31.2,12.64,24.4,32.21542,62.7027,-66,193672,3,43.6
8.288,1.2,5.552,31.2,12.64,24.4,32.22615,62.68744,-66,193672,3,43.6
8.288,1.2,5.552,29.6,12.64,23.6,32.21542,62.71033,-66,193672,3,43.6
8.288,1.2,5.552,30.4,12.64,24.4,32.22615,62.69507,-66,192100,3,43.6
8.288,1.2,5.552,29.2,12.64,23.6,32.21542,62.67218,-66,193672,3,43.6
8.28,1.2,5.552,30.0,12.64,24.0,32.22615,62.67981,-65,193620,3,42.6
8.288,1.2,5.552,29.2,12.64,23.2,32.21542,62.71033,-66,193672,3,43.6
8.288,1.2,5.544,29.6,12.64,23.6,32.22615,62.71796,-66,193672,3,43.6
8.28,1.2,5.552,32.0,12.64,24.0,32.21542,62.7027,-65,193672,3,43.6
8.288,1.2,5.552,29.2,12.64,23.2,32.2047,62.74084,-65,193672,3,43.6
8.288,1.2,5.552,30.8,12.64,23.6,32.19397,62.74084,-67,193672,3,43.6
8.288,1.2,5.552,29.2,12.64,23.2,32.19397,62.77136,-66,193672,3,43.6
8.288,1.2,5.552,30.0,12.64,23.6,32.19397,62.77899,-65,193620,3,43.6
8.288,1.2,5.552,32.4,12.64,24.8,32.2047,62.80951,-65,193672,3,43.6
8.288,1.2,5.552,30.0,12.64,23.2,32.17252,62.8324,-66,193672,3,43.6
8.288,1.2,5.544,32.0,12.64,24.4,32.18324,62.81714,-66,193672,3,42.6
8.288,1.2,5.552,29.6,12.64,23.2,32.18324,62.81714,-66,193672,3,43.6
8.28,1.2,5.552,31.6,12.64,24.4,32.2047,62.82477,-66,193672,3,43.6
8.288,1.2,5.56,29.2,12.64,23.2,32.18324,62.80951,-66,193672,3,44.6
8.288,1.2,5.544,30.4,12.64,24.0,32.19397,62.79425,-66,193672,3,43.6
8.288,1.2,5.552,29.2,12.64,23.2,32.19397,62.82477,-66,193672,3,43.6
8.288,1.2,5.552,30.0,12.64,24.0,32.18324,62.82477,-66,193672,3,43.6
8.28,1.2,5.552,34.0,12.632,25.6,32.18324,62.85529,-68,193672,3,43.6
8.288,1.2,5.552,29.6,12.64,23.2,32.18324,62.87054,-65,193672,3,43.6
8.296,1.2,5.528,50.8,12.632,34.4,32.18324,62.85529,-65,193672,3,43.6
8.296,1.2,5.52,54.0,12.632,34.0,32.17252,62.84766,-65,192100,3,43.6
8.288,1.2,5.552,30.4,12.64,24.0,32.17252,62.84766,-68,193672,3,43.6
8.288,1.2,5.552,29.2,12.64,23.2,32.18324,62.85529,-66,193672,3,42.6
8.288,1.2,5.528,47.6,12.632,31.6,32.18324,62.8324,-66,193672,3,43.6
8.288,1.2,5.544,32.0,12.64,24.8,32.18324,62.84766,-66,193672,3,43.6
8.288,1.2,5.528,43.6,12.632,30.0,32.18324,62.86292,-67,193672,3,43.6
8.288,1.2,5.552,31.2,12.64,24.4,32.18324,62.87817,-66,193672,3,42.6
8.288,1.2,5.544,29.2,12.64,23.6,32.17252,62.86292,-66,193672,3,43.6
8.288,1.2,5.552,30.4,12.64,24.0,32.16179,62.90869,-67,193672,3,43.6
8.288,1.2,5.544,37.6,12.632,26.8,32.16179,62.91632,-66,193672,3,43.6
8.288,1.2,5.552,30.0,12.64,24.0,32.17252,62.87817,-66,193672,3,43.6
8.288,1.2,5.552,32.8,12.632,24.8,32.16179,62.89343,-65,193672,3,43.6
8.288,1.2,5.552,29.2,12.64,23.6,32.15107,62.90869,-65,193672,3,43.6
8.288,1.2,5.552,32.0,12.64,24.0,32.16179,62.93921,-65,193672,3,43.6
8.288,1.2,5.552,29.6,12.64,23.2,32.15107,62.92395,-65,193672,3,43.6
8.288,1.2,5.552,30.8,12.64,23.6,32.14034,62.94684,-66,193672,3,43.6
8.288,1.2,5.552,29.2,12.64,23.2,32.15107,62.93158,-65,193672,3,43.6
8.288,1.2,5.552,30.4,12.64,23.6,32.14034,62.9621,-66,193672,3,43.6
8.28,1.2,5.552,32.0,12.64,24.8,32.14034,62.95447,-65,193672,3,43.6
8.288,1.2,5.552,30.0,12.64,23.2,32.14034,62.97736,-66,192100,3,43.6
8.288,1.2,5.552,32.0,12.64,24.4,32.12962,62.9621,-68,193672,3,43.6
8.288,1.2,5.552,29.6,12.64,23.2,32.12962,62.98499,-67,193672,3,43.6
8.288,1.2,5.552,30.8,12.64,24.0,32.16179,62.95447,-66,193672,3,43.6
8.288,1.2,5.552,29.2,12.64,23.2,32.14034,63.00024,-66,193672,3,42.6
8.288,1.2,5.552,30.4,12.64,23.6,32.14034,62.98499,-68,193672,3,43.6
8.288,1.2,5.552,29.2,12.64,24.8,32.15107,62.98499,-66,193672,3,42.6
8.288,1.2,5.552,30.0,12.64,23.2,32.15107,62.92395,-65,193672,3,43.6
8.288,1.2,5.552,30.8,12.64,24.4,32.15107,62.90869,-66,193672,3,43.6
8.288,1.2,5.552,29.6,12.64,23.2,32.15107,62.91632,-66,193672,3,43.6
8.288,1.2,5.552,30.8,12.64,24.4,32.16179,62.93921,-66,193672,3,43.6
8.288,1.2,5.56,29.2,12.64,23.2,32.15107,62.92395,-65,193672,3,43.6
8.288,1.2,5.552,30.4,12.64,24.0,32.17252,62.92395,-68,193672,3,43.6
8.288,1.2,5.552,29.2,12.64,23.6,32.16179,62.90869,-65,193672,3,43.6
8.288,1.2,5.552,34.8,12.632,26.0,32.17252,62.8858,-66,193672,3,43.6
8.288,1.2,5.544,32.4,12.64,25.2,32.17252,62.89343,-65,193672,3,43.6
8.288,1.2,5.552,30.0,12.64,23.6,32.17252,62.90106,-65,193672,3,43.6
8.28,1.2,5.544,32.0,12.64,24.8,32.17252,62.90869,-66,193672,3,43.6
8.288,1.2,5.544,29.6,12.64,23.2,32.18324,62.87817,-65,193672,3,43.6
8.288,1.2,5.552,30.8,12.64,24.0,32.18324,62.86292,-65,192100,3,43.6
8.288,1.2,5.544,29.2,12.64,23.2,32.18324,62.84003,-64,193672,3,43.6
8.288,1.2,5.544,30.0,12.64,23.6,32.17252,62.84766,-67,193672,3,43.6
8.288,1.2,5.544,32.4,12.632,24.4,32.18324,62.84003,-71,193672,3,43.6
8.288,1.2,5.552,29.6,12.64,23.6,32.18324,62.82477,-66,193672,3,43.6
8.288,1.2,5.552,31.2,12.64,24.0,32.19397,62.81714,-66,193672,3,43.6
8.288,1.2,5.56,28.8,12.64,23.2,32.18324,62.85529,-67,193672,3,43.6
8.288,1.2,5.552,30.4,12.64,23.6,32.17252,62.84766,-66,193672,3,43.6
8.288,1.2,5.552,28.8,12.64,23.2,32.16179,62.84766,-67,193672,3,43.6
8.288,1.2,5.552,30.4,12.64,23.6,32.16179,62.90106,-67,193672,3,43.6
8.288,1.2,5.552,32.0,12.632,24.4,32.16179,62.90106,-66,193672,3,43.6
8.288,1.2,5.552,29.6,12.64,23.2,32.16179,62.90869,-65,193672,3,43.6
8.288,1.2,5.552,30.8,12.64,24.0,32.15107,62.92395,-65,193672,3,43.6
8.288,1.2,5.552,29.6,12.64,23.6,32.14034,62.90106,-65,193672,3,43.6
8.288,1.2,5.552,30.0,12.64,24.0,32.15107,62.93158,-65,193672,3,42.6
8.288,1.2,5.552,28.8,12.64,23.2,32.15107,62.94684,-65,193672,3,43.6
8.288,1.2,5.544,30.0,12.64,23.6,32.15107,62.93158,-65,193672,3,43.6
8.288,1.2,5.552,30.8,12.632,24.4,32.14034,62.94684,-65,193672,3,43.6
8.288,1.2,5.552,29.6,12.64,23.2,32.16179,62.96973,-65,193672,3,43.6
8.288,1.2,5.544,30.4,12.64,24.4,32.14034,62.96973,-65,193672,3,43.6
8.288,1.2,5.552,29.6,12.64,23.6,32.15107,62.94684,-66,193672,3,43.6
8.288,1.2,5.544,30.4,12.64,24.0,32.15107,62.96973,-65,193672,3,43.6
8.288,1.2,5.544,29.2,12.64,23.6,32.15107,62.9621,-66,191192,3,43.6
8.288,1.2,5.552,30.0,12.64,23.6,32.15107,62.95447,-65,193672,3,43.6
8.288,1.2,5.552,32.8,12.64,24.8,32.14034,62.92395,-65,193672,3,43.6
8.288,1.2,5.552,30.0,12.64,23.2,32.15107,62.93158,-65,193672,3,43.6
8.288,1.2,5.552,31.6,12.632,24.4,32.15107,62.94684,-65,193672,3,43.6
8.288,1.2,5.552,29.6,12.64,23.2,32.16179,62.96973,-65,193672,3,43.6
8.288,1.2,5.552,30.8,12.64,24.0,32.14034,62.95447,-66,193672,3,43.6
8.288,1.2,5.552,28.8,12.64,23.2,32.15107,62.96973,-64,193672,3,43.6
8.288,1.2,5.552,30.0,12.64,23.6,32.15107,62.93921,-68,193672,3,43.6
8.288,1.2,5.544,32.4,12.632,24.8,32.15107,62.96973,-65,193672,3,43.6
8.288,1.2,5.544,29.6,12.64,23.6,32.14034,62.96973,-65,193672,3,43.6
8.288,1.2,5.552,31.6,12.632,24.4,32.12962,62.94684,-65,193672,3,43.6
8.288,1.2,5.552,29.2,12.64,23.2,32.12962,62.99261,-67,193672,3,43.6
8.288,1.2,5.544,30.8,12.64,24.0,32.12962,63.0155,-65,193672,3,43.6
8.288,1.2,5.552,29.6,12.64,23.2,32.12962,63.00024,-65,193672,3,42.6
8.288,1.2,5.552,30.4,12.64,23.6,32.12962,63.00024,-65,193672,3,42.6
8.288,1.2,5.552,28.8,12.64,23.2,32.12962,63.02313,-67,193672,3,43.6
8.288,1.2,5.552,30.0,12.64,23.6,32.11889,63.04602,-66,193672,3,43.6
8.288,1.2,5.544,32.4,12.632,24.8,32.11889,63.05365,-67,193672,3,42.6
8.288,1.2,5.552,30.8,12.64,23.6,32.10817,63.03839,-65,193672,3,43.6
8.288,1.2,5.552,31.2,12.632,24.4,32.11889,63.06891,-65,193672,3,43.6
8.288,1.2,5.552,29.6,12.64,22.8,32.11889,63.03839,-68,193672,3,43.6
8.288,1.2,5.512,59.6,12.632,36.8,32.10817,63.03839,-67,193672,3,43.6
8.288,1.2,5.552,29.2,12.64,22.8,32.11889,63.08417,-71,193672,3,43.6
8.288,1.2,5.552,30.4,12.64,23.6,32.11889,63.10706,-71,193672,3,43.6
8.296,1.2,5.52,53.2,12.632,34.8,32.12962,63.06891,-67,192100,3,43.6
8.288,1.2,5.552,29.2,12.64,23.6,32.11889,63.06128,-68,193672,3,43.6
8.288,1.2,5.552,30.4,12.632,24.4,32.10817,63.06128,-66,193672,3,43.6
8.288,1.2,5.56,29.6,12.64,23.2,32.11889,63.08417,-66,193672,3,43.6
8.288,1.2,5.552,30.0,12.632,23.6,32.10817,63.06128,-66,193672,3,43.6
8.288,1.2,5.552,29.2,12.64,23.2,32.11889,63.10706,-65,193672,3,43.6
8.288,1.2,5.544,30.0,12.64,23.6,32.11889,63.0918,-65,193672,3,43.6
8.288,1.2,5.552,32.0,12.632,24.8,32.10817,63.12231,-65,193672,3,43.6
8.288,1.2,5.552,30.0,12.64,23.2,32.11889,63.11469,-66,193672,3,43.6
8.28,1.2,5.552,31.2,12.64,24.4,32.09744,63.1452,-66,193672,3,43.6
8.288,1.2,5.552,29.2,12.64,23.6,32.09744,63.17572,-65,193672,3,43.6
8.288,1.2,5.552,30.8,12.64,24.0,32.08672,63.18335,-67,193672,3,43.6
8.288,1.2,5.552,28.8,12.64,23.2,32.09744,63.20624,-66,193672,3,43.6
8.288,1.2,5.552,30.4,12.64,24.0,32.08672,63.16046,-65,193620,3,43.6
8.288,1.2,5.552,32.8,12.632,24.8,32.09744,63.17572,-65,193672,3,43.6
8.288,1.2,5.56,29.2,12.64,23.6,32.10817,63.18335,-66,193672,3,43.6
8.288,1.2,5.528,48.4,12.632,32.4,32.10817,63.12994,-64,191192,3,43.6
8.288,1.2,5.552,28.8,12.64,23.6,32.10817,63.12994,-66,193672,3,42.6
8.288,1.2,5.552,30.4,12.64,23.6,32.10817,63.13757,-64,193672,3,43.6
8.288,1.2,5.552,28.8,12.64,23.2,32.09744,63.15283,-65,193672,3,43.6
8.288,1.2,5.552,31.2,12.632,23.6,32.09744,63.15283,-65,193672,3,43.6
8.288,1.2,5.552,32.0,12.632,25.2,32.08672,63.1452,-65,193672,3,43.6
8.288,1.2,5.56,29.6,12.64,23.2,32.10817,63.13757,-65,193672,3,43.6
8.288,1.2,5.552,31.6,12.632,24.4,32.09744,63.1452,-65,193672,3,43.6
8.288,1.2,5.552,29.2,12.64,23.2,32.10817,63.15283,-65,193672,3,43.6
8.288,1.2,5.544,30.8,12.632,24.0,32.08672,63.19098,-64,193672,3,43.6
8.288,1.2,5.544,29.2,12.64,23.2,32.09744,63.20624,-64,193672,3,43.6
8.288,1.2,5.552,30.0,12.632,24.0,32.08672,63.19861,-65,193672,3,43.6
8.28,1.2,5.552,30.8,12.632,24.8,32.07599,63.19098,-64,193672,3,43.6
8.288,1.2,5.552,30.0,12.632,23.6,32.08672,63.19098,-64,193672,3,43.6
8.288,1.2,5.544,30.8,12.632,24.4,32.08672,63.20624,-64,193672,3,42.6
8.288,1.2,5.552,29.2,12.632,23.2,32.09744,63.19098,-64,193672,3,43.6
8.288,1.2,5.552,30.0,12.632,24.0,32.06527,63.20624,-64,193672,3,43.6
8.288,1.2,5.552,28.8,12.64,23.2,32.08672,63.25201,-63,193672,3,43.6
8.288,1.2,5.552,30.0,12.632,23.6,32.08672,63.24438,-63,193672,3,43.6
8.288,1.2,5.552,32.8,12.632,23.2,32.07599,63.22913,-64,193672,3,43.6
8.288,1.2,5.552,30.0,12.632,23.6,32.07599,63.24438,-64,193672,3,43.6
8.288,1.2,5.552,31.6,12.632,24.4,32.07599,63.29016,-63,193672,3,43.6
8.288,1.2,5.552,29.2,12.64,23.6,32.05454,63.29016,-64,193672,3,43.6
8.28,1.2,5.552,30.8,12.632,24.4,32.05454,63.33594,-64,193672,3,43.6
8.288,1.2,5.552,29.2,12.64,23.2,32.05454,63.32831,-66,193672,3,42.6
8.288,1.2,5.552,30.4,12.64,24.0,32.07599,63.32831,-72,193620,3,43.6
8.288,1.2,5.552,32.4,12.632,24.8,32.06527,63.32831,-65,193672,3,43.6
8.288,1.2,5.552,29.2,12.64,23.6,32.06527,63.33594,-65,193672,3,43.6
8.288,1.2,5.536,48.8,12.632,32.4,32.06527,63.30542,-65,191192,3,43.6
8.288,1.2,5.552,28.8,12.64,23.6,32.05454,63.36646,-66,193672,3,43.6
8.288,1.2,5.552,30.8,12.632,23.6,32.07599,63.34357,-65,193672,3,43.6
8.288,1.2,5.552,28.8,12.632,23.2,32.06527,63.33594,-64,193672,3,43.6
8.288,1.2,5.552,30.4,12.632,23.6,32.06527,63.30542,-65,193672,3,43.6
8.288,1.2,5.552,32.8,12.632,25.2,32.05454,63.29016,-65,193672,3,43.6
8.288,1.2,5.552,30.0,12.632,23.2,32.06527,63.28253,-65,193672,3,43.6
8.288,1.2,5.544,32.0,12.632,24.4,32.06527,63.28253,-65,193672,3,43.6
8.288,1.2,5.552,29.6,12.632,23.2,32.06527,63.32068,-66,193672,3,43.6
8.288,1.2,5.552,30.8,12.632,24.0,32.06527,63.30542,-66,193672,3,42.6
8.288,1.2,5.552,29.2,12.632,23.2,32.05454,63.35883,-66,193672,3,43.6
8.288,1.2,5.552,30.4,12.632,24.0,32.06527,63.35883,-65,193620,3,42.6
8.288,1.2,5.544,29.2,12.64,23.2,32.06527,63.34357,-63,193672,3,42.6
8.288,1.2,5.552,30.0,12.632,23.6,32.06527,63.32831,-64,193672,3,43.6
8.28,1.2,5.552,31.2,12.632,24.4,32.06527,63.31305,-65,193672,3,42.6
8.288,1.2,5.552,29.2,12.64,23.6,32.05454,63.31305,-67,193672,3,43.6
8.288,1.2,5.552,31.2,12.632,24.4,32.05454,63.32068,-63,193672,3,43.6
8.288,1.2,5.544,29.6,12.64,23.6,32.05454,63.3512,-65,193672,3,42.6
8.288,1.2,5.552,30.8,12.632,24.0,32.04382,63.34357,-63,193672,3,42.6
8.296,1.2,5.552,29.6,12.64,23.6,32.03309,63.38171,-65,191192,3,43.6
8.288,1.2,5.552,30.4,12.64,23.6,32.03309,63.44275,-67,193620,3,42.6
8.288,1.2,5.56,28.8,12.64,23.2,32.03309,63.47327,-72,193672,3,42.6
8.288,1.2,5.552,29.6,12.632,23.6,32.01164,63.46564,-72,193672,3,43.6
8.288,1.2,5.552,31.6,12.64,24.4,32.01164,63.48853,-65,193672,3,43.6
8.288,1.2,5.552,29.2,12.64,23.6,32.01164,63.49615,-65,193672,3,43.6
8.288,1.2,5.552,30.8,12.632,24.0,32.02237,63.51904,-68,193672,3,42.6
8.288,1.2,5.552,29.2,12.64,23.6,32.03309,63.47327,-65,193672,3,43.6
8.288,1.2,5.552,30.0,12.64,23.6,32.03309,63.4809,-67,193620,3,42.6
8.288,1.2,5.552,32.4,12.632,24.4,32.03309,63.45801,-65,193672,3,42.6
8.288,1.2,5.552,30.0,12.632,23.6,32.04382,63.47327,-66,193672,3,43.6
8.288,1.2,5.552,31.6,12.632,23.6,32.03309,63.44275,-73,193672,3,43.6
8.288,1.2,5.56,29.6,12.632,23.6,32.03309,63.46564,-72,193672,3,42.6
8.288,1.2,5.552,30.8,12.632,23.6,32.03309,63.44275,-71,193672,3,43.6
8.288,1.2,5.552,28.8,12.64,23.2,32.04382,63.41986,-74,193672,3,43.6
8.288,1.2,5.552,30.4,12.632,23.2,32.03309,63.45801,-75,193672,3,43.6
8.288,1.2,5.544,32.8,12.632,25.2,32.03309,63.46564,-72,193672,3,43.6
8.288,1.2,5.552,30.0,12.64,23.2,32.03309,63.48853,-73,193672,3,43.6
8.288,1.2,5.552,31.6,12.632,24.4,32.03309,63.50378,-71,193672,3,43.6
8.296,1.2,5.536,41.6,12.632,29.2,32.04382,63.4809,-72,193672,3,44.6
8.296,1.2,5.52,55.2,12.624,37.6,32.06527,63.45801,-72,193672,3,43.6
8.288,1.2,5.552,29.2,12.64,23.2,32.06527,63.38934,-69,193672,3,43.6
8.296,1.2,5.512,54.8,12.632,35.2,32.06527,63.35883,-71,192052,3,42.6
8.288,1.2,5.552,28.8,12.632,23.2,32.07599,63.3512,-70,193672,3,43.6
8.288,1.2,5.552,29.6,12.632,23.6,32.08672,63.35883,-71,193672,3,43.6
8.288,1.2,5.544,31.6,12.632,24.8,32.08672,63.32831,-74,193672,3,43.6
8.288,1.2,5.552,29.2,12.632,23.6,32.08672,63.30542,-70,193676,3,42.6
8.288,1.2,5.552,31.6,12.632,24.0,32.09744,63.28253,-70,193676,3,42.6
8.288,1.2,5.544,30.0,12.632,23.6,32.11889,63.22913,-71,193676,3,43.6
8.288,1.2,5.544,30.8,12.632,24.0,32.11889,63.19861,-70,193676,3,43.6
8.288,1.2,5.552,29.2,12.632,23.2,32.12962,63.17572,-76,193676,3,42.6
8.288,1.2,5.552,30.4,12.632,23.6,32.12962,63.16809,-71,193676,3,43.6
8.288,1.2,5.552,28.8,12.632,23.2,32.14034,63.15283,-70,193676,3,43.6
8.288,1.2,5.552,30.0,12.632,23.6,32.14034,63.12994,-69,193676,3,43.6
8.288,1.2,5.552,31.2,12.632,24.8,32.12962,63.12231,-69,193676,3,42.6
8.288,1.2,5.552,29.2,12.632,23.6,32.15107,63.11469,-70,193676,3,43.6
8.288,1.2,5.544,30.8,12.632,24.4,32.12962,63.12994,-69,193676,3,43.6
8.288,1.2,5.552,28.8,12.632,23.2,32.14034,63.10706,-71,193676,3,43.6
8.288,1.2,5.552,29.6,12.632,24.0,32.12962,63.12231,-72,193628,3,42.6
8.288,1.2,5.552,28.8,12.632,24.0,32.11889,63.13757,-78,193676,3,43.6
8.288,1.2,5.544,28.8,12.632,23.6,32.09744,63.13757,-91,193676,3,42.6
8.288,1.2,5.552,31.6,12.632,23.6,32.10817,63.15283,-64,193672,3,43.6
8.288,1.2,5.552,28.8,12.632,23.2,32.10817,63.18335,-79,193672,3,43.6
8.288,1.2,5.552,30.8,12.632,23.6,32.09744,63.22913,-75,193672,3,43.6
8.288,1.2,5.552,29.2,12.632,23.6,32.09744,63.22913,-79,193672,3,43.6
8.288,1.2,5.552,30.4,12.632,23.6,32.09744,63.24438,-79,193672,3,42.6
8.288,1.2,5.552,28.8,12.632,23.2,32.09744,63.2749,-79,193672,3,42.6
8.296,1.2,5.512,58.8,12.632,36.4,32.08672,63.2749,-78,193672,3,43.6
8.288,1.2,5.544,36.0,12.632,28.4,32.08672,63.25201,-81,193672,3,43.6
8.288,1.2,5.552,29.6,12.632,23.2,32.07599,63.28253,-72,193672,3,43.6
8.296,1.2,5.52,52.8,12.632,34.8,32.09744,63.25964,-75,192100,3,43.6
8.288,1.2,5.552,29.2,12.632,23.2,32.10817,63.22913,-77,193672,3,43.6
8.288,1.2,5.552,31.2,12.632,24.0,32.10817,63.20624,-76,193672,3,43.6
8.288,1.2,5.552,29.6,12.632,23.2,32.10817,63.19098,-75,193672,3,43.6
8.288,1.2,5.552,31.2,12.632,24.0,32.12962,63.17572,-75,193672,3,43.6
8.288,1.2,5.552,29.2,12.632,23.2,32.14034,63.17572,-75,193672,3,43.6
8.288,1.2,5.536,44.8,12.632,30.8,32.14034,63.12231,-74,193672,3,43.6
8.288,1.2,5.552,32.4,12.632,24.4,32.15107,63.10706,-74,193672,3,43.6
8.288,1.2,5.536,40.8,12.632,28.8,32.15107,63.0918,-75,193672,3,43.6
8.28,1.2,5.552,31.2,12.632,24.0,32.16179,63.0918,-75,193672,3,43.6
8.288,1.2,5.552,29.2,12.632,23.2,32.18324,63.06891,-75,193672,3,43.6
8.288,1.2,5.552,30.0,12.632,23.6,32.17252,63.03839,-74,193672,3,43.6
8.288,1.2,5.552,31.2,12.632,23.2,32.18324,62.96973,-74,193672,3,43.6
8.288,1.2,5.552,29.6,12.632,23.6,32.18324,62.95447,-73,193672,3,43.6
8.288,1.2,5.552,29.6,12.632,24.4,32.2047,62.95447,-75,193672,3,43.6
8.288,1.2,5.552,29.2,12.632,23.6,32.2047,62.91632,-75,193672,3,43.6
8.28,1.2,5.544,29.2,12.632,24.0,32.19397,62.91632,-74,193672,3,43.6
8.288,1.2,5.552,29.6,12.632,23.2,32.19397,62.8858,-75,193672,3,43.6
8.28,1.2,5.552,29.2,12.632,23.6,32.19397,62.87817,-75,193672,3,43.6
8.288,1.2,5.552,29.2,12.632,23.2,32.21542,62.86292,-74,193672,3,43.6
8.288,1.2,5.544,29.2,12.632,23.6,32.22615,62.8858,-75,193672,3,43.6
8.28,1.2,5.552,32.0,12.632,23.6,32.22615,62.86292,-75,193672,3,43.6
8.288,1.2,5.552,29.6,12.632,23.6,32.22615,62.84766,-74,191192,3,44.6
8.288,1.2,5.552,30.8,12.632,24.0,32.23687,62.84003,-75,193672,3,43.6
8.288,1.2,5.552,29.2,12.632,23.6,32.22615,62.81714,-75,193672,3,43.6
8.28,1.2,5.552,30.4,12.632,23.6,32.22615,62.80188,-74,193672,3,43.6
8.288,1.2,5.552,29.2,12.632,23.2,32.22615,62.8324,-75,193672,3,43.6
8.288,1.2,5.552,30.0,12.632,23.6,32.22615,62.79425,-75,193672,3,43.6
8.28,1.2,5.552,32.0,12.632,24.4,32.23687,62.78662,-74,193672,3,43.6
8.288,1.2,5.552,29.6,12.632,23.6,32.2047,62.81714,-74,193672,3,43.6
8.288,1.2,5.544,30.8,12.632,24.0,32.2047,62.86292,-74,193672,3,43.6
8.288,1.2,5.56,29.2,12.632,23.6,32.2047,62.87054,-74,193672,3,43.6
8.288,1.2,5.552,30.4,12.632,24.0,32.21542,62.87054,-75,193672,3,43.6
8.288,1.2,5.552,29.2,12.632,24.8,32.19397,62.85529,-75,193672,3,43.6
8.288,1.2,5.552,30.0,12.632,23.6,32.21542,62.84766,-75,193672,3,43.6
8.288,1.2,5.552,32.0,12.632,24.8,32.22615,62.8324,-74,193672,3,43.6
8.288,1.2,5.552,29.6,12.632,23.6,32.2047,62.81714,-74,193672,3,43.6
8.288,1.2,5.544,31.6,12.632,24.0,32.21542,62.84003,-73,193672,3,43.6
8.288,1.2,5.552,29.2,12.632,23.2,32.19397,62.80951,-75,193672,3,43.6
8.288,1.2,5.552,30.0,12.632,23.6,32.19397,62.84003,-74,193672,3,43.6
8.288,1.2,5.552,30.8,12.632,24.8,32.18324,62.8858,-75,193672,3,42.6
8.288,1.2,5.552,30.4,12.632,24.0,32.18324,62.92395,-75,193672,3,43.6
8.28,1.2,5.552,30.0,12.632,24.4,32.17252,62.93158,-74,193672,3,43.6
8.288,1.2,5.552,29.6,12.632,23.6,32.16179,62.94684,-74,193672,3,43.6
8.288,1.2,5.512,53.6,12.632,34.4,32.15107,62.96973,-75,192100,3,43.6
8.288,1.2,5.552,29.2,12.632,23.2,32.14034,63.00787,-74,193672,3,43.6
8.288,1.2,5.552,29.2,12.632,23.6,32.15107,63.00787,-74,193672,3,43.6
8.288,1.2,5.552,32.8,12.632,23.2,32.15107,63.03076,-74,193672,3,42.6
8.288,1.2,5.552,29.2,12.632,23.6,32.16179,63.0155,-74,193672,3,43.6
8.28,1.2,5.552,31.6,12.632,24.0,32.17252,62.99261,-76,193672,3,43.6
8.288,1.2,5.552,29.2,12.632,23.6,32.18324,62.98499,-74,193672,3,43.6
8.288,1.2,5.552,31.2,12.632,23.6,32.19397,62.95447,-74,193672,3,43.6
8.288,1.2,5.552,29.2,12.632,23.2,32.18324,62.91632,-75,193672,3,43.6
8.288,1.2,5.552,30.4,12.632,24.0,32.2047,62.92395,-74,193672,3,43.6
8.288,1.2,5.552,29.2,12.632,24.8,32.19397,62.92395,-74,193672,3,43.6
8.288,1.2,5.552,30.0,12.632,23.6,32.2047,62.8858,-75,193672,3,43.6
8.288,1.2,5.544,32.0,12.632,24.4,32.21542,62.89343,-74,193672,3,42.6
8.288,1.2,5.552,29.6,12.632,23.6,32.22615,62.84003,-75,193672,3,43.6
8.288,1.2,5.552,30.8,12.632,24.0,32.22615,62.8324,-74,193672,3,43.6
8.288,1.2,5.552,29.6,12.632,23.6,32.21542,62.77899,-74,193672,3,42.6
8.288,1.2,5.552,31.2,12.632,24.4,32.22615,62.78662,-74,193672,3,43.6
8.288,1.2,5.552,32.8,12.632,25.2,32.21542,62.79425,-74,193672,3,43.6
8.288,1.2,5.544,36.0,12.632,27.2,32.22615,62.8324,-75,193672,3,43.6
8.296,1.2,5.512,53.2,12.624,35.2,32.22615,62.77899,-74,192100,3,43.6
8.288,1.2,5.552,29.6,12.632,23.2,32.23687,62.77136,-74,193672,3,43.6
8.288,1.2,5.552,31.2,12.632,24.4,32.23687,62.74847,-73,193672,3,42.6
8.288,1.2,5.544,29.2,12.632,23.2,32.2476,62.74084,-74,193672,3,43.6
8.288,1.2,5.544,30.8,12.632,24.0,32.2476,62.74847,-74,193672,3,43.6
8.288,1.2,5.552,30.4,12.632,24.8,32.2476,62.71033,-75,193672,3,43.6
8.288,1.2,5.552,29.6,12.632,23.6,32.2476,62.67218,-74,193672,3,42.6
8.288,1.2,5.544,30.0,12.632,24.4,32.2476,62.67981,-74,193672,3,43.6
8.288,1.2,5.552,29.6,12.632,23.2,32.26905,62.65692,-74,193672,3,42.6
8.28,1.2,5.552,29.6,12.632,24.0,32.26905,62.6264,-74,193672,3,43.6
8.288,1.2,5.552,29.2,12.632,23.2,32.25832,62.61115,-75,193672,3,43.6
8.288,1.2,5.552,29.6,12.632,24.0,32.25832,62.6264,-75,193672,3,43.6
8.296,1.2,5.544,29.2,12.632,23.2,32.2476,62.63403,-74,193672,3,43.6
8.288,1.2,5.544,30.0,12.632,23.6,32.25832,62.66455,-74,193672,3,43.6
8.288,1.2,5.544,31.6,12.632,24.4,32.25832,62.63403,-74,193672,3,43.6
8.288,1.2,5.552,29.6,12.632,23.2,32.2476,62.64929,-74,193672,3,42.6
8.296,1.2,5.536,40.8,12.632,28.8,32.26905,62.64166,-74,193672,3,43.6
8.288,1.2,5.552,29.2,12.632,23.2,32.25832,62.6264,-74,193672,3,43.6
8.288,1.2,5.552,30.4,12.632,24.0,32.26905,62.63403,-74,193672,3,43.6
8.296,1.2,5.512,56.0,12.624,36.8,32.25832,62.64166,-74,192100,3,43.6
8.288,1.2,5.552,29.6,12.632,23.6,32.2476,62.65692,-74,193672,3,43.6
8.288,1.2,5.552,31.6,12.632,24.8,32.2476,62.64929,-75,193672,3,42.6
8.288,1.2,5.552,29.6,12.632,23.2,32.22615,62.69507,-74,193672,3,42.6
8.288,1.2,5.552,30.8,12.632,24.4,32.23687,62.7027,-74,193672,3,43.6
8.296,1.2,5.552,29.6,12.632,23.6,32.22615,62.7027,-74,193672,3,43.6
8.288,1.2,5.544,30.8,12.632,24.0,32.21542,62.74847,-73,193672,3,42.6
8.288,1.2,5.552,29.2,12.632,23.2,32.21542,62.7561,-74,193672,3,43.6
8.288,1.2,5.552,30.0,12.632,23.6,32.21542,62.73322,-75,193672,3,43.6
8.288,1.2,5.552,32.8,12.632,24.8,32.22615,62.71796,-74,193672,3,43.6
8.288,1.2,5.552,30.0,12.632,23.2,32.23687,62.74084,-72,193672,3,43.6
8.288,1.2,5.552,31.6,12.632,24.4,32.23687,62.73322,-72,193672,3,43.6
8.288,1.2,5.552,29.6,12.632,22.8,32.23687,62.68744,-73,193672,3,42.6
8.288,1.2,5.544,30.4,12.632,24.0,32.2476,62.71033,-73,193672,3,43.6
8.288,1.2,5.552,28.8,12.632,23.2,32.2476,62.67218,-73,193672,3,43.6
8.288,1.2,5.552,30.0,12.632,24.0,32.2476,62.65692,-74,193672,3,43.6
8.288,1.2,5.544,32.4,12.632,24.8,32.2476,62.67218,-74,193672,3,43.6
8.288,1.2,5.552,29.6,12.632,23.2,32.2476,62.63403,-74,193672,3,43.6
8.28,1.2,5.544,30.0,12.632,24.0,32.23687,62.64929,-74,193672,3,42.6
8.296,1.2,5.52,54.0,12.624,34.8,32.2476,62.67218,-74,192100,3,43.6
8.288,1.2,5.552,29.6,12.632,24.0,32.25832,62.67218,-75,193672,3,43.6
8.288,1.2,5.552,29.6,12.632,23.2,32.25832,62.66455,-74,193672,3,43.6
8.288,1.2,5.552,30.4,12.632,24.0,32.25832,62.6264,-75,193672,3,43.6
8.288,1.2,5.552,29.2,12.632,23.2,32.25832,62.6264,-75,193672,3,43.6
8.288,1.2,5.56,30.0,12.632,23.6,32.26905,62.58826,-74,193672,3,43.6
8.288,1.2,5.552,32.4,12.632,24.8,32.27977,62.59589,-74,193672,3,42.6
8.288,1.2,5.552,30.0,12.632,23.6,32.26905,62.61877,-75,193672,3,43.6
8.288,1.2,5.552,31.6,12.632,24.8,32.30122,62.55774,-73,193672,3,42.6
8.288,1.2,5.56,29.6,12.632,23.6,32.30122,62.56537,-74,193672,3,43.6
8.288,1.2,5.544,31.2,12.632,24.4,32.27977,62.52722,-74,193672,3,43.6
8.288,1.2,5.552,29.6,12.632,23.2,32.30122,62.53485,-76,193672,3,43.6
8.288,1.2,5.552,30.4,12.632,23.6,32.30122,62.4967,-74,193672,3,43.6
8.288,1.2,5.56,29.2,12.632,23.2,32.31195,62.47382,-74,193672,3,43.6
8.288,1.2,5.552,30.0,12.632,23.6,32.32267,62.46619,-74,193672,3,43.6
8.288,1.2,5.552,32.0,12.632,24.4,32.3334,62.43567,-74,193672,3,43.6
8.288,1.2,5.552,30.0,12.632,23.6,32.32267,62.40515,-74,191144,3,44.6
8.288,1.2,5.552,31.2,12.632,24.0,32.3334,62.41278,-74,193672,3,43.6
8.288,1.2,5.552,28.8,12.632,23.2,32.3334,62.37463,-75,193672,3,42.6
8.288,1.2,5.544,30.4,12.632,23.6,32.3334,62.38226,-75,193672,3,43.6
8.288,1.2,5.552,28.8,12.632,23.2,32.34412,62.33649,-74,193672,3,43.6
8.288,1.2,5.552,30.4,12.632,23.2,32.3334,62.367,-75,193672,3,43.6
8.288,1.2,5.544,32.4,12.632,24.8,32.3334,62.367,-75,193672,3,43.6
8.288,1.2,5.552,29.6,12.632,23.2,32.3334,62.38226,-75,193672,3,43.6
8.288,1.2,5.552,31.2,12.632,24.4,32.32267,62.35938,-75,193672,3,42.6
8.288,1.2,5.552,29.2,12.632,23.2,32.34412,62.367,-75,193672,3,42.6
8.288,1.2,5.552,30.4,12.632,23.6,32.3334,62.38226,-74,193672,3,43.6
8.288,1.2,5.56,28.8,12.632,23.2,32.34412,62.37463,-74,193672,3,43.6
8.288,1.2,5.552,30.0,12.632,23.6,32.34412,62.35938,-75,193672,3,43.6
8.288,1.2,5.552,31.2,12.632,24.8,32.3334,62.35938,-74,193672,3,43.6
8.288,1.2,5.552,29.6,12.632,23.6,32.3334,62.35175,-74,193672,3,43.6
8.288,1.2,5.552,30.8,12.632,24.4,32.32267,62.367,-74,193672,3,43.6
8.288,1.2,5.552,29.6,12.632,23.6,32.3334,62.367,-74,192100,3,43.6
8.296,1.2,5.544,30.4,12.632,24.0,32.32267,62.34412,-74,193672,3,43.6
8.288,1.2,5.552,29.2,12.632,23.6,32.32267,62.39752,-75,193672,3,43.6
8.288,1.2,5.544,30.8,12.632,24.0,32.32267,62.39752,-75,193672,3,43.6
8.288,1.2,5.552,28.8,12.632,23.6,32.32267,62.38226,-74,193672,3,43.6
8.288,1.2,5.552,29.6,12.632,23.6,32.34412,62.39752,-75,193672,3,43.6
8.288,1.2,5.552,32.0,12.632,24.8,32.3334,62.37463,-75,193672,3,42.6
8.288,1.2,5.552,29.6,12.632,23.6,32.3334,62.38226,-74,193672,3,43.6
8.288,1.2,5.552,31.2,12.632,24.4,32.3334,62.34412,-74,193672,3,43.6
8.288,1.2,5.552,29.2,12.632,23.6,32.34412,62.39752,-74,193672,3,43.6
8.288,1.2,5.552,30.4,12.632,24.0,32.36557,62.38226,-74,193672,3,43.6
8.288,1.2,5.552,28.8,12.632,23.2,32.34412,62.33649,-75,193672,3,43.6
8.288,1.2,5.552,29.6,12.632,24.0,32.35485,62.33649,-75,193672,3,43.6
8.288,1.2,5.552,32.8,12.632,24.4,32.35485,62.30597,-75,193672,3,43.6
8.288,1.2,5.552,29.2,12.632,23.6,32.3763,62.29071,-75,193672,3,43.6
8.288,1.2,5.544,31.6,12.632,24.0,32.36557,62.3136,-74,193672,3,43.6
8.288,1.2,5.552,30.0,12.632,24.0,32.3763,62.26019,-74,193672,3,43.6
8.288,1.2,5.552,30.8,12.632,23.2,32.3763,62.21442,-75,193672,3,43.6
8.288,1.2,5.56,28.8,12.632,23.2,32.36557,62.22205,-75,193672,3,42.6
8.288,1.2,5.552,30.4,12.632,23.6,32.3763,62.22205,-74,192052,3,42.6
8.288,1.2,5.552,28.8,12.632,23.2,32.38702,62.20679,-74,193672,3,43.6
8.288,1.2,5.552,30.0,12.632,23.2,32.36557,62.21442,-75,193672,3,43.6
8.288,1.2,5.552,32.4,12.632,24.8,32.3763,62.19916,-74,193672,3,43.6
8.288,1.2,5.552,29.2,12.632,23.6,32.38702,62.21442,-75,193672,3,43.6
8.288,1.2,5.544,31.2,12.632,24.0,32.3763,62.22968,-75,193672,3,43.6
8.288,1.2,5.552,29.2,12.632,23.2,32.36557,62.2373,-74,193672,3,43.6
8.288,1.2,5.552,30.8,12.632,24.0,32.3763,62.2373,-74,193672,3,43.6
8.288,1.2,5.552,29.2,12.632,23.2,32.38702,62.22205,-74,193672,3,43.6
8.288,1.2,5.552,30.4,12.632,24.0,32.38702,62.21442,-75,193620,3,42.6
8.288,1.2,5.552,28.8,12.632,23.2,32.38702,62.2373,-74,193672,3,43.6
8.288,1.2,5.552,30.0,12.632,23.6,32.3763,62.1839,-74,193672,3,43.6
8.28,1.2,5.552,31.6,12.632,24.8,32.3763,62.1839,-74,193672,3,43.6
8.288,1.2,5.552,30.0,12.632,23.6,32.38702,62.21442,-74,193672,3,43.6
8.288,1.2,5.552,31.2,12.632,24.0,32.3763,62.20679,-74,193672,3,43.6
8.288,1.2,5.56,29.2,12.632,23.2,32.38702,62.21442,-74,193672,3,43.6
8.288,1.2,5.552,31.2,12.632,24.4,32.38702,62.22205,-74,193672,3,43.6
8.288,1.2,5.552,32.4,12.632,23.2,32.38702,62.17627,-74,193672,3,43.6
8.288,1.2,5.552,30.0,12.632,23.6,32.38702,62.17627,-75,193672,3,43.6
8.296,1.2,5.52,53.6,12.624,34.0,32.39775,62.15338,-74,192100,3,43.6
8.288,1.2,5.56,30.0,12.632,23.2,32.39775,62.15338,-74,193672,3,43.6
8.288,1.2,5.552,30.4,12.632,24.4,32.39775,62.16101,-74,193672,3,43.6
8.288,1.2,5.552,29.2,12.632,23.2,32.38702,62.14575,-75,193672,3,43.6
8.288,1.2,5.552,30.0,12.632,24.0,32.3763,62.15338,-75,193672,3,43.6
8.288,1.2,5.552,29.2,12.632,23.2,32.38702,62.1839,-74,193672,3,43.6
8.288,1.2,5.552,28.8,12.632,23.6,32.39775,62.17627,-75,193672,3,43.6
8.28,1.2,5.552,32.4,12.632,23.6,32.38702,62.19153,-74,193672,3,43.6
8.288,1.2,5.552,29.2,12.632,23.6,32.36557,62.19153,-74,193672,3,43.6
8.288,1.2,5.552,31.2,12.632,23.2,32.3763,62.1839,-74,193672,3,43.6
8.288,1.2,5.552,28.8,12.632,23.2,32.3763,62.20679,-74,193672,3,43.6
8.288,1.2,5.544,30.4,12.632,23.6,32.38702,62.19916,-74,193672,3,43.6
8.296,1.2,5.552,28.8,12.632,23.2,32.38702,62.21442,-74,193672,3,43.6
8.288,1.2,5.56,30.0,12.632,23.6,32.3763,62.22205,-74,193672,3,43.6
8.288,1.2,5.552,32.8,12.632,25.2,32.39775,62.22205,-74,193672,3,43.6
8.288,1.2,5.552,30.0,12.632,23.6,32.3763,62.22968,-75,193672,3,43.6
8.288,1.2,5.552,32.0,12.632,24.8,32.3763,62.19916,-74,192100,3,43.6
8.288,1.2,5.552,29.6,12.632,23.6,32.38702,62.22205,-74,193672,3,43.6
8.288,1.2,5.544,31.2,12.632,24.0,32.3763,62.24493,-74,193672,3,43.6
8.288,1.2,5.552,29.2,12.632,23.6,32.39775,62.21442,-74,193672,3,43.6
8.288,1.2,5.552,30.0,12.632,23.6,32.36557,62.22205,-74,193672,3,43.6
8.288,1.2,5.552,29.2,12.632,24.8,32.35485,62.22205,-74,193672,3,43.6
8.288,1.2,5.56,29.6,12.632,23.6,32.34412,62.27545,-74,193672,3,43.6
8.288,1.2,5.552,32.0,12.632,24.4,32.34412,62.29834,-74,193672,3,43.6
8.288,1.2,5.552,29.6,12.632,23.6,32.3334,62.32123,-74,193672,3,42.6
8.288,1.2,5.552,31.2,12.632,24.0,32.34412,62.35175,-74,193672,3,43.6
8.288,1.2,5.552,29.2,12.632,23.6,32.32267,62.367,-74,193672,3,43.6
8.288,1.2,5.552,30.4,12.632,24.0,32.32267,62.38989,-74,193672,3,43.6
8.288,1.2,5.56,28.8,12.632,23.2,32.31195,62.41278,-74,193672,3,43.6
8.288,1.2,5.552,30.0,12.632,24.0,32.32267,62.42041,-74,193672,3,43.6
8.288,1.2,5.544,31.2,12.632,25.2,32.3334,62.42041,-76,193672,3,43.6
8.288,1.2,5.552,30.0,12.632,23.6,32.3334,62.39752,-74,193672,3,43.6
8.288,1.2,5.528,47.6,12.632,32.0,32.32267,62.38226,-74,191192,3,43.6
8.288,1.2,5.552,29.6,12.632,23.6,32.3334,62.38226,-74,193672,3,43.6
8.288,1.2,5.552,29.6,12.632,24.0,32.3334,62.367,-75,193672,3,43.6
8.288,1.2,5.56,29.2,12.632,23.2,32.32267,62.39752,-74,193672,3,43.6
8.288,1.2,5.552,29.6,12.632,23.6,32.32267,62.38226,-75,193624,3,42.6
8.288,1.2,5.552,29.2,12.632,23.6,32.32267,62.38226,-74,193672,3,42.6
8.288,1.2,5.552,29.2,12.632,23.6,32.31195,62.41278,-74,193620,3,43.6
8.28,1.2,5.544,32.0,12.632,24.0,32.32267,62.40515,-74,193672,3,43.6
8.288,1.2,5.544,29.2,12.632,23.6,32.31195,62.43567,-74,193672,3,43.6
8.288,1.2,5.544,30.8,12.632,23.6,32.32267,62.39752,-74,193672,3,43.6
8.288,1.2,5.552,29.2,12.632,23.2,32.3334,62.38989,-74,193672,3,43.6
8.288,1.2,5.552,30.0,12.632,23.6,32.3334,62.38226,-75,193672,3,43.6
8.288,1.2,5.552,29.2,12.632,24.8,32.31195,62.39752,-74,193672,3,42.6
8.288,1.2,5.552,29.6,12.632,23.6,32.32267,62.39752,-74,193672,3,43.6
8.288,1.2,5.52,51.6,12.624,33.6,32.32267,62.38989,-74,193672,3,43.6
8.288,1.2,5.552,29.6,12.632,23.6,32.32267,62.38226,-74,193672,3,43.6
8.288,1.2,5.552,30.8,12.632,24.0,32.32267,62.38989,-74,193672,3,43.6
8.288,1.2,5.552,29.2,12.632,23.6,32.3334,62.367,-75,193672,3,43.6
8.288,1.2,5.544,33.2,12.632,25.2,32.3334,62.39752,-74,193672,3,43.6
8.296,1.2,5.56,28.8,12.632,23.2,32.32267,62.35938,-75,193672,3,43.6
8.288,1.2,5.552,32.0,12.632,24.8,32.3334,62.37463,-74,193672,3,43.6
8.288,1.2,5.552,31.6,12.632,24.8,32.34412,62.35175,-75,193672,3,43.6
8.288,1.2,5.552,30.4,12.632,24.0,32.34412,62.33649,-74,193672,3,43.6
8.288,1.2,5.552,30.8,12.632,24.4,32.35485,62.29834,-75,193672,3,43.6
8.288,1.2,5.56,29.2,12.632,23.2,32.35485,62.3136,-75,193672,3,43.6
8.288,1.2,5.512,61.2,12.624,38.8,32.35485,62.28308,-75,193672,3,43.6
8.288,1.2,5.552,31.6,12.632,24.4,32.35485,62.28308,-75,193672,3,43.6
8.288,1.2,5.552,30.0,12.632,23.6,32.3334,62.33649,-74,193672,3,43.6
8.296,1.2,5.52,54.8,12.624,35.2,32.3334,62.33649,-73,192100,3,43.6
8.288,1.2,5.56,29.6,12.632,23.6,32.32267,62.35938,-74,193672,3,43.6
8.288,1.2,5.552,30.0,12.632,24.4,32.32267,62.37463,-73,193672,3,42.6
8.288,1.2,5.56,29.6,12.632,23.2,32.3334,62.38989,-73,193672,3,43.6
8.288,1.2,5.552,29.6,12.632,24.0,32.32267,62.38989,-73,193672,3,43.6
8.288,1.2,5.552,29.2,12.632,23.2,32.31195,62.41278,-73,193672,3,43.6
8.288,1.2,5.552,28.8,12.632,23.6,32.2905,62.45856,-73,193672,3,43.6
8.288,1.2,5.552,28.8,12.632,23.2,32.26905,62.4967,-72,193672,3,43.6
8.288,1.2,5.552,28.8,12.632,23.6,32.2476,62.55774,-73,193672,3,43.6
8.288,1.2,5.552,31.6,12.632,24.0,32.2476,62.61877,-73,193672,3,43.6
8.288,1.2,5.56,29.2,12.632,23.6,32.23687,62.65692,-73,193672,3,43.6
8.288,1.2,5.552,31.2,12.632,24.4,32.22615,62.7027,-73,193672,3,43.6
8.288,1.2,5.552,29.2,12.632,23.2,32.21542,62.72559,-73,193672,3,43.6
8.288,1.2,5.552,30.4,12.632,24.0,32.19397,62.80188,-72,193672,3,43.6
8.288,1.2,5.544,29.2,12.632,23.2,32.19397,62.84003,-73,193672,3,43.6
8.288,1.2,5.552,30.0,12.632,24.0,32.15107,62.86292,-74,193672,3,43.6
8.288,1.2,5.552,37.6,12.632,26.8,32.15107,62.94684,-73,191192,3,43.6
8.288,1.2,5.552,29.6,12.632,23.6,32.17252,62.90869,-73,193672,3,43.6
8.288,1.2,5.552,31.2,12.632,24.0,32.16179,62.91632,-73,193672,3,43.6
8.288,1.2,5.552,29.6,12.632,23.2,32.17252,62.93921,-73,193672,3,43.6
8.288,1.2,5.56,30.4,12.632,23.6,32.16179,62.93921,-72,193672,3,43.6
8.288,1.2,5.552,29.2,12.632,23.2,32.16179,62.93158,-73,193672,3,42.6
8.296,1.2,5.552,30.0,12.632,23.6,32.16179,62.93158,-73,193672,3,43.6
8.28,1.2,5.552,32.4,12.632,24.4,32.15107,62.9621,-73,193672,3,43.6
8.288,1.2,5.552,29.6,12.632,23.2,32.16179,62.93921,-73,193672,3,43.6
8.288,1.2,5.544,31.2,12.632,24.4,32.16179,62.90869,-73,193672,3,42.6
8.288,1.2,5.552,29.6,12.632,23.2,32.17252,62.92395,-73,193672,3,43.6
8.288,1.2,5.552,30.4,12.632,24.0,32.18324,62.90869,-73,193672,3,43.6
8.288,1.2,5.552,29.2,12.632,23.2,32.19397,62.89343,-71,193672,3,43.6
8.288,1.2,5.544,32.4,12.632,24.8,32.19397,62.87817,-73,193672,3,43.6
8.288,1.2,5.552,29.6,12.632,24.8,32.19397,62.84003,-73,193672,3,43.6
8.288,1.2,5.552,29.6,12.632,23.2,32.19397,62.8324,-73,193672,3,43.6
8.288,1.2,5.528,48.4,12.632,32.4,32.2047,62.84766,-75,190928,3,43.6
8.288,1.2,5.552,29.6,12.632,23.6,32.2047,62.78662,-75,193672,3,43.6
8.288,1.2,5.552,30.4,12.632,24.0,32.22615,62.79425,-76,193672,3,43.6
8.288,1.2,5.552,29.2,12.632,23.6,32.23687,62.77136,-77,193672,3,42.6
8.288,1.2,5.552,30.0,12.632,23.6,32.22615,62.78662,-79,193620,3,42.6
8.288,1.2,5.552,28.8,12.632,23.2,32.22615,62.72559,-79,193672,3,43.6
8.288,1.2,5.552,29.6,12.632,23.2,32.21542,62.74847,-79,193672,3,43.6
8.288,1.2,5.552,32.4,12.632,24.4,32.22615,62.74847,-78,193672,3,43.6
8.288,1.2,5.552,29.2,12.632,23.6,32.23687,62.73322,-79,193672,3,43.6
8.288,1.2,5.552,31.6,12.632,24.4,32.23687,62.72559,-78,193672,3,43.6
8.288,1.2,5.552,29.2,12.632,23.6,32.23687,62.71796,-79,193672,3,43.6
8.28,1.2,5.544,30.4,12.632,24.0,32.23687,62.71796,-78,193672,3,43.6
8.288,1.2,5.552,28.8,12.632,23.2,32.2476,62.7027,-78,193672,3,43.6
8.288,1.2,5.544,30.4,12.632,24.0,32.23687,62.73322,-79,193672,3,43.6
8.28,1.2,5.544,32.4,12.632,24.4,32.22615,62.74084,-78,193672,3,43.6
8.288,1.2,5.552,29.6,12.632,23.6,32.2047,62.79425,-79,193672,3,43.6
8.296,1.2,5.528,50.4,12.624,34.4,32.2047,62.78662,-80,191192,3,43.6
8.288,1.2,5.552,29.2,12.632,23.2,32.21542,62.8324,-78,193672,3,42.6
8.288,1.2,5.552,30.8,12.632,23.6,32.2047,62.8324,-78,193672,3,43.6
8.288,1.2,5.552,28.8,12.632,23.6,32.2047,62.80951,-79,193672,3,42.6
8.288,1.2,5.552,30.4,12.632,23.6,32.2047,62.80188,-79,193672,3,43.6
8.288,1.2,5.552,32.0,12.632,24.8,32.2047,62.82477,-79,193672,3,43.6
8.288,1.2,5.552,30.0,12.632,23.2,32.2047,62.82477,-79,193672,3,43.6
8.288,1.2,5.552,31.2,12.632,24.4,32.2047,62.79425,-78,193672,3,43.6
8.288,1.2,5.552,29.6,12.632,23.2,32.2047,62.78662,-79,193672,3,43.6
8.288,1.2,5.552,30.8,12.632,24.0,32.2047,62.77899,-78,193672,3,43.6
8.288,1.2,5.552,29.2,12.632,22.8,32.22615,62.78662,-78,193672,3,43.6
8.288,1.2,5.56,30.4,12.632,23.6,32.23687,62.7561,-79,193672,3,43.6
8.288,1.2,5.552,28.8,12.632,23.2,32.23687,62.71796,-79,193672,3,43.6
8.288,1.2,5.552,30.0,12.632,24.0,32.23687,62.69507,-79,193672,3,43.6
8.288,1.2,5.544,31.6,12.632,24.8,32.23687,62.67981,-78,193672,3,43.6
8.288,1.2,5.544,29.6,12.632,23.2,32.23687,62.65692,-79,193672,3,43.6
8.288,1.2,5.544,32.4,12.632,25.2,32.25832,62.67981,-79,193660,3,43.6
8.288,1.2,5.552,29.6,12.632,23.2,32.25832,62.67218,-79,193672,3,43.6
8.288,1.2,5.552,30.8,12.632,23.6,32.23687,62.64929,-79,193672,3,43.6
8.296,1.2,5.52,54.4,12.624,34.8,32.22615,62.7027,-78,192100,3,43.6
8.288,1.2,5.552,30.4,12.632,23.6,32.2047,62.73322,-79,193672,3,43.6
8.288,1.2,5.552,28.8,12.632,23.2,32.22615,62.74847,-77,193672,3,42.6
8.288,1.2,5.552,29.6,12.632,23.6,32.19397,62.77899,-79,193672,3,42.6
8.28,1.2,5.552,31.2,12.632,24.4,32.19397,62.81714,-79,193672,3,43.6
8.288,1.2,5.552,29.2,12.632,23.2,32.19397,62.81714,-79,193672,3,42.6
8.288,1.2,5.552,30.4,12.632,23.6,32.18324,62.80951,-79,193672,3,42.6
8.288,1.2,5.552,29.2,12.632,23.2,32.19397,62.80951,-79,193672,3,43.6
8.288,1.2,5.552,29.6,12.632,23.6,32.19397,62.82477,-78,193672,3,43.6
8.28,1.2,5.552,32.4,12.632,24.0,32.2047,62.80188,-78,193672,3,42.6
8.288,1.2,5.552,29.2,12.632,23.6,32.2047,62.81714,-78,193672,3,43.6
8.288,1.2,5.552,31.6,12.632,23.6,32.2047,62.85529,-79,193672,3,43.6
8.288,1.2,5.552,28.8,12.632,23.6,32.18324,62.87054,-79,193672,3,43.6
8.288,1.2,5.552,30.8,12.632,23.6,32.18324,62.87817,-78,193672,3,43.6
8.288,1.2,5.552,28.8,12.632,23.2,32.18324,62.89343,-79,193672,3,43.6
8.288,1.2,5.552,30.4,12.632,23.2,32.19397,62.87817,-79,193672,3,43.6
8.288,1.2,5.544,34.8,12.632,26.0,32.2047,62.87817,-79,193672,3,43.6
8.288,1.2,5.544,31.2,12.632,23.6,32.19397,62.85529,-79,193672,3,43.6
8.28,1.2,5.552,32.4,12.632,24.8,32.21542,62.86292,-80,193672,3,42.6
8.288,1.2,5.52,55.6,12.624,35.2,32.2047,62.81714,-79,192100,3,43.6
8.288,1.2,5.552,32.0,12.632,24.8,32.21542,62.82477,-78,193672,3,43.6
8.288,1.2,5.552,29.2,12.632,23.6,32.2047,62.80951,-78,193672,3,43.6
8.288,1.2,5.552,31.2,12.632,24.0,32.21542,62.81714,-78,193672,3,42.6
8.288,1.2,5.552,29.2,12.632,23.2,32.22615,62.80188,-79,193672,3,43.6
8.288,1.2,5.544,30.4,12.632,23.6,32.21542,62.81714,-79,193672,3,43.6
8.288,1.2,5.552,28.8,12.632,23.2,32.2047,62.82477,-79,193672,3,43.6
8.288,1.2,5.552,30.0,12.632,23.6,32.2047,62.77899,-79,193672,3,43.6
8.288,1.2,5.544,32.0,12.632,24.4,32.2047,62.80188,-79,193672,3,42.6
8.288,1.2,5.552,29.6,12.632,23.6,32.21542,62.79425,-78,193672,3,43.6
8.288,1.2,5.544,31.2,12.632,24.0,32.21542,62.80951,-79,193672,3,43.6
8.288,1.2,5.552,29.2,12.632,23.2,32.21542,62.80188,-78,193672,3,43.6
8.288,1.2,5.552,30.4,12.632,24.0,32.2047,62.8324,-79,193672,3,43.6
8.288,1.2,5.552,29.2,12.632,23.2,32.19397,62.81714,-80,193672,3,43.6
8.288,1.2,5.552,29.6,12.632,23.6,32.19397,62.79425,-79,193672,3,43.6
8.288,1.2,5.552,30.8,12.632,25.2,32.17252,62.84003,-79,193672,3,43.6
8.288,1.2,5.552,29.6,12.632,23.6,32.18324,62.87054,-79,191144,3,43.6
8.288,1.2,5.544,29.6,12.632,24.0,32.19397,62.84766,-79,193672,3,43.6
8.288,1.2,5.552,29.2,12.632,23.2,32.19397,62.81714,-79,193672,3,43.6
8.288,1.2,5.544,29.2,12.632,23.6,32.18324,62.85529,-79,193672,3,42.6
8.288,1.2,5.552,28.8,12.632,23.2,32.2047,62.85529,-80,193672,3,43.6
8.288,1.2,5.552,29.2,12.632,23.6,32.19397,62.84766,-78,193672,3,43.6
8.288,1.2,5.552,32.4,12.632,24.0,32.2047,62.84766,-79,193672,3,43.6
8.288,1.2,5.552,29.2,12.632,23.6,32.2047,62.8324,-79,193672,3,43.6
8.288,1.2,5.552,32.0,12.632,24.0,32.19397,62.87054,-80,193672,3,43.6
8.288,1.2,5.552,29.2,12.632,23.6,32.19397,62.86292,-79,193672,3,43.6
8.288,1.2,5.544,35.6,12.632,26.0,32.2047,62.84003,-79,193672,3,43.6
8.288,1.2,5.552,29.2,12.632,23.2,32.2047,62.85529,-79,193672,3,42.6
8.288,1.2,5.552,30.0,12.632,24.0,32.2047,62.81714,-79,193672,3,43.6
8.288,1.2,5.552,29.2,12.632,23.2,32.21542,62.8324,-79,193672,3,43.6
8.288,1.2,5.552,29.6,12.632,23.6,32.2047,62.79425,-79,193672,3,43.6
8.288,1.2,5.552,32.4,12.632,24.8,32.2047,62.77136,-79,193672,3,42.6
8.288,1.2,5.544,34.0,12.632,25.6,32.21542,62.77136,-78,193672,3,43.6
8.288,1.2,5.544,31.2,12.632,24.0,32.21542,62.77136,-79,193672,3,43.6
8.288,1.2,5.552,29.2,12.632,23.6,32.22615,62.78662,-79,193672,3,42.6
8.288,1.2,5.52,58.0,12.624,35.2,32.21542,62.80188,-79,192100,3,43.6
8.288,1.2,5.56,29.2,12.632,23.2,32.18324,62.80951,-79,193672,3,43.6
8.288,1.2,5.552,30.0,12.632,23.6,32.17252,62.84003,-79,193672,3,43.6
8.288,1.2,5.552,32.4,12.632,24.8,32.18324,62.86292,-79,193672,3,42.6
8.288,1.2,5.552,29.6,12.632,23.2,32.18324,62.87817,-80,193672,3,43.6
8.288,1.2,5.552,31.6,12.632,24.4,32.17252,62.87054,-79,193672,3,43.6
8.288,1.2,5.552,29.6,12.632,23.2,32.17252,62.87817,-79,193672,3,43.6
8.288,1.2,5.552,30.8,12.632,24.0,32.17252,62.91632,-80,193672,3,43.6
8.288,1.2,5.552,29.2,12.632,23.2,32.17252,62.89343,-73,193672,3,42.6
8.288,1.2,5.552,30.0,12.632,24.0,32.18324,62.90106,-73,193624,3,42.6
8.288,1.2,5.552,29.2,12.632,23.2,32.18324,62.93158,-74,193672,3,43.6
8.288,1.2,5.552,30.0,12.632,23.6,32.19397,62.90869,-74,193672,3,43.6
8.288,1.2,5.544,30.8,12.632,24.4,32.18324,62.87817,-74,193672,3,42.6
8.288,1.2,5.552,29.6,12.632,23.6,32.17252,62.86292,-74,193672,3,43.6
8.288,1.2,5.544,30.4,12.632,24.0,32.19397,62.87054,-74,193672,3,43.6
8.288,1.2,5.552,29.2,12.632,23.2,32.19397,62.86292,-74,193672,3,43.6
8.288,1.2,5.512,57.2,12.624,36.8,32.2047,62.85529,-74,191192,3,43.6
8.288,1.2,5.552,28.8,12.632,23.2,32.2047,62.82477,-74,193672,3,43.6
8.288,1.2,5.552,30.0,12.632,24.0,32.2047,62.81714,-74,193672,3,43.6
8.288,1.2,5.544,32.4,12.632,24.8,32.19397,62.78662,-75,193672,3,43.6
8.288,1.2,5.552,30.0,12.632,23.6,32.21542,62.82477,-74,193672,3,43.6
8.288,1.2,5.552,31.2,12.632,24.4,32.21542,62.80188,-74,193672,3,43.6
8.288,1.2,5.552,29.6,12.632,23.2,32.22615,62.77136,-74,193672,3,42.6
8.288,1.2,5.552,30.4,12.632,24.0,32.21542,62.7561,-74,193672,3,43.6
8.288,1.2,5.552,29.2,12.632,23.2,32.21542,62.74084,-74,193672,3,43.6
8.288,1.2,5.552,30.0,12.632,23.6,32.22615,62.74847,-74,193672,3,43.6
8.28,1.2,5.544,32.4,12.632,24.4,32.22615,62.74084,-74,193672,3,43.6
8.288,1.2,5.552,29.2,12.632,23.6,32.23687,62.74847,-74,193672,3,42.6
8.288,1.2,5.552,31.6,12.632,24.0,32.2476,62.72559,-74,193672,3,42.6
8.288,1.2,5.552,29.2,12.632,23.2,32.2476,62.7027,-74,193672,3,43.6
8.288,1.2,5.544,30.4,12.632,23.6,32.2476,62.67981,-75,193672,3,43.6
8.288,1.2,5.544,28.4,12.632,23.2,32.2476,62.66455,-74,193672,3,42.6
8.288,1.2,5.544,34.4,12.632,25.2,32.2476,62.65692,-74,193672,3,43.6
8.28,1.2,5.544,32.0,12.632,24.4,32.25832,62.64929,-74,193672,3,42.6
8.288,1.2,5.552,29.6,12.632,23.2,32.23687,62.67981,-74,193672,3,43.6
8.296,1.2,5.512,54.4,12.624,35.2,32.22615,62.67981,-74,192100,3,43.6
8.288,1.2,5.552,29.2,12.632,23.2,32.21542,62.69507,-74,193672,3,43.6
8.288,1.2,5.552,30.4,12.632,24.0,32.21542,62.73322,-73,193672,3,42.6
8.288,1.2,5.544,29.2,12.632,23.2,32.21542,62.76373,-74,193672,3,43.6
8.288,1.2,5.544,30.4,12.632,24.0,32.2047,62.77136,-74,193620,3,42.6
8.288,1.2,5.552,29.2,12.632,22.8,32.2047,62.79425,-74,193672,3,42.6
8.288,1.2,5.552,30.0,12.632,23.2,32.19397,62.80188,-74,193672,3,42.6
8.288,1.2,5.544,32.0,12.632,24.4,32.2047,62.80951,-73,193672,3,43.6
8.288,1.2,5.56,29.6,12.632,23.2,32.19397,62.81714,-74,193672,3,43.6
8.28,1.2,5.544,31.6,12.632,24.4,32.19397,62.80188,-74,193672,3,42.6
8.288,1.2,5.552,29.6,12.632,23.2,32.17252,62.84003,-74,193672,3,43.6
8.288,1.2,5.552,30.8,12.632,23.6,32.14034,62.90106,-74,193672,3,42.6
8.288,1.2,5.552,28.8,12.632,23.2,32.15107,62.94684,-74,193672,3,43.6
8.288,1.2,5.552,30.0,12.632,23.6,32.11889,62.9621,-74,193672,3,43.6
8.28,1.2,5.552,31.2,12.632,24.8,32.11889,62.97736,-74,193672,3,42.6
8.288,1.2,5.552,29.6,12.632,23.2,32.10817,63.06128,-72,193672,3,42.6
8.288,1.2,5.544,36.8,12.632,27.2,32.10817,63.06891,-70,193672,3,43.6
8.288,1.2,5.544,29.6,12.632,23.2,32.09744,63.08417,-71,193672,3,42.6
8.288,1.2,5.552,29.6,12.632,24.0,32.08672,63.08417,-71,193672,3,43.6
8.296,1.2,5.52,54.0,12.624,34.4,32.10817,63.11469,-72,192100,3,43.6
8.288,1.2,5.552,29.6,12.632,23.6,32.07599,63.16809,-70,193620,3,42.6
8.288,1.2,5.552,32.4,12.632,24.0,32.08672,63.16809,-71,193672,3,43.6
8.288,1.2,5.552,29.2,12.632,23.6,32.09744,63.1452,-71,193672,3,43.6
8.288,1.2,5.552,31.6,12.632,23.6,32.08672,63.16809,-71,193672,3,43.6
8.288,1.2,5.552,29.2,12.632,23.2,32.09744,63.16809,-71,193672,3,42.6
8.288,1.2,5.552,30.8,12.632,23.6,32.10817,63.17572,-71,193672,3,42.6
8.288,1.2,5.552,28.8,12.632,23.2,32.10817,63.1452,-71,193672,3,43.6
8.288,1.2,5.552,30.0,12.632,23.6,32.12962,63.09943,-70,193620,3,43.6
8.288,1.2,5.552,28.8,12.632,24.8,32.10817,63.11469,-70,193672,3,42.6
8.288,1.2,5.552,30.0,12.632,23.2,32.11889,63.06891,-71,193672,3,43.6
8.288,1.2,5.544,32.0,12.632,24.8,32.12962,63.06128,-71,193672,3,43.6
8.288,1.2,5.536,42.4,12.632,29.2,32.15107,63.02313,-70,193672,3,43.6
8.288,1.2,5.552,31.2,12.632,24.4,32.15107,63.00787,-71,193672,3,43.6
8.288,1.2,5.552,29.2,12.632,23.2,32.16179,63.00024,-70,193672,3,43.6
8.288,1.2,5.552,30.0,12.632,23.6,32.16179,62.96973,-71,193620,3,42.6
8.288,1.2,5.552,29.2,12.632,23.2,32.16179,62.93158,-70,193672,3,43.6
8.288,1.2,5.56,29.6,12.632,23.6,32.16179,62.90106,-70,193672,3,43.6
8.28,1.2,5.552,32.0,12.632,24.4,32.17252,62.8858,-71,193672,3,43.6
8.296,1.2,5.536,38.4,12.632,27.6,32.15107,62.90106,-71,193672,3,43.6
8.288,1.2,5.544,31.2,12.632,24.4,32.16179,62.93158,-71,193672,3,42.6
8.288,1.2,5.552,29.2,12.632,23.2,32.14034,62.93921,-70,193672,3,43.6
8.296,1.2,5.52,54.8,12.624,35.6,32.15107,62.93158,-71,192052,3,43.6
8.288,1.2,5.552,28.8,12.632,23.2,32.15107,62.93921,-70,193672,3,42.6
8.288,1.2,5.552,32.4,12.632,24.8,32.16179,62.97736,-71,193672,3,43.6
8.288,1.2,5.552,30.0,12.632,24.4,32.15107,62.9621,-70,193672,3,43.6
8.288,1.2,5.552,29.6,12.632,23.6,32.14034,62.96973,-72,193672,3,43.6
8.288,1.2,5.544,29.6,12.632,24.0,32.14034,62.95447,-71,193672,3,43.6
8.288,1.2,5.552,29.2,12.632,23.2,32.14034,62.97736,-71,193672,3,43.6
8.288,1.2,5.552,29.2,12.632,23.6,32.14034,62.99261,-71,193672,3,43.6
8.288,1.2,5.544,32.8,12.632,23.6,32.16179,62.96973,-71,193672,3,42.6
8.288,1.2,5.552,28.8,12.632,23.6,32.16179,62.9621,-70,193672,3,43.6
8.288,1.2,5.552,32.0,12.632,24.0,32.16179,62.93921,-71,193672,3,43.6
8.288,1.2,5.552,29.2,12.632,23.6,32.12962,62.92395,-72,193672,3,43.6
8.288,1.2,5.552,31.2,12.632,24.0,32.14034,62.94684,-71,193672,3,42.6
8.288,1.2,5.552,29.2,12.632,23.2,32.12962,62.98499,-72,193672,3,43.6
8.288,1.2,5.552,31.6,12.632,24.4,32.11889,63.03076,-73,193672,3,43.6
8.288,1.2,5.552,30.0,12.632,24.0,32.08672,63.10706,-73,193672,3,42.6
8.28,1.2,5.552,33.6,12.632,24.4,32.07599,63.13757,-72,193672,3,43.6
8.288,1.2,5.56,28.8,12.632,25.2,32.07599,63.19098,-73,193672,3,43.6
8.288,1.2,5.544,30.4,12.632,24.0,32.07599,63.19098,-72,193672,3,43.6
8.288,1.2,5.536,45.6,12.624,31.2,32.10817,63.17572,-72,191192,3,43.6
8.288,1.2,5.552,29.6,12.632,23.6,32.06527,63.19861,-73,193672,3,42.6
8.288,1.2,5.552,30.8,12.632,24.4,32.06527,63.19098,-73,193672,3,42.6
8.288,1.2,5.544,28.8,12.632,23.6,32.07599,63.23676,-73,193672,3,42.6
8.288,1.2,5.552,30.0,12.632,23.6,32.06527,63.22913,-72,193672,3,43.6
8.288,1.2,5.552,28.8,12.632,25.2,32.06527,63.2215,-72,193672,3,42.6
8.288,1.2,5.552,30.0,12.632,23.2,32.08672,63.22913,-73,193672,3,43.6
8.288,1.2,5.552,32.0,12.632,24.8,32.07599,63.2215,-73,193672,3,43.6
8.288,1.2,5.552,29.6,12.632,23.2,32.08672,63.20624,-73,193672,3,43.6
8.28,1.2,5.544,31.2,12.632,24.0,32.10817,63.17572,-73,193672,3,43.6
8.288,1.2,5.544,40.8,12.632,29.2,32.11889,63.17572,-73,193672,3,43.6
8.288,1.2,5.552,31.2,12.632,24.4,32.11889,63.15283,-73,193672,3,43.6
8.288,1.2,5.552,29.2,12.632,23.2,32.12962,63.12994,-73,193672,3,42.6
8.288,1.2,5.52,56.0,12.624,35.2,32.12962,63.06891,-73,192052,3,43.6
8.288,1.2,5.544,31.2,12.632,25.2,32.12962,63.06891,-73,193672,3,43.6
8.288,1.2,5.56,30.4,12.632,23.6,32.11889,63.06128,-74,193672,3,43.6
8.28,1.2,5.552,30.8,12.632,24.8,32.09744,63.12994,-73,193672,3,42.6
8.288,1.2,5.552,29.2,12.632,23.6,32.09744,63.16046,-73,193672,3,43.6
8.28,1.2,5.552,30.4,12.632,24.4,32.09744,63.19098,-73,193672,3,43.6
8.288,1.2,5.552,29.6,12.632,23.2,32.07599,63.16046,-73,193672,3,42.6
8.288,1.2,5.552,30.8,12.632,23.6,32.08672,63.20624,-73,193672,3,43.6
8.288,1.2,5.552,29.2,12.632,23.2,32.08672,63.19861,-73,193672,3,42.6
8.288,1.2,5.552,30.0,12.632,23.6,32.08672,63.20624,-74,193672,3,43.6
8.28,1.2,5.552,32.0,12.632,24.4,32.09744,63.22913,-73,193672,3,43.6
8.288,1.2,5.544,29.6,12.632,23.2,32.09744,63.16809,-74,193672,3,43.6
8.288,1.2,5.552,31.2,12.632,24.0,32.09744,63.16809,-72,193672,3,42.6
8.288,1.2,5.552,29.2,12.632,23.6,32.10817,63.19098,-72,193672,3,43.6
8.288,1.2,5.544,30.0,12.632,24.0,32.09744,63.16046,-73,193672,3,43.6
8.288,1.2,5.552,28.8,12.632,23.2,32.09744,63.19098,-72,193672,3,43.6
8.288,1.2,5.552,29.6,12.632,24.0,32.09744,63.16046,-73,191144,3,43.6
8.28,1.2,5.544,32.0,12.632,23.6,32.08672,63.19098,-73,193672,3,42.6
8.288,1.2,5.552,28.8,12.632,23.6,32.10817,63.16046,-73,193672,3,43.6
8.288,1.2,5.552,31.2,12.632,23.2,32.10817,63.13757,-73,193672,3,42.6
8.288,1.2,5.552,28.8,12.632,23.2,32.09744,63.13757,-73,193672,3,42.6
8.288,1.2,5.552,30.4,12.632,23.6,32.11889,63.15283,-74,193672,3,42.6
8.288,1.2,5.544,28.8,12.632,23.2,32.10817,63.15283,-74,193672,3,42.6
8.288,1.2,5.552,30.0,12.632,23.2,32.11889,63.13757,-72,193672,3,43.6
8.28,1.2,5.544,31.6,12.632,24.4,32.11889,63.11469,-72,193672,3,43.6
8.288,1.2,5.552,29.6,12.632,23.2,32.11889,63.09943,-73,193672,3,43.6
8.288,1.2,5.552,31.2,12.632,24.4,32.10817,63.0918,-72,193672,3,43.6
8.288,1.2,5.552,29.6,12.632,23.2,32.11889,63.0918,-72,193672,3,42.6
8.288,1.2,5.552,30.8,12.632,24.0,32.12962,63.08417,-72,193672,3,42.6
8.288,1.2,5.552,30.0,12.632,23.6,32.12962,63.06891,-72,193672,3,43.6
8.288,1.2,5.552,30.0,12.632,24.0,32.15107,63.07654,-72,193672,3,43.6
8.288,1.2,5.552,32.8,12.632,24.8,32.12962,63.06891,-73,193672,3,42.6
8.288,1.2,5.552,30.0,12.632,23.6,32.12962,63.03076,-72,192100,3,43.6
8.28,1.2,5.552,32.0,12.632,24.4,32.12962,63.03076,-72,193672,3,42.6
8.288,1.2,5.552,29.6,12.632,23.2,32.14034,63.04602,-73,193672,3,43.6
8.288,1.2,5.552,31.2,12.632,24.0,32.12962,63.04602,-73,193672,3,43.6
8.288,1.2,5.552,29.2,12.632,23.2,32.12962,63.04602,-72,193676,3,42.6
8.288,1.2,5.552,30.0,12.632,24.0,32.11889,63.05365,-73,193628,3,42.6
8.288,1.2,5.56,28.8,12.632,23.2,32.12962,63.03839,-72,193676,3,43.6
8.288,1.2,5.552,30.0,12.632,23.6,32.14034,63.0155,-72,193672,3,43.6
8.28,1.2,5.544,30.8,12.632,24.8,32.12962,63.03839,-72,193672,3,42.6
8.288,1.2,5.552,29.6,12.632,23.6,32.15107,63.00787,-72,193672,3,43.6
8.288,1.2,5.552,30.0,12.632,24.0,32.12962,63.00787,-72,193672,3,43.6
8.28,1.2,5.552,29.6,12.632,23.2,32.15107,63.0155,-72,193672,3,43.6
8.288,1.2,5.552,29.6,12.632,23.6,32.16179,62.9621,-71,193672,3,43.6
8.288,1.2,5.552,28.8,12.632,23.2,32.16179,62.93158,-72,193672,3,43.6
8.288,1.2,5.552,29.2,12.632,23.6,32.17252,62.94684,-71,193620,3,42.6
8.288,1.2,5.552,32.4,12.632,24.0,32.16179,62.92395,-72,193672,3,42.6
8.288,1.2,5.544,36.4,12.632,26.8,32.16179,62.92395,-72,193672,3,43.6
8.288,1.2,5.552,32.0,12.632,24.0,32.16179,62.93921,-73,193672,3,43.6
8.288,1.2,5.552,29.2,12.632,23.6,32.15107,62.93921,-74,193672,3,43.6
8.296,1.2,5.52,53.6,12.624,35.2,32.15107,62.9621,-72,192100,3,43.6
8.288,1.2,5.552,29.6,12.632,23.2,32.14034,62.95447,-72,193672,3,43.6
8.288,1.2,5.552,30.4,12.632,24.0,32.12962,62.97736,-71,193672,3,43.6
8.288,1.2,5.552,29.2,12.632,23.2,32.16179,62.9621,-72,193672,3,43.6
8.28,1.2,5.552,30.0,12.632,24.0,32.15107,62.94684,-71,193672,3,43.6
8.288,1.2,5.552,32.4,12.632,24.8,32.17252,62.96973,-71,193672,3,42.6
8.288,1.2,5.552,30.8,12.632,23.6,32.15107,62.95447,-72,193672,3,43.6
8.288,1.2,5.552,31.6,12.632,26.0,32.16179,62.94684,-71,193672,3,43.6
8.288,1.2,5.552,29.6,12.632,23.2,32.15107,62.92395,-72,193672,3,43.6
8.288,1.2,5.544,30.8,12.632,24.0,32.16179,62.92395,-72,193672,3,42.6
8.288,1.2,5.56,29.2,12.632,23.2,32.17252,62.91632,-72,193672,3,43.6
8.28,1.2,5.552,30.8,12.632,23.6,32.16179,62.90869,-71,193620,3,42.6
8.288,1.2,5.552,29.2,12.632,23.2,32.17252,62.93158,-71,193672,3,42.6
8.288,1.2,5.552,30.0,12.632,23.2,32.17252,62.89343,-72,193672,3,43.6
8.28,1.2,5.552,32.0,12.632,24.4,32.17252,62.90869,-71,193672,3,42.6
8.288,1.2,5.552,30.0,12.632,23.6,32.16179,62.92395,-71,193672,3,43.6
8.28,1.2,5.544,34.0,12.632,25.6,32.16179,62.92395,-71,193672,3,43.6
8.288,1.2,5.552,29.2,12.632,23.2,32.16179,62.92395,-72,193672,3,43.6
8.288,1.2,5.552,30.4,12.632,24.0,32.16179,62.92395,-72,193672,3,42.6
8.296,1.2,5.52,54.8,12.624,34.8,32.15107,62.93921,-70,192100,3,43.6
8.288,1.2,5.552,30.0,12.632,23.6,32.17252,62.92395,-71,193672,3,43.6
8.288,1.2,5.552,31.2,12.632,24.8,32.16179,62.95447,-71,193672,3,43.6
8.288,1.2,5.544,30.0,12.632,23.6,32.15107,62.93158,-72,193672,3,43.6
8.288,1.2,5.552,30.4,12.632,24.4,32.17252,62.92395,-72,193672,3,43.6
8.288,1.2,5.552,29.6,12.632,23.6,32.18324,62.93158,-71,193672,3,43.6
8.288,1.2,5.552,30.4,12.632,24.0,32.17252,62.91632,-71,193672,3,42.6
8.288,1.2,5.552,29.2,12.632,23.2,32.17252,62.90869,-72,193672,3,43.6
8.288,1.2,5.56,30.4,12.632,24.0,32.17252,62.90106,-71,193672,3,43.6
8.296,1.2,5.528,53.2,12.624,35.6,32.16179,62.93921,-71,193672,3,43.6
8.288,1.2,5.552,30.0,12.632,24.0,32.15107,62.95447,-72,193672,3,43.6
8.28,1.2,5.552,31.6,12.632,24.8,32.12962,62.99261,-72,193672,3,42.6
8.288,1.2,5.552,29.6,12.632,23.6,32.11889,63.04602,-72,193672,3,43.6
8.288,1.2,5.552,30.8,12.632,24.0,32.12962,63.04602,-71,193672,3,43.6
8.288,1.2,5.552,29.2,12.632,23.2,32.11889,63.05365,-71,193672,3,43.6
8.288,1.2,5.552,30.4,12.632,23.6,32.11889,63.08417,-71,193672,3,43.6
8.288,1.2,5.552,33.2,12.632,24.8,32.12962,63.0918,-71,193672,3,43.6
8.288,1.2,5.552,29.6,12.632,23.6,32.12962,63.07654,-72,193672,3,42.6
8.288,1.2,5.544,31.6,12.632,24.0,32.12962,63.08417,-72,193672,3,42.6
8.296,1.2,5.52,52.8,12.624,35.2,32.11889,63.07654,-71,192100,3,43.6
8.288,1.2,5.544,30.8,12.632,23.6,32.11889,63.04602,-72,193672,3,42.6
8.288,1.2,5.544,32.4,12.632,24.8,32.12962,63.07654,-72,193672,3,43.6
8.288,1.2,5.544,30.8,12.632,23.2,32.11889,63.06891,-71,193672,3,42.6
8.288,1.2,5.552,28.8,12.632,23.2,32.11889,63.06128,-72,193672,3,43.6
8.288,1.2,5.552,29.6,12.632,23.2,32.11889,63.08417,-72,193672,3,42.6
8.288,1.2,5.552,32.0,12.632,24.8,32.12962,63.06128,-71,193672,3,42.6
8.288,1.2,5.552,29.6,12.632,23.2,32.11889,63.09943,-73,193672,3,43.6
8.288,1.2,5.552,31.2,12.632,24.0,32.10817,63.06128,-74,193672,3,43.6
8.288,1.2,5.552,29.6,12.632,23.2,32.10817,63.06891,-75,193672,3,42.6
8.288,1.2,5.552,30.8,12.632,24.0,32.10817,63.11469,-74,193672,3,43.6
8.288,1.2,5.552,28.8,12.632,23.2,32.09744,63.13757,-74,193672,3,43.6
8.288,1.2,5.552,30.0,12.632,24.0,32.09744,63.16809,-74,193672,3,43.6
8.288,1.2,5.552,28.8,12.632,25.2,32.07599,63.20624,-74,193672,3,43.6
8.288,1.2,5.552,29.6,12.632,23.6,32.06527,63.22913,-75,193672,3,43.6
8.288,1.2,5.552,31.6,12.632,24.4,32.05454,63.26727,-75,193672,3,43.6
8.288,1.2,5.544,30.0,12.632,23.6,32.03309,63.29779,-74,191144,3,43.6
8.288,1.2,5.552,31.2,12.632,24.0,32.02237,63.33594,-75,193672,3,43.6
8.288,1.2,5.552,29.2,12.632,23.6,32.01164,63.38934,-75,193672,3,42.6
8.288,1.2,5.552,30.8,12.632,23.6,32.00092,63.45038,-75,193672,3,43.6
8.288,1.2,5.552,31.6,12.632,23.2,31.99019,63.45038,-75,193672,3,42.6
8.288,1.2,5.552,30.0,12.632,23.6,31.97947,63.50378,-75,193672,3,43.6
8.288,1.2,5.552,30.8,12.632,24.4,31.96874,63.49615,-75,193672,3,42.6
8.288,1.2,5.552,29.6,12.632,23.6,31.97947,63.51904,-75,193672,3,43.6
8.288,1.2,5.544,30.0,12.632,24.0,31.95802,63.57245,-74,193672,3,43.6
8.288,1.2,5.552,29.2,12.632,23.2,31.95802,63.61823,-75,193672,3,42.6
8.288,1.2,5.552,29.6,12.632,23.6,31.94729,63.64874,-74,193672,3,43.6
8.288,1.2,5.552,28.8,12.632,23.6,31.94729,63.64874,-74,193672,3,42.6
8.288,1.2,5.552,29.2,12.632,23.6,31.95802,63.67926,-75,193672,3,43.6
8.288,1.2,5.552,33.6,12.632,24.4,31.95802,63.65637,-75,193672,3,43.6
8.288,1.2,5.552,28.8,12.632,23.6,31.95802,63.67163,-75,193672,3,43.6
8.288,1.2,5.552,31.6,12.632,24.0,31.95802,63.64874,-74,193672,3,42.6
8.288,1.2,5.552,29.6,12.632,23.6,31.95802,63.61823,-74,192100,3,43.6
8.288,1.2,5.552,31.2,12.632,23.6,31.96874,63.60297,-75,193672,3,42.6
8.288,1.2,5.552,29.2,12.632,23.2,31.97947,63.6106,-74,193672,3,42.6
8.288,1.2,5.552,30.4,12.632,24.0,31.99019,63.58008,-75,193672,3,42.6
8.288,1.2,5.552,28.8,12.632,23.2,32.00092,63.54193,-75,193672,3,42.6
8.288,1.2,5.544,29.6,12.632,23.6,32.00092,63.52667,-75,193672,3,43.6
8.288,1.2,5.552,32.8,12.632,24.8,32.02237,63.47327,-75,193672,3,43.6
8.288,1.2,5.552,29.6,12.632,23.6,32.03309,63.44275,-75,193672,3,43.6
8.288,1.2,5.552,31.6,12.632,24.4,32.04382,63.41223,-74,193672,3,42.6
8.288,1.2,5.552,29.6,12.632,23.6,32.04382,63.39697,-75,193672,3,43.6
8.288,1.2,5.552,30.4,12.632,24.0,32.06527,63.35883,-75,193672,3,43.6
8.288,1.2,5.552,29.2,12.632,23.2,32.06527,63.34357,-74,193672,3,43.6
8.288,1.2,5.552,30.0,12.632,23.6,32.08672,63.30542,-75,193672,3,43.6
8.288,1.2,5.552,32.0,12.632,24.8,32.08672,63.29016,-74,193672,3,43.6
8.288,1.2,5.56,29.6,12.632,23.2,32.07599,63.2749,-75,193672,3,43.6
8.288,1.2,5.544,31.6,12.632,24.0,32.07599,63.24438,-75,193672,3,42.6
8.288,1.2,5.552,35.6,12.632,26.0,32.08672,63.26727,-74,193672,3,43.6
8.288,1.2,5.552,30.8,12.632,24.0,32.07599,63.24438,-74,193672,3,42.6
8.288,1.2,5.552,29.2,12.632,22.8,32.05454,63.2749,-75,193672,3,42.6
8.28,1.2,5.52,56.4,12.624,35.6,32.07599,63.29016,-75,192052,3,43.6
8.28,1.2,5.552,29.2,12.632,24.8,32.05454,63.2749,-74,193672,3,42.6
8.288,1.2,5.56,29.6,12.632,23.6,32.06527,63.28253,-75,193672,3,43.6
8.28,1.2,5.552,30.4,12.632,24.4,32.04382,63.29016,-74,193672,3,42.6
8.288,1.2,5.552,29.2,12.632,23.6,32.04382,63.29779,-75,193672,3,43.6
8.288,1.2,5.56,31.2,12.632,24.0,32.03309,63.33594,-74,193672,3,42.6
8.288,1.2,5.552,29.6,12.632,23.6,32.03309,63.32831,-75,193672,3,42.6
8.28,1.2,5.56,30.8,12.632,24.0,32.03309,63.31305,-74,193672,3,43.6
8.288,1.2,5.552,29.2,12.632,23.2,32.02237,63.3512,-75,193672,3,42.6
8.288,1.2,5.552,30.4,12.632,23.6,32.02237,63.38171,-75,193672,3,43.6
8.28,1.2,5.544,32.8,12.632,24.8,32.04382,63.33594,-74,193672,3,43.6
8.288,1.2,5.552,29.6,12.632,23.6,32.03309,63.3512,-74,193672,3,43.6
8.288,1.2,5.552,31.2,12.632,24.4,32.05454,63.33594,-74,193672,3,42.6
8.288,1.2,5.552,29.6,12.632,23.2,32.04382,63.34357,-75,193672,3,43.6
8.288,1.2,5.544,30.0,12.632,24.0,32.04382,63.31305,-74,193672,3,43.6
8.288,1.2,5.544,29.2,12.632,23.2,32.04382,63.32068,-75,193672,3,43.6
8.288,1.2,5.552,29.6,12.632,24.0,32.03309,63.34357,-74,191144,3,43.6
8.288,1.2,5.552,32.8,12.632,26.0,32.04382,63.34357,-74,193672,3,42.6
8.288,1.2,5.552,28.8,12.632,23.6,32.04382,63.33594,-74,193672,3,42.6
8.288,1.2,5.544,31.2,12.632,23.6,32.06527,63.31305,-74,193672,3,43.6
8.288,1.2,5.552,29.2,12.632,23.2,32.05454,63.28253,-74,193672,3,43.6
8.288,1.2,5.552,30.8,12.632,23.2,32.06527,63.28253,-75,193672,3,43.6
8.288,1.2,5.552,28.8,12.632,23.2,32.04382,63.28253,-74,193672,3,43.6
8.288,1.2,5.552,30.0,12.632,23.6,32.03309,63.29779,-74,193620,3,42.6
8.288,1.2,5.552,32.4,12.632,24.8,32.04382,63.32068,-75,193672,3,43.6
8.28,1.2,5.552,29.6,12.632,23.2,32.04382,63.31305,-75,193620,3,43.6
8.28,1.2,5.552,31.6,12.632,24.4,32.04382,63.32068,-75,193672,3,43.6
8.288,1.2,5.552,29.6,12.632,23.2,32.04382,63.29779,-75,193672,3,43.6
8.288,1.2,5.552,31.2,12.632,24.4,32.02237,63.33594,-75,193672,3,42.6
8.288,1.2,5.552,29.2,12.632,23.2,32.02237,63.3512,-75,193672,3,43.6
8.28,1.2,5.56,30.8,12.632,24.0,32.00092,63.41986,-75,193672,3,42.6
8.288,1.2,5.552,28.8,12.632,23.2,32.00092,63.41223,-75,193672,3,42.6
8.288,1.2,5.552,33.6,12.632,25.2,31.99019,63.44275,-75,193672,3,43.6
8.28,1.2,5.552,32.4,12.632,24.8,31.99019,63.44275,-74,193672,3,43.6
8.288,1.2,5.552,29.6,12.632,23.6,32.00092,63.47327,-75,193672,3,42.6
8.288,1.2,5.52,54.8,12.624,34.8,32.00092,63.45801,-75,192100,3,43.6
8.288,1.2,5.552,29.6,12.632,23.6,32.00092,63.45038,-75,193672,3,43.6
8.288,1.2,5.552,30.8,12.632,24.4,32.02237,63.41986,-75,193672,3,42.6
8.288,1.2,5.552,29.2,12.632,23.2,32.01164,63.38934,-74,193672,3,42.6
8.28,1.2,5.544,30.4,12.632,24.0,32.00092,63.42749,-75,193672,3,43.6
8.288,1.2,5.552,29.2,12.632,23.2,32.02237,63.41223,-72,193672,3,42.6
8.28,1.2,5.552,30.0,12.632,23.6,32.03309,63.41223,-72,193672,3,42.6
8.28,1.2,5.552,29.6,12.632,24.4,32.03309,63.38171,-73,193672,3,42.6
8.288,1.2,5.552,29.6,12.632,23.2,32.04382,63.3512,-75,193672,3,42.6
8.288,1.2,5.56,29.6,12.632,24.0,32.04382,63.32831,-77,193672,3,42.6
8.288,1.2,5.552,29.2,12.632,23.2,32.04382,63.34357,-79,193672,3,43.6
8.28,1.2,5.56,29.6,12.632,23.6,32.03309,63.32068,-76,193620,3,42.6
8.288,1.2,5.544,28.8,12.632,23.2,32.05454,63.32831,-76,193672,3,43.6
8.288,1.2,5.552,29.6,12.632,23.6,32.03309,63.32068,-77,193672,3,43.6
8.288,1.2,5.56,32.0,12.632,24.0,32.03309,63.32831,-76,193672,3,43.6
8.288,1.2,5.552,29.2,12.632,23.6,32.03309,63.37408,-77,193672,3,43.6
8.288,1.2,5.528,48.0,12.624,32.8,32.03309,63.3512,-77,193672,3,43.6
8.288,1.2,5.552,29.6,12.632,23.6,32.04382,63.37408,-77,193672,3,43.6
8.288,1.2,5.544,30.8,12.632,24.0,32.04382,63.37408,-77,193672,3,42.6
8.296,1.2,5.52,55.6,12.624,34.8,32.05454,63.3512,-76,192100,3,43.6
8.28,1.2,5.552,30.4,12.632,24.0,32.05454,63.34357,-76,193672,3,42.6
8.288,1.2,5.552,28.8,12.632,23.2,32.06527,63.31305,-76,193672,3,42.6
8.288,1.2,5.552,29.6,12.632,23.6,32.07599,63.29016,-86,193672,3,42.6
8.288,1.2,5.552,32.0,12.632,24.4,32.08672,63.29016,-85,193672,3,42.6
8.288,1.2,5.552,29.6,12.632,23.6,32.08672,63.24438,-84,193672,3,43.6
8.288,1.2,5.552,31.2,12.632,24.0,32.08672,63.22913,-81,193672,3,42.6
8.288,1.2,5.552,29.2,12.632,23.6,32.06527,63.21387,-83,193672,3,42.6
8.288,1.2,5.552,30.4,12.632,23.6,32.07599,63.22913,-83,193672,3,42.6
8.288,1.2,5.552,28.8,12.632,23.2,32.06527,63.23676,-79,193672,3,42.6
8.288,1.2,5.552,29.6,12.632,23.2,32.07599,63.22913,-84,193672,3,43.6
8.288,1.2,5.552,31.6,12.632,24.8,32.06527,63.26727,-80,193672,3,42.6
8.288,1.2,5.552,29.2,12.632,23.2,32.07599,63.25964,-84,193672,3,43.6
8.28,1.2,5.544,31.2,12.632,24.4,32.09744,63.26727,-84,193672,3,43.6
8.288,1.2,5.552,29.6,12.632,22.8,32.07599,63.22913,-83,193672,3,43.6
8.28,1.2,5.552,30.4,12.632,23.6,32.06527,63.25201,-81,193672,3,42.6
8.288,1.2,5.552,29.2,12.632,23.2,32.07599,63.23676,-85,191192,3,43.6
8.288,1.2,5.552,30.0,12.632,24.0,32.09744,63.25201,-81,193672,3,43.6
8.288,1.2,5.552,28.8,12.632,25.2,32.08672,63.19861,-81,193672,3,42.6
8.288,1.2,5.552,29.6,12.632,23.6,32.08672,63.20624,-80,193672,3,43.6
8.28,1.2,5.552,31.6,12.632,24.0,32.09744,63.19861,-85,193672,3,42.6
8.288,1.2,5.544,29.2,12.632,23.6,32.08672,63.25201,-84,193672,3,42.6
8.288,1.2,5.552,30.8,12.632,24.0,32.09744,63.22913,-85,193672,3,42.6
8.288,1.2,5.552,28.8,12.632,23.2,32.08672,63.22913,-81,193672,3,43.6
8.288,1.2,5.56,30.0,12.632,24.0,32.09744,63.21387,-79,193672,3,43.6
8.288,1.2,5.552,32.0,12.632,25.2,32.10817,63.18335,-77,193672,3,42.6
8.288,1.2,5.56,29.6,12.632,23.6,32.09744,63.17572,-79,193672,3,43.6
8.288,1.2,5.552,30.8,12.632,24.4,32.10817,63.19098,-77,193672,3,43.6
8.288,1.2,5.544,29.2,12.632,23.6,32.08672,63.19861,-79,193672,3,42.6
8.288,1.2,5.552,30.4,12.632,24.4,32.07599,63.22913,-80,193672,3,43.6
8.288,1.2,5.56,29.2,12.632,23.6,32.07599,63.22913,-79,193672,3,43.6
8.288,1.2,5.552,29.6,12.632,24.0,32.09744,63.23676,-79,193672,3,42.6
8.288,1.2,5.56,29.2,12.632,23.6,32.07599,63.25201,-79,193672,3,43.6
8.288,1.2,5.552,29.2,12.632,23.6,32.08672,63.25201,-79,193672,3,43.6
8.288,1.2,5.552,32.0,12.632,23.6,32.07599,63.2215,-79,193672,3,42.6
8.288,1.2,5.552,29.2,12.632,23.6,32.06527,63.26727,-79,191192,3,44.6
8.288,1.2,5.552,31.2,12.632,23.6,32.05454,63.28253,-77,193672,3,43.6
8.288,1.2,5.552,29.2,12.632,23.6,32.05454,63.29779,-77,193672,3,42.6
8.288,1.2,5.552,30.0,12.632,23.6,32.04382,63.32068,-78,193672,3,43.6
8.288,1.2,5.544,32.8,12.632,25.2,32.05454,63.29016,-79,193672,3,42.6
8.288,1.2,5.552,29.6,12.632,23.6,32.06527,63.32068,-79,193672,3,43.6
8.288,1.2,5.552,31.6,12.632,24.4,32.06527,63.30542,-79,193672,3,42.6
8.288,1.2,5.56,29.2,12.632,23.6,32.08672,63.28253,-78,193672,3,43.6
8.288,1.2,5.544,31.2,12.632,24.0,32.06527,63.26727,-78,193672,3,42.6
8.288,1.2,5.552,29.2,12.632,23.2,32.07599,63.2749,-78,193672,3,42.6
8.288,1.2,5.552,30.4,12.632,23.6,32.07599,63.25201,-79,193620,3,42.6
8.288,1.2,5.552,29.2,12.632,24.8,32.08672,63.24438,-78,193672,3,42.6
8.288,1.2,5.56,29.6,12.632,23.6,32.08672,63.18335,-79,193672,3,43.6
8.288,1.2,5.552,32.4,12.632,24.8,32.07599,63.21387,-79,193672,3,43.6
8.288,1.2,5.552,29.6,12.632,23.6,32.06527,63.2749,-79,193672,3,42.6
8.28,1.2,5.552,30.8,12.632,24.0,32.05454,63.28253,-79,193672,3,42.6
8.288,1.2,5.552,29.6,12.632,23.2,32.06527,63.30542,-77,193672,3,43.6
8.288,1.2,5.536,41.6,12.624,29.2,32.06527,63.32068,-78,193672,3,43.6
8.288,1.2,5.552,29.2,12.632,23.2,32.06527,63.30542,-79,193672,3,42.6
8.288,1.2,5.552,30.4,12.632,24.0,32.05454,63.29779,-79,191144,3,43.6
8.288,1.2,5.552,30.0,12.632,24.8,32.03309,63.34357,-80,193672,3,42.6
8.288,1.2,5.552,29.6,12.632,23.6,32.04382,63.32831,-78,193672,3,42.6
8.288,1.2,5.544,29.6,12.632,24.4,32.04382,63.34357,-79,193672,3,42.6
8.288,1.2,5.552,29.6,12.632,23.2,32.04382,63.32831,-79,193672,3,42.6
8.288,1.2,5.544,29.2,12.632,24.0,32.05454,63.34357,-79,193672,3,42.6
8.288,1.2,5.552,29.2,12.632,23.2,32.07599,63.32068,-79,193672,3,42.6
8.288,1.2,5.552,29.2,12.632,23.6,32.09744,63.29016,-78,193672,3,43.6
8.288,1.2,5.544,32.4,12.632,24.8,32.07599,63.23676,-77,193672,3,42.6
8.288,1.2,5.56,29.6,12.632,23.6,32.08672,63.21387,-79,193672,3,42.6
8.288,1.2,5.552,32.4,12.632,24.4,32.07599,63.18335,-78,193672,3,43.6
8.288,1.2,5.552,29.6,12.632,23.2,32.08672,63.16809,-78,193672,3,43.6
8.288,1.2,5.552,31.2,12.632,24.4,32.07599,63.20624,-79,193672,3,42.6
8.288,1.2,5.552,29.2,12.632,23.6,32.06527,63.2215,-78,193672,3,43.6
8.288,1.2,5.544,32.4,12.632,24.0,32.04382,63.25964,-79,193672,3,42.6
8.288,1.2,5.552,29.2,12.632,23.2,32.07599,63.2215,-77,193672,3,42.6
8.288,1.2,5.552,30.8,12.632,24.0,32.07599,63.22913,-77,193620,3,43.6
8.28,1.2,5.544,32.8,12.632,24.0,32.07599,63.25964,-79,193672,3,42.6
8.288,1.2,5.552,29.2,12.632,23.6,32.06527,63.2215,-79,193672,3,43.6
8.296,1.2,5.52,53.6,12.624,35.2,32.08672,63.22913,-80,192100,3,43.6
8.288,1.2,5.552,29.2,12.632,23.2,32.07599,63.2215,-79,193672,3,43.6
8.28,1.2,5.552,30.8,12.632,23.6,32.06527,63.29016,-78,193672,3,42.6
8.288,1.2,5.552,28.8,12.632,23.6,32.04382,63.29016,-78,193672,3,42.6
8.288,1.2,5.552,30.8,12.632,23.2,32.03309,63.3512,-77,193672,3,42.6
8.288,1.2,5.552,28.8,12.632,23.2,32.02237,63.41986,-79,193672,3,42.6
8.288,1.2,5.56,30.4,12.632,23.2,32.01164,63.41223,-79,193620,3,42.6
8.288,1.2,5.552,32.4,12.632,24.8,32.02237,63.43512,-79,193672,3,42.6
8.288,1.2,5.552,29.6,12.632,23.2,32.02237,63.45038,-80,193672,3,43.6
8.28,1.2,5.552,31.2,12.632,24.4,32.03309,63.44275,-78,193672,3,42.6
8.288,1.2,5.552,29.6,12.632,23.2,32.02237,63.41223,-78,193672,3,42.6
8.288,1.2,5.552,31.2,12.632,24.4,32.01164,63.41223,-79,193672,3,42.6
8.288,1.2,5.552,29.6,12.632,23.2,32.03309,63.42749,-79,193672,3,42.6
8.28,1.2,5.552,30.4,12.632,23.6,32.01164,63.43512,-79,193620,3,42.6
8.288,1.2,5.552,28.8,12.632,23.2,31.99019,63.45038,-81,193672,3,42.6
8.288,1.2,5.552,30.4,12.632,23.6,32.01164,63.48853,-78,193672,3,43.6
8.288,1.2,5.536,45.6,12.624,31.2,31.97947,63.51141,-79,191192,3,43.6
8.288,1.2,5.544,29.6,12.632,23.6,31.96874,63.55719,-80,193672,3,43.6
8.288,1.2,5.552,31.2,12.632,24.4,31.96874,63.58771,-78,193672,3,42.6
8.288,1.2,5.552,29.6,12.632,23.6,31.97947,63.6106,-79,193672,3,42.6
8.28,1.2,5.552,30.4,12.632,24.0,31.97947,63.58008,-79,193672,3,43.6
8.288,1.2,5.552,29.2,12.632,23.2,31.97947,63.60297,-79,193672,3,42.6
8.288,1.2,5.552,30.0,12.632,23.2,31.97947,63.60297,-84,193672,3,43.6
8.288,1.2,5.552,30.4,12.632,24.4,31.99019,63.56482,-79,193672,3,42.6
8.288,1.2,5.56,29.6,12.632,23.2,32.00092,63.58008,-80,193672,3,42.6
8.288,1.2,5.552,29.6,12.632,24.4,32.00092,63.54956,-79,193672,3,42.6
8.288,1.2,5.552,29.2,12.632,23.6,31.99019,63.54193,-79,193672,3,42.6
8.288,1.2,5.552,29.2,12.632,24.0,31.99019,63.54956,-78,193672,3,43.6
8.288,1.2,5.552,28.8,12.632,23.2,31.99019,63.5343,-80,193672,3,43.6
8.288,1.2,5.552,28.8,12.632,23.6,32.01164,63.52667,-80,193672,3,43.6
8.28,1.2,5.552,32.0,12.632,24.0,31.99019,63.54193,-79,193672,3,42.6
8.288,1.2,5.552,28.8,12.632,23.6,32.00092,63.49615,-80,193672,3,43.6
8.288,1.2,5.544,30.8,12.632,23.6,31.99019,63.5343,-78,193672,3,43.6
8.288,1.2,5.544,29.2,12.632,23.2,31.96874,63.54956,-80,193672,3,42.6
8.288,1.2,5.552,30.4,12.632,23.6,31.96874,63.5343,-79,193672,3,43.6
8.288,1.2,5.552,29.2,12.632,23.6,31.97947,63.55719,-82,191192,3,43.6
8.288,1.2,5.56,30.0,12.632,23.6,31.95802,63.60297,-79,193672,3,43.6
8.288,1.2,5.544,32.0,12.632,24.8,31.96874,63.58008,-80,193672,3,42.6
8.288,1.2,5.552,30.0,12.632,23.6,31.99019,63.58771,-79,193672,3,42.6
8.288,1.2,5.552,31.6,12.632,24.4,31.99019,63.56482,-79,193672,3,42.6
8.288,1.2,5.552,29.6,12.632,23.2,31.99019,63.51904,-80,193672,3,42.6
8.288,1.2,5.552,30.8,12.632,24.0,32.00092,63.48853,-76,193672,3,42.6
8.288,1.2,5.552,29.2,12.632,23.2,32.00092,63.51141,-82,193672,3,43.6
8.288,1.2,5.552,30.4,12.632,23.6,32.00092,63.4809,-77,193672,3,43.6
8.288,1.2,5.552,29.2,12.632,24.8,32.00092,63.51904,-76,193672,3,42.6
8.288,1.2,5.552,29.6,12.632,23.2,32.00092,63.49615,-77,193672,3,43.6
8.288,1.2,5.544,31.6,12.632,24.8,32.00092,63.55719,-77,193672,3,42.6
8.288,1.2,5.552,29.2,12.632,23.2,32.00092,63.5343,-76,193672,3,42.6
8.28,1.2,5.552,30.8,12.632,24.4,31.99019,63.5343,-78,193672,3,43.6
8.288,1.2,5.552,29.2,12.632,23.2,31.97947,63.55719,-77,193672,3,42.6
8.288,1.2,5.552,30.0,12.632,23.6,31.97947,63.55719,-78,193620,3,42.6
8.288,1.2,5.544,31.6,12.632,24.4,32.00092,63.57245,-76,193672,3,43.6
8.288,1.2,5.552,29.6,12.632,23.6,32.00092,63.54193,-76,193672,3,43.6
8.288,1.2,5.544,29.6,12.632,24.8,31.99019,63.55719,-76,193672,3,42.6
8.296,1.2,5.52,55.2,12.624,35.2,31.99019,63.54956,-77,192100,3,43.6
8.28,1.2,5.544,30.0,12.632,24.4,31.97947,63.54193,-76,193672,3,43.6
8.288,1.2,5.552,29.2,12.632,23.6,31.96874,63.56482,-77,193672,3,42.6
8.288,1.2,5.552,30.0,12.632,24.0,31.97947,63.57245,-78,193672,3,42.6
8.288,1.2,5.552,28.8,12.632,23.2,31.97947,63.56482,-78,193672,3,42.6
8.288,1.2,5.552,30.0,12.632,23.6,31.95802,63.58008,-78,193672,3,43.6
8.28,1.2,5.544,32.4,12.632,24.4,31.95802,63.61823,-77,193672,3,42.6
8.288,1.2,5.56,29.6,12.632,23.6,31.95802,63.59534,-77,193672,3,43.6
8.288,1.2,5.544,31.6,12.632,24.8,31.96874,63.61823,-77,193672,3,42.6
8.288,1.2,5.544,29.2,12.632,23.6,31.96874,63.62585,-78,193672,3,43.6
8.288,1.2,5.552,30.8,12.632,24.4,31.96874,63.61823,-76,193672,3,43.6
8.288,1.2,5.552,29.2,12.632,23.6,31.99019,63.59534,-78,193672,3,42.6
8.288,1.2,5.552,30.4,12.632,23.6,31.97947,63.58008,-78,193672,3,42.6
8.288,1.2,5.544,29.2,12.632,23.2,31.99019,63.6106,-76,193672,3,43.6
8.288,1.2,5.56,29.6,12.632,23.6,31.99019,63.58771,-77,193672,3,43.6
8.288,1.2,5.552,32.4,12.632,23.6,31.97947,63.55719,-78,193672,3,42.6
8.288,1.2,5.536,43.2,12.624,29.6,31.99019,63.57245,-76,193672,3,43.6
8.28,1.2,5.544,31.6,12.632,24.0,31.99019,63.5343,-78,193672,3,42.6
8.288,1.2,5.544,28.8,12.632,23.6,31.99019,63.51141,-77,193672,3,43.6
8.288,1.2,5.512,56.4,12.624,35.2,31.97947,63.5343,-78,192100,3,43.6
8.288,1.2,5.552,29.2,12.632,23.2,31.99019,63.52667,-78,193672,3,42.6
8.288,1.2,5.552,30.4,12.632,23.2,31.99019,63.52667,-77,193620,3,42.6
8.288,1.2,5.552,28.8,12.632,23.2,31.99019,63.54956,-76,193672,3,42.6
8.288,1.2,5.552,29.6,12.632,23.6,32.00092,63.50378,-78,193672,3,43.6
8.288,1.2,5.544,32.4,12.632,24.8,31.99019,63.51141,-76,193672,3,42.6
8.288,1.2,5.552,30.0,12.632,23.6,31.96874,63.58008,-77,193672,3,43.6
8.288,1.2,5.552,31.2,12.632,24.4,31.99019,63.54956,-78,193672,3,43.6
8.288,1.2,5.552,29.6,12.632,23.2,31.96874,63.56482,-77,193672,3,43.6
8.288,1.2,5.552,30.8,12.632,24.0,31.97947,63.59534,-77,193672,3,42.6
8.288,1.2,5.552,29.2,12.632,23.2,31.95802,63.6106,-77,193672,3,43.6
8.288,1.2,5.552,30.4,12.632,23.6,31.96874,63.59534,-76,193620,3,42.6
8.288,1.2,5.552,29.2,12.632,24.8,31.95802,63.6106,-81,193672,3,43.6
8.288,1.2,5.552,30.0,12.632,23.6,31.95802,63.59534,-81,193672,3,43.6
8.288,1.2,5.552,32.0,12.632,24.8,31.97947,63.62585,-80,193672,3,43.6
8.288,1.2,5.552,29.2,12.632,23.6,31.97947,63.58771,-82,193672,3,42.6
8.288,1.2,5.552,30.8,12.632,24.4,31.99019,63.56482,-82,193672,3,43.6
8.288,1.2,5.552,29.6,12.632,23.2,31.97947,63.58008,-81,193672,3,42.6
8.288,1.2,5.544,30.4,12.632,24.0,31.95802,63.61823,-80,193672,3,43.6
8.288,1.2,5.544,36.4,12.632,26.8,31.95802,63.63348,-81,191192,3,43.6
8.288,1.2,5.552,30.0,12.632,23.6,31.95802,63.6106,-80,193672,3,43.6
8.288,1.2,5.544,30.8,12.632,24.8,31.93657,63.664,-78,193672,3,42.6
8.288,1.2,5.544,29.6,12.632,23.6,31.93657,63.67163,-78,193672,3,42.6
8.288,1.2,5.544,30.4,12.632,24.4,31.92584,63.70215,-78,193672,3,43.6
8.288,1.2,5.552,29.2,12.632,23.6,31.93657,63.71741,-79,193672,3,42.6
8.288,1.2,5.544,29.6,12.632,24.0,31.93657,63.70215,-80,193672,3,42.6
8.288,1.2,5.552,29.2,12.632,23.2,31.93657,63.70215,-80,193672,3,43.6
8.288,1.2,5.552,29.6,12.632,24.0,31.93657,63.67163,-79,193672,3,42.6
8.288,1.2,5.544,29.2,12.632,23.2,31.96874,63.64111,-79,193672,3,42.6
8.288,1.2,5.552,29.2,12.632,23.6,31.95802,63.65637,-80,193672,3,43.6
8.288,1.2,5.552,32.0,12.632,24.4,31.96874,63.62585,-80,193672,3,42.6
8.288,1.2,5.552,29.6,12.632,23.6,31.95802,63.64111,-79,193672,3,43.6
8.288,1.2,5.544,31.2,12.632,24.4,31.94729,63.64111,-80,193672,3,43.6
8.288,1.2,5.552,29.6,12.632,23.6,31.93657,63.67163,-80,193672,3,43.6
8.288,1.2,5.544,30.8,12.632,24.0,31.93657,63.69452,-79,193672,3,42.6
8.288,1.2,5.544,33.6,12.632,25.6,31.93657,63.70215,-81,193672,3,43.6
8.288,1.2,5.552,30.8,12.632,24.0,31.93657,63.70978,-81,193672,3,43.6
8.288,1.2,5.552,29.2,12.632,23.2,31.92584,63.71741,-89,193672,3,43.6
8.296,1.2,5.52,55.6,12.624,35.2,31.94729,63.72504,-81,192100,3,43.6
8.28,1.2,5.552,32.4,12.632,24.4,31.92584,63.72504,-80,193672,3,42.6
8.288,1.2,5.552,29.6,12.632,23.2,31.94729,63.70978,-80,193620,3,43.6
8.288,1.2,5.552,31.2,12.632,24.0,31.95802,63.70978,-80,193672,3,42.6
8.288,1.2,5.552,29.6,12.632,23.6,31.94729,63.64874,-80,193672,3,42.6
8.288,1.2,5.552,30.4,12.632,23.6,31.95802,63.65637,-80,193672,3,42.6
8.288,1.2,5.56,28.8,12.632,23.2,31.94729,63.64874,-79,193672,3,42.6
8.288,1.2,5.552,30.0,12.632,23.2,31.96874,63.64874,-79,193672,3,43.6
8.288,1.2,5.552,32.0,12.632,24.8,31.96874,63.61823,-77,193672,3,42.6
8.288,1.2,5.552,29.6,12.632,23.2,31.96874,63.6106,-78,193672,3,42.6
8.288,1.2,5.552,31.2,12.632,24.4,31.97947,63.6106,-79,193672,3,43.6
8.288,1.2,5.552,29.6,12.632,23.2,31.97947,63.59534,-80,193672,3,42.6
8.288,1.2,5.552,30.8,12.632,24.0,31.99019,63.55719,-79,193672,3,42.6
8.288,1.2,5.536,41.2,12.624,30.4,32.00092,63.58771,-78,193672,3,43.6
8.288,1.2,5.544,30.4,12.632,23.6,32.00092,63.54193,-79,193672,3,43.6
8.288,1.2,5.552,29.2,12.632,23.2,31.99019,63.54956,-78,193672,3,42.6
8.296,1.2,5.52,54.8,12.624,35.2,32.00092,63.54193,-76,192100,3,43.6
8.288,1.2,5.552,31.6,12.632,24.8,31.99019,63.52667,-74,193672,3,43.6
8.288,1.2,5.552,30.0,12.632,23.6,31.97947,63.51141,-73,193672,3,43.6
8.288,1.2,5.544,31.2,12.632,24.4,31.97947,63.54193,-74,193672,3,42.6
8.288,1.2,5.552,29.2,12.632,23.6,31.97947,63.5343,-73,193672,3,42.6
8.288,1.2,5.552,30.4,12.632,24.0,31.96874,63.54956,-73,193672,3,42.6
8.288,1.2,5.56,28.8,12.632,23.2,31.93657,63.6106,-74,193672,3,42.6
8.28,1.2,5.552,30.4,12.632,23.6,31.93657,63.65637,-73,193672,3,43.6
8.288,1.2,5.552,31.6,12.632,24.8,31.92584,63.67163,-74,193672,3,42.6
8.288,1.2,5.552,29.2,12.632,23.6,31.93657,63.65637,-73,193672,3,42.6
8.288,1.2,5.552,30.4,12.632,24.4,31.92584,63.69452,-73,193672,3,42.6
8.288,1.2,5.552,29.6,12.632,23.2,31.92584,63.69452,-74,193672,3,42.6
8.288,1.2,5.552,30.0,12.632,24.0,31.92584,63.68689,-74,193672,3,42.6
8.288,1.2,5.552,29.2,12.632,23.2,31.91512,63.69452,-73,193672,3,43.6
8.288,1.2,5.552,29.2,12.632,23.6,31.91512,63.70215,-73,193672,3,43.6
8.288,1.2,5.552,32.8,12.632,23.6,31.92584,63.71741,-74,193672,3,43.6
8.288,1.2,5.544,30.8,12.632,24.4,31.91512,63.71741,-73,193672,3,43.6
8.288,1.2,5.544,31.6,12.632,23.6,31.93657,63.70215,-74,193672,3,42.6
8.288,1.2,5.56,28.8,12.632,23.2,31.92584,63.67926,-73,193672,3,42.6
8.288,1.2,5.544,33.2,12.632,24.4,31.92584,63.68689,-74,192100,3,42.6
8.288,1.2,5.552,28.8,12.632,23.2,31.92584,63.664,-74,193672,3,42.6
8.288,1.2,5.552,30.0,12.632,23.6,31.92584,63.67163,-74,193672,3,42.6
8.288,1.2,5.552,28.8,12.632,23.2,31.93657,63.67926,-73,193672,3,42.6
8.288,1.2,5.552,29.6,12.632,23.6,31.93657,63.67926,-73,193672,3,42.6
8.28,1.2,5.552,31.6,12.632,24.8,31.91512,63.68689,-73,193672,3,42.6
8.288,1.2,5.552,29.6,12.632,23.2,31.93657,63.70215,-74,193672,3,42.6
8.288,1.2,5.552,30.8,12.632,24.0,31.93657,63.68689,-73,193672,3,42.6
8.288,1.2,5.552,28.8,12.632,23.2,31.93657,63.70215,-73,193672,3,42.6
8.28,1.2,5.552,30.4,12.632,23.6,31.94729,63.65637,-74,193672,3,42.6
8.28,1.2,5.552,29.2,12.632,25.2,31.93657,63.64874,-73,193672,3,43.6
8.288,1.2,5.552,30.4,12.632,24.0,31.93657,63.63348,-74,193672,3,43.6
8.288,1.2,5.544,32.4,12.632,24.8,31.93657,63.62585,-73,193672,3,42.6
8.288,1.2,5.552,30.0,12.632,23.2,31.93657,63.65637,-73,193672,3,42.6
8.288,1.2,5.552,31.2,12.632,24.4,31.94729,63.62585,-74,193672,3,42.6
8.288,1.2,5.552,29.2,12.632,23.2,31.94729,63.62585,-72,193672,3,42.6
8.288,1.2,5.512,57.2,12.624,36.0,31.96874,63.59534,-71,191156,3,44.6
8.288,1.2,5.552,29.6,12.632,23.6,31.96874,63.57245,-70,193672,3,42.6
8.288,1.2,5.552,29.6,12.632,23.6,31.96874,63.57245,-72,193672,3,43.6
8.288,1.2,5.552,30.4,12.632,23.2,31.96874,63.58771,-71,193672,3,42.6
8.288,1.2,5.552,29.6,12.632,23.6,31.97947,63.55719,-70,193672,3,42.6
8.288,1.2,5.552,29.6,12.632,24.0,31.99019,63.55719,-71,193672,3,42.6
8.288,1.2,5.544,29.2,12.632,23.6,31.97947,63.51904,-71,193672,3,42.6
8.288,1.2,5.552,29.6,12.632,24.0,31.97947,63.5343,-72,193672,3,42.6
8.288,1.2,5.552,29.2,12.632,23.2,32.00092,63.49615,-72,193672,3,42.6
8.288,1.2,5.552,29.6,12.632,23.6,32.00092,63.51141,-72,193672,3,42.6
8.288,1.2,5.552,29.2,12.632,23.2,32.00092,63.46564,-71,193672,3,43.6
8.288,1.2,5.552,29.2,12.632,23.6,31.99019,63.45801,-72,193672,3,42.6
8.28,1.2,5.544,32.0,12.632,24.4,31.99019,63.47327,-71,193672,3,42.6
8.288,1.2,5.552,29.6,12.632,23.6,31.99019,63.45801,-71,193672,3,42.6
8.288,1.2,5.552,30.8,12.632,24.0,31.99019,63.45801,-71,193672,3,42.6
8.288,1.2,5.552,29.2,12.632,23.6,32.00092,63.49615,-71,193672,3,42.6
8.288,1.2,5.536,40.8,12.632,28.8,31.97947,63.48853,-71,193672,3,43.6
8.288,1.2,5.552,29.2,12.632,25.2,31.99019,63.49615,-72,193672,3,42.6
8.288,1.2,5.552,29.6,12.632,23.6,31.99019,63.50378,-77,193672,3,43.6
8.296,1.2,5.52,57.2,12.624,34.8,31.99019,63.51904,-76,192100,3,43.6
8.288,1.2,5.552,29.6,12.632,23.6,31.97947,63.51141,-76,193672,3,43.6
8.288,1.2,5.552,31.2,12.632,23.6,31.99019,63.4809,-77,193672,3,42.6
8.288,1.2,5.552,28.8,12.632,23.2,32.01164,63.47327,-76,193672,3,43.6
8.288,1.2,5.544,30.4,12.632,23.6,32.01164,63.45038,-76,193672,3,43.6
8.288,1.2,5.544,29.2,12.632,23.2,32.00092,63.44275,-77,193672,3,42.6
8.288,1.2,5.552,30.0,12.632,23.2,32.00092,63.45801,-76,193672,3,43.6
8.288,1.2,5.544,32.0,12.632,24.8,32.01164,63.45038,-77,193672,3,42.6
8.296,1.2,5.552,29.6,12.632,23.2,32.02237,63.43512,-76,193672,3,43.6
8.288,1.2,5.544,30.8,12.632,24.4,32.01164,63.43512,-75,193672,3,42.6
8.288,1.2,5.552,29.6,12.632,23.2,32.01164,63.41223,-75,193676,3,43.6
8.288,1.2,5.544,30.8,12.632,24.0,32.01164,63.42749,-76,193676,3,42.6
8.288,1.2,5.544,29.2,12.632,23.2,32.03309,63.39697,-76,193676,3,42.6
8.288,1.2,5.552,30.0,12.632,23.6,32.02237,63.39697,-75,193628,3,43.6
8.288,1.2,5.544,29.2,12.632,24.8,32.04382,63.4046,-76,193676,3,43.6
8.288,1.2,5.552,29.6,12.632,23.2,32.03309,63.38171,-76,193676,3,43.6
8.288,1.2,5.544,34.0,12.632,25.6,32.04382,63.38171,-76,193676,3,43.6
8.288,1.2,5.552,29.6,12.632,23.6,32.03309,63.3512,-75,193676,3,42.6
8.288,1.2,5.544,31.2,12.632,24.0,32.02237,63.38171,-75,193676,3,42.6
8.296,1.2,5.52,54.8,12.624,34.8,32.02237,63.38171,-76,192092,3,43.6
8.288,1.2,5.552,30.4,12.632,24.0,32.02237,63.39697,-76,193676,3,42.6
8.288,1.2,5.552,28.8,12.632,23.2,32.03309,63.38171,-76,193676,3,43.6
8.288,1.2,5.544,30.0,12.632,23.6,32.03309,63.39697,-76,193676,3,42.6
8.288,1.2,5.544,32.4,12.632,24.8,32.02237,63.39697,-75,193676,3,42.6
8.288,1.2,5.552,29.6,12.632,23.6,32.03309,63.38934,-77,193676,3,43.6
8.288,1.2,5.552,31.2,12.632,24.4,32.02237,63.41223,-75,193676,3,43.6
8.288,1.2,5.552,29.6,12.632,23.6,32.03309,63.35883,-77,193676,3,43.6
8.28,1.2,5.552,32.4,12.632,24.0,32.03309,63.39697,-77,193676,3,42.6
8.288,1.2,5.552,29.2,12.632,23.2,32.02237,63.38171,-77,193676,3,42.6
8.288,1.2,5.552,29.6,12.632,23.6,32.04382,63.35883,-77,193676,3,43.6
8.288,1.2,5.544,32.8,12.632,25.6,32.04382,63.37408,-77,193676,3,42.6
8.288,1.2,5.544,29.2,12.632,23.6,32.05454,63.32831,-76,193676,3,42.6
8.288,1.2,5.544,31.2,12.632,23.6,32.04382,63.29779,-76,193676,3,43.6
8.288,1.2,5.552,29.2,12.632,23.2,32.06527,63.32831,-76,193676,3,42.6
8.288,1.2,5.552,30.4,12.632,23.6,32.06527,63.29016,-76,193676,3,43.6
8.288,1.2,5.552,28.8,12.632,23.6,32.06527,63.26727,-77,192092,3,43.6
8.288,1.2,5.544,30.0,12.632,23.6,32.05454,63.26727,-76,193628,3,42.6
8.288,1.2,5.552,28.8,12.632,23.2,32.05454,63.24438,-76,193676,3,42.6
8.288,1.2,5.552,30.0,12.632,23.2,32.05454,63.2749,-76,193676,3,42.6
8.288,1.2,5.552,31.6,12.632,24.4,32.03309,63.29779,-76,193676,3,42.6
8.288,1.2,5.552,29.6,12.632,23.6,32.05454,63.2749,-77,193676,3,42.6
8.28,1.2,5.544,30.8,12.632,24.0,32.04382,63.2749,-76,193676,3,42.6
8.288,1.2,5.552,29.2,12.632,23.2,32.03309,63.31305,-74,193676,3,42.6
8.288,1.2,5.552,30.8,12.632,23.6,32.04382,63.31305,-76,193676,3,42.6
8.288,1.2,5.544,28.8,12.632,23.2,32.03309,63.31305,-75,193676,3,42.6
8.288,1.2,5.552,30.0,12.632,23.6,32.02237,63.34357,-75,193676,3,43.6
8.28,1.2,5.544,32.4,12.632,24.8,32.02237,63.34357,-74,193676,3,42.6
8.288,1.2,5.552,29.6,12.632,23.6,32.01164,63.34357,-74,193676,3,43.6
8.28,1.2,5.552,31.6,12.632,24.4,32.00092,63.36646,-74,193676,3,43.6
8.288,1.2,5.552,29.6,12.632,23.2,32.00092,63.39697,-74,193676,3,42.6
8.28,1.2,5.544,30.8,12.632,24.0,32.00092,63.42749,-75,193676,3,42.6
8.288,1.2,5.552,29.6,12.632,23.6,31.97947,63.45038,-74,191196,3,43.6
8.28,1.2,5.552,30.4,12.632,24.0,31.99019,63.45801,-74,193624,3,42.6
8.288,1.2,5.544,29.2,12.632,22.8,32.00092,63.43512,-74,193676,3,42.6
8.288,1.2,5.544,30.0,12.632,23.6,32.02237,63.44275,-74,193676,3,42.6
8.28,1.2,5.552,30.0,12.632,24.4,32.00092,63.43512,-75,193676,3,42.6
8.288,1.2,5.544,29.6,12.632,23.6,31.99019,63.41986,-73,193676,3,42.6
8.288,1.2,5.552,29.6,12.632,24.0,31.99019,63.46564,-75,193676,3,42.6
8.288,1.2,5.552,29.2,12.632,23.2,31.97947,63.48853,-75,193676,3,42.6
8.288,1.2,5.552,29.6,12.632,23.6,31.97947,63.52667,-75,193676,3,42.6
8.288,1.2,5.552,28.8,12.632,23.2,31.95802,63.59534,-74,193676,3,42.6
8.288,1.2,5.552,29.6,12.632,23.6,31.94729,63.58771,-75,193676,3,43.6
8.288,1.2,5.544,31.6,12.632,24.0,31.95802,63.58008,-74,193676,3,42.6
8.288,1.2,5.552,29.6,12.632,23.2,31.94729,63.57245,-73,193676,3,42.6
8.28,1.2,5.552,31.2,12.632,24.4,31.96874,63.59534,-74,193676,3,43.6
8.288,1.2,5.544,29.2,12.632,23.6,31.97947,63.59534,-74,193676,3,42.6
8.288,1.2,5.552,30.4,12.632,24.0,31.97947,63.58771,-74,193676,3,42.6
8.288,1.2,5.552,30.4,12.632,24.0,31.97947,63.52667,-74,193676,3,43.6
8.288,1.2,5.544,29.6,12.632,23.6,31.97947,63.5343,-75,193676,3,43.6
8.28,1.2,5.552,32.0,12.632,24.8,31.97947,63.49615,-74,193676,3,42.6
8.288,1.2,5.544,29.6,12.632,23.6,31.97947,63.49615,-75,191148,3,43.6
8.288,1.2,5.544,31.2,12.632,24.4,31.95802,63.50378,-74,193672,3,42.6
8.288,1.2,5.552,29.2,12.632,23.6,31.97947,63.52667,-73,193672,3,42.6
8.288,1.2,5.552,30.4,12.632,23.6,31.95802,63.58008,-74,193672,3,42.6
8.288,1.2,5.56,28.8,12.632,23.2,31.95802,63.57245,-75,193672,3,42.6
8.28,1.2,5.552,30.0,12.632,23.6,31.96874,63.56482,-74,193672,3,43.6
8.288,1.2,5.544,32.0,12.632,24.8,31.96874,63.59534,-74,193672,3,42.6
8.288,1.2,5.552,29.6,12.632,23.2,31.96874,63.57245,-74,193672,3,42.6
8.28,1.2,5.552,31.6,12.632,24.4,31.95802,63.57245,-74,193672,3,42.6
8.288,1.2,5.552,29.2,12.632,23.2,31.95802,63.58771,-74,193672,3,42.6
8.28,1.2,5.552,30.8,12.632,24.0,31.94729,63.59534,-74,193672,3,43.6
8.288,1.2,5.552,29.2,12.632,23.2,31.94729,63.60297,-74,193672,3,42.6
8.288,1.2,5.552,30.0,12.632,23.6,31.95802,63.61823,-75,193672,3,43.6
8.288,1.2,5.552,28.8,12.632,23.2,31.95802,63.60297,-74,193672,3,43.6
8.288,1.2,5.552,30.0,12.632,23.2,31.95802,63.58008,-72,193672,3,42.6
8.288,1.2,5.552,30.8,12.632,24.4,31.94729,63.56482,-74,193672,3,42.6
8.288,1.2,5.544,36.4,12.632,26.4,31.94729,63.57245,-73,193676,3,43.6
8.28,1.2,5.552,30.4,12.632,24.4,31.95802,63.56482,-74,193676,3,42.6
8.288,1.2,5.552,29.2,12.632,23.6,31.96874,63.57245,-74,193676,3,42.6
8.288,1.2,5.512,54.8,12.624,35.2,31.95802,63.54956,-73,192056,3,42.6
8.288,1.2,5.56,28.8,12.632,23.2,31.96874,63.57245,-74,193676,3,42.6
8.288,1.2,5.544,30.0,12.632,23.6,31.97947,63.54193,-74,193676,3,42.6
8.288,1.2,5.544,32.0,12.632,24.8,31.96874,63.55719,-73,193676,3,42.6
8.28,1.2,5.552,29.6,12.632,23.6,31.99019,63.5343,-74,193672,3,43.6
8.28,1.2,5.552,33.2,12.632,24.0,31.97947,63.51141,-73,193672,3,42.6
8.28,1.2,5.552,29.2,12.632,23.2,31.99019,63.51141,-73,193672,3,42.6
8.28,1.2,5.552,30.0,12.632,24.0,32.00092,63.4809,-76,193672,3,43.6
8.288,1.2,5.552,28.8,12.632,23.2,32.00092,63.4809,-74,193672,3,42.6
8.288,1.2,5.552,29.6,12.632,23.6,32.00092,63.46564,-84,193672,3,43.6
8.288,1.2,5.544,32.4,12.632,23.6,32.00092,63.47327,-84,193672,3,42.6
8.288,1.2,5.544,29.2,12.632,23.2,32.00092,63.45038,-83,193672,3,42.6
8.288,1.2,5.552,31.2,12.632,23.6,32.00092,63.48853,-84,193672,3,42.6
8.288,1.2,5.552,28.8,12.632,23.2,31.99019,63.45801,-84,193672,3,42.6
8.28,1.2,5.544,30.8,12.632,23.6,31.99019,63.47327,-84,193672,3,42.6
8.288,1.2,5.552,28.8,12.632,23.2,31.96874,63.50378,-84,193672,3,42.6
8.288,1.2,5.544,30.0,12.632,23.6,31.97947,63.51141,-83,193672,3,43.6
8.288,1.2,5.544,32.4,12.632,24.8,31.97947,63.5343,-84,193672,3,42.6
8.288,1.2,5.544,29.6,12.632,23.2,31.97947,63.54193,-75,193672,3,42.6
8.288,1.2,5.52,50.8,12.624,34.8,31.95802,63.5343,-82,191140,3,43.6
8.288,1.2,5.552,29.6,12.632,23.2,31.96874,63.5343,-80,193672,3,43.6
8.28,1.2,5.552,30.8,12.632,23.6,31.96874,63.54193,-80,193672,3,43.6
8.288,1.2,5.56,29.2,12.632,23.2,31.96874,63.56482,-79,193672,3,42.6
8.28,1.2,5.552,30.0,12.632,23.6,31.95802,63.6106,-82,193672,3,43.6
8.288,1.2,5.552,28.8,12.632,25.2,31.94729,63.64111,-80,193672,3,42.6
8.288,1.2,5.552,29.6,12.632,23.6,31.93657,63.664,-81,193672,3,42.6
8.288,1.2,5.544,32.0,12.632,24.8,31.91512,63.68689,-81,193672,3,43.6
8.288,1.2,5.552,29.2,12.632,23.2,31.90439,63.70978,-81,193672,3,42.6
8.288,1.2,5.552,30.8,12.632,23.6,31.89367,63.76318,-81,193672,3,43.6
8.288,1.2,5.544,29.2,12.632,23.2,31.90439,63.75555,-81,193676,3,42.6
8.288,1.2,5.552,30.4,12.632,23.6,31.90439,63.75555,-81,193676,3,42.6
8.288,1.2,5.544,38.4,12.632,27.6,31.90439,63.77081,-81,193676,3,43.6
8.288,1.2,5.552,29.6,12.632,23.6,31.90439,63.77081,-79,193676,3,43.6
8.288,1.2,5.544,30.0,12.632,24.4,31.92584,63.73267,-79,193676,3,42.6
8.288,1.2,5.552,29.2,12.632,23.6,31.92584,63.71741,-81,193676,3,42.6
8.288,1.2,5.544,30.4,12.632,24.8,31.93657,63.68689,-78,193676,3,43.6
8.288,1.2,5.552,28.8,12.632,23.2,31.92584,63.70215,-78,193676,3,42.6
8.288,1.2,5.552,28.8,12.632,23.6,31.93657,63.68689,-80,193676,3,43.6
8.296,1.2,5.512,57.2,12.624,34.8,31.93657,63.68689,-79,192104,3,43.6
8.288,1.2,5.552,29.6,12.632,23.2,31.92584,63.70978,-80,193676,3,43.6
8.28,1.2,5.544,32.0,12.632,23.6,31.91512,63.70978,-79,193676,3,42.6
8.288,1.2,5.552,29.2,12.632,23.6,31.89367,63.7403,-79,193676,3,42.6
8.288,1.2,5.544,31.2,12.632,24.0,31.89367,63.80133,-79,193672,3,42.6
8.288,1.2,5.552,29.6,12.632,23.6,31.90439,63.7937,-81,193672,3,42.6
8.288,1.2,5.552,30.4,12.632,24.0,31.89367,63.80896,-82,193672,3,42.6
8.288,1.2,5.552,28.8,12.632,23.2,31.89367,63.84711,-80,193676,3,43.6
8.28,1.2,5.552,30.4,12.632,24.0,31.88294,63.86237,-79,193624,3,43.6
8.288,1.2,5.544,32.8,12.632,25.2,31.88294,63.88525,-81,193676,3,42.6
8.288,1.2,5.56,29.6,12.632,23.6,31.88294,63.87762,-79,193676,3,43.6
8.288,1.2,5.552,32.0,12.632,24.4,31.86149,63.86237,-80,193676,3,42.6
8.288,1.2,5.544,29.2,12.632,23.6,31.87222,63.88525,-83,193624,3,43.6
8.288,1.2,5.552,30.8,12.632,24.0,31.87222,63.89288,-81,193676,3,42.6
8.288,1.2,5.552,29.2,12.632,23.2,31.87222,63.86237,-80,193676,3,42.6
8.28,1.2,5.552,30.0,12.632,23.6,31.87222,63.85474,-80,193676,3,42.6
8.288,1.2,5.544,34.8,12.632,26.0,31.87222,63.87762,-80,193676,3,43.6
8.28,1.2,5.544,30.0,12.632,23.6,31.86149,63.88525,-81,193676,3,43.6
8.288,1.2,5.544,37.2,12.632,26.8,31.86149,63.9234,-80,193676,3,43.6
8.288,1.2,5.512,54.4,12.624,36.8,31.87222,63.90814,-80,192104,3,43.6
8.288,1.2,5.544,31.6,12.632,24.4,31.86149,63.90051,-81,193676,3,42.6
8.288,1.2,5.552,29.6,12.632,23.2,31.85077,63.90051,-81,193676,3,42.6
8.28,1.2,5.544,30.8,12.632,24.0,31.85077,63.93103,-81,193676,3,42.6
8.288,1.2,5.552,29.2,12.632,22.8,31.87222,63.88525,-81,193676,3,42.6
8.288,1.2,5.552,30.0,12.632,23.6,31.88294,63.90051,-81,193624,3,42.6
8.288,1.2,5.552,29.2,12.632,24.8,31.87222,63.88525,-80,193676,3,42.6
8.288,1.2,5.552,29.6,12.632,23.6,31.88294,63.86237,-78,193676,3,43.6
8.288,1.2,5.552,31.2,12.632,24.8,31.89367,63.85474,-79,193676,3,42.6
8.288,1.2,5.552,29.6,12.632,23.6,31.88294,63.82422,-78,193676,3,42.6
8.288,1.2,5.544,30.8,12.632,24.0,31.87222,63.84711,-81,193676,3,42.6
8.288,1.2,5.56,29.2,12.632,23.2,31.87222,63.87,-81,193676,3,42.6
8.288,1.2,5.552,30.0,12.632,24.0,31.89367,63.83948,-81,193624,3,42.6
8.288,1.2,5.552,32.8,12.632,25.2,31.88294,63.85474,-80,193676,3,42.6
8.288,1.2,5.552,29.6,12.632,23.6,31.90439,63.80896,-79,193676,3,42.6
8.288,1.2,5.544,30.8,12.632,24.4,31.92584,63.81659,-79,193676,3,42.6
8.288,1.2,5.552,30.0,12.632,23.6,31.92584,63.76318,-80,191148,3,43.6
8.288,1.2,5.552,30.4,12.632,24.0,31.91512,63.76318,-81,193676,3,42.6
8.288,1.2,5.552,29.6,12.632,23.2,31.90439,63.77081,-81,193676,3,42.6
8.288,1.2,5.552,29.6,12.632,23.6,31.90439,63.7937,-81,193676,3,42.6
8.288,1.2,5.552,29.2,12.632,23.2,31.90439,63.77081,-81,193676,3,42.6
8.288,1.2,5.552,28.8,12.632,23.6,31.91512,63.78607,-79,193676,3,42.6
8.288,1.2,5.552,32.4,12.632,25.2,31.90439,63.76318,-80,193676,3,42.6
8.288,1.2,5.552,29.2,12.632,23.6,31.89367,63.77844,-83,193676,3,42.6
8.288,1.2,5.552,31.2,12.632,23.6,31.89367,63.82422,-85,193676,3,42.6
8.288,1.2,5.552,29.2,12.632,23.6,31.91512,63.82422,-85,193676,3,42.6
8.288,1.2,5.552,30.8,12.632,23.6,31.88294,63.80896,-75,193676,3,43.6
8.288,1.2,5.552,29.2,12.632,23.2,31.89367,63.80896,-83,193676,3,42.6
8.288,1.2,5.552,30.4,12.632,23.6,31.89367,63.80133,-83,193676,3,42.6
8.288,1.2,5.552,29.2,12.632,23.2,31.90439,63.80896,-82,193676,3,43.6
8.288,1.2,5.552,30.0,12.632,23.6,31.88294,63.82422,-80,193676,3,43.6
8.288,1.2,5.552,32.0,12.632,24.4,31.86149,63.82422,-79,193676,3,42.6
8.288,1.2,5.552,30.0,12.632,23.6,31.85077,63.85474,-82,192104,3,42.6
8.288,1.2,5.552,31.2,12.632,24.4,31.85077,63.89288,-82,193676,3,42.6
8.288,1.2,5.552,29.6,12.632,23.6,31.87222,63.90051,-82,193676,3,43.6
8.288,1.2,5.552,30.8,12.632,24.0,31.87222,63.88525,-82,193676,3,42.6
8.288,1.2,5.544,29.2,12.632,23.2,31.85077,63.87762,-80,193676,3,42.6
8.288,1.2,5.544,30.4,12.632,23.6,31.87222,63.89288,-81,193676,3,42.6
8.28,1.2,5.552,32.4,12.632,24.8,31.87222,63.85474,-81,193676,3,42.6
8.288,1.2,5.544,30.0,12.632,23.2,31.88294,63.87762,-81,193676,3,42.6
8.288,1.2,5.544,34.8,12.632,25.6,31.89367,63.83948,-79,193676,3,42.6
8.288,1.2,5.552,29.6,12.632,23.2,31.89367,63.83185,-82,193676,3,42.6
8.28,1.2,5.552,30.8,12.632,24.0,31.89367,63.85474,-85,193676,3,43.6
8.288,1.2,5.552,29.2,12.632,22.8,31.89367,63.83185,-87,193676,3,42.6
8.288,1.2,5.552,30.4,12.632,23.6,31.89367,63.80896,-88,193624,3,42.6
8.288,1.2,5.552,29.2,12.632,23.2,31.88294,63.7937,-79,193676,3,43.6
8.288,1.2,5.552,30.0,12.632,23.6,31.87222,63.80896,-76,193676,3,43.6
8.288,1.2,5.552,30.8,12.632,24.8,31.89367,63.7937,-76,193676,3,42.6
8.288,1.2,5.552,33.6,12.632,25.2,31.89367,63.82422,-76,193676,3,43.6
8.288,1.2,5.552,31.2,12.632,24.4,31.87222,63.83948,-77,193676,3,42.6
8.288,1.2,5.552,29.6,12.632,23.2,31.86149,63.88525,-77,193676,3,42.6
8.288,1.2,5.52,60.0,12.624,36.4,31.84004,63.94629,-72,192104,3,43.6
8.288,1.2,5.552,28.8,12.632,23.2,31.85077,63.96155,-71,193676,3,42.6
8.288,1.2,5.552,30.0,12.632,23.6,31.84004,63.96155,-76,193624,3,42.6
8.288,1.2,5.552,28.8,12.632,23.2,31.81859,63.98444,-76,193676,3,42.6
8.288,1.2,5.552,30.0,12.632,23.2,31.81859,63.99969,-76,193672,3,42.6
8.288,1.2,5.552,31.2,12.632,24.4,31.80787,64.07599,-76,193672,3,42.6
8.288,1.2,5.56,29.6,12.632,23.6,31.79714,64.09125,-76,193672,3,42.6
8.288,1.2,5.552,30.4,12.632,24.0,31.78642,64.10651,-76,193676,3,42.6
8.288,1.2,5.56,29.2,12.632,23.2,31.77569,64.14465,-75,193676,3,43.6
8.288,1.2,5.552,29.6,12.632,23.6,31.76497,64.16754,-76,193676,3,43.6
8.288,1.2,5.552,32.4,12.632,24.0,31.75424,64.23621,-76,193676,3,42.6
8.288,1.2,5.56,28.8,12.632,23.6,31.74352,64.22858,-76,193676,3,42.6
8.288,1.2,5.544,31.2,12.632,23.6,31.74352,64.28198,-75,193676,3,42.6
8.288,1.2,5.552,29.2,12.632,23.2,31.74352,64.27435,-74,193676,3,42.6
8.28,1.2,5.544,30.8,12.632,23.6,31.73279,64.28198,-76,193676,3,42.6
8.288,1.2,5.552,28.8,12.632,23.2,31.72206,64.3125,-75,193676,3,42.6
8.288,1.2,5.552,30.4,12.632,23.2,31.73279,64.3125,-75,193676,3,43.6
8.288,1.2,5.552,28.8,12.632,23.2,31.71134,64.29724,-76,193676,3,42.6
8.288,1.2,5.552,30.0,12.632,23.2,31.73279,64.33539,-76,193676,3,42.6
8.288,1.2,5.544,42.8,12.632,30.0,31.74352,64.32776,-76,191196,3,43.6
8.288,1.2,5.552,29.2,12.632,23.6,31.75424,64.28961,-75,193676,3,42.6
8.28,1.2,5.552,31.2,12.632,24.0,31.73279,64.32013,-76,193676,3,42.6
8.288,1.2,5.552,29.6,12.632,23.2,31.73279,64.29724,-76,193676,3,42.6
8.288,1.2,5.552,30.4,12.632,24.0,31.73279,64.30487,-77,193676,3,42.6
8.288,1.2,5.56,29.2,12.632,23.2,31.73279,64.35065,-76,193676,3,42.6
8.288,1.2,5.552,30.0,12.632,23.6,31.74352,64.32776,-76,193676,3,42.6
8.288,1.2,5.552,32.8,12.632,25.2,31.73279,64.36591,-77,193676,3,42.6
8.288,1.2,5.552,29.6,12.632,23.6,31.72206,64.35065,-73,193676,3,42.6
8.288,1.2,5.552,31.6,12.632,24.8,31.71134,64.38116,-74,193676,3,42.6
8.288,1.2,5.552,29.2,12.632,23.2,31.70061,64.38116,-76,193676,3,42.6
8.288,1.2,5.552,31.2,12.632,24.0,31.70061,64.39642,-76,193676,3,42.6
8.288,1.2,5.552,29.2,12.632,23.2,31.70061,64.41168,-75,193676,3,42.6
8.288,1.2,5.552,30.4,12.632,23.6,31.68989,64.42694,-75,193676,3,42.6
8.288,1.2,5.552,29.2,12.632,22.8,31.67916,64.47272,-76,193676,3,42.6
8.288,1.2,5.552,30.0,12.632,23.6,31.67916,64.44983,-75,193676,3,42.6
8.288,1.2,5.536,37.2,12.632,27.6,31.67916,64.48035,-77,193676,3,42.6
8.288,1.2,5.552,29.6,12.632,23.6,31.68989,64.44983,-76,193676,3,42.6
8.28,1.2,5.544,30.0,12.632,24.0,31.68989,64.47272,-74,193676,3,42.6
8.296,1.2,5.52,54.0,12.624,36.4,31.67916,64.51849,-74,192104,3,43.6
8.288,1.2,5.544,30.4,12.632,24.4,31.66844,64.51849,-77,193676,3,42.6
8.288,1.2,5.552,29.2,12.632,23.2,31.67916,64.50323,-76,193676,3,42.6
8.288,1.2,5.552,30.0,12.632,23.6,31.66844,64.54138,-76,193676,3,42.6
8.288,1.2,5.552,32.8,12.632,24.8,31.64699,64.5719,-76,193676,3,42.6
8.288,1.2,5.552,30.0,12.632,23.6,31.65771,64.5719,-75,193676,3,42.6
8.288,1.2,5.552,32.0,12.632,24.4,31.64699,64.57953,-75,193676,3,42.6
8.288,1.2,5.56,29.6,12.632,23.6,31.63626,64.62531,-75,193676,3,42.6
8.288,1.2,5.552,31.2,12.632,24.0,31.63626,64.61005,-75,193676,3,42.6
8.288,1.2,5.552,29.6,12.632,23.6,31.62554,64.67108,-75,193676,3,42.6
8.288,1.2,5.552,30.0,12.632,24.0,31.61481,64.69397,-76,193676,3,42.6
8.288,1.2,5.552,29.2,12.632,23.2,31.61481,64.67108,-76,193676,3,42.6
8.288,1.2,5.552,29.2,12.632,23.6,31.61481,64.72449,-76,193676,3,42.6
8.288,1.2,5.552,32.8,12.632,23.6,31.61481,64.73212,-75,193676,3,42.6
8.288,1.2,5.552,29.2,12.632,23.6,31.59336,64.76263,-76,193676,3,42.6
8.28,1.2,5.552,31.6,12.632,23.6,31.59336,64.77789,-76,193676,3,42.6
8.288,1.2,5.552,29.2,12.632,23.6,31.58264,64.83893,-76,191196,3,43.6
8.288,1.2,5.544,30.8,12.632,23.6,31.59336,64.79315,-76,193676,3,42.6
8.288,1.2,5.552,29.2,12.632,23.2,31.59336,64.80078,-76,193676,3,42.6
8.288,1.2,5.544,30.4,12.632,23.6,31.57191,64.8313,-76,193676,3,42.6
8.288,1.2,5.56,28.8,12.632,25.2,31.59336,64.80841,-77,193676,3,42.6
8.288,1.2,5.552,29.6,12.632,23.6,31.58264,64.8313,-75,193676,3,42.6
8.288,1.2,5.544,31.6,12.632,24.4,31.57191,64.85419,-76,193676,3,42.6
8.288,1.2,5.552,29.6,12.632,23.6,31.58264,64.87708,-75,193676,3,42.6
8.288,1.2,5.552,31.2,12.632,24.4,31.56119,64.8847,-76,193676,3,42.6
8.288,1.2,5.544,29.6,12.632,23.6,31.55046,64.92285,-76,193676,3,42.6
8.288,1.2,5.552,30.0,12.632,23.6,31.56119,64.94574,-76,193624,3,42.6
8.288,1.2,5.552,28.8,12.632,25.2,31.55046,64.93048,-76,193676,3,42.6
8.296,1.2,5.552,29.6,12.632,23.2,31.56119,64.95337,-76,193676,3,42.6
8.288,1.2,5.552,31.6,12.632,24.8,31.56119,64.961,-76,193676,3,42.6
8.288,1.2,5.552,29.6,12.632,23.2,31.55046,64.98389,-75,193676,3,42.6
8.296,1.2,5.544,30.8,12.632,24.0,31.53974,64.97626,-76,193676,3,42.6
8.288,1.2,5.56,29.2,12.632,23.2,31.55046,64.98389,-75,193676,3,42.6
8.288,1.2,5.552,30.4,12.632,24.0,31.55046,64.96863,-76,193676,3,42.6
8.288,1.2,5.552,29.2,12.632,22.8,31.53974,64.95337,-75,193676,3,42.6
8.288,1.2,5.552,30.4,12.632,23.6,31.55046,64.92285,-76,191144,3,42.6
8.296,1.2,5.552,31.2,12.632,24.4,31.52901,64.93811,-76,193676,3,42.6
8.288,1.2,5.552,29.6,12.632,23.2,31.55046,64.93811,-76,193676,3,42.6
8.288,1.2,5.552,30.8,12.632,24.4,31.56119,64.93048,-76,193676,3,42.6
8.288,1.2,5.544,29.2,12.632,23.2,31.56119,64.92285,-76,193676,3,42.6
8.288,1.2,5.552,31.2,12.632,24.0,31.56119,64.92285,-75,193624,3,43.6
8.288,1.2,5.552,29.2,12.632,23.2,31.55046,64.93048,-77,193676,3,42.6
8.288,1.2,5.552,30.4,12.632,23.6,31.53974,64.94574,-77,193624,3,42.6
8.288,1.2,5.552,28.8,12.632,23.2,31.55046,64.961,-76,193676,3,42.6
8.288,1.2,5.552,30.4,12.632,24.0,31.51829,65.02203,-76,193676,3,42.6
8.288,1.2,5.552,31.2,12.632,25.2,31.51829,65.02966,-76,193676,3,42.6
8.288,1.2,5.552,29.6,12.632,23.6,31.51829,65.05255,-74,193676,3,42.6
8.288,1.2,5.552,30.0,12.632,24.4,31.52901,65.08307,-75,193676,3,42.6
8.288,1.2,5.56,29.6,12.632,23.2,31.52901,65.04492,-76,193676,3,42.6
8.288,1.2,5.544,29.6,12.632,24.0,31.51829,65.06781,-77,193676,3,42.6
8.288,1.2,5.544,29.2,12.632,23.2,31.50756,65.08307,-76,193676,3,42.6
8.288,1.2,5.52,52.8,12.624,33.6,31.49684,65.13647,-76,193624,3,43.6
8.288,1.2,5.544,32.0,12.632,24.8,31.48611,65.15936,-75,193676,3,42.6
8.296,1.2,5.552,29.2,12.632,23.6,31.50756,65.18225,-76,193676,3,42.6
8.296,1.2,5.512,54.8,12.624,35.2,31.48611,65.18988,-76,192104,3,42.6
8.288,1.2,5.552,29.2,12.632,23.6,31.47539,65.18225,-74,193676,3,42.6
8.288,1.2,5.544,30.8,12.632,24.4,31.47539,65.18988,-76,193676,3,42.6
8.288,1.2,5.552,29.2,12.632,23.2,31.47539,65.18225,-75,193676,3,42.6
8.288,1.2,5.544,30.4,12.632,24.0,31.46466,65.18988,-76,193672,3,42.6
8.288,1.2,5.552,29.2,12.632,23.2,31.46466,65.23566,-76,193672,3,42.6
8.288,1.2,5.552,30.0,12.632,23.6,31.47539,65.20514,-75,193672,3,42.6
8.28,1.2,5.544,32.4,12.632,24.0,31.48611,65.21277,-74,193676,3,42.6
8.288,1.2,5.544,29.6,12.632,23.2,31.48611,65.20514,-75,193676,3,42.6
8.288,1.2,5.552,31.6,12.632,23.6,31.50756,65.1441,-76,193676,3,42.6
8.288,1.2,5.552,29.6,12.632,23.6,31.50756,65.11359,-75,193676,3,42.6
8.288,1.2,5.544,30.8,12.632,23.2,31.50756,65.11359,-75,193676,3,42.6
8.288,1.2,5.552,28.4,12.632,23.2,31.50756,65.12122,-75,193676,3,42.6
8.288,1.2,5.552,30.0,12.632,23.2,31.51829,65.12885,-76,193676,3,43.6
8.288,1.2,5.552,32.4,12.632,25.2,31.51829,65.08307,-77,193676,3,42.6
8.288,1.2,5.552,29.6,12.632,23.2,31.50756,65.0907,-76,193676,3,42.6
8.296,1.2,5.528,47.6,12.624,34.0,31.50756,65.12122,-76,191144,3,43.6
8.288,1.2,5.552,29.2,12.632,23.2,31.48611,65.15936,-75,193676,3,42.6
8.288,1.2,5.544,30.4,12.632,24.0,31.48611,65.15173,-76,193676,3,42.6
8.288,1.2,5.552,29.2,12.632,23.2,31.49684,65.16699,-76,193676,3,42.6
8.288,1.2,5.56,30.0,12.632,23.6,31.48611,65.15936,-77,193676,3,42.6
8.288,1.2,5.552,32.4,12.632,24.8,31.47539,65.19751,-76,193676,3,42.6
8.288,1.2,5.552,29.6,12.632,23.6,31.47539,65.2204,-77,193676,3,42.6
8.288,1.2,5.552,31.2,12.632,24.0,31.48611,65.2204,-75,193676,3,42.6
8.288,1.2,5.552,29.2,12.632,23.2,31.48611,65.20514,-76,193676,3,42.6
8.288,1.2,5.552,30.4,12.632,24.0,31.48611,65.1441,-75,193676,3,42.6
8.288,1.2,5.552,29.2,12.632,23.2,31.49684,65.1441,-77,193676,3,42.6
8.288,1.2,5.552,30.0,12.632,23.6,31.49684,65.16699,-76,193676,3,42.6
8.28,1.2,5.552,29.6,12.632,24.8,31.49684,65.16699,-76,193676,3,42.6
8.288,1.2,5.552,29.6,12.632,23.6,31.48611,65.18225,-76,193676,3,42.6
8.28,1.2,5.552,29.6,12.632,24.4,31.48611,65.15936,-75,193676,3,42.6
8.288,1.2,5.552,29.6,12.632,23.2,31.47539,65.2204,-76,193676,3,42.6
8.28,1.2,5.552,30.4,12.632,24.4,31.46466,65.2204,-76,193676,3,42.6
8.288,1.2,5.552,29.2,12.632,23.2,31.46466,65.22803,-76,193676,3,42.6
8.288,1.2,5.552,30.0,12.632,24.0,31.47539,65.18988,-76,193676,3,42.6
8.296,1.2,5.52,51.2,12.624,34.8,31.47539,65.21277,-76,192104,3,42.6
8.288,1.2,5.552,30.0,12.632,23.6,31.48611,65.17462,-76,193676,3,42.6
8.28,1.2,5.552,32.0,12.632,24.4,31.48611,65.17462,-75,193676,3,42.6
8.288,1.2,5.552,29.6,12.632,23.2,31.48611,65.18225,-75,193676,3,42.6
8.288,1.2,5.544,31.2,12.632,24.0,31.49684,65.18988,-76,193676,3,42.6
8.288,1.2,5.544,29.2,12.632,23.2,31.48611,65.16699,-77,193676,3,42.6
8.288,1.2,5.552,29.6,12.632,24.0,31.47539,65.20514,-76,193676,3,42.6
8.288,1.2,5.552,29.2,12.632,23.2,31.46466,65.20514,-75,193676,3,42.6
8.288,1.2,5.552,29.2,12.632,23.6,31.47539,65.24329,-77,193676,3,42.6
8.28,1.2,5.544,32.0,12.632,23.6,31.47539,65.22803,-77,193676,3,42.6
8.288,1.2,5.552,29.2,12.632,23.6,31.48611,65.19751,-76,193676,3,42.6
8.288,1.2,5.552,31.6,12.632,23.6,31.48611,65.19751,-76,193676,3,42.6
8.288,1.2,5.552,28.8,12.632,23.6,31.48611,65.17462,-77,193676,3,42.6
8.288,1.2,5.552,30.8,12.632,23.6,31.46466,65.18225,-75,193676,3,42.6
8.296,1.2,5.552,29.2,12.632,23.2,31.45394,65.20514,-76,193676,3,42.6
8.288,1.2,5.552,30.0,12.632,23.2,31.45394,65.25092,-75,193676,3,42.6
8.288,1.2,5.544,36.4,12.632,26.4,31.45394,65.25092,-76,193676,3,42.6
8.288,1.2,5.552,29.6,12.632,23.6,31.44321,65.28143,-74,193676,3,42.6
8.288,1.2,5.544,31.6,12.632,24.8,31.43249,65.2738,-76,193676,3,42.6
8.296,1.2,5.52,56.8,12.624,36.8,31.44321,65.29669,-77,192104,3,42.6
8.288,1.2,5.552,31.2,12.632,24.0,31.43249,65.30432,-77,193676,3,42.6
8.288,1.2,5.552,29.2,12.632,23.6,31.43249,65.33484,-76,193676,3,42.6
8.288,1.2,5.552,30.4,12.632,24.0,31.43249,65.3501,-77,193676,3,42.6
8.288,1.2,5.552,28.8,12.632,23.2,31.43249,65.35773,-74,193676,3,42.6
8.288,1.2,5.552,30.0,12.632,23.6,31.42176,65.36536,-74,193624,3,43.6
8.28,1.2,5.552,32.0,12.632,24.8,31.42176,65.33484,-77,193676,3,42.6
8.288,1.2,5.552,30.0,12.632,23.2,31.42176,65.38062,-75,193676,3,42.6
8.28,1.2,5.552,31.2,12.632,24.4,31.42176,65.36536,-76,193676,3,42.6
8.288,1.2,5.56,29.2,12.632,22.8,31.41104,65.41113,-76,193676,3,42.6
8.288,1.2,5.544,30.4,12.632,23.6,31.43249,65.39587,-77,193676,3,42.6
8.288,1.2,5.544,36.8,12.632,27.2,31.42176,65.36536,-74,193676,3,42.6
8.288,1.2,5.552,30.0,12.632,23.6,31.42176,65.35773,-76,193676,3,42.6
8.288,1.2,5.552,32.0,12.632,24.8,31.43249,65.37299,-75,193676,3,42.6
8.288,1.2,5.552,29.2,12.632,23.6,31.44321,65.35773,-76,193676,3,42.6
8.288,1.2,5.552,32.0,12.632,24.8,31.44321,65.34247,-75,193676,3,42.6
8.288,1.2,5.552,29.6,12.632,23.6,31.42176,65.36536,-76,191196,3,43.6
8.28,1.2,5.552,30.8,12.632,24.0,31.41104,65.35773,-76,193676,3,42.6
8.288,1.2,5.552,28.8,12.632,23.2,31.42176,65.4035,-77,193676,3,42.6
8.288,1.2,5.552,30.4,12.632,24.0,31.41104,65.41113,-77,193624,3,42.6
8.288,1.2,5.544,31.6,12.632,23.2,31.41104,65.38824,-76,193676,3,42.6
8.288,1.2,5.552,29.6,12.632,23.6,31.41104,65.4035,-76,193676,3,42.6
8.28,1.2,5.552,30.0,12.632,24.4,31.41104,65.42639,-74,193676,3,42.6
8.288,1.2,5.552,29.6,12.632,23.6,31.40031,65.43402,-81,193676,3,42.6
8.288,1.2,5.544,32.0,12.632,24.0,31.40031,65.44928,-78,193676,3,42.6
8.288,1.2,5.552,29.2,12.632,23.2,31.41104,65.45691,-75,193676,3,42.6
8.288,1.2,5.552,29.2,12.632,23.6,31.41104,65.4035,-75,193676,3,42.6
8.288,1.2,5.552,29.2,12.632,23.2,31.41104,65.38062,-75,193676,3,42.6
8.288,1.2,5.552,29.6,12.632,23.6,31.41104,65.46454,-75,193676,3,42.6
8.288,1.2,5.544,32.0,12.632,24.4,31.40031,65.44165,-75,193676,3,42.6
8.288,1.2,5.552,29.2,12.632,23.6,31.42176,65.41113,-75,193676,3,42.6
8.288,1.2,5.544,31.6,12.632,24.4,31.44321,65.38062,-81,193676,3,42.6
8.288,1.2,5.52,57.2,12.624,37.2,31.43249,65.31195,-84,193676,3,43.6
8.288,1.2,5.544,30.8,12.632,24.0,31.44321,65.3501,-73,193676,3,42.6
8.288,1.2,5.552,29.2,12.632,23.2,31.44321,65.30432,-74,193676,3,42.6
8.296,1.2,5.52,56.0,12.624,35.6,31.44321,65.32721,-74,192056,3,42.6
8.288,1.2,5.552,29.2,12.632,23.2,31.45394,65.28906,-73,193676,3,42.6
8.288,1.2,5.552,29.6,12.632,23.6,31.45394,65.26617,-75,193676,3,42.6
8.288,1.2,5.552,32.0,12.632,23.6,31.47539,65.2738,-74,193676,3,42.6
8.288,1.2,5.552,28.8,12.632,23.6,31.46466,65.25854,-74,193676,3,42.6
8.288,1.2,5.552,31.6,12.632,23.6,31.46466,65.2204,-73,193676,3,42.6
8.288,1.2,5.552,28.8,12.632,23.2,31.48611,65.21277,-74,193676,3,42.6
8.28,1.2,5.552,30.4,12.632,23.6,31.48611,65.17462,-74,193676,3,42.6
8.288,1.2,5.544,28.8,12.632,23.2,31.48611,65.17462,-74,193676,3,42.6
8.288,1.2,5.552,30.0,12.632,23.2,31.49684,65.12885,-74,193676,3,42.6
8.28,1.2,5.552,32.8,12.632,24.8,31.48611,65.12122,-74,193676,3,42.6
8.288,1.2,5.552,30.0,12.632,23.6,31.50756,65.08307,-75,193676,3,42.6
8.288,1.2,5.552,32.4,12.632,24.4,31.50756,65.07544,-74,193676,3,42.6
8.288,1.2,5.552,29.6,12.632,23.6,31.50756,65.0907,-74,193676,3,42.6
8.288,1.2,5.552,31.2,12.632,24.0,31.51829,65.08307,-75,193676,3,42.6
8.288,1.2,5.552,29.2,12.632,23.2,31.50756,65.06018,-75,193676,3,42.6
8.28,1.2,5.512,55.2,12.624,35.6,31.50756,65.02203,-74,193624,3,43.6
8.288,1.2,5.552,29.2,12.632,23.2,31.50756,65.03729,-75,193676,3,42.6
8.28,1.2,5.544,29.6,12.632,23.6,31.51829,65.03729,-74,193676,3,42.6
8.296,1.2,5.52,57.2,12.624,36.8,31.52901,65.00677,-74,192104,3,42.6
8.288,1.2,5.552,31.2,12.632,23.6,31.53974,64.99915,-74,193676,3,42.6
8.28,1.2,5.544,32.0,12.632,24.4,31.52901,64.99152,-73,193676,3,42.6
8.288,1.2,5.552,29.6,12.632,22.8,31.55046,64.94574,-74,193676,3,42.6
8.288,1.2,5.552,30.8,12.632,24.0,31.56119,64.94574,-74,193676,3,42.6
8.288,1.2,5.552,29.2,12.632,23.2,31.58264,64.91522,-73,193676,3,42.6
8.288,1.2,5.552,30.0,12.632,24.0,31.58264,64.8313,-75,193676,3,42.6
8.288,1.2,5.544,29.2,12.632,23.2,31.60409,64.80078,-73,193676,3,42.6
8.288,1.2,5.552,29.6,12.632,23.6,31.60409,64.755,-75,193676,3,42.6
8.288,1.2,5.544,31.6,12.632,24.8,31.60409,64.71686,-73,193676,3,42.6
8.288,1.2,5.552,29.6,12.632,23.6,31.59336,64.70923,-74,193676,3,42.6
8.288,1.2,5.552,31.2,12.632,24.4,31.58264,64.70923,-73,193676,3,42.6
8.288,1.2,5.552,29.2,12.632,23.2,31.59336,64.755,-73,193676,3,42.6
8.288,1.2,5.552,30.8,12.632,24.0,31.59336,64.76263,-74,193676,3,42.6
8.288,1.2,5.552,28.8,12.632,23.2,31.61481,64.72449,-74,193676,3,42.6
8.288,1.2,5.552,30.0,12.632,23.6,31.60409,64.70923,-75,193676,3,42.6
8.288,1.2,5.544,38.8,12.632,28.0,31.62554,64.69397,-73,191196,3,43.6
8.288,1.2,5.552,29.6,12.632,23.6,31.62554,64.67108,-74,193676,3,42.6
8.288,1.2,5.552,30.0,12.632,24.4,31.63626,64.64819,-74,193676,3,42.6
8.288,1.2,5.552,29.2,12.632,23.2,31.64699,64.58716,-74,193676,3,42.6
8.28,1.2,5.552,29.2,12.632,24.0,31.64699,64.60242,-74,193676,3,42.6
8.288,1.2,5.552,28.8,12.632,23.2,31.65771,64.54901,-74,193676,3,42.6
8.288,1.2,5.552,29.2,12.632,23.6,31.66844,64.51849,-74,193676,3,42.6
8.288,1.2,5.544,32.4,12.632,24.0,31.66844,64.50323,-74,193676,3,42.6
8.288,1.2,5.56,29.2,12.632,23.2,31.68989,64.47272,-74,193676,3,42.6
8.288,1.2,5.552,31.2,12.632,24.0,31.68989,64.42694,-74,193676,3,42.6
8.288,1.2,5.552,29.2,12.632,23.2,31.72206,64.41931,-74,193676,3,42.6
8.288,1.2,5.552,30.8,12.632,23.6,31.70061,64.37354,-74,193676,3,42.6
8.288,1.2,5.552,29.2,12.632,23.2,31.71134,64.32776,-74,193676,3,42.6
8.288,1.2,5.552,30.4,12.632,23.6,31.68989,64.3125,-74,193676,3,43.6
8.288,1.2,5.544,32.8,12.632,24.8,31.68989,64.32013,-74,193676,3,42.6
8.288,1.2,5.544,29.6,12.632,23.6,31.68989,64.35065,-74,193676,3,42.6
8.288,1.2,5.544,36.4,12.632,26.8,31.67916,64.36591,-74,193676,3,42.6
8.288,1.2,5.552,29.6,12.632,23.2,31.66844,64.41931,-75,193676,3,42.6
8.288,1.2,5.552,31.2,12.632,24.0,31.66844,64.39642,-74,193676,3,42.6
8.296,1.2,5.52,54.8,12.624,34.8,31.66844,64.4422,-74,192104,3,42.6
8.288,1.2,5.552,30.4,12.632,23.6,31.66844,64.47272,-74,193676,3,42.6
8.288,1.2,5.552,28.8,12.632,23.2,31.64699,64.48035,-74,193676,3,42.6
8.288,1.2,5.552,30.4,12.632,23.6,31.65771,64.48035,-75,193628,3,42.6
8.288,1.2,5.56,28.8,12.632,23.2,31.64699,64.49561,-74,193676,3,42.6
8.288,1.2,5.552,29.6,12.632,23.2,31.65771,64.51849,-75,193676,3,42.6
8.288,1.2,5.544,32.0,12.632,24.4,31.65771,64.51086,-74,193676,3,42.6
8.288,1.2,5.552,29.2,12.632,23.2,31.65771,64.48798,-74,193676,3,42.6
8.288,1.2,5.552,30.8,12.632,24.4,31.65771,64.44983,-73,193676,3,42.6
8.288,1.2,5.552,29.2,12.632,23.2,31.65771,64.45746,-74,193676,3,42.6
8.288,1.2,5.528,50.0,12.624,34.4,31.67916,64.44983,-74,193676,3,42.6
8.288,1.2,5.56,28.8,12.632,23.2,31.66844,64.41168,-74,193676,3,42.6
8.288,1.2,5.552,31.2,12.632,24.4,31.67916,64.41168,-75,193676,3,42.6
8.28,1.2,5.552,32.8,12.632,25.2,31.66844,64.38116,-74,193676,3,42.6
8.288,1.2,5.552,29.6,12.632,23.6,31.66844,64.38879,-75,193676,3,42.6
8.28,1.2,5.552,31.6,12.632,24.4,31.67916,64.34302,-75,193676,3,42.6
8.288,1.2,5.552,29.6,12.632,23.6,31.68989,64.34302,-75,191196,3,43.6
8.288,1.2,5.552,31.2,12.632,24.0,31.70061,64.35828,-74,193676,3,42.6
8.288,1.2,5.552,29.6,12.632,23.2,31.71134,64.32013,-75,193676,3,42.6
8.288,1.2,5.552,30.4,12.632,23.6,31.71134,64.30487,-75,193624,3,42.6
8.28,1.2,5.552,30.8,12.632,24.8,31.74352,64.22095,-75,193676,3,42.6
8.288,1.2,5.552,29.6,12.632,23.6,31.73279,64.20569,-75,193676,3,42.6
8.288,1.2,5.552,31.6,12.632,26.0,31.75424,64.16754,-74,193676,3,42.6
8.288,1.2,5.552,29.6,12.632,23.6,31.75424,64.17517,-75,193676,3,42.6
8.288,1.2,5.552,29.2,12.632,24.0,31.75424,64.13702,-76,193676,3,42.6
8.288,1.2,5.552,29.2,12.632,23.6,31.76497,64.09888,-76,193676,3,42.6
8.288,1.2,5.552,30.0,12.632,24.0,31.77569,64.09888,-74,193676,3,42.6
8.288,1.2,5.552,28.8,12.632,23.2,31.76497,64.03784,-74,193676,3,42.6
8.288,1.2,5.552,29.6,12.632,24.0,31.75424,64.04547,-74,193624,3,42.6
8.288,1.2,5.552,32.8,12.632,24.8,31.75424,64.06073,-74,193676,3,42.6
8.288,1.2,5.552,29.6,12.632,23.6,31.74352,64.10651,-75,193676,3,42.6
8.288,1.2,5.552,31.6,12.632,24.4,31.74352,64.12177,-74,193676,3,42.6
8.288,1.2,5.552,33.2,12.632,25.2,31.73279,64.13702,-75,193676,3,42.6
8.288,1.2,5.552,31.2,12.632,24.4,31.74352,64.14465,-74,193676,3,42.6
8.288,1.2,5.552,29.2,12.632,23.6,31.71134,64.17517,-74,193676,3,42.6
8.296,1.2,5.52,54.8,12.624,35.6,31.70061,64.22858,-75,192104,3,42.6
8.288,1.2,5.552,29.2,12.632,23.2,31.68989,64.25146,-75,193676,3,42.6
8.288,1.2,5.552,29.6,12.632,24.0,31.67916,64.28961,-76,193676,3,42.6
8.28,1.2,5.552,32.4,12.632,24.4,31.66844,64.33539,-76,193676,3,42.6
8.288,1.2,5.552,28.8,12.632,23.6,31.67916,64.32776,-75,193676,3,42.6
8.288,1.2,5.552,31.2,12.632,23.6,31.70061,64.33539,-75,193676,3,42.6
8.288,1.2,5.552,29.6,12.632,23.2,31.70061,64.27435,-74,193676,3,42.6
8.288,1.2,5.552,31.2,12.632,23.6,31.68989,64.27435,-75,193676,3,42.6
8.288,1.2,5.552,28.8,12.632,23.2,31.68989,64.26672,-75,193676,3,42.6
8.288,1.2,5.552,30.4,12.632,23.2,31.67916,64.26672,-75,193676,3,42.6
8.288,1.2,5.552,28.8,12.632,23.2,31.68989,64.25909,-76,193676,3,42.6
8.288,1.2,5.56,30.0,12.632,23.2,31.68989,64.28198,-75,193676,3,42.6
8.288,1.2,5.544,32.4,12.632,24.8,31.71134,64.27435,-74,193676,3,42.6
8.288,1.2,5.56,30.0,12.632,23.6,31.71134,64.23621,-74,193676,3,42.6
8.288,1.2,5.544,31.2,12.632,24.4,31.72206,64.20569,-74,193676,3,42.6
8.288,1.2,5.552,28.8,12.632,23.6,31.70061,64.23621,-74,193676,3,42.6
8.288,1.2,5.552,30.8,12.632,24.0,31.70061,64.22095,-76,192104,3,42.6
8.288,1.2,5.552,28.8,12.632,23.2,31.71134,64.17517,-76,193676,3,42.6
8.288,1.2,5.552,30.4,12.632,23.6,31.71134,64.16754,-76,193676,3,42.6
8.288,1.2,5.552,32.8,12.632,24.8,31.73279,64.14465,-75,193676,3,42.6
8.288,1.2,5.552,30.0,12.632,23.6,31.73279,64.10651,-75,193676,3,42.6
8.288,1.2,5.544,36.8,12.632,26.8,31.75424,64.09888,-75,193684,3,42.6
8.288,1.2,5.56,29.6,12.632,23.2,31.74352,64.0531,-75,193672,3,42.6
8.288,1.2,5.552,30.8,12.632,24.0,31.73279,64.07599,-75,193676,3,42.6
8.288,1.2,5.552,28.8,12.632,23.2,31.76497,64.06073,-75,193676,3,42.6
8.288,1.2,5.552,30.0,12.632,23.6,31.76497,64.02258,-75,193676,3,42.6
8.288,1.2,5.552,28.8,12.632,23.2,31.76497,64.00732,-75,193676,3,42.6
8.288,1.2,5.552,29.6,12.632,23.6,31.75424,64.00732,-75,193676,3,42.6
8.288,1.2,5.552,30.4,12.632,24.4,31.77569,64.00732,-79,193676,3,42.6
8.288,1.2,5.552,29.6,12.632,23.2,31.79714,63.96918,-80,193676,3,42.6
8.288,1.2,5.552,30.4,12.632,24.4,31.78642,63.96155,-81,193676,3,42.6
8.288,1.2,5.552,29.2,12.632,23.6,31.79714,63.94629,-81,193676,3,42.6
8.288,1.2,5.528,46.8,12.624,31.2,31.79714,63.96155,-80,193628,3,42.6
8.288,1.2,5.552,29.2,12.632,23.2,31.79714,63.93866,-81,193676,3,42.6
8.288,1.2,5.552,30.0,12.632,23.6,31.81859,63.93103,-81,193676,3,42.6
8.296,1.2,5.52,54.0,12.624,34.8,31.80787,63.89288,-81,192104,3,42.6
8.288,1.2,5.56,29.6,12.632,23.6,31.81859,63.87,-81,193676,3,42.6
8.288,1.2,5.552,31.6,12.632,24.8,31.84004,63.86237,-78,193676,3,42.6
8.288,1.2,5.552,29.6,12.632,23.2,31.82932,63.84711,-79,193676,3,42.6
8.288,1.2,5.552,30.8,12.632,24.4,31.82932,63.83948,-76,193676,3,42.6
8.288,1.2,5.552,29.6,12.632,23.2,31.84004,63.83948,-74,193676,3,42.6
8.288,1.2,5.552,29.6,12.632,24.0,31.84004,63.85474,-74,193676,3,42.6
8.288,1.2,5.552,29.2,12.632,23.2,31.84004,63.81659,-83,193676,3,42.6
8.288,1.2,5.552,29.2,12.632,23.6,31.85077,63.7937,-81,193676,3,42.6
8.288,1.2,5.552,32.4,12.632,23.6,31.85077,63.80896,-81,193676,3,42.6
8.288,1.2,5.552,28.8,12.632,23.6,31.85077,63.81659,-78,193676,3,42.6
8.288,1.2,5.544,32.0,12.632,23.6,31.85077,63.77844,-81,193676,3,42.6
8.288,1.2,5.552,29.2,12.632,23.6,31.82932,63.80896,-82,193676,3,42.6
8.288,1.2,5.552,30.4,12.632,23.6,31.84004,63.80133,-80,193676,3,42.6
8.288,1.2,5.544,28.8,12.632,23.2,31.82932,63.81659,-81,193676,3,42.6
8.288,1.2,5.552,30.4,12.632,23.6,31.79714,63.85474,-83,193676,3,42.6
8.288,1.2,5.552,29.2,12.632,23.2,31.80787,63.87,-83,193676,3,42.6
8.288,1.2,5.544,29.6,12.632,23.6,31.80787,63.90051,-80,193676,3,42.6
8.288,1.2,5.552,32.4,12.632,24.8,31.78642,63.93103,-79,193676,3,42.6
8.288,1.2,5.552,30.0,12.632,23.6,31.77569,63.99969,-81,191148,3,43.6
8.288,1.2,5.552,31.2,12.632,24.0,31.75424,64.00732,-81,193676,3,42.6
8.288,1.2,5.552,29.2,12.632,23.2,31.73279,64.06836,-82,193676,3,42.6
8.288,1.2,5.552,30.4,12.632,24.0,31.74352,64.04547,-81,193676,3,42.6
8.288,1.2,5.552,28.8,12.632,23.2,31.75424,64.08362,-83,193676,3,42.6
8.288,1.2,5.552,29.6,12.632,23.6,31.72206,64.12177,-82,193676,3,42.6
8.288,1.2,5.552,32.0,12.632,24.4,31.73279,64.13702,-81,193676,3,42.6
8.288,1.2,5.552,29.6,12.632,23.2,31.72206,64.15228,-82,193676,3,42.6
8.288,1.2,5.544,31.2,12.632,24.0,31.72206,64.16754,-82,193676,3,42.6
8.288,1.2,5.552,29.2,12.632,23.2,31.71134,64.17517,-81,193676,3,42.6
8.288,1.2,5.552,30.0,12.632,24.0,31.70061,64.22095,-82,193676,3,42.6
8.288,1.2,5.552,28.8,12.632,23.2,31.68989,64.25146,-82,193676,3,42.6
8.288,1.2,5.544,30.0,12.632,24.0,31.67916,64.27435,-81,193676,3,43.6
8.288,1.2,5.552,29.2,12.632,24.8,31.68989,64.26672,-82,193676,3,42.6
8.288,1.2,5.552,29.6,12.632,23.6,31.70061,64.25146,-82,193676,3,42.6
8.288,1.2,5.552,30.8,12.632,24.4,31.68989,64.23621,-83,193676,3,42.6
8.288,1.2,5.544,34.8,12.632,26.0,31.70061,64.25909,-82,193676,3,43.6
8.288,1.2,5.552,30.8,12.632,24.4,31.70061,64.27435,-82,193676,3,42.6
8.288,1.2,5.544,29.2,12.632,23.2,31.68989,64.27435,-79,193676,3,42.6
8.296,1.2,5.52,55.6,12.624,35.6,31.67916,64.30487,-83,192104,3,42.6
8.288,1.2,5.552,29.2,12.632,23.2,31.67916,64.3125,-82,193676,3,42.6
8.288,1.2,5.552,30.4,12.632,23.6,31.68989,64.32013,-83,193676,3,42.6
8.288,1.2,5.552,32.0,12.632,24.8,31.67916,64.3125,-83,193676,3,42.6
8.288,1.2,5.552,30.0,12.632,23.6,31.67916,64.30487,-83,193676,3,42.6
8.288,1.2,5.552,30.4,12.632,24.4,31.65771,64.32776,-82,193676,3,42.6
8.288,1.2,5.552,29.6,12.632,23.2,31.66844,64.35828,-78,193676,3,42.6
8.288,1.2,5.552,30.0,12.632,24.0,31.65771,64.36591,-83,193676,3,42.6
8.288,1.2,5.56,28.8,12.632,23.2,31.66844,64.37354,-83,193676,3,42.6
8.288,1.2,5.552,29.2,12.632,24.0,31.64699,64.34302,-83,193624,3,42.6
8.288,1.2,5.552,32.8,12.632,23.2,31.65771,64.35065,-83,193676,3,43.6
8.288,1.2,5.552,28.8,12.632,23.6,31.64699,64.37354,-84,193676,3,42.6
8.288,1.2,5.552,31.6,12.632,23.6,31.65771,64.37354,-84,193676,3,42.6
8.288,1.2,5.552,29.2,12.632,23.2,31.64699,64.39642,-82,193676,3,43.6
8.288,1.2,5.544,31.2,12.632,24.0,31.64699,64.43457,-82,193676,3,42.6
8.28,1.2,5.552,29.2,12.632,23.2,31.64699,64.40405,-81,193676,3,42.6
8.28,1.2,5.544,30.8,12.632,24.0,31.63626,64.41931,-82,192104,3,42.6
8.288,1.2,5.552,29.2,12.632,23.2,31.63626,64.44983,-82,193676,3,42.6
8.288,1.2,5.552,30.0,12.632,23.6,31.64699,64.44983,-82,193676,3,42.6
8.288,1.2,5.552,32.0,12.632,24.4,31.66844,64.40405,-83,193676,3,42.6
8.288,1.2,5.56,29.6,12.632,23.2,31.65771,64.40405,-82,193676,3,42.6
8.288,1.2,5.552,30.8,12.632,24.0,31.65771,64.38879,-83,193676,3,42.6
8.288,1.2,5.552,28.8,12.632,23.2,31.64699,64.41168,-83,193676,3,42.6
8.288,1.2,5.552,30.0,12.632,23.6,31.66844,64.41168,-82,193624,3,42.6
8.288,1.2,5.56,28.8,12.632,22.8,31.66844,64.38879,-82,193676,3,42.6
8.288,1.2,5.536,46.4,12.624,31.6,31.65771,64.38116,-79,193676,3,42.6
8.28,1.2,5.552,31.6,12.632,24.4,31.67916,64.38879,-82,193676,3,42.6
8.288,1.2,5.552,29.6,12.632,23.2,31.65771,64.35828,-82,193676,3,42.6
8.288,1.2,5.544,30.8,12.632,24.0,31.66844,64.35828,-81,193676,3,42.6
8.288,1.2,5.552,29.2,12.632,23.2,31.65771,64.36591,-79,193676,3,42.6
8.288,1.2,5.552,30.4,12.632,23.6,31.64699,64.38879,-81,193676,3,42.6
8.288,1.2,5.544,31.2,12.632,24.8,31.64699,64.39642,-81,193676,3,42.6
8.288,1.2,5.544,31.2,12.632,24.4,31.63626,64.44983,-82,193676,3,42.6
8.288,1.2,5.552,31.6,12.632,24.4,31.62554,64.4422,-80,193676,3,42.6
8.28,1.2,5.552,29.6,12.632,23.6,31.62554,64.44983,-82,193676,3,42.6
8.28,1.2,5.552,31.6,12.632,24.4,31.61481,64.46509,-83,192104,3,42.6
8.288,1.2,5.552,29.2,12.632,23.2,31.60409,64.48798,-81,193676,3,42.6
8.288,1.2,5.552,30.8,12.632,23.6,31.61481,64.48798,-81,193676,3,42.6
8.288,1.2,5.552,29.2,12.632,23.2,31.60409,64.54138,-83,193676,3,42.6
8.288,1.2,5.552,30.4,12.632,24.0,31.59336,64.52612,-84,193676,3,42.6
8.288,1.2,5.552,29.2,12.632,23.2,31.60409,64.54138,-83,193676,3,42.6
8.288,1.2,5.552,29.6,12.632,23.6,31.58264,64.58716,-82,193676,3,42.6
8.288,1.2,5.552,30.4,12.632,24.0,31.59336,64.58716,-82,193676,3,42.6
8.288,1.2,5.552,29.2,12.632,23.6,31.57191,64.60242,-82,193676,3,42.6
8.28,1.2,5.552,29.6,12.632,24.4,31.58264,64.64056,-82,193676,3,42.6
8.288,1.2,5.552,29.6,12.632,23.2,31.59336,64.59479,-82,193676,3,42.6
8.28,1.2,5.552,30.4,12.632,24.4,31.58264,64.57953,-82,193676,3,42.6
8.288,1.2,5.552,30.8,12.632,24.4,31.60409,64.56427,-82,193676,3,42.6
8.288,1.2,5.552,30.0,12.632,23.6,31.59336,64.57953,-81,193676,3,42.6
8.288,1.2,5.544,36.4,12.632,26.4,31.60409,64.57953,-82,193676,3,42.6
8.288,1.2,5.552,29.2,12.632,23.6,31.61481,64.55664,-82,193676,3,42.6
8.288,1.2,5.552,32.4,12.632,24.4,31.60409,64.56427,-82,193676,3,43.6
8.288,1.2,5.552,29.2,12.632,23.2,31.59336,64.53375,-83,193676,3,42.6
8.288,1.2,5.552,30.8,12.632,24.0,31.59336,64.54901,-84,193676,3,42.6
8.296,1.2,5.512,53.6,12.624,34.8,31.58264,64.55664,-80,192104,3,42.6
8.288,1.2,5.552,30.4,12.632,24.0,31.58264,64.61768,-81,193676,3,42.6
8.288,1.2,5.552,29.2,12.632,23.2,31.58264,64.61005,-79,193676,3,42.6
8.288,1.2,5.552,30.0,12.632,23.6,31.58264,64.62531,-81,193676,3,42.6
8.288,1.2,5.552,32.4,12.632,24.0,31.57191,64.60242,-80,193676,3,42.6
8.288,1.2,5.552,29.6,12.632,23.2,31.57191,64.64819,-80,193676,3,42.6
8.288,1.2,5.552,31.2,12.632,23.6,31.59336,64.64056,-83,193676,3,42.6
8.288,1.2,5.552,29.2,12.632,23.2,31.58264,64.65582,-82,193676,3,42.6
8.288,1.2,5.552,30.4,12.632,23.2,31.58264,64.63293,-83,193676,3,42.6
8.288,1.2,5.544,28.8,12.632,23.2,31.58264,64.63293,-82,193676,3,42.6
8.288,1.2,5.552,30.0,12.632,23.2,31.58264,64.60242,-80,193676,3,42.6
8.288,1.2,5.552,32.0,12.632,24.8,31.58264,64.57953,-82,193676,3,42.6
8.288,1.2,5.552,29.6,12.632,23.2,31.60409,64.58716,-82,193676,3,42.6
8.288,1.2,5.544,31.2,12.632,24.4,31.59336,64.55664,-82,193676,3,42.6
8.288,1.2,5.552,29.2,12.632,23.2,31.58264,64.59479,-83,193676,3,42.6
8.288,1.2,5.536,42.0,12.624,29.6,31.58264,64.63293,-84,193676,3,42.6
8.288,1.2,5.552,31.6,12.632,24.4,31.56119,64.61005,-82,191196,3,43.6
8.288,1.2,5.552,30.0,12.632,23.6,31.56119,64.63293,-82,193676,3,42.6
8.288,1.2,5.552,29.2,12.632,25.2,31.58264,64.61768,-82,193676,3,42.6
8.288,1.2,5.552,30.0,12.632,23.6,31.56119,64.67871,-82,193676,3,42.6
8.288,1.2,5.552,32.0,12.632,24.4,31.57191,64.64819,-83,193676,3,42.6
8.288,1.2,5.56,29.6,12.632,23.2,31.57191,64.63293,-82,193676,3,42.6
8.296,1.2,5.552,30.8,12.632,24.0,31.57191,64.64056,-82,193676,3,42.6
8.288,1.2,5.552,29.2,12.632,23.2,31.58264,64.66345,-82,193676,3,42.6
8.288,1.2,5.552,30.4,12.632,24.0,31.57191,64.67108,-83,193676,3,42.6
8.288,1.2,5.552,29.2,12.632,22.8,31.56119,64.67871,-83,193676,3,42.6
8.288,1.2,5.552,30.4,12.632,23.6,31.56119,64.67871,-81,193672,3,42.6
8.288,1.2,5.544,32.0,12.632,26.0,31.55046,64.67108,-82,193672,3,42.6
8.288,1.2,5.552,29.6,12.632,23.2,31.55046,64.69397,-80,193672,3,42.6
8.288,1.2,5.552,30.0,12.632,24.4,31.55046,64.70923,-79,193672,3,42.6
8.288,1.2,5.552,29.6,12.632,23.6,31.53974,64.70923,-83,193672,3,42.6
8.288,1.2,5.552,30.4,12.632,24.0,31.53974,64.71686,-80,193672,3,42.6
8.288,1.2,5.552,30.0,12.632,23.6,31.53974,64.7016,-83,192100,3,42.6
8.288,1.2,5.552,30.4,12.632,24.0,31.53974,64.73975,-80,193672,3,42.6
8.288,1.2,5.552,30.0,12.632,23.6,31.52901,64.76263,-80,193672,3,42.6
8.288,1.2,5.552,30.0,12.632,23.6,31.53974,64.77026,-80,193672,3,42.6
8.288,1.2,5.552,32.0,12.632,24.8,31.55046,64.72449,-82,193672,3,42.6
8.288,1.2,5.552,29.6,12.632,23.6,31.55046,64.70923,-80,193672,3,42.6
8.288,1.2,5.552,31.2,12.632,24.4,31.57191,64.70923,-83,193672,3,42.6
8.288,1.2,5.552,29.2,12.632,23.2,31.56119,64.7016,-83,193672,3,42.6
8.288,1.2,5.544,30.8,12.632,24.0,31.56119,64.70923,-84,193672,3,42.6
8.288,1.2,5.552,29.2,12.632,23.2,31.56119,64.70923,-83,193672,3,42.6
8.288,1.2,5.552,29.6,12.632,23.6,31.53974,64.72449,-81,193672,3,42.6
8.288,1.2,5.552,32.4,12.632,24.0,31.56119,64.71686,-83,193672,3,42.6
8.288,1.2,5.544,28.8,12.632,23.6,31.53974,64.71686,-82,193672,3,42.6
8.288,1.2,5.552,31.2,12.632,23.2,31.56119,64.7016,-82,193672,3,42.6
8.288,1.2,5.552,29.2,12.632,23.2,31.55046,64.71686,-82,193672,3,42.6
8.288,1.2,5.552,30.4,12.632,23.2,31.55046,64.70923,-82,193672,3,42.6
8.296,1.2,5.544,36.8,12.632,26.8,31.55046,64.68634,-81,193672,3,43.6
8.288,1.2,5.552,30.0,12.632,23.6,31.56119,64.67871,-81,193672,3,42.6
8.288,1.2,5.544,32.4,12.632,24.8,31.56119,64.67108,-83,193672,3,42.6
8.296,1.2,5.512,55.6,12.624,35.2,31.55046,64.67108,-82,192100,3,43.6
8.288,1.2,5.552,31.2,12.632,24.4,31.55046,64.68634,-82,193672,3,42.6
8.288,1.2,5.552,29.2,12.632,23.6,31.55046,64.7016,-82,193672,3,42.6
8.288,1.2,5.552,30.8,12.632,24.0,31.57191,64.65582,-82,193672,3,42.6
8.288,1.2,5.552,28.8,12.632,23.2,31.58264,64.64819,-80,193672,3,42.6
8.288,1.2,5.552,30.4,12.632,23.6,31.57191,64.62531,-83,193620,3,42.6
8.288,1.2,5.552,32.8,12.632,25.2,31.56119,64.58716,-83,193672,3,42.6
8.288,1.2,5.552,29.6,12.632,23.6,31.56119,64.62531,-82,193672,3,42.6
8.288,1.2,5.544,32.0,12.632,24.4,31.55046,64.68634,-83,193672,3,42.6
8.288,1.2,5.544,29.2,12.632,23.2,31.55046,64.70923,-83,193672,3,42.6
8.288,1.2,5.544,30.8,12.632,24.0,31.51829,64.70923,-79,193676,3,42.6
8.288,1.2,5.552,29.6,12.632,22.8,31.51829,64.755,-83,193676,3,42.6
8.288,1.2,5.552,30.4,12.632,23.6,31.52901,64.755,-83,193676,3,42.6
8.288,1.2,5.552,28.8,12.632,23.2,31.50756,64.76263,-81,193676,3,42.6
8.288,1.2,5.552,29.6,12.632,24.0,31.52901,64.80078,-83,193676,3,42.6
8.288,1.2,5.552,30.8,12.632,24.8,31.52901,64.76263,-81,193676,3,42.6
8.288,1.2,5.552,29.6,12.632,23.6,31.52901,64.78552,-82,191148,3,43.6
8.288,1.2,5.552,31.2,12.632,24.4,31.50756,64.77789,-82,193672,3,42.6
8.288,1.2,5.552,29.6,12.632,23.6,31.50756,64.77789,-82,193672,3,42.6
8.288,1.2,5.552,30.8,12.632,24.0,31.50756,64.8313,-76,193672,3,42.6
8.288,1.2,5.552,29.6,12.632,23.2,31.49684,64.80841,-82,193656,3,42.6
8.288,1.2,5.544,30.4,12.632,23.6,31.49684,64.81604,-82,193604,3,42.6
8.288,1.2,5.544,32.4,12.632,24.8,31.50756,64.84656,-83,193656,3,42.6
8.288,1.2,5.544,30.0,12.632,23.2,31.51829,64.80841,-75,193656,3,42.6
8.288,1.2,5.536,42.0,12.632,29.6,31.50756,64.82367,-82,193656,3,42.6
8.288,1.2,5.544,29.6,12.632,23.6,31.51829,64.80841,-81,193656,3,42.6
8.288,1.2,5.552,30.4,12.632,24.0,31.51829,64.77789,-82,193656,3,42.6
8.288,1.2,5.552,29.2,12.632,23.2,31.51829,64.80078,-81,193604,3,43.6
8.288,1.2,5.552,29.2,12.632,23.6,31.49684,64.77026,-82,193604,3,42.6
8.288,1.2,5.552,32.8,12.632,24.4,31.51829,64.77026,-82,193672,3,42.6
8.288,1.2,5.544,29.2,12.632,23.6,31.51829,64.77026,-81,193672,3,42.6
8.288,1.2,5.552,31.6,12.632,23.6,31.50756,64.78552,-82,193672,3,42.6
8.288,1.2,5.536,42.8,12.632,29.6,31.51829,64.81604,-82,193672,3,43.6
8.288,1.2,5.552,30.8,12.632,23.6,31.51829,64.82367,-82,193672,3,42.6
8.288,1.2,5.544,28.8,12.632,23.6,31.49684,64.81604,-79,193672,3,42.6
8.288,1.2,5.544,30.4,12.632,23.6,31.49684,64.8313,-82,192100,3,42.6
8.288,1.2,5.552,28.8,12.632,23.2,31.50756,64.8313,-79,193672,3,42.6
8.288,1.2,5.552,30.0,12.632,23.6,31.50756,64.79315,-78,193672,3,42.6
8.288,1.2,5.544,32.4,12.632,24.8,31.51829,64.76263,-82,193672,3,42.6
8.288,1.2,5.552,29.6,12.632,23.6,31.52901,64.73975,-78,193672,3,42.6
8.288,1.2,5.544,31.2,12.632,24.4,31.52901,64.755,-81,193672,3,42.6
8.288,1.2,5.552,29.6,12.632,23.2,31.51829,64.74738,-82,193672,3,42.6
8.288,1.2,5.544,30.8,12.632,24.0,31.53974,64.74738,-82,193672,3,42.6
8.288,1.2,5.544,31.2,12.632,24.0,31.50756,64.73212,-81,193672,3,42.6
8.288,1.2,5.552,31.6,12.632,25.2,31.51829,64.73975,-82,193620,3,42.6
8.288,1.2,5.552,28.8,12.632,23.2,31.52901,64.72449,-81,193672,3,42.6
8.288,1.2,5.552,30.0,12.632,23.2,31.51829,64.74738,-83,193672,3,42.6
8.288,1.2,5.544,31.2,12.632,24.4,31.50756,64.77789,-83,193672,3,42.6
8.288,1.2,5.552,29.6,12.632,23.2,31.49684,64.76263,-81,193672,3,42.6
8.288,1.2,5.544,31.2,12.632,24.4,31.49684,64.78552,-82,193672,3,42.6
8.288,1.2,5.552,29.2,12.632,23.2,31.48611,64.80078,-83,193672,3,42.6
8.288,1.2,5.544,30.4,12.632,24.0,31.50756,64.82367,-81,193620,3,42.6
8.288,1.2,5.552,29.2,12.632,23.2,31.48611,64.81604,-82,193672,3,42.6
8.288,1.2,5.552,30.0,12.632,23.6,31.47539,64.8847,-82,193672,3,42.6
8.288,1.2,5.544,36.4,12.632,26.8,31.46466,64.90759,-82,191192,3,43.6
8.288,1.2,5.552,29.6,12.632,23.6,31.46466,64.87708,-83,193672,3,42.6
8.288,1.2,5.552,31.2,12.632,24.4,31.45394,64.90759,-82,193672,3,42.6
8.288,1.2,5.552,29.6,12.632,23.6,31.47539,64.89996,-83,193672,3,42.6
8.288,1.2,5.552,30.8,12.632,24.0,31.47539,64.89996,-83,193672,3,42.6
8.288,1.2,5.56,29.2,12.632,23.2,31.49684,64.86182,-82,193672,3,42.6
8.288,1.2,5.552,30.4,12.632,23.6,31.48611,64.82367,-82,193620,3,42.6
8.288,1.2,5.552,29.2,12.632,23.2,31.49684,64.79315,-82,193672,3,42.6
8.288,1.2,5.544,29.6,12.632,23.6,31.50756,64.82367,-83,193672,3,42.6
8.288,1.2,5.544,30.4,12.632,24.8,31.50756,64.77789,-83,193672,3,42.6
8.288,1.2,5.552,29.6,12.632,23.6,31.50756,64.77789,-82,193672,3,42.6
8.288,1.2,5.544,29.6,12.632,24.4,31.51829,64.78552,-82,193672,3,42.6
8.288,1.2,5.552,29.2,12.632,23.2,31.50756,64.78552,-79,193672,3,42.6
8.288,1.2,5.552,29.6,12.632,24.0,31.49684,64.80078,-80,193672,3,42.6
8.288,1.2,5.544,29.2,12.632,23.2,31.48611,64.78552,-80,193672,3,42.6
8.288,1.2,5.552,29.6,12.632,23.6,31.48611,64.77026,-82,193672,3,42.6
8.296,1.2,5.536,37.6,12.632,26.4,31.49684,64.82367,-82,193672,3,42.6
8.288,1.2,5.544,29.2,12.632,23.6,31.49684,64.80841,-80,193672,3,42.6
8.28,1.2,5.544,31.2,12.632,24.0,31.49684,64.79315,-83,193672,3,42.6
8.296,1.2,5.512,54.0,12.624,34.8,31.49684,64.81604,-83,192100,3,42.6
8.288,1.2,5.544,30.8,12.632,24.4,31.50756,64.81604,-83,193672,3,42.6
8.288,1.2,5.552,29.2,12.632,23.6,31.50756,64.80078,-83,193672,3,42.6
8.288,1.2,5.544,30.4,12.632,24.0,31.49684,64.76263,-83,193672,3,42.6
8.288,1.2,5.552,29.6,12.632,23.2,31.49684,64.77789,-79,193672,3,42.6
8.288,1.2,5.552,30.0,12.632,23.6,31.47539,64.83893,-80,193672,3,42.6
8.28,1.2,5.544,32.0,12.632,24.4,31.47539,64.83893,-81,193672,3,42.6
8.28,1.2,5.552,29.2,12.632,23.6,31.46466,64.85419,-83,193672,3,42.6
8.288,1.2,5.544,31.2,12.632,23.6,31.46466,64.89233,-82,193672,3,42.6
8.288,1.2,5.552,29.2,12.632,23.2,31.45394,64.89233,-82,193672,3,42.6
8.288,1.2,5.552,30.8,12.632,23.2,31.47539,64.89996,-81,193672,3,42.6
8.288,1.2,5.552,28.4,12.632,23.2,31.47539,64.86945,-81,193672,3,42.6
8.28,1.2,5.552,30.0,12.632,23.2,31.47539,64.85419,-82,193672,3,42.6
8.28,1.2,5.544,32.4,12.632,24.8,31.48611,64.84656,-82,193672,3,42.6
8.288,1.2,5.552,29.2,12.632,23.2,31.47539,64.79315,-82,193672,3,42.6
8.288,1.2,5.544,31.6,12.632,24.8,31.47539,64.80078,-82,193672,3,42.6
8.288,1.2,5.552,30.0,12.632,23.6,31.46466,64.80078,-82,193672,3,43.6
8.288,1.2,5.544,31.2,12.632,24.0,31.47539,64.84656,-81,193672,3,42.6
8.288,1.2,5.552,29.2,12.632,23.2,31.45394,64.83893,-82,193672,3,42.6
8.288,1.2,5.552,30.8,12.632,24.0,31.46466,64.83893,-83,192100,3,42.6
8.288,1.2,5.552,29.6,12.632,23.2,31.46466,64.86182,-82,193672,3,42.6
8.288,1.2,5.552,29.6,12.632,23.6,31.47539,64.86945,-82,193672,3,42.6
8.288,1.2,5.544,32.4,12.632,24.8,31.47539,64.86182,-78,193672,3,42.6
8.288,1.2,5.552,29.6,12.632,23.2,31.47539,64.83893,-81,193672,3,42.6
8.288,1.2,5.552,31.2,12.632,24.0,31.49684,64.82367,-82,193672,3,42.6
8.288,1.2,5.552,29.2,12.632,23.2,31.50756,64.79315,-78,193672,3,42.6
8.288,1.2,5.544,30.4,12.632,23.6,31.48611,64.755,-78,193672,3,42.6
8.288,1.2,5.552,29.2,12.632,22.8,31.48611,64.78552,-83,193672,3,42.6
8.288,1.2,5.552,29.6,12.632,23.6,31.47539,64.77789,-83,193672,3,42.6
8.288,1.2,5.544,30.0,12.632,24.4,31.46466,64.77026,-81,193672,3,42.6
8.288,1.2,5.552,29.6,12.632,23.6,31.45394,64.80078,-79,193672,3,42.6
8.288,1.2,5.544,29.6,12.632,24.0,31.46466,64.80841,-85,193672,3,42.6
8.288,1.2,5.544,29.2,12.632,23.6,31.45394,64.81604,-74,193672,3,42.6
8.288,1.2,5.544,29.6,12.632,24.0,31.45394,64.80078,-76,193672,3,42.6
8.288,1.2,5.552,28.8,12.632,23.2,31.46466,64.80841,-77,193672,3,42.6
8.288,1.2,5.536,41.2,12.632,28.8,31.44321,64.8313,-76,193672,3,42.6
8.288,1.2,5.552,31.6,12.632,24.8,31.47539,64.86945,-77,193672,3,42.6
8.288,1.2,5.552,29.6,12.632,23.2,31.45394,64.85419,-78,193672,3,42.6
8.288,1.2,5.52,54.8,12.624,34.8,31.44321,64.86182,-76,192100,3,42.6
8.288,1.2,5.552,29.6,12.632,23.2,31.43249,64.89233,-78,193672,3,42.6
8.288,1.2,5.552,30.0,12.632,24.0,31.45394,64.89233,-76,193672,3,42.6
8.288,1.2,5.552,28.8,12.632,23.2,31.44321,64.8847,-76,193672,3,42.6
8.288,1.2,5.552,29.6,12.632,23.6,31.44321,64.89996,-76,193672,3,42.6
8.28,1.2,5.552,32.4,12.632,23.6,31.45394,64.91522,-75,193672,3,42.6
8.288,1.2,5.56,29.2,12.632,23.2,31.45394,64.90759,-76,193672,3,42.6
8.288,1.2,5.552,31.6,12.632,23.6,31.45394,64.89233,-75,193672,3,42.6
8.288,1.2,5.552,28.8,12.632,23.6,31.46466,64.85419,-77,193620,3,43.6
8.288,1.2,5.544,31.2,12.632,23.6,31.45394,64.8313,-75,193672,3,42.6
8.288,1.2,5.552,29.2,12.632,23.6,31.44321,64.86945,-76,193672,3,42.6
8.288,1.2,5.552,30.4,12.632,23.6,31.44321,64.89233,-79,193672,3,42.6
8.288,1.2,5.552,29.2,12.632,22.8,31.43249,64.89996,-78,193672,3,42.6
8.288,1.2,5.552,31.6,12.632,23.6,31.42176,64.96863,-78,193672,3,43.6
8.288,1.2,5.552,32.4,12.632,24.4,31.42176,64.95337,-80,193672,3,42.6
8.288,1.2,5.552,29.6,12.632,23.6,31.42176,64.95337,-79,193672,3,42.6
8.296,1.2,5.52,48.0,12.624,33.6,31.44321,64.93811,-77,191192,3,43.6
8.288,1.2,5.552,29.2,12.632,23.6,31.44321,64.93811,-77,193672,3,42.6
8.296,1.2,5.512,56.8,12.624,36.0,31.42176,64.91522,-79,193672,3,42.6
8.288,1.2,5.552,28.8,12.632,23.2,31.42176,64.94574,-79,193672,3,42.6
8.28,1.2,5.544,37.2,12.632,27.2,31.42176,64.961,-79,193672,3,42.6
8.28,1.2,5.552,32.4,12.632,24.8,31.42176,64.95337,-80,193672,3,42.6
8.288,1.2,5.528,44.4,12.624,31.2,31.42176,65.00677,-81,193672,3,42.6
8.288,1.2,5.544,31.6,12.632,24.8,31.41104,64.99915,-78,193672,3,42.6
8.288,1.2,5.552,29.6,12.632,23.2,31.41104,65.03729,-78,193672,3,42.6
8.288,1.2,5.544,31.2,12.632,24.0,31.41104,65.00677,-79,193672,3,42.6
8.288,1.2,5.552,29.2,12.632,23.2,31.41104,64.99152,-79,193672,3,42.6
8.288,1.2,5.552,30.4,12.632,23.6,31.41104,65.02203,-79,193672,3,42.6
8.288,1.2,5.544,36.4,12.632,26.8,31.41104,64.98389,-79,193672,3,42.6
8.288,1.2,5.552,30.4,12.632,23.6,31.41104,65.02203,-78,193672,3,42.6
8.288,1.2,5.544,38.0,12.632,27.6,31.41104,64.99915,-77,193672,3,42.6
8.288,1.2,5.552,30.0,12.632,23.6,31.40031,65.02203,-79,193672,3,42.6
8.288,1.2,5.552,31.6,12.632,24.4,31.41104,64.99915,-79,193672,3,42.6
8.288,1.2,5.552,29.6,12.632,23.2,31.41104,65.02203,-80,193672,3,42.6
8.288,1.2,5.552,34.4,12.632,25.6,31.40031,65.0144,-79,193672,3,42.6
8.288,1.2,5.544,29.2,12.632,23.2,31.41104,65.0144,-78,193672,3,42.6
8.288,1.2,5.544,30.4,12.632,23.6,31.41104,64.961,-79,193620,3,42.6
8.288,1.2,5.552,28.8,12.632,23.2,31.42176,64.96863,-78,193672,3,42.6
8.288,1.2,5.552,30.8,12.632,24.0,31.41104,64.96863,-79,193672,3,42.6
8.288,1.2,5.552,30.0,12.632,24.0,31.41104,64.96863,-78,193672,3,42.6
8.288,1.2,5.544,29.2,12.632,23.2,31.42176,64.98389,-79,193672,3,42.6
8.288,1.2,5.552,29.6,12.632,24.4,31.42176,64.99152,-79,192100,3,42.6
8.288,1.2,5.552,29.6,12.632,23.6,31.41104,64.95337,-78,193672,3,42.6
8.288,1.2,5.552,30.0,12.632,23.6,31.43249,64.95337,-78,193672,3,42.6
8.288,1.2,5.552,29.2,12.632,23.2,31.44321,64.95337,-79,193672,3,42.6
8.288,1.2,5.552,30.0,12.632,23.2,31.44321,64.92285,-79,193672,3,42.6
8.288,1.2,5.544,32.4,12.632,24.4,31.44321,64.92285,-78,193672,3,42.6
8.288,1.2,5.552,29.6,12.632,23.6,31.45394,64.95337,-78,193672,3,42.6
8.288,1.2,5.544,31.6,12.632,24.0,31.44321,64.89233,-79,193672,3,42.6
8.288,1.2,5.552,29.2,12.632,23.6,31.45394,64.87708,-77,193672,3,42.6
8.288,1.2,5.544,30.8,12.632,24.0,31.46466,64.86945,-79,193672,3,42.6
8.288,1.2,5.552,29.2,12.632,23.2,31.46466,64.85419,-78,193672,3,42.6
8.288,1.2,5.552,29.2,12.632,23.6,31.46466,64.85419,-79,193672,3,42.6
8.288,1.2,5.552,29.2,12.632,23.2,31.46466,64.82367,-78,193672,3,42.6
8.288,1.2,5.552,29.2,12.632,23.6,31.45394,64.80078,-78,193672,3,42.6
8.288,1.2,5.552,31.6,12.632,23.6,31.45394,64.80841,-79,193672,3,42.6
8.288,1.2,5.552,29.2,12.632,23.6,31.46466,64.80841,-79,193672,3,42.6
8.288,1.2,5.552,31.2,12.632,23.6,31.47539,64.80841,-79,193676,3,42.6
8.288,1.2,5.552,28.8,12.632,23.2,31.48611,64.80841,-78,193676,3,42.6
8.288,1.2,5.552,30.0,12.632,23.6,31.47539,64.77789,-78,193624,3,42.6
8.288,1.2,5.512,57.2,12.624,36.4,31.45394,64.79315,-79,193676,3,42.6
8.288,1.2,5.552,29.6,12.632,23.6,31.45394,64.83893,-78,193676,3,42.6
8.288,1.2,5.552,31.2,12.632,24.4,31.43249,64.84656,-79,193676,3,42.6
8.296,1.2,5.52,55.2,12.624,35.6,31.43249,64.87708,-78,192104,3,42.6
8.288,1.2,5.544,30.4,12.632,24.0,31.40031,64.90759,-78,193676,3,42.6
8.288,1.2,5.552,29.2,12.632,23.2,31.40031,64.97626,-78,193676,3,42.6
8.288,1.2,5.552,30.0,12.632,23.6,31.38959,65.0144,-78,193624,3,42.6
8.288,1.2,5.552,29.2,12.632,23.2,31.38959,65.02966,-78,193676,3,42.6
8.288,1.2,5.552,30.0,12.632,23.6,31.38959,65.0144,-77,193676,3,42.6
8.288,1.2,5.552,32.0,12.632,24.4,31.40031,65.03729,-79,193676,3,42.6
8.288,1.2,5.544,29.6,12.632,23.2,31.38959,65.06018,-77,193676,3,42.6
8.288,1.2,5.544,30.8,12.632,24.0,31.36814,65.06018,-79,193676,3,42.6
8.288,1.2,5.552,29.2,12.632,23.2,31.38959,65.05255,-78,193676,3,42.6
8.288,1.2,5.544,30.4,12.632,24.0,31.37886,65.03729,-78,193676,3,42.6
8.288,1.2,5.544,29.2,12.632,23.2,31.36814,65.08307,-78,193676,3,42.6
8.288,1.2,5.552,30.0,12.632,23.6,31.35741,65.11359,-78,193676,3,42.6
8.288,1.2,5.552,29.2,12.632,24.8,31.36814,65.1441,-75,193676,3,42.6
8.288,1.2,5.552,30.0,12.632,23.2,31.35741,65.15173,-78,193676,3,42.6
8.288,1.2,5.544,32.0,12.632,24.8,31.35741,65.15936,-78,193676,3,42.6
8.288,1.2,5.536,41.6,12.632,29.6,31.36814,65.1441,-80,193624,3,43.6
8.288,1.2,5.552,31.2,12.632,24.4,31.37886,65.1441,-78,193676,3,42.6
8.288,1.2,5.544,29.2,12.632,23.2,31.35741,65.12885,-78,193676,3,42.6
8.296,1.2,5.512,55.2,12.624,35.6,31.36814,65.15936,-78,192104,3,42.6
8.288,1.2,5.552,29.2,12.632,23.2,31.36814,65.12885,-78,193676,3,42.6
8.288,1.2,5.544,30.4,12.632,23.6,31.36814,65.12885,-78,193676,3,42.6
8.288,1.2,5.544,30.8,12.632,24.8,31.36814,65.12122,-78,193676,3,42.6
8.288,1.2,5.552,29.6,12.632,23.2,31.36814,65.15936,-77,193676,3,42.6
8.288,1.2,5.552,29.6,12.632,24.4,31.36814,65.16699,-76,193676,3,42.6
8.288,1.2,5.552,29.2,12.632,23.2,31.36814,65.1441,-77,193676,3,42.6
8.288,1.2,5.544,29.6,12.632,24.0,31.37886,65.13647,-81,193676,3,42.6
8.288,1.2,5.552,29.2,12.632,23.2,31.36814,65.15936,-84,193672,3,42.6
8.288,1.2,5.552,29.2,12.632,23.6,31.37886,65.0907,-82,193620,3,42.6
8.288,1.2,5.544,29.6,12.632,23.6,31.38959,65.10596,-85,193672,3,42.6
8.288,1.2,5.552,30.0,12.632,23.6,31.38959,65.09833,-82,193672,3,42.6
8.28,1.2,5.552,32.0,12.632,24.4,31.41104,65.06781,-84,193672,3,42.6
8.288,1.2,5.552,29.6,12.632,23.6,31.40031,65.05255,-82,193672,3,42.6
8.288,1.2,5.544,31.2,12.632,24.4,31.41104,65.02203,-88,193672,3,42.6
8.288,1.2,5.552,29.6,12.632,23.6,31.41104,64.97626,-85,193672,3,42.6
8.288,1.2,5.552,30.8,12.632,24.0,31.41104,64.97626,-88,193672,3,42.6
8.288,1.2,5.552,28.8,12.632,23.2,31.40031,64.98389,-82,193672,3,42.6
8.288,1.2,5.552,29.6,12.632,23.6,31.38959,65.04492,-85,193672,3,42.6
8.288,1.2,5.544,32.8,12.632,24.0,31.38959,65.03729,-87,192100,3,42.6
8.288,1.2,5.552,29.6,12.632,23.6,31.38959,65.04492,-85,193672,3,42.6
8.288,1.2,5.552,31.6,12.632,23.6,31.37886,65.06781,-81,193672,3,42.6
8.288,1.2,5.552,29.2,12.632,23.6,31.37886,65.07544,-88,193672,3,42.6
8.28,1.2,5.544,30.8,12.632,23.6,31.37886,65.08307,-85,193672,3,42.6
8.288,1.2,5.544,28.8,12.632,23.2,31.36814,65.06781,-91,193672,3,42.6
8.288,1.2,5.552,30.4,12.632,23.6,31.38959,65.06781,-85,193620,3,42.6
8.288,1.2,5.552,32.8,12.632,25.2,31.38959,65.03729,-84,193672,3,42.6
8.288,1.2,5.552,30.0,12.632,23.2,31.37886,65.03729,-84,193672,3,42.6
8.288,1.2,5.552,32.0,12.632,24.4,31.38959,65.08307,-85,193672,3,42.6
8.288,1.2,5.552,29.6,12.632,23.2,31.38959,65.03729,-81,193676,3,42.6
8.288,1.2,5.544,31.2,12.632,24.0,31.36814,65.04492,-87,193676,3,42.6
8.288,1.2,5.552,29.2,12.632,23.6,31.36814,65.0907,-86,193676,3,42.6
8.288,1.2,5.552,30.4,12.632,24.0,31.37886,65.05255,-84,193676,3,42.6
8.288,1.2,5.552,28.8,12.632,23.2,31.38959,65.03729,-83,193676,3,42.6
8.288,1.2,5.552,29.6,12.632,23.6,31.37886,65.05255,-82,193676,3,42.6
8.296,1.2,5.512,59.2,12.624,36.4,31.40031,65.0144,-86,193676,3,42.6
8.288,1.2,5.552,30.0,12.632,23.6,31.38959,64.99152,-86,193676,3,42.6
8.288,1.2,5.552,31.6,12.632,24.0,31.40031,64.98389,-84,193676,3,42.6
8.296,1.2,5.52,54.4,12.624,35.6,31.40031,64.97626,-84,192104,3,42.6
8.288,1.2,5.552,30.8,12.632,24.0,31.40031,64.97626,-88,193676,3,42.6
8.288,1.2,5.544,29.2,12.632,23.2,31.40031,65.0144,-82,193676,3,42.6
8.288,1.2,5.552,30.0,12.632,23.6,31.40031,65.02966,-82,193676,3,42.6
8.288,1.2,5.544,32.0,12.632,24.8,31.38959,65.03729,-91,193676,3,42.6
8.288,1.2,5.552,29.6,12.632,23.6,31.38959,65.05255,-85,193676,3,42.6
8.28,1.2,5.544,31.6,12.632,24.4,31.37886,65.06781,-85,193676,3,42.6
8.288,1.2,5.552,29.6,12.632,23.2,31.37886,65.04492,-89,193676,3,42.6
8.288,1.2,5.552,30.8,12.632,24.0,31.37886,65.04492,-85,193676,3,42.6
8.288,1.2,5.552,29.2,12.632,23.2,31.36814,65.07544,-90,193676,3,42.6
8.288,1.2,5.552,30.0,12.632,23.6,31.38959,65.06018,-85,193676,3,42.6
8.288,1.2,5.552,31.2,12.632,24.8,31.37886,65.07544,-81,193676,3,42.6
8.296,1.2,5.552,29.6,12.632,23.6,31.36814,65.09833,-91,193676,3,42.6
8.288,1.2,5.552,29.6,12.632,24.4,31.35741,65.09833,-90,193676,3,42.6
8.296,1.2,5.552,29.2,12.632,23.6,31.36814,65.0907,-83,193676,3,42.6
8.288,1.2,5.544,29.2,12.632,24.0,31.36814,65.09833,-85,193676,3,42.6
8.288,1.2,5.552,29.6,12.632,23.6,31.36814,65.12122,-87,193676,3,42.6
8.288,1.2,5.552,29.6,12.632,23.6,31.37886,65.08307,-86,193676,3,42.6
8.288,1.2,5.552,29.2,12.632,23.2,31.35741,65.09833,-85,193676,3,42.6
8.288,1.2,5.528,49.6,12.624,32.4,31.36814,65.11359,-81,193676,3,43.6
8.288,1.2,5.544,32.4,12.632,24.8,31.35741,65.10596,-86,193676,3,42.6
8.288,1.2,5.552,30.4,12.632,24.0,31.35741,65.06781,-82,193676,3,42.6
8.296,1.2,5.52,51.6,12.624,34.8,31.36814,65.0907,-87,192104,3,42.6
8.288,1.2,5.552,32.4,12.632,24.4,31.37886,65.07544,-87,193676,3,42.6
8.288,1.2,5.544,30.4,12.632,24.0,31.35741,65.08307,-85,193676,3,42.6
8.288,1.2,5.552,29.2,12.632,23.2,31.35741,65.08307,-85,193676,3,42.6
8.272,1.2,5.512,65.2,12.624,40.0,31.36814,65.06781,-86,193624,3,42.6
8.28,1.2,5.552,36.0,12.632,26.0,31.37886,65.06781,-82,193676,3,43.6
8.288,1.2,5.552,29.2,12.632,23.2,31.38959,65.05255,-82,193676,3,42.6
8.288,1.2,5.552,32.0,12.632,23.6,31.40031,65.03729,-85,193676,3,42.6
8.288,1.2,5.56,29.2,12.632,23.2,31.40031,64.99152,-85,193676,3,42.6
8.288,1.2,5.552,30.8,12.632,23.6,31.38959,64.961,-84,193676,3,42.6
8.288,1.2,5.552,28.8,12.632,23.2,31.38959,64.98389,-88,193676,3,42.6
8.288,1.2,5.552,30.8,12.632,23.6,31.36814,65.0144,-83,193676,3,42.6
8.288,1.2,5.552,29.2,12.632,23.2,31.35741,65.0144,-88,193676,3,42.6
8.288,1.2,5.552,30.0,12.632,24.0,31.37886,65.0144,-86,193676,3,43.6
8.288,1.2,5.552,32.0,12.632,24.8,31.37886,64.99152,-82,193676,3,42.6
8.288,1.2,5.552,29.6,12.632,23.6,31.37886,65.02203,-88,193676,3,42.6
8.288,1.2,5.544,33.6,12.632,25.6,31.38959,65.0144,-82,193676,3,42.6
8.288,1.2,5.552,29.2,12.632,23.6,31.37886,64.98389,-88,193676,3,42.6
8.288,1.2,5.544,30.8,12.632,24.0,31.36814,64.99152,-85,193676,3,42.6
8.296,1.2,5.52,54.0,12.624,34.8,31.36814,65.00677,-89,192104,3,42.6
8.288,1.2,5.552,30.4,12.632,23.6,31.35741,65.02966,-89,193624,3,42.6
8.288,1.2,5.552,28.4,12.632,23.2,31.34669,65.05255,-89,193676,3,42.6
8.288,1.2,5.544,29.6,12.632,23.2,31.34669,65.06781,-87,193676,3,42.6
8.288,1.2,5.544,31.6,12.632,24.4,31.34669,65.08307,-86,193676,3,42.6
8.288,1.2,5.552,29.2,12.632,23.2,31.35741,65.07544,-85,193676,3,42.6
8.288,1.2,5.544,30.8,12.632,24.0,31.36814,65.06781,-84,193676,3,42.6
8.288,1.2,5.552,29.2,12.632,23.2,31.34669,65.06018,-89,193676,3,42.6
8.288,1.2,5.544,30.4,12.632,23.6,31.34669,65.08307,-89,193676,3,42.6
8.288,1.2,5.552,29.2,12.632,23.2,31.34669,65.09833,-84,193676,3,42.6
8.288,1.2,5.552,30.0,12.632,23.6,31.33596,65.0907,-87,193676,3,42.6
8.288,1.2,5.552,32.8,12.632,24.8,31.33596,65.09833,-82,193676,3,42.6
8.288,1.2,5.544,29.6,12.632,23.6,31.33596,65.13647,-87,193676,3,42.6
8.288,1.2,5.552,32.0,12.632,24.4,31.34669,65.12885,-82,193676,3,43.6
8.288,1.2,5.528,46.4,12.624,31.2,31.32524,65.12122,-85,193676,3,42.6
8.288,1.2,5.552,30.4,12.632,24.0,31.33596,65.12885,-85,193676,3,42.6
8.288,1.2,5.552,29.2,12.632,23.2,31.33596,65.16699,-85,192104,3,42.6
8.288,1.2,5.552,30.8,12.632,24.0,31.32524,65.15936,-82,193676,3,42.6
8.288,1.2,5.552,30.8,12.632,23.2,31.32524,65.12122,-82,193676,3,42.6
8.288,1.2,5.552,29.6,12.632,23.6,31.33596,65.13647,-83,193676,3,42.6
8.288,1.2,5.552,30.0,12.632,24.4,31.34669,65.10596,-88,193676,3,42.6
8.288,1.2,5.552,29.6,12.632,23.6,31.33596,65.15173,-86,193676,3,42.6
8.28,1.2,5.552,30.0,12.632,24.4,31.33596,65.12885,-83,193676,3,42.6
8.288,1.2,5.552,29.2,12.632,23.2,31.32524,65.12885,-86,193676,3,42.6
8.288,1.2,5.552,30.0,12.632,23.6,31.32524,65.13647,-86,193676,3,42.6
8.288,1.2,5.56,29.2,12.632,23.2,31.32524,65.13647,-83,193676,3,42.6
8.288,1.2,5.544,34.8,12.632,26.0,31.32524,65.12885,-85,193676,3,43.6
8.288,1.2,5.552,32.4,12.632,24.8,31.32524,65.15173,-84,193676,3,42.6
8.288,1.2,5.552,29.6,12.632,23.6,31.34669,65.11359,-90,193676,3,42.6
8.288,1.2,5.552,31.6,12.632,24.8,31.33596,65.10596,-86,193672,3,42.6
8.288,1.2,5.552,29.2,12.632,23.6,31.35741,65.10596,-85,193672,3,42.6
8.28,1.2,5.544,30.0,12.632,24.0,31.35741,65.0907,-85,193672,3,42.6
8.288,1.2,5.552,29.2,12.632,23.2,31.35741,65.05255,-82,193672,3,42.6
8.288,1.2,5.544,29.6,12.632,23.6,31.34669,65.03729,-82,193672,3,42.6
8.288,1.2,5.544,32.4,12.632,24.0,31.35741,65.03729,-85,193672,3,42.6
8.288,1.2,5.552,29.6,12.632,23.6,31.35741,65.02203,-90,191144,3,43.6
8.28,1.2,5.552,32.0,12.632,24.0,31.36814,65.02203,-82,193672,3,42.6
8.288,1.2,5.552,29.6,12.632,23.6,31.35741,65.0144,-83,193672,3,42.6
8.288,1.2,5.544,31.2,12.632,24.0,31.37886,64.98389,-87,193672,3,42.6
8.288,1.2,5.552,29.2,12.632,23.2,31.36814,64.97626,-81,193676,3,42.6
8.288,1.2,5.544,30.0,12.632,24.0,31.35741,64.98389,-85,193676,3,42.6
8.288,1.2,5.552,29.2,12.632,24.8,31.35741,65.02966,-88,193676,3,42.6
8.288,1.2,5.552,29.6,12.632,23.6,31.36814,65.00677,-86,193676,3,42.6
8.288,1.2,5.544,32.0,12.632,24.8,31.36814,64.961,-83,193676,3,42.6
8.288,1.2,5.544,29.6,12.632,23.6,31.36814,64.93048,-86,193676,3,42.6
8.288,1.2,5.544,30.8,12.632,24.0,31.37886,64.90759,-87,193676,3,42.6
8.288,1.2,5.552,29.2,12.632,23.6,31.38959,64.94574,-82,193676,3,42.6
8.288,1.2,5.552,30.4,12.632,24.0,31.36814,64.96863,-85,193676,3,42.6
8.288,1.2,5.552,29.6,12.632,23.2,31.35741,64.96863,-82,193676,3,42.6
8.288,1.2,5.552,30.0,12.632,23.6,31.34669,65.03729,-85,193676,3,42.6
8.28,1.2,5.544,32.8,12.632,24.8,31.35741,65.04492,-87,193676,3,42.6
8.288,1.2,5.544,30.4,12.632,23.6,31.36814,64.99915,-82,193676,3,42.6
8.288,1.2,5.544,31.6,12.632,24.4,31.35741,64.99915,-85,193676,3,42.6
8.288,1.2,5.552,29.2,12.632,23.6,31.35741,64.99915,-88,193676,3,42.6
8.288,1.2,5.552,30.8,12.632,24.0,31.36814,64.99915,-86,192104,3,42.6
8.288,1.2,5.552,28.8,12.632,23.6,31.37886,64.96863,-84,193676,3,42.6
8.288,1.2,5.552,30.4,12.632,24.0,31.38959,64.94574,-88,193624,3,42.6
8.28,1.2,5.552,28.8,12.632,25.2,31.37886,64.93811,-87,193676,3,42.6
8.288,1.2,5.552,29.6,12.632,23.6,31.38959,64.91522,-82,193676,3,42.6
8.288,1.2,5.544,31.6,12.632,24.4,31.37886,64.93048,-88,193676,3,42.6
8.288,1.2,5.552,29.6,12.632,23.6,31.35741,64.94574,-89,193676,3,42.6
8.288,1.2,5.552,31.2,12.632,24.4,31.34669,64.99915,-86,193676,3,42.6
8.288,1.2,5.552,29.2,12.632,23.2,31.34669,64.98389,-83,193676,3,42.6
8.288,1.2,5.552,30.4,12.632,23.6,31.35741,65.00677,-84,193676,3,42.6
8.288,1.2,5.552,29.2,12.632,23.2,31.34669,65.02203,-87,193672,3,42.6
8.288,1.2,5.552,30.0,12.632,23.6,31.34669,64.99915,-88,193672,3,42.6
8.288,1.2,5.552,32.4,12.632,24.8,31.34669,65.02203,-88,193672,3,42.6
8.288,1.2,5.552,29.6,12.632,23.6,31.35741,64.99915,-88,193672,3,42.6
8.28,1.2,5.544,31.6,12.632,24.4,31.35741,65.02203,-83,193672,3,42.6
8.288,1.2,5.552,29.2,12.632,23.6,31.35741,64.96863,-86,193672,3,42.6
8.288,1.2,5.552,30.8,12.632,24.0,31.37886,64.96863,-81,193672,3,42.6
8.288,1.2,5.544,29.2,12.632,23.2,31.38959,64.94574,-82,193672,3,42.6
8.28,1.2,5.52,50.8,12.624,33.2,31.38959,64.96863,-85,193620,3,42.6
8.288,1.2,5.544,42.8,12.624,30.0,31.37886,64.93048,-81,193672,3,43.6
8.288,1.2,5.552,30.0,12.632,23.6,31.36814,64.93811,-86,193672,3,42.6
8.28,1.2,5.552,31.6,12.632,24.4,31.37886,64.95337,-85,193672,3,42.6
8.296,1.2,5.52,55.2,12.624,35.2,31.36814,64.92285,-83,192100,3,42.6
8.296,1.2,5.552,33.2,12.632,24.4,31.36814,64.93048,-82,193672,3,42.6
8.288,1.2,5.544,38.4,12.632,27.6,31.37886,64.93811,-82,193672,3,42.6
8.288,1.2,5.552,31.2,12.632,24.0,31.36814,64.97626,-82,193620,3,42.6
8.288,1.2,5.552,29.2,12.632,23.2,31.36814,64.97626,-79,193672,3,42.6
8.288,1.2,5.552,31.2,12.632,24.0,31.35741,64.94574,-81,193672,3,42.6
8.28,1.2,5.544,32.8,12.632,25.2,31.35741,64.96863,-83,193672,3,42.6
8.288,1.2,5.552,30.0,12.632,23.6,31.34669,65.03729,-83,193672,3,42.6
8.288,1.2,5.544,32.4,12.632,24.4,31.32524,65.04492,-82,193672,3,42.6
8.288,1.2,5.544,29.6,12.632,23.2,31.34669,65.02966,-79,193672,3,42.6
8.288,1.2,5.544,31.6,12.632,24.0,31.34669,65.04492,-90,193672,3,42.6
8.288,1.2,5.544,29.2,12.632,23.2,31.33596,65.04492,-80,193672,3,42.6
8.288,1.2,5.552,31.6,12.632,24.0,31.34669,65.05255,-81,193672,3,43.6
8.288,1.2,5.544,32.8,12.632,26.4,31.34669,65.03729,-77,193672,3,42.6
8.288,1.2,5.552,30.8,12.632,23.6,31.36814,64.99915,-77,193672,3,42.6
8.288,1.2,5.544,31.6,12.632,24.4,31.37886,64.99915,-78,193672,3,42.6
8.288,1.2,5.552,34.8,12.632,26.0,31.37886,64.96863,-77,193672,3,42.6
8.288,1.2,5.544,30.8,12.632,24.0,31.37886,64.96863,-78,193672,3,42.6
8.288,1.2,5.552,28.8,12.632,23.2,31.38959,64.95337,-77,193672,3,42.6
8.296,1.2,5.512,56.0,12.624,35.6,31.40031,64.95337,-77,192052,3,42.6
8.288,1.2,5.544,28.8,12.632,22.8,31.41104,64.91522,-77,193672,3,42.6
8.288,1.2,5.552,30.0,12.632,23.2,31.41104,64.91522,-78,193672,3,42.6
8.28,1.2,5.544,31.2,12.632,24.4,31.41104,64.86945,-78,193672,3,42.6
8.288,1.2,5.552,29.2,12.632,23.2,31.41104,64.86945,-78,193672,3,42.6
8.288,1.2,5.544,30.8,12.632,24.0,31.40031,64.87708,-77,193672,3,42.6
8.288,1.2,5.552,29.2,12.632,23.2,31.41104,64.86945,-76,193672,3,42.6
8.28,1.2,5.552,30.8,12.632,23.6,31.38959,64.86945,-76,193672,3,42.6
8.288,1.2,5.552,28.8,12.632,23.2,31.37886,64.90759,-77,193672,3,42.6
8.288,1.2,5.544,29.6,12.632,23.6,31.37886,64.90759,-77,193672,3,42.6
8.28,1.2,5.544,32.0,12.632,24.8,31.36814,64.97626,-76,193672,3,42.6
8.288,1.2,5.552,29.6,12.632,23.2,31.36814,64.95337,-78,193672,3,42.6
8.288,1.2,5.544,31.2,12.632,24.4,31.35741,64.97626,-76,193672,3,42.6
8.288,1.2,5.552,29.6,12.632,23.2,31.36814,65.00677,-76,193672,3,42.6
8.28,1.2,5.544,30.8,12.632,24.0,31.35741,64.99152,-77,193672,3,42.6
8.288,1.2,5.544,29.2,12.632,23.2,31.34669,64.99915,-76,193672,3,42.6
8.288,1.2,5.512,54.4,12.624,35.2,31.35741,65.0144,-76,193672,3,43.6
8.288,1.2,5.552,28.8,12.632,22.8,31.35741,65.00677,-76,193672,3,42.6
8.288,1.2,5.552,30.4,12.632,24.0,31.35741,65.0144,-77,193672,3,42.6
8.296,1.2,5.512,55.6,12.624,34.4,31.34669,64.99915,-75,192100,3,42.6
8.288,1.2,5.552,29.6,12.632,23.6,31.35741,64.97626,-76,193672,3,42.6
8.28,1.2,5.544,31.2,12.632,24.4,31.35741,64.94574,-75,193672,3,42.6
8.28,1.2,5.552,29.6,12.632,23.6,31.37886,64.95337,-76,193672,3,42.6
8.288,1.2,5.544,30.8,12.632,24.0,31.36814,64.961,-76,193672,3,42.6
8.288,1.2,5.544,29.2,12.632,23.6,31.37886,64.92285,-76,193672,3,42.6
8.288,1.2,5.544,30.0,12.632,23.6,31.36814,64.93811,-77,193672,3,42.6
8.288,1.2,5.552,32.8,12.632,25.2,31.37886,64.93811,-76,193672,3,42.6
8.288,1.2,5.552,29.6,12.632,23.2,31.38959,64.92285,-77,193672,3,42.6
8.288,1.2,5.552,30.8,12.632,24.0,31.38959,64.92285,-78,193672,3,42.6
8.288,1.2,5.552,29.6,12.632,23.2,31.40031,64.89233,-77,193672,3,42.6
8.288,1.2,5.552,30.0,12.632,24.0,31.38959,64.89233,-76,193672,3,42.6
8.288,1.2,5.552,29.2,12.632,23.2,31.38959,64.89996,-76,193672,3,42.6
8.288,1.2,5.552,29.6,12.632,24.0,31.38959,64.86945,-77,193672,3,43.6
8.288,1.2,5.544,28.8,12.632,23.2,31.38959,64.8847,-76,193672,3,42.6
8.288,1.2,5.552,28.8,12.632,23.6,31.37886,64.86182,-77,193672,3,42.6
8.288,1.2,5.544,32.4,12.632,24.4,31.36814,64.89996,-76,193672,3,42.6
8.288,1.2,5.552,28.8,12.632,23.6,31.37886,64.93048,-75,193672,3,42.6
8.28,1.2,5.544,31.2,12.632,24.0,31.36814,64.92285,-77,193672,3,42.6
8.28,1.2,5.52,54.0,12.624,35.2,31.36814,64.92285,-75,192100,3,42.6
8.288,1.2,5.552,30.4,12.632,23.6,31.36814,64.94574,-76,193672,3,42.6
8.288,1.2,5.552,29.2,12.632,23.2,31.36814,64.91522,-76,193672,3,42.6
8.288,1.2,5.552,30.0,12.632,23.6,31.36814,64.90759,-76,193672,3,42.6
8.288,1.2,5.552,32.0,12.632,24.4,31.36814,64.91522,-77,193672,3,42.6
8.288,1.2,5.552,29.6,12.632,23.6,31.36814,64.93811,-76,193672,3,42.6
8.28,1.2,5.544,31.2,12.632,23.6,31.35741,64.961,-76,193672,3,41.6
8.288,1.2,5.552,28.8,12.632,23.2,31.36814,64.95337,-76,193672,3,42.6
8.288,1.2,5.552,30.8,12.632,23.2,31.35741,64.96863,-77,193672,3,42.6
8.288,1.2,5.544,28.8,12.632,23.2,31.36814,64.93811,-77,193672,3,42.6
8.288,1.2,5.552,29.6,12.632,23.2,31.37886,64.89996,-76,193672,3,42.6
8.288,1.2,5.544,32.0,12.632,24.8,31.38959,64.8847,-76,193672,3,42.6
8.288,1.2,5.544,29.6,12.632,23.2,31.40031,64.89996,-77,193672,3,42.6
8.288,1.2,5.544,30.8,12.632,24.4,31.38959,64.86182,-75,193656,3,42.6
8.288,1.2,5.56,29.6,12.632,23.2,31.37886,64.85419,-77,193656,3,42.6
8.288,1.2,5.544,30.4,12.632,24.0,31.41104,64.8847,-76,193656,3,42.6
8.288,1.2,5.544,33.6,12.632,25.6,31.42176,64.84656,-75,193656,3,42.6
8.288,1.2,5.552,29.6,12.632,23.6,31.42176,64.81604,-76,193656,3,42.6
8.288,1.2,5.552,32.8,12.632,25.2,31.44321,64.77026,-76,193656,3,42.6
8.296,1.2,5.512,56.0,12.624,36.0,31.44321,64.71686,-77,192084,3,42.6
8.28,1.2,5.552,32.0,12.632,24.4,31.44321,64.69397,-76,193656,3,42.6
8.288,1.2,5.552,29.2,12.632,23.6,31.46466,64.70923,-77,193656,3,42.6
8.288,1.2,5.544,31.2,12.632,24.4,31.45394,64.67871,-76,193656,3,42.6
8.288,1.2,5.544,29.2,12.632,23.2,31.45394,64.63293,-76,193656,3,42.6
8.288,1.2,5.544,30.0,12.632,24.0,31.43249,64.64819,-77,193656,3,42.6
8.288,1.2,5.552,29.2,12.632,22.8,31.44321,64.64819,-76,193656,3,42.6
8.288,1.2,5.552,29.6,12.632,23.6,31.44321,64.66345,-76,193656,3,42.6
8.28,1.2,5.552,30.4,12.632,24.0,31.44321,64.65582,-76,193656,3,42.6
8.288,1.2,5.552,29.6,12.632,23.2,31.44321,64.67108,-76,193656,3,42.6
8.288,1.2,5.552,30.8,12.632,24.0,31.44321,64.68634,-75,193672,3,42.6
8.288,1.2,5.552,29.6,12.632,23.6,31.44321,64.62531,-76,193672,3,42.6
8.28,1.2,5.552,30.4,12.632,24.0,31.44321,64.63293,-76,193672,3,42.6
8.288,1.2,5.544,29.2,12.632,23.2,31.44321,64.61768,-75,193672,3,42.6
8.28,1.2,5.552,29.6,12.632,24.4,31.44321,64.61768,-76,193672,3,42.6
8.288,1.2,5.544,35.6,12.632,24.8,31.45394,64.62531,-75,193672,3,42.6
8.288,1.2,5.552,30.0,12.632,23.6,31.44321,64.65582,-75,191144,3,43.6
8.28,1.2,5.544,30.8,12.632,24.4,31.43249,64.65582,-76,193672,3,42.6
8.288,1.2,5.552,29.6,12.632,23.2,31.42176,64.64819,-77,193672,3,42.6
8.288,1.2,5.552,29.6,12.632,24.0,31.42176,64.67871,-76,193672,3,42.6
8.288,1.2,5.552,29.2,12.632,23.2,31.42176,64.7016,-75,193672,3,42.6
8.28,1.2,5.552,29.2,12.632,24.0,31.43249,64.72449,-77,193620,3,42.6
8.288,1.2,5.552,29.2,12.632,23.2,31.41104,64.755,-76,193672,3,42.6
8.288,1.2,5.552,29.6,12.632,23.6,31.40031,64.755,-77,193672,3,42.6
8.288,1.2,5.544,32.4,12.632,24.0,31.38959,64.76263,-77,193672,3,42.6
8.288,1.2,5.552,29.6,12.632,23.6,31.38959,64.76263,-77,193672,3,42.6
8.288,1.2,5.552,31.2,12.632,24.4,31.37886,64.80078,-77,193672,3,42.6
8.288,1.2,5.544,29.2,12.632,23.2,31.38959,64.81604,-77,193672,3,42.6
8.288,1.2,5.544,30.4,12.632,24.0,31.38959,64.80841,-76,193672,3,42.6
8.296,1.2,5.536,38.4,12.624,27.6,31.37886,64.81604,-76,193672,3,43.6
8.288,1.2,5.552,30.4,12.632,23.6,31.38959,64.82367,-75,193620,3,42.6
8.28,1.2,5.544,32.8,12.632,24.8,31.40031,64.77789,-75,193672,3,42.6
8.28,1.2,5.544,30.0,12.632,23.6,31.37886,64.78552,-76,192100,3,42.6
8.288,1.2,5.552,32.0,12.632,24.0,31.37886,64.755,-76,193672,3,42.6
8.28,1.2,5.544,28.8,12.632,23.2,31.38959,64.76263,-76,193672,3,42.6
8.288,1.2,5.544,31.2,12.632,23.6,31.36814,64.78552,-77,193672,3,42.6
8.28,1.2,5.552,29.2,12.632,23.6,31.37886,64.81604,-76,193672,3,42.6
8.28,1.2,5.552,30.8,12.632,23.6,31.38959,64.80078,-77,193672,3,42.6
8.288,1.2,5.552,28.8,12.632,23.2,31.37886,64.83893,-75,193672,3,42.6
8.288,1.2,5.544,30.4,12.632,23.2,31.38959,64.80078,-75,193672,3,42.6
8.288,1.2,5.544,32.8,12.632,24.8,31.41104,64.77026,-75,193672,3,42.6
8.288,1.2,5.544,30.4,12.632,23.6,31.41104,64.76263,-75,193672,3,42.6
8.28,1.2,5.552,31.6,12.632,24.4,31.41104,64.76263,-76,193672,3,42.6
8.288,1.2,5.544,29.2,12.632,23.6,31.41104,64.74738,-81,193672,3,42.6
8.288,1.2,5.552,30.8,12.632,24.0,31.41104,64.73975,-82,193672,3,41.6
8.288,1.2,5.552,28.8,12.632,23.2,31.40031,64.755,-81,193672,3,42.6
8.288,1.2,5.552,30.0,12.632,23.6,31.40031,64.77789,-80,193672,3,42.6
8.288,1.2,5.552,29.2,12.632,23.2,31.40031,64.755,-82,193672,3,42.6
8.288,1.2,5.552,30.0,12.632,23.2,31.41104,64.76263,-82,193672,3,42.6
8.28,1.2,5.544,32.4,12.632,24.4,31.41104,64.73975,-82,193672,3,42.6
8.288,1.2,5.544,29.6,12.632,23.2,31.41104,64.74738,-82,193672,3,42.6
8.288,1.2,5.528,45.2,12.624,32.4,31.40031,64.74738,-81,191192,3,42.6
8.288,1.2,5.552,29.2,12.632,23.2,31.37886,64.80841,-82,193672,3,42.6
8.288,1.2,5.552,30.4,12.632,24.0,31.37886,64.84656,-82,193672,3,42.6
8.288,1.2,5.552,29.2,12.632,23.2,31.35741,64.86945,-82,193672,3,42.6
8.288,1.2,5.552,30.0,12.632,24.0,31.36814,64.89996,-82,193672,3,42.6
8.288,1.2,5.552,32.0,12.632,24.8,31.35741,64.86945,-81,193672,3,42.6
8.288,1.2,5.552,29.2,12.632,23.6,31.34669,64.87708,-81,193672,3,42.6
8.288,1.2,5.552,31.2,12.632,24.4,31.35741,64.87708,-82,193672,3,42.6
8.288,1.2,5.552,29.6,12.632,23.6,31.34669,64.92285,-82,193672,3,42.6
8.28,1.2,5.552,30.8,12.632,24.0,31.33596,64.94574,-83,193672,3,42.6
8.288,1.2,5.544,29.2,12.632,23.2,31.33596,64.93048,-82,193672,3,42.6
8.288,1.2,5.552,30.0,12.632,24.0,31.32524,64.95337,-82,193672,3,42.6
8.288,1.2,5.552,29.2,12.632,23.2,31.31451,64.98389,-82,193672,3,42.6
8.288,1.2,5.552,30.0,12.632,23.2,31.32524,64.97626,-82,193672,3,42.6
8.288,1.2,5.552,30.0,12.632,24.4,31.32524,64.98389,-82,193672,3,42.6
8.288,1.2,5.544,29.6,12.632,23.2,31.32524,64.98389,-82,193672,3,42.6
8.288,1.2,5.552,30.8,12.632,24.8,31.33596,64.99152,-82,193672,3,42.6
8.288,1.2,5.552,29.2,12.632,23.2,31.34669,64.961,-82,193672,3,42.6
8.288,1.2,5.544,30.0,12.632,24.0,31.34669,64.93811,-83,193620,3,42.6
8.296,1.2,5.52,54.0,12.624,34.8,31.30379,64.93811,-83,192100,3,42.6
8.288,1.2,5.552,29.6,12.632,23.6,31.30379,64.99152,-82,193672,3,42.6
8.288,1.2,5.552,31.6,12.632,24.4,31.29306,65.02966,-85,193672,3,42.6
8.288,1.2,5.552,29.6,12.632,23.2,31.30379,65.03729,-83,193672,3,42.6
8.288,1.2,5.544,30.8,12.632,24.4,31.29306,65.04492,-82,193672,3,42.6
8.288,1.2,5.544,29.2,12.632,23.2,31.27161,65.07544,-83,193672,3,42.6
8.288,1.2,5.552,30.0,12.632,23.6,31.27161,65.08307,-83,193620,3,42.6
8.288,1.2,5.544,32.4,12.632,24.4,31.28234,65.09833,-83,193672,3,42.6
8.288,1.2,5.552,29.6,12.632,23.6,31.27161,65.12885,-83,193672,3,42.6
8.288,1.2,5.544,32.0,12.632,23.6,31.26089,65.15173,-82,193672,3,42.6
8.288,1.2,5.552,29.2,12.632,23.2,31.26089,65.18225,-82,193672,3,42.6
8.288,1.2,5.544,30.8,12.632,23.6,31.26089,65.18988,-83,193672,3,42.6
8.288,1.2,5.552,28.8,12.632,23.2,31.23944,65.23566,-83,193672,3,42.6
8.288,1.2,5.552,30.4,12.632,23.6,31.25016,65.24329,-83,193672,3,42.6
8.28,1.2,5.544,32.0,12.632,24.8,31.23944,65.24329,-83,193672,3,42.6
8.288,1.2,5.544,29.6,12.632,23.2,31.23944,65.25854,-83,193672,3,42.6
8.288,1.2,5.544,36.4,12.632,26.4,31.23944,65.26617,-83,193672,3,42.6
8.288,1.2,5.552,29.6,12.632,23.6,31.22871,65.25092,-83,193672,3,42.6
8.288,1.2,5.552,30.8,12.632,24.0,31.21799,65.31958,-84,193672,3,42.6
8.296,1.2,5.52,54.0,12.624,34.0,31.21799,65.33484,-83,192100,3,42.6
8.28,1.2,5.544,30.8,12.632,23.6,31.21799,65.32721,-82,193672,3,42.6
8.288,1.2,5.552,28.8,12.632,23.2,31.20726,65.36536,-80,193672,3,42.6
8.288,1.2,5.552,30.4,12.632,23.6,31.23944,65.32721,-81,193672,3,42.6
8.288,1.2,5.552,28.4,12.632,25.2,31.22871,65.30432,-81,193672,3,42.6
8.288,1.2,5.552,29.6,12.632,23.2,31.22871,65.29669,-81,193672,3,42.6
8.288,1.2,5.552,31.6,12.632,24.4,31.23944,65.2738,-81,193672,3,42.6
8.288,1.2,5.552,29.2,12.632,23.2,31.22871,65.2738,-81,193672,3,42.6
8.288,1.2,5.544,30.8,12.632,24.4,31.22871,65.30432,-81,193672,3,41.6
8.288,1.2,5.56,28.8,12.632,23.2,31.23944,65.26617,-80,193672,3,42.6
8.288,1.2,5.552,30.0,12.632,23.6,31.22871,65.28143,-81,193672,3,42.6
8.288,1.2,5.552,29.2,12.632,23.2,31.23944,65.25092,-81,193672,3,42.6
8.288,1.2,5.552,30.0,12.632,23.2,31.23944,65.23566,-80,193672,3,42.6
8.288,1.2,5.552,32.0,12.632,24.8,31.25016,65.23566,-83,193672,3,42.6
8.288,1.2,5.544,29.2,12.632,23.6,31.25016,65.24329,-81,193672,3,42.6
8.288,1.2,5.552,31.2,12.632,24.0,31.22871,65.23566,-81,193672,3,42.6
8.288,1.2,5.544,29.2,12.632,23.6,31.22871,65.29669,-81,191192,3,43.6
8.288,1.2,5.552,30.4,12.632,24.0,31.19654,65.3501,-81,193672,3,42.6
8.288,1.2,5.552,29.2,12.632,23.2,31.20726,65.38062,-81,193672,3,41.6
8.288,1.2,5.552,30.0,12.632,23.2,31.18581,65.41876,-81,193672,3,42.6
8.288,1.2,5.552,30.4,12.632,24.4,31.18581,65.46454,-81,193672,3,41.6
8.288,1.2,5.552,29.6,12.632,23.6,31.17509,65.4798,-81,193672,3,42.6
8.288,1.2,5.552,29.6,12.632,24.0,31.16436,65.49506,-85,193672,3,42.6
8.288,1.2,5.552,29.2,12.632,23.6,31.16436,65.51031,-81,193672,3,42.6
8.288,1.2,5.544,30.0,12.632,23.6,31.15364,65.54846,-79,193672,3,42.6
8.288,1.2,5.552,29.2,12.632,23.2,31.16436,65.54083,-76,193672,3,42.6
8.288,1.2,5.544,29.6,12.632,23.6,31.15364,65.52557,-76,193672,3,42.6
8.288,1.2,5.544,32.0,12.632,24.8,31.15364,65.54846,-76,193672,3,41.6
8.288,1.2,5.552,29.6,12.632,23.6,31.15364,65.54083,-77,193672,3,42.6
8.288,1.2,5.544,31.6,12.632,24.4,31.16436,65.57135,-76,193672,3,42.6
8.288,1.2,5.552,29.6,12.632,23.6,31.15364,65.56372,-75,193672,3,42.6
8.288,1.2,5.544,30.4,12.632,24.0,31.16436,65.54083,-77,193672,3,41.6
8.288,1.2,5.512,60.8,12.624,36.8,31.17509,65.52557,-76,193672,3,42.6
8.288,1.2,5.552,30.0,12.632,23.6,31.16436,65.4798,-75,193672,3,42.6
8.288,1.2,5.552,29.2,12.632,24.0,31.15364,65.51031,-76,193672,3,42.6
8.28,1.2,5.512,65.6,12.608,44.0,31.15364,65.51031,-76,192100,3,43.6
8.288,1.2,5.552,32.4,12.632,23.6,31.16436,65.51794,-76,193672,3,42.6
8.288,1.2,5.56,29.2,12.632,23.2,31.15364,65.51794,-77,193672,3,42.6
8.288,1.2,5.544,30.8,12.632,24.4,31.16436,65.51794,-76,193672,3,42.6
8.288,1.2,5.552,28.8,12.632,23.2,31.14291,65.54083,-75,193672,3,42.6
8.288,1.2,5.544,30.4,12.632,23.6,31.14291,65.51031,-76,193672,3,42.6
8.288,1.2,5.552,28.8,12.632,23.2,31.15364,65.51794,-75,193672,3,42.6
8.28,1.2,5.552,30.0,12.632,24.0,31.15364,65.51794,-76,193620,3,42.6
8.288,1.2,5.552,29.2,12.632,23.2,31.15364,65.5332,-76,193672,3,42.6
8.288,1.2,5.552,30.0,12.632,23.6,31.13218,65.54846,-77,193672,3,42.6
8.288,1.2,5.544,31.6,12.632,24.4,31.14291,65.59424,-76,193672,3,42.6
8.296,1.2,5.536,41.2,12.632,29.2,31.14291,65.59424,-76,193672,3,42.6
8.288,1.2,5.552,31.2,12.632,24.0,31.12146,65.6095,-76,193672,3,42.6
8.288,1.2,5.544,29.2,12.632,23.2,31.13218,65.62476,-76,193672,3,42.6
8.288,1.2,5.552,30.4,12.632,23.6,31.12146,65.63239,-76,193672,3,42.6
8.288,1.2,5.552,28.4,12.632,25.2,31.10001,65.67053,-76,193672,3,42.6
8.288,1.2,5.536,41.2,12.624,28.8,31.10001,65.72394,-76,193672,3,42.6
8.288,1.2,5.544,32.0,12.632,24.8,31.10001,65.72394,-77,193672,3,41.6
8.288,1.2,5.544,29.6,12.632,23.2,31.07856,65.74683,-74,193672,3,42.6
8.296,1.2,5.512,54.8,12.624,34.8,31.08928,65.7926,-74,192100,3,42.6
8.288,1.2,5.544,29.2,12.632,23.6,31.08928,65.76971,-75,193672,3,42.6
8.288,1.2,5.552,30.8,12.632,24.0,31.10001,65.76971,-74,193672,3,42.6
8.288,1.2,5.544,29.2,12.632,23.2,31.12146,65.71631,-75,193672,3,41.6
8.288,1.2,5.544,30.0,12.632,23.6,31.11073,65.73157,-74,193672,3,42.6
8.288,1.2,5.544,32.4,12.632,24.8,31.12146,65.7392,-74,193672,3,41.6
8.288,1.2,5.552,30.0,12.632,23.2,31.11073,65.73157,-73,193672,3,42.6
8.288,1.2,5.552,31.6,12.632,24.4,31.12146,65.68579,-74,193672,3,42.6
8.288,1.2,5.552,29.6,12.632,23.2,31.13218,65.67816,-74,193672,3,41.6
8.288,1.2,5.552,30.8,12.632,24.0,31.13218,65.6629,-74,193672,3,42.6
8.288,1.2,5.544,29.2,12.632,23.2,31.14291,65.64764,-74,193672,3,42.6
8.288,1.2,5.544,30.0,12.632,23.6,31.13218,65.61713,-73,193672,3,42.6
8.288,1.2,5.552,28.8,12.632,23.2,31.15364,65.57898,-73,193672,3,42.6
8.288,1.2,5.544,29.6,12.632,23.6,31.14291,65.57135,-73,193672,3,42.6
8.288,1.2,5.544,30.8,12.632,24.8,31.15364,65.59424,-74,193672,3,41.6
8.288,1.2,5.552,29.2,12.632,23.6,31.14291,65.61713,-76,193672,3,42.6
8.288,1.2,5.52,52.8,12.624,34.4,31.14291,65.58661,-73,191192,3,43.6
8.288,1.2,5.552,29.6,12.632,23.6,31.13218,65.64001,-74,193672,3,42.6
8.288,1.2,5.544,30.8,12.632,24.0,31.12146,65.64764,-73,193672,3,42.6
8.288,1.2,5.552,28.8,12.632,23.2,31.08928,65.67053,-73,193672,3,42.6
8.28,1.2,5.544,30.4,12.632,23.6,31.08928,65.72394,-71,193672,3,42.6
8.288,1.2,5.552,28.8,12.632,23.2,31.08928,65.77734,-72,193672,3,42.6
8.288,1.2,5.552,30.4,12.632,23.6,31.06783,65.78497,-72,193672,3,42.6
8.288,1.2,5.544,30.4,12.632,24.4,31.05711,65.83075,-71,193672,3,42.6
8.288,1.2,5.544,29.6,12.632,23.6,31.05711,65.83075,-72,193672,3,42.6
8.288,1.2,5.544,29.6,12.632,24.0,31.04638,65.87653,-72,193672,3,42.6
8.288,1.2,5.544,29.6,12.632,23.6,31.03566,65.90704,-72,193672,3,42.6
8.288,1.2,5.552,29.6,12.632,23.6,31.02493,65.91467,-73,193672,3,42.6
8.288,1.2,5.552,29.2,12.632,23.2,31.03566,65.90704,-71,193672,3,42.6
8.288,1.2,5.552,29.6,12.632,23.6,31.02493,65.95282,-73,193672,3,42.6
8.28,1.2,5.544,32.4,12.632,24.4,31.02493,65.94519,-76,193672,3,42.6
8.288,1.2,5.552,29.2,12.632,23.6,31.02493,65.97571,-77,193672,3,42.6
8.288,1.2,5.544,38.0,12.632,27.2,31.02493,65.98334,-78,193672,3,42.6
8.288,1.2,5.56,29.6,12.632,23.6,31.01421,66.03674,-78,193672,3,42.6
8.288,1.2,5.544,30.4,12.632,24.0,31.01421,66.052,-77,193672,3,42.6
8.296,1.2,5.512,53.6,12.624,34.8,31.02493,66.02148,-76,192100,3,42.6
8.288,1.2,5.552,30.0,12.632,23.6,31.01421,66.03674,-79,193620,3,42.6
8.288,1.2,5.552,29.2,12.632,24.0,31.02493,66.04437,-80,193672,3,42.6
8.288,1.2,5.544,29.2,12.632,23.6,31.02493,66.06726,-80,193672,3,42.6
8.28,1.2,5.544,31.6,12.632,23.6,31.01421,66.08252,-79,193672,3,42.6
8.288,1.2,5.552,29.2,12.632,23.2,31.01421,66.02148,-79,193672,3,42.6
8.288,1.2,5.544,30.8,12.632,23.6,31.02493,66.02148,-77,193620,3,42.6
8.288,1.2,5.552,29.2,12.632,23.6,31.02493,66.00623,-80,193672,3,42.6
8.288,1.2,5.544,30.8,12.632,23.6,31.04638,65.98334,-78,193672,3,42.6
8.288,1.2,5.56,29.6,12.632,23.6,31.04638,65.97571,-78,193672,3,42.6
8.288,1.2,5.552,30.0,12.632,23.6,31.04638,65.94519,-81,193676,3,42.6
8.288,1.2,5.544,32.8,12.632,24.8,31.05711,65.90704,-81,193676,3,42.6
8.288,1.2,5.552,29.6,12.632,23.6,31.06783,65.93756,-79,193676,3,42.6
8.296,1.2,5.552,31.6,12.632,24.0,31.05711,65.8689,-79,193676,3,42.6
8.288,1.2,5.552,29.2,12.632,23.2,31.07856,65.87653,-80,193676,3,41.6
8.288,1.2,5.552,30.8,12.632,23.6,31.06783,65.82312,-79,193676,3,41.6
8.288,1.2,5.552,31.6,12.632,24.8,31.06783,65.82312,-79,193676,3,42.6
8.288,1.2,5.552,30.0,12.632,23.2,31.06783,65.8689,-80,193676,3,42.6
8.288,1.2,5.536,41.2,12.624,29.2,31.10001,65.81549,-79,193676,3,42.6
8.296,1.2,5.52,57.6,12.624,34.8,31.11073,65.7926,-79,192104,3,42.6
8.288,1.2,5.552,31.2,12.632,24.4,31.10001,65.76208,-79,193676,3,42.6
8.288,1.2,5.544,29.2,12.632,23.2,31.10001,65.73157,-80,193676,3,42.6
8.288,1.2,5.536,39.2,12.624,28.0,31.10001,65.69342,-79,193676,3,42.6
8.288,1.2,5.552,29.2,12.632,23.2,31.10001,65.71631,-79,193676,3,42.6
8.272,1.2,5.504,64.0,12.624,40.0,31.08928,65.70868,-80,193676,3,42.6
8.288,1.2,5.56,28.8,12.632,23.2,31.10001,65.70105,-78,193676,3,41.6
8.288,1.2,5.544,29.6,12.632,23.6,31.08928,65.75446,-80,193624,3,43.6
8.288,1.2,5.552,32.0,12.632,24.8,31.12146,65.73157,-80,193676,3,42.6
8.288,1.2,5.552,29.2,12.632,23.2,31.12146,65.70105,-80,193676,3,42.6
8.288,1.2,5.544,30.8,12.632,24.0,31.12146,65.69342,-80,193672,3,42.6
8.288,1.2,5.552,29.2,12.632,23.2,31.10001,65.68579,-79,193672,3,42.6
8.288,1.2,5.552,29.6,12.632,23.6,31.08928,65.75446,-80,193672,3,42.6
8.288,1.2,5.544,29.2,12.632,24.8,31.08928,65.75446,-79,193672,3,42.6
8.288,1.2,5.552,29.6,12.632,23.6,31.07856,65.75446,-80,193672,3,42.6
8.288,1.2,5.544,30.4,12.632,24.4,31.08928,65.75446,-80,193672,3,42.6
8.288,1.2,5.552,29.6,12.632,23.6,31.10001,65.73157,-80,191144,3,43.6
8.288,1.2,5.544,30.8,12.632,24.4,31.10001,65.71631,-80,193672,3,42.6
8.288,1.2,5.552,29.2,12.632,23.2,31.08928,65.71631,-79,193672,3,41.6
8.288,1.2,5.544,30.4,12.632,23.6,31.10001,65.69342,-79,193672,3,42.6
8.288,1.2,5.552,29.2,12.632,23.2,31.10001,65.6629,-78,193672,3,42.6
8.288,1.2,5.552,30.0,12.632,23.6,31.10001,65.67053,-79,193672,3,42.6
8.288,1.2,5.544,31.2,12.632,24.4,31.10001,65.69342,-79,193672,3,41.6
8.288,1.2,5.552,29.6,12.632,23.6,31.10001,65.6629,-79,193672,3,42.6
8.288,1.2,5.552,29.6,12.632,24.4,31.12146,65.65527,-79,193672,3,42.6
8.288,1.2,5.552,29.2,12.632,23.2,31.12146,65.62476,-81,193672,3,42.6
8.288,1.2,5.552,29.2,12.632,24.0,31.11073,65.64001,-80,193672,3,42.6
8.288,1.2,5.552,29.2,12.632,23.2,31.12146,65.62476,-79,193672,3,42.6
8.288,1.2,5.552,29.2,12.632,23.6,31.12146,65.61713,-78,193672,3,42.6
8.28,1.2,5.544,32.0,12.632,24.4,31.11073,65.67053,-79,193672,3,42.6
8.288,1.2,5.552,29.2,12.632,23.6,31.08928,65.70105,-79,193672,3,41.6
8.288,1.2,5.544,30.8,12.632,24.4,31.08928,65.69342,-81,193672,3,41.6
8.288,1.2,5.544,29.6,12.632,23.2,31.07856,65.76208,-80,192100,3,42.6
8.288,1.2,5.544,30.4,12.632,24.0,31.10001,65.7392,-79,193672,3,42.6
8.288,1.2,5.552,29.2,12.632,23.2,31.10001,65.72394,-82,193672,3,42.6
8.288,1.2,5.544,30.0,12.632,23.6,31.12146,65.71631,-82,193672,3,42.6
8.288,1.2,5.544,32.0,12.632,24.4,31.11073,65.67053,-82,193672,3,42.6
8.288,1.2,5.552,29.2,12.632,23.6,31.12146,65.67053,-78,193672,3,42.6
8.288,1.2,5.552,31.2,12.632,23.6,31.11073,65.67816,-84,193672,3,41.6
8.288,1.2,5.552,29.2,12.632,23.6,31.10001,65.67816,-81,193672,3,42.6
8.288,1.2,5.552,30.4,12.632,23.6,31.10001,65.69342,-84,193672,3,42.6
8.288,1.2,5.552,28.8,12.632,23.2,31.08928,65.71631,-84,193672,3,42.6
8.288,1.2,5.552,30.0,12.632,23.2,31.06783,65.76971,-82,193672,3,42.6
8.288,1.2,5.552,32.8,12.632,24.8,31.08928,65.76971,-84,193672,3,42.6
8.288,1.2,5.544,29.6,12.632,23.2,31.07856,65.77734,-83,193672,3,42.6
8.288,1.2,5.552,31.6,12.632,24.4,31.07856,65.80786,-81,193672,3,42.6
8.288,1.2,5.544,29.2,12.632,23.2,31.06783,65.7926,-81,193672,3,42.6
8.288,1.2,5.544,30.8,12.632,24.0,31.06783,65.80786,-83,193672,3,42.6
8.288,1.2,5.544,30.0,12.632,23.6,31.08928,65.78497,-81,193672,3,42.6
8.288,1.2,5.552,30.4,12.632,23.6,31.10001,65.77734,-83,193672,3,42.6
8.288,1.2,5.552,28.4,12.632,25.2,31.10001,65.73157,-83,193672,3,41.6
8.288,1.2,5.528,44.8,12.624,31.6,31.12146,65.7392,-84,193672,3,43.6
8.288,1.2,5.544,31.6,12.632,24.4,31.13218,65.67816,-85,193672,3,42.6
8.288,1.2,5.544,29.6,12.632,23.2,31.13218,65.6629,-83,193672,3,42.6
8.296,1.2,5.512,53.2,12.624,34.4,31.13218,65.62476,-82,192100,3,42.6
8.288,1.2,5.552,29.2,12.632,23.2,31.14291,65.57135,-82,193672,3,42.6
8.28,1.2,5.552,30.4,12.632,23.6,31.11073,65.57898,-81,193672,3,41.6
8.288,1.2,5.552,28.8,12.632,23.2,31.11073,65.57898,-78,193672,3,41.6
8.288,1.2,5.544,30.8,12.632,23.6,31.10001,65.6629,-85,193672,3,42.6
8.288,1.2,5.552,32.4,12.632,24.8,31.08928,65.67053,-84,193672,3,42.6
8.288,1.2,5.552,29.2,12.632,23.6,31.10001,65.6629,-84,193672,3,42.6
8.28,1.2,5.544,31.6,12.632,24.4,31.10001,65.70105,-78,193672,3,42.6
8.288,1.2,5.552,29.2,12.632,23.6,31.10001,65.67053,-84,193672,3,42.6
8.28,1.2,5.504,60.8,12.624,39.2,31.06783,65.70105,-84,193672,3,42.6
8.288,1.2,5.552,29.2,12.632,23.2,31.05711,65.73157,-83,193620,3,43.6
8.28,1.2,5.552,30.4,12.632,24.0,31.07856,65.76208,-77,193672,3,42.6
8.288,1.2,5.544,30.0,12.632,24.8,31.06783,65.83838,-82,193672,3,42.6
8.288,1.2,5.552,30.0,12.632,23.2,31.04638,65.83075,-83,193672,3,42.6
8.28,1.2,5.552,30.0,12.632,24.4,31.04638,65.82312,-85,193672,3,41.6
8.288,1.2,5.544,29.2,12.632,23.6,31.04638,65.87653,-83,193672,3,42.6
8.288,1.2,5.544,30.4,12.632,24.0,31.05711,65.85364,-84,192100,3,41.6
8.288,1.2,5.552,29.2,12.632,23.2,31.05711,65.84601,-83,193672,3,42.6
8.288,1.2,5.552,30.0,12.632,23.6,31.06783,65.81549,-83,193672,3,42.6
8.288,1.2,5.552,29.2,12.632,23.2,31.04638,65.84601,-84,193672,3,41.6
8.288,1.2,5.552,29.6,12.632,23.6,31.05711,65.81549,-85,193672,3,42.6
8.288,1.2,5.544,32.0,12.632,24.8,31.05711,65.81549,-85,193672,3,41.6
8.288,1.2,5.552,29.6,12.632,23.6,31.05711,65.80023,-86,193672,3,41.6
8.288,1.2,5.552,30.4,12.632,24.4,31.03566,65.84601,-85,193672,3,42.6
8.288,1.2,5.552,29.2,12.632,23.6,31.05711,65.86127,-84,193672,3,42.6
8.288,1.2,5.552,29.2,12.632,24.0,31.05711,65.87653,-84,193672,3,41.6
8.288,1.2,5.552,29.2,12.632,23.2,31.05711,65.85364,-83,193672,3,42.6
8.288,1.2,5.552,28.8,12.632,23.6,31.06783,65.83838,-84,193672,3,42.6
8.288,1.2,5.544,31.6,12.632,23.6,31.07856,65.80023,-86,193672,3,41.6
8.288,1.2,5.552,29.6,12.632,23.6,31.07856,65.76208,-85,193672,3,42.6
8.288,1.2,5.552,31.6,12.632,23.6,31.08928,65.74683,-84,193672,3,41.6
8.288,1.2,5.552,29.6,12.632,23.2,31.07856,65.7392,-85,193672,3,42.6
8.288,1.2,5.544,32.4,12.632,24.8,31.08928,65.7392,-84,193672,3,42.6
8.288,1.2,5.552,29.2,12.632,23.2,31.08928,65.70868,-85,193672,3,42.6
8.288,1.2,5.552,30.4,12.632,24.0,31.10001,65.73157,-86,193672,3,42.6
8.296,1.2,5.512,54.8,12.624,34.8,31.11073,65.69342,-84,192100,3,42.6
8.288,1.2,5.552,29.6,12.632,24.0,31.11073,65.64764,-84,193672,3,42.6
8.288,1.2,5.552,32.0,12.632,24.0,31.12146,65.62476,-84,193672,3,41.6
8.288,1.2,5.552,29.2,12.632,23.6,31.13218,65.59424,-84,193672,3,42.6
8.28,1.2,5.552,31.6,12.632,23.6,31.14291,65.62476,-84,193672,3,42.6
8.288,1.2,5.552,28.8,12.632,23.6,31.14291,65.57898,-84,193672,3,42.6
8.28,1.2,5.552,30.8,12.632,23.6,31.14291,65.58661,-84,193672,3,41.6
8.288,1.2,5.552,29.2,12.632,23.2,31.12146,65.57135,-84,193672,3,42.6
8.288,1.2,5.552,30.4,12.632,23.2,31.13218,65.54083,-82,193672,3,42.6
8.288,1.2,5.544,32.4,12.632,24.8,31.11073,65.58661,-78,193672,3,41.6
8.288,1.2,5.552,30.0,12.632,23.6,31.11073,65.6095,-81,193672,3,42.6
8.288,1.2,5.552,31.2,12.632,24.4,31.10001,65.64764,-81,193672,3,41.6
8.288,1.2,5.552,29.6,12.632,23.6,31.08928,65.6629,-82,193672,3,42.6
8.288,1.2,5.552,30.8,12.632,24.0,31.10001,65.64764,-78,193672,3,42.6
8.288,1.2,5.552,29.2,12.632,23.2,31.10001,65.6629,-80,193672,3,42.6
8.288,1.2,5.552,30.4,12.632,23.6,31.08928,65.72394,-80,193620,3,41.6
8.288,1.2,5.552,29.2,12.632,24.8,31.07856,65.7392,-79,191140,3,43.6
8.288,1.2,5.552,30.0,12.632,23.2,31.07856,65.72394,-79,193672,3,42.6
8.288,1.2,5.552,31.6,12.632,24.4,31.06783,65.76971,-80,193672,3,42.6
8.288,1.2,5.552,29.6,12.632,23.2,31.06783,65.77734,-80,193672,3,42.6
8.288,1.2,5.552,30.8,12.632,24.0,31.06783,65.78497,-79,193672,3,42.6
8.288,1.2,5.552,29.2,12.632,22.8,31.08928,65.74683,-80,193672,3,41.6
8.288,1.2,5.552,30.0,12.632,23.6,31.08928,65.73157,-79,193672,3,42.6
8.288,1.2,5.552,28.8,12.632,23.2,31.10001,65.70105,-79,193672,3,42.6
8.288,1.2,5.552,29.6,12.632,23.6,31.12146,65.70105,-80,193672,3,42.6
8.288,1.2,5.552,32.0,12.632,24.8,31.12146,65.62476,-80,193672,3,41.6
8.288,1.2,5.544,29.2,12.632,23.6,31.10001,65.62476,-79,193676,3,42.6
8.288,1.2,5.552,31.2,12.632,24.4,31.12146,65.63239,-79,193676,3,42.6
8.288,1.2,5.544,29.2,12.632,23.2,31.12146,65.63239,-79,193676,3,42.6
8.288,1.2,5.552,30.8,12.632,24.0,31.13218,65.58661,-80,193676,3,42.6
8.288,1.2,5.552,29.2,12.632,23.2,31.10001,65.60187,-81,193676,3,42.6
8.288,1.2,5.552,30.0,12.632,23.6,31.12146,65.60187,-82,193676,3,42.6
8.288,1.2,5.528,46.4,12.624,32.4,31.10001,65.64764,-79,193676,3,42.6
8.288,1.2,5.552,29.6,12.632,23.6,31.11073,65.6629,-81,193676,3,42.6
8.28,1.2,5.544,30.0,12.632,24.4,31.10001,65.67816,-80,193676,3,41.6
8.296,1.2,5.512,55.6,12.624,36.0,31.07856,65.6629,-81,192104,3,42.6
8.288,1.2,5.552,30.4,12.632,24.0,31.11073,65.67816,-80,193676,3,41.6
8.288,1.2,5.552,29.2,12.632,23.2,31.07856,65.70105,-82,193676,3,41.6
8.288,1.2,5.544,30.4,12.632,23.6,31.07856,65.70105,-80,193676,3,42.6
8.288,1.2,5.552,29.2,12.632,23.2,31.08928,65.71631,-80,193676,3,42.6
8.28,1.2,5.544,30.0,12.632,23.6,31.11073,65.70868,-79,193676,3,42.6
8.28,1.2,5.544,31.6,12.632,24.4,31.12146,65.64001,-79,193676,3,41.6
8.288,1.2,5.552,29.6,12.632,23.6,31.10001,65.62476,-80,193676,3,42.6
8.288,1.2,5.552,30.4,12.632,24.4,31.11073,65.6629,-80,193676,3,41.6
8.288,1.2,5.552,29.2,12.632,23.2,31.11073,65.62476,-80,193676,3,41.6
8.288,1.2,5.552,29.6,12.632,23.6,31.12146,65.62476,-79,193676,3,42.6
8.288,1.2,5.552,29.2,12.632,23.2,31.12146,65.65527,-81,193676,3,42.6
8.288,1.2,5.544,29.2,12.632,23.6,31.12146,65.63239,-80,193676,3,42.6
8.288,1.2,5.552,32.8,12.632,24.0,31.12146,65.63239,-80,193676,3,42.6
8.288,1.2,5.544,29.2,12.632,23.2,31.12146,65.6095,-79,193676,3,42.6
8.288,1.2,5.544,31.2,12.632,24.0,31.13218,65.57898,-80,193676,3,42.6
8.288,1.2,5.552,29.2,12.632,23.6,31.13218,65.60187,-79,192104,3,42.6
8.28,1.2,5.544,30.8,12.632,24.0,31.13218,65.59424,-80,193676,3,42.6
8.288,1.2,5.552,29.2,12.632,23.2,31.15364,65.57135,-79,193676,3,41.6
8.28,1.2,5.52,50.8,12.624,33.6,31.15364,65.51794,-79,193624,3,42.6
8.288,1.2,5.552,28.8,12.632,24.8,31.16436,65.52557,-82,193676,3,41.6
8.288,1.2,5.552,29.6,12.632,23.6,31.17509,65.46454,-80,193676,3,42.6
8.288,1.2,5.552,31.6,12.624,24.0,31.17509,65.41876,-80,193676,3,41.6
8.288,1.2,5.552,28.8,12.632,23.6,31.17509,65.38062,-78,193676,3,42.6
8.288,1.2,5.544,30.8,12.632,23.6,31.16436,65.38824,-81,193676,3,42.6
8.288,1.2,5.552,28.4,12.632,23.2,31.17509,65.37299,-80,193676,3,41.6
8.288,1.2,5.552,30.0,12.632,23.6,31.16436,65.44928,-79,193624,3,41.6
8.288,1.2,5.552,28.8,12.632,24.8,31.17509,65.43402,-80,193676,3,41.6
8.288,1.2,5.552,30.0,12.632,23.6,31.14291,65.47217,-81,193676,3,42.6
8.288,1.2,5.552,32.0,12.632,24.8,31.13218,65.48743,-78,193676,3,42.6
8.288,1.2,5.536,43.2,12.624,30.0,31.14291,65.51031,-80,193676,3,42.6
8.288,1.2,5.552,30.8,12.632,24.0,31.13218,65.54083,-81,193676,3,41.6
8.28,1.2,5.552,29.6,12.632,23.2,31.14291,65.55609,-79,193676,3,42.6
8.28,1.2,5.552,30.8,12.632,24.0,31.15364,65.51794,-81,193676,3,41.6
8.288,1.2,5.544,29.2,12.632,23.2,31.15364,65.48743,-81,193676,3,41.6
8.288,1.2,5.552,30.4,12.632,23.6,31.16436,65.49506,-80,192056,3,42.6
8.28,1.2,5.552,32.4,12.632,25.2,31.16436,65.44928,-80,193676,3,41.6
8.288,1.2,5.552,30.0,12.632,23.2,31.16436,65.46454,-78,193676,3,41.6
8.288,1.2,5.552,31.6,12.632,24.4,31.16436,65.45691,-80,193676,3,42.6
8.288,1.2,5.552,29.2,12.632,23.2,31.17509,65.47217,-80,193676,3,42.6
8.28,1.2,5.552,30.8,12.632,24.0,31.14291,65.50269,-80,193676,3,41.6
8.288,1.2,5.544,28.8,12.632,23.2,31.14291,65.52557,-78,193676,3,41.6
8.288,1.2,5.544,31.2,12.632,24.4,31.13218,65.52557,-81,193676,3,42.6
8.28,1.2,5.552,32.0,12.632,24.8,31.12146,65.57135,-79,193676,3,42.6
8.288,1.2,5.552,30.0,12.632,23.2,31.12146,65.60187,-80,193676,3,42.6
8.288,1.2,5.552,32.0,12.632,24.4,31.12146,65.57135,-79,193676,3,42.6
8.288,1.2,5.552,29.6,12.632,23.2,31.11073,65.59424,-79,193676,3,42.6
8.288,1.2,5.544,31.2,12.632,24.0,31.13218,65.59424,-78,193676,3,42.6
8.28,1.2,5.552,29.2,12.632,23.2,31.12146,65.54846,-79,193676,3,42.6
8.288,1.2,5.544,30.4,12.632,24.0,31.13218,65.56372,-79,193676,3,41.6
8.288,1.2,5.552,28.8,12.632,23.2,31.14291,65.51794,-80,193676,3,42.6
8.28,1.2,5.512,56.8,12.624,35.6,31.14291,65.54083,-81,193676,3,42.6
8.28,1.2,5.544,30.0,12.632,24.8,31.15364,65.50269,-79,193676,3,42.6
8.288,1.2,5.544,30.0,12.632,23.2,31.15364,65.46454,-79,193676,3,42.6
8.288,1.2,5.512,57.6,12.624,34.4,31.15364,65.48743,-81,192104,3,42.6
8.288,1.2,5.552,29.2,12.632,23.6,31.14291,65.48743,-80,193676,3,41.6
8.288,1.2,5.544,30.0,12.632,24.0,31.15364,65.47217,-80,193676,3,41.6
8.288,1.2,5.552,29.2,12.632,23.2,31.15364,65.46454,-81,193676,3,42.6
8.288,1.2,5.552,30.0,12.632,24.0,31.15364,65.48743,-79,193628,3,41.6
8.288,1.2,5.544,32.8,12.632,24.8,31.14291,65.51794,-79,193676,3,41.6
8.288,1.2,5.544,30.0,12.632,23.6,31.15364,65.51794,-79,193676,3,42.6
8.288,1.2,5.544,31.2,12.632,24.8,31.14291,65.51031,-79,193676,3,42.6
8.288,1.2,5.552,29.6,12.632,23.6,31.14291,65.51794,-79,193676,3,42.6
8.288,1.2,5.552,30.4,12.632,24.4,31.14291,65.52557,-81,193676,3,41.6
8.288,1.2,5.552,29.2,12.632,23.2,31.13218,65.52557,-80,193676,3,42.6
8.288,1.2,5.552,29.2,12.632,24.0,31.13218,65.57135,-79,193676,3,41.6
8.288,1.2,5.552,29.2,12.632,23.2,31.13218,65.54846,-79,193676,3,41.6
8.288,1.2,5.552,29.2,12.632,23.6,31.13218,65.56372,-80,193676,3,42.6
8.28,1.2,5.544,32.4,12.632,24.0,31.12146,65.57898,-79,193676,3,42.6
8.288,1.2,5.552,29.2,12.632,23.6,31.12146,65.58661,-82,193676,3,41.6
8.288,1.2,5.544,31.6,12.632,24.4,31.11073,65.63239,-79,192104,3,42.6
8.288,1.2,5.552,29.2,12.632,23.2,31.12146,65.62476,-79,193676,3,42.6
8.288,1.2,5.552,30.4,12.632,24.0,31.12146,65.61713,-80,193676,3,41.6
8.288,1.2,5.544,29.2,12.632,23.2,31.12146,65.63239,-80,193676,3,42.6
8.288,1.2,5.552,30.4,12.632,24.0,31.12146,65.6095,-79,193624,3,41.6
8.288,1.2,5.544,32.8,12.632,24.8,31.12146,65.57898,-79,193676,3,42.6
8.288,1.2,5.544,29.2,12.632,23.6,31.12146,65.56372,-79,193676,3,41.6
8.288,1.2,5.544,31.2,12.632,24.0,31.13218,65.54846,-78,193672,3,42.6
8.288,1.2,5.552,28.8,12.632,23.6,31.13218,65.5332,-78,193672,3,42.6
8.288,1.2,5.544,30.8,12.632,23.2,31.13218,65.5332,-78,193672,3,41.6
8.288,1.2,5.552,28.8,12.632,23.2,31.12146,65.54083,-79,193672,3,42.6
8.288,1.2,5.544,30.0,12.632,23.2,31.11073,65.58661,-79,193672,3,42.6
8.288,1.2,5.552,28.8,12.632,23.2,31.12146,65.57898,-79,193672,3,41.6
8.288,1.2,5.552,30.0,12.632,23.6,31.12146,65.56372,-79,193672,3,42.6
8.28,1.2,5.544,32.0,12.632,24.8,31.12146,65.57135,-78,193672,3,41.6
8.288,1.2,5.552,29.6,12.632,23.6,31.12146,65.57898,-79,193672,3,42.6
8.288,1.2,5.552,32.8,12.632,25.2,31.14291,65.56372,-80,193672,3,42.6
8.288,1.2,5.552,29.6,12.632,23.6,31.13218,65.55609,-80,193672,3,41.6
8.28,1.2,5.552,30.8,12.632,24.0,31.13218,65.56372,-81,193672,3,42.6
8.288,1.2,5.512,56.0,12.624,34.8,31.12146,65.59424,-79,192100,3,42.6
8.288,1.2,5.544,30.0,12.632,23.6,31.10001,65.6095,-79,193620,3,42.6
8.288,1.2,5.544,28.8,12.632,24.8,31.08928,65.69342,-81,193672,3,42.6
8.288,1.2,5.552,30.0,12.632,23.2,31.08928,65.70105,-80,193672,3,42.6
8.28,1.2,5.544,31.6,12.632,24.8,31.07856,65.70105,-80,193672,3,42.6
8.288,1.2,5.544,29.2,12.632,23.2,31.07856,65.7392,-81,193672,3,42.6
8.288,1.2,5.552,30.8,12.632,24.0,31.07856,65.74683,-81,193672,3,41.6
8.288,1.2,5.552,29.2,12.632,23.2,31.10001,65.73157,-78,193672,3,42.6
8.288,1.2,5.552,30.0,12.632,23.6,31.08928,65.72394,-79,193672,3,42.6
8.28,1.2,5.544,31.6,12.632,24.8,31.07856,65.7392,-81,193672,3,41.6
8.288,1.2,5.552,29.6,12.632,23.2,31.06783,65.73157,-81,193672,3,42.6
8.28,1.2,5.552,31.6,12.632,24.0,31.07856,65.7392,-80,193672,3,41.6
8.288,1.2,5.552,29.6,12.632,23.2,31.07856,65.73157,-77,193672,3,41.6
8.288,1.2,5.552,31.2,12.632,24.0,31.07856,65.76208,-79,193672,3,42.6
8.288,1.2,5.552,29.2,12.632,23.2,31.06783,65.76208,-80,193672,3,42.6
8.288,1.2,5.544,30.4,12.632,24.0,31.06783,65.76208,-81,193672,3,41.6
8.288,1.2,5.544,36.8,12.632,26.8,31.06783,65.76208,-80,191192,3,43.6
8.288,1.2,5.552,30.0,12.632,23.6,31.06783,65.76208,-80,193672,3,42.6
8.28,1.2,5.552,30.0,12.632,24.8,31.06783,65.80786,-81,193672,3,41.6
8.288,1.2,5.552,29.2,12.632,23.6,31.06783,65.81549,-80,193672,3,42.6
8.288,1.2,5.544,30.0,12.632,24.4,31.06783,65.80786,-79,193672,3,41.6
8.288,1.2,5.552,29.2,12.632,23.6,31.05711,65.80023,-78,193672,3,42.6
8.288,1.2,5.552,29.6,12.632,23.6,31.05711,65.82312,-78,193672,3,42.6
8.288,1.2,5.552,28.8,12.632,23.2,31.06783,65.81549,-79,193672,3,42.6
8.288,1.2,5.552,29.6,12.632,24.0,31.04638,65.82312,-79,193672,3,42.6
8.288,1.2,5.552,32.4,12.632,24.8,31.05711,65.83075,-79,193672,3,42.6
8.288,1.2,5.552,29.6,12.632,23.6,31.06783,65.84601,-79,193672,3,42.6
8.288,1.2,5.552,31.6,12.632,24.4,31.04638,65.83075,-81,193672,3,41.6
8.288,1.2,5.552,29.6,12.632,23.6,31.03566,65.85364,-79,193672,3,42.6
8.288,1.2,5.552,30.0,12.632,24.0,31.03566,65.89178,-80,193672,3,42.6
8.288,1.2,5.544,29.2,12.632,23.2,31.03566,65.92993,-82,193672,3,41.6
8.288,1.2,5.552,29.2,12.632,24.0,31.04638,65.87653,-80,193672,3,41.6
8.288,1.2,5.552,29.2,12.632,23.6,31.05711,65.88416,-80,193672,3,42.6
8.288,1.2,5.552,29.2,12.632,23.6,31.05711,65.85364,-80,193672,3,42.6
8.288,1.2,5.544,32.0,12.632,24.0,31.05711,65.8689,-79,193672,3,42.6
8.296,1.2,5.504,67.6,12.616,41.6,31.04638,65.87653,-81,193672,3,42.6
8.288,1.2,5.552,31.2,12.632,24.0,31.04638,65.86127,-80,193672,3,42.6
8.288,1.2,5.552,28.8,12.632,23.2,31.03566,65.86127,-81,193672,3,41.6
8.296,1.2,5.52,56.4,12.624,37.2,31.03566,65.88416,-80,192100,3,42.6
8.288,1.2,5.552,29.2,12.632,23.2,31.02493,65.97571,-80,193672,3,41.6
8.288,1.2,5.552,30.0,12.632,23.6,31.01421,65.95282,-78,193672,3,42.6
8.288,1.2,5.552,32.8,12.632,24.4,31.01421,65.96045,-79,193672,3,41.6
8.288,1.2,5.552,29.6,12.632,23.6,31.04638,65.96808,-79,193672,3,42.6
8.288,1.2,5.552,32.0,12.632,24.0,31.04638,65.92993,-78,193672,3,41.6
8.288,1.2,5.552,29.2,12.632,23.2,31.04638,65.89941,-78,193672,3,41.6
8.288,1.2,5.552,30.8,12.632,23.6,31.03566,65.89941,-79,193672,3,42.6
8.288,1.2,5.552,28.4,12.632,23.2,31.03566,65.88416,-79,193672,3,41.6
8.288,1.2,5.552,30.0,12.632,23.2,31.04638,65.87653,-79,193672,3,42.6
8.28,1.2,5.544,31.6,12.632,24.8,31.04638,65.87653,-79,193672,3,42.6
8.288,1.2,5.544,29.6,12.632,23.2,31.05711,65.86127,-79,193672,3,42.6
8.288,1.2,5.544,31.2,12.632,24.4,31.07856,65.80786,-77,193672,3,41.6
8.288,1.2,5.544,29.6,12.632,23.2,31.08928,65.74683,-74,193676,3,42.6
8.28,1.2,5.552,30.8,12.632,24.0,31.10001,65.70105,-79,193676,3,42.6
8.288,1.2,5.552,29.2,12.632,23.2,31.07856,65.72394,-81,193676,3,41.6
8.288,1.2,5.552,30.4,12.632,23.6,31.08928,65.77734,-80,191148,3,42.6
8.28,1.2,5.552,28.8,12.632,25.2,31.06783,65.76971,-80,193676,3,41.6
8.288,1.2,5.552,29.6,12.632,23.6,31.07856,65.78497,-80,193676,3,42.6
8.288,1.2,5.552,31.6,12.632,24.4,31.08928,65.76971,-82,193676,3,42.6
8.288,1.2,5.552,29.2,12.632,23.2,31.08928,65.73157,-79,193676,3,41.6
8.288,1.2,5.552,30.8,12.632,24.4,31.06783,65.72394,-79,193676,3,42.6
8.288,1.2,5.544,28.8,12.632,23.2,31.06783,65.7392,-79,193676,3,42.6
8.288,1.2,5.552,30.4,12.632,23.6,31.06783,65.77734,-79,193624,3,41.6
8.288,1.2,5.552,28.8,12.632,23.2,31.06783,65.78497,-79,193676,3,42.6
8.288,1.2,5.552,30.0,12.632,23.6,31.04638,65.83075,-79,193676,3,41.6
8.288,1.2,5.544,31.6,12.632,24.8,31.04638,65.83838,-77,193676,3,42.6
8.288,1.2,5.552,29.6,12.632,23.6,31.03566,65.83075,-77,193676,3,42.6
8.28,1.2,5.552,31.2,12.632,24.0,31.04638,65.88416,-77,193676,3,41.6
8.288,1.2,5.552,29.2,12.632,23.6,31.04638,65.8689,-78,193676,3,42.6
8.288,1.2,5.552,30.4,12.632,24.0,31.02493,65.89178,-79,193676,3,41.6
8.288,1.2,5.552,29.2,12.632,23.2,31.02493,65.92993,-80,193676,3,42.6
8.288,1.2,5.552,30.4,12.632,24.0,31.00348,65.96045,-79,192104,3,42.6
8.288,1.2,5.544,28.8,12.632,23.2,31.01421,65.95282,-79,193676,3,41.6
8.288,1.2,5.552,29.6,12.632,23.6,31.02493,65.96045,-81,193676,3,41.6
8.288,1.2,5.552,29.6,12.632,24.8,31.02493,65.92993,-80,193676,3,42.6
8.288,1.2,5.552,29.2,12.632,23.6,31.02493,65.93756,-81,193676,3,41.6
8.288,1.2,5.552,30.0,12.632,24.4,31.03566,65.89178,-81,193676,3,41.6
8.288,1.2,5.552,29.2,12.632,23.2,31.03566,65.91467,-81,193676,3,41.6
8.288,1.2,5.552,30.4,12.632,23.6,31.02493,65.90704,-79,193676,3,41.6
8.288,1.2,5.544,28.8,12.632,23.2,31.01421,65.94519,-81,193676,3,41.6
8.288,1.2,5.552,30.4,12.632,24.0,31.02493,65.9223,-79,193624,3,41.6
8.288,1.2,5.544,32.8,12.632,25.2,31.01421,65.93756,-78,193676,3,41.6
8.288,1.2,5.552,29.6,12.632,23.6,30.99276,66.00623,-80,193676,3,42.6
8.288,1.2,5.552,31.2,12.632,24.4,31.01421,65.9986,-79,193672,3,42.6
8.288,1.2,5.552,29.2,12.632,23.2,31.00348,65.96808,-79,193672,3,42.6
8.288,1.2,5.544,30.0,12.632,23.6,31.00348,66.00623,-80,193672,3,41.6
8.288,1.2,5.552,29.2,12.632,23.2,30.99276,66.00623,-80,193672,3,42.6
8.288,1.2,5.552,30.4,12.632,24.4,30.99276,66.01385,-78,193620,3,42.6
8.288,1.2,5.552,28.8,12.632,23.2,31.00348,66.01385,-77,193672,3,42.6
8.288,1.2,5.552,29.2,12.632,23.6,31.01421,66.00623,-79,193672,3,42.6
8.288,1.2,5.52,53.6,12.624,34.8,31.00348,65.9986,-79,192100,3,41.6
8.288,1.2,5.552,29.2,12.632,23.6,31.01421,65.99097,-78,193672,3,42.6
8.288,1.2,5.552,31.2,12.632,24.4,31.01421,65.97571,-79,193672,3,41.6
8.288,1.2,5.552,29.2,12.632,23.2,31.02493,65.96808,-78,193672,3,41.6
8.288,1.2,5.544,30.4,12.632,24.0,31.02493,65.93756,-80,193672,3,41.6
8.288,1.2,5.552,29.2,12.632,23.2,31.04638,65.90704,-80,193672,3,42.6
8.288,1.2,5.552,29.6,12.632,23.6,31.02493,65.89178,-80,193672,3,41.6
8.288,1.2,5.552,32.4,12.632,24.0,31.03566,65.84601,-80,193624,3,42.6
8.288,1.2,5.552,29.2,12.632,23.2,31.03566,65.84601,-78,193676,3,42.6
8.288,1.2,5.544,31.2,12.632,23.6,31.03566,65.84601,-79,193676,3,42.6
8.288,1.2,5.552,28.4,12.632,23.2,31.03566,65.89178,-80,193676,3,42.6
8.288,1.2,5.552,30.4,12.632,23.6,31.03566,65.84601,-81,193676,3,41.6
8.288,1.2,5.552,28.4,12.632,23.2,31.02493,65.89178,-80,193676,3,41.6
8.288,1.2,5.552,30.0,12.632,23.6,31.02493,65.8689,-78,193676,3,42.6
8.288,1.2,5.544,32.4,12.632,24.8,31.03566,65.88416,-80,193676,3,41.6
8.288,1.2,5.552,29.6,12.632,23.6,31.03566,65.8689,-80,193676,3,41.6
8.288,1.2,5.544,37.2,12.624,27.2,31.03566,65.89178,-79,193676,3,42.6
8.288,1.2,5.552,29.6,12.632,23.2,31.02493,65.89178,-79,193676,3,42.6
8.288,1.2,5.552,30.8,12.632,24.0,31.02493,65.88416,-77,193676,3,41.6
8.296,1.2,5.512,57.6,12.624,36.4,31.01421,65.91467,-82,192104,3,42.6
8.288,1.2,5.552,30.4,12.632,23.6,31.02493,65.89941,-78,193676,3,42.6
8.288,1.2,5.544,32.4,12.632,24.8,31.01421,65.94519,-80,193676,3,41.6
8.288,1.2,5.552,29.6,12.632,23.2,31.01421,65.92993,-79,193676,3,41.6
8.288,1.2,5.552,31.2,12.632,24.4,31.00348,65.93756,-79,193676,3,42.6
8.288,1.2,5.552,29.6,12.632,23.2,31.00348,65.93756,-79,193676,3,42.6
8.288,1.2,5.544,30.8,12.632,24.0,30.99276,65.99097,-79,193676,3,41.6
8.288,1.2,5.552,29.2,12.632,23.2,31.00348,66.00623,-78,193676,3,42.6
8.288,1.2,5.552,30.0,12.632,23.6,30.99276,65.96808,-79,193624,3,41.6
8.288,1.2,5.552,28.8,12.632,23.2,30.99276,65.99097,-78,193676,3,41.6
8.288,1.2,5.552,29.6,12.632,23.6,30.99276,65.99097,-79,193676,3,42.6
8.288,1.2,5.552,32.0,12.632,24.4,30.99276,65.99097,-78,193676,3,41.6
8.288,1.2,5.552,29.6,12.632,23.6,31.00348,65.96808,-80,193676,3,42.6
8.288,1.2,5.552,30.8,12.632,24.0,30.99276,65.96808,-78,193676,3,42.6
8.288,1.2,5.544,29.2,12.632,23.2,30.99276,66.01385,-78,193676,3,42.6
8.288,1.2,5.544,30.0,12.632,23.6,31.00348,65.96808,-78,193624,3,41.6
8.288,1.2,5.552,29.6,12.632,23.2,31.02493,65.97571,-78,191196,3,42.6
8.288,1.2,5.552,30.0,12.632,23.6,31.00348,65.94519,-80,193676,3,41.6
8.288,1.2,5.544,30.0,12.632,24.8,31.00348,65.97571,-79,193676,3,41.6
8.288,1.2,5.552,29.2,12.632,23.2,30.98203,66.052,-78,193676,3,41.6
8.288,1.2,5.552,30.4,12.632,24.4,30.97131,66.03674,-79,193676,3,41.6
8.288,1.2,5.552,29.2,12.632,23.2,30.96058,66.09015,-78,193676,3,41.6
8.288,1.2,5.552,29.6,12.632,23.6,30.97131,66.05963,-81,193676,3,42.6
8.288,1.2,5.544,32.4,12.632,24.8,30.98203,66.06726,-78,193676,3,41.6
8.288,1.2,5.552,29.6,12.632,23.6,30.96058,66.10541,-79,193676,3,42.6
8.288,1.2,5.552,31.6,12.632,24.0,30.97131,66.12067,-88,193676,3,41.6
8.288,1.2,5.544,29.2,12.632,23.6,30.96058,66.07489,-83,193676,3,42.6
8.288,1.2,5.552,30.0,12.632,23.6,30.94986,66.14355,-82,193676,3,42.6
8.288,1.2,5.552,29.2,12.632,23.2,30.96058,66.15118,-83,193676,3,41.6
8.288,1.2,5.552,29.2,12.632,23.6,30.96058,66.15118,-83,193676,3,42.6
8.288,1.2,5.544,32.4,12.632,23.6,30.93913,66.17407,-83,193676,3,41.6
8.296,1.2,5.536,44.0,12.624,30.4,30.94986,66.18933,-82,193676,3,42.6
8.288,1.2,5.544,31.2,12.632,23.6,30.94986,66.21222,-80,193676,3,42.6
8.288,1.2,5.552,29.2,12.632,23.6,30.96058,66.19696,-82,193676,3,42.6
8.288,1.2,5.552,30.4,12.632,23.6,30.94986,66.23511,-82,193676,3,41.6
8.288,1.2,5.552,29.6,12.632,23.6,30.93913,66.20459,-81,191196,3,43.6
8.288,1.2,5.552,30.0,12.632,24.0,30.93913,66.18933,-83,193620,3,41.6
8.288,1.2,5.552,29.2,12.632,22.8,30.93913,66.1817,-82,193672,3,42.6
8.288,1.2,5.552,30.0,12.632,23.6,30.92841,66.21985,-81,193672,3,41.6
8.288,1.2,5.544,31.6,12.632,24.0,30.94986,66.17407,-81,193672,3,42.6
8.288,1.2,5.552,29.2,12.632,23.2,30.94986,66.16644,-81,193672,3,41.6
8.288,1.2,5.552,30.8,12.632,23.6,30.94986,66.1817,-81,193672,3,41.6
8.288,1.2,5.544,28.8,12.632,23.6,30.93913,66.24274,-80,193672,3,42.6
8.288,1.2,5.552,30.8,12.632,23.6,30.93913,66.24274,-82,193672,3,41.6
8.288,1.2,5.552,28.8,12.632,23.2,30.92841,66.258,-83,193672,3,41.6
8.288,1.2,5.544,30.0,12.632,23.6,30.92841,66.27325,-82,193672,3,41.6
8.288,1.2,5.552,28.8,12.632,23.2,30.92841,66.25037,-81,193672,3,41.6
8.28,1.2,5.552,29.6,12.632,23.6,30.93913,66.24274,-84,193672,3,42.6
8.288,1.2,5.544,32.4,12.632,24.8,30.92841,66.26563,-84,193672,3,42.6
8.288,1.2,5.552,29.6,12.632,23.6,30.91768,66.26563,-80,193672,3,41.6
8.288,1.2,5.552,31.2,12.632,24.4,30.93913,66.24274,-82,193672,3,41.6
8.288,1.2,5.536,37.6,12.624,27.2,30.93913,66.28088,-80,193672,3,42.6
8.288,1.2,5.552,30.4,12.632,24.0,30.92841,66.27325,-84,193672,3,41.6
8.288,1.2,5.552,28.8,12.632,23.2,30.91768,66.31903,-81,193672,3,41.6
8.296,1.2,5.512,54.4,12.624,35.6,30.89623,66.31903,-81,192100,3,42.6
8.28,1.2,5.544,31.6,12.632,24.8,30.90696,66.33429,-80,193672,3,41.6
8.288,1.2,5.544,29.6,12.632,23.2,30.91768,66.33429,-83,193672,3,41.6
8.288,1.2,5.544,31.2,12.632,24.0,30.90696,66.31903,-81,193672,3,41.6
8.288,1.2,5.552,29.6,12.632,22.8,30.90696,66.34192,-82,193672,3,41.6
8.288,1.2,5.552,30.4,12.632,24.0,30.88551,66.34955,-82,193672,3,42.6
8.288,1.2,5.544,28.8,12.632,23.2,30.89623,66.33429,-82,193672,3,41.6
8.288,1.2,5.544,30.4,12.632,24.0,30.90696,66.30377,-83,193620,3,41.6
8.288,1.2,5.56,29.2,12.632,23.2,30.89623,66.33429,-82,193672,3,42.6
8.288,1.2,5.552,30.0,12.632,23.6,30.88551,66.37244,-81,193672,3,42.6
8.288,1.2,5.552,32.4,12.632,24.4,30.89623,66.35718,-80,193672,3,42.6
8.288,1.2,5.552,30.4,12.632,23.6,30.89623,66.36481,-81,193672,3,42.6
8.288,1.2,5.552,31.6,12.632,24.8,30.88551,66.36481,-81,193672,3,42.6
8.288,1.2,5.552,32.0,12.632,24.4,30.88551,66.33429,-81,193672,3,42.6
8.288,1.2,5.552,30.4,12.632,24.0,30.88551,66.33429,-81,193672,3,42.6
8.288,1.2,5.528,45.2,12.624,31.2,30.89623,66.39532,-82,193672,3,42.6
8.288,1.2,5.552,30.0,12.632,24.0,30.88551,66.36481,-81,191144,3,42.6
8.288,1.2,5.544,36.0,12.632,26.4,30.89623,66.39532,-87,193672,3,43.6
8.296,1.2,5.552,29.2,12.632,23.6,30.88551,66.35718,-81,193620,3,42.6
8.288,1.2,5.552,31.2,12.632,24.4,30.89623,66.38007,-88,193672,3,41.6
8.296,1.2,5.552,29.6,12.632,23.6,30.87478,66.36481,-86,193672,3,42.6
8.288,1.2,5.552,30.8,12.632,24.0,30.86406,66.40295,-85,193672,3,42.6
8.288,1.2,5.552,29.2,12.632,23.2,30.86406,66.40295,-83,193672,3,41.6
8.288,1.2,5.552,30.4,12.632,24.0,30.85333,66.44873,-86,193672,3,42.6
8.288,1.2,5.552,31.6,12.632,24.8,30.86406,66.46399,-81,193672,3,41.6
8.288,1.2,5.552,29.6,12.632,23.6,30.85333,66.47162,-82,193672,3,42.6
8.288,1.2,5.552,30.4,12.632,24.0,30.85333,66.45636,-86,193672,3,41.6
8.288,1.2,5.552,29.6,12.632,23.2,30.85333,66.50977,-81,193672,3,41.6
8.288,1.2,5.552,29.6,12.632,23.6,30.85333,66.52502,-85,193672,3,41.6
8.288,1.2,5.552,29.2,12.632,23.2,30.85333,66.50214,-80,193672,3,42.6
8.288,1.2,5.552,29.2,12.632,24.0,30.86406,66.50977,-80,193624,3,41.6
8.288,1.2,5.552,29.2,12.632,23.2,30.84261,66.5174,-78,193672,3,41.6
8.288,1.2,5.544,30.4,12.632,24.0,30.84261,66.50977,-77,193672,3,42.6
8.288,1.2,5.544,31.6,12.632,24.8,30.84261,66.5708,-78,193672,3,41.6
8.288,1.2,5.544,29.6,12.632,23.2,30.83188,66.54791,-77,193672,3,41.6
8.296,1.2,5.52,56.8,12.624,34.8,30.83188,66.5708,-78,192100,3,41.6
8.288,1.2,5.56,29.6,12.632,23.2,30.82116,66.60132,-78,193672,3,41.6
8.288,1.2,5.552,30.4,12.632,24.0,30.82116,66.60895,-78,193672,3,41.6
8.288,1.2,5.552,29.2,12.632,23.2,30.83188,66.58606,-78,193672,3,41.6
8.288,1.2,5.552,29.2,12.632,23.2,30.82116,66.64709,-79,193672,3,41.6
8.288,1.2,5.552,31.6,12.632,23.6,30.82116,66.61658,-77,193672,3,41.6
8.288,1.2,5.552,29.2,12.632,23.6,30.83188,66.59369,-79,193672,3,41.6
8.288,1.2,5.544,31.2,12.632,23.6,30.84261,66.60132,-77,193672,3,41.6
8.288,1.2,5.552,28.8,12.632,23.2,30.84261,66.56317,-77,193672,3,41.6
8.288,1.2,5.552,30.4,12.632,23.6,30.84261,66.53265,-77,193672,3,41.6
8.288,1.2,5.552,28.8,12.632,24.8,30.83188,66.54791,-77,193672,3,41.6
8.288,1.2,5.552,29.2,12.632,23.6,30.83188,66.57843,-78,193672,3,41.6
8.288,1.2,5.552,31.6,12.632,24.4,30.84261,66.57843,-79,193672,3,41.6
8.288,1.2,5.552,29.6,12.632,23.2,30.83188,66.56317,-78,193672,3,41.6
8.288,1.2,5.552,30.4,12.632,24.0,30.82116,66.60132,-77,193672,3,41.6
8.288,1.2,5.552,28.8,12.632,23.2,30.82116,66.58606,-86,193672,3,41.6
8.288,1.2,5.544,31.2,12.632,24.4,30.83188,66.61658,-86,193620,3,42.6
8.288,1.2,5.552,28.4,12.632,24.8,30.83188,66.60895,-84,193672,3,41.6
8.288,1.2,5.552,30.0,12.632,23.2,30.82116,66.56317,-84,193672,3,41.6
8.296,1.2,5.52,54.4,12.624,34.8,30.85333,66.53265,-83,192100,3,42.6
8.288,1.2,5.552,29.6,12.632,23.2,30.84261,66.52502,-79,193672,3,41.6
8.288,1.2,5.552,30.8,12.632,24.0,30.84261,66.52502,-84,193672,3,41.6
8.288,1.2,5.552,29.2,12.632,23.2,30.84261,66.54791,-84,193672,3,41.6
8.288,1.2,5.552,30.4,12.632,24.0,30.84261,66.56317,-82,193672,3,41.6
8.288,1.2,5.552,28.8,12.632,23.2,30.82116,66.55554,-81,193672,3,41.6
8.288,1.2,5.552,29.6,12.632,23.6,30.83188,66.5708,-78,193672,3,41.6
8.288,1.2,5.552,32.4,12.632,24.8,30.83188,66.56317,-81,193672,3,41.6
8.288,1.2,5.552,30.0,12.632,23.2,30.83188,66.59369,-84,193672,3,41.6
8.288,1.2,5.552,32.0,12.632,24.4,30.82116,66.55554,-80,193672,3,41.6
8.288,1.2,5.552,29.6,12.632,23.2,30.84261,66.59369,-82,193672,3,42.6
8.288,1.2,5.552,30.8,12.632,24.0,30.84261,66.57843,-83,193672,3,41.6
8.288,1.2,5.552,29.2,12.632,23.2,30.83188,66.55554,-83,193672,3,41.6
8.288,1.2,5.552,30.8,12.632,23.6,30.84261,66.56317,-85,193672,3,41.6
8.288,1.2,5.552,29.2,12.632,23.2,30.84261,66.5708,-84,193672,3,41.6
8.288,1.2,5.544,30.0,12.632,23.6,30.83188,66.5708,-85,193672,3,41.6
8.288,1.2,5.544,36.8,12.624,28.0,30.85333,66.53265,-84,191192,3,43.6
8.288,1.2,5.552,29.6,12.632,23.6,30.84261,66.52502,-82,193672,3,42.6
8.28,1.2,5.552,31.6,12.632,24.4,30.85333,66.5174,-83,193672,3,41.6
8.288,1.2,5.552,29.6,12.632,23.2,30.84261,66.47925,-83,193672,3,41.6
8.288,1.2,5.552,30.8,12.632,24.0,30.84261,66.5174,-85,193672,3,41.6
8.288,1.2,5.552,29.2,12.632,23.2,30.84261,66.52502,-85,193672,3,41.6
8.288,1.2,5.552,30.4,12.632,23.6,30.84261,66.48688,-85,193672,3,42.6
8.288,1.2,5.544,30.4,12.632,24.8,30.85333,66.47162,-82,193672,3,42.6
8.288,1.2,5.552,29.6,12.632,23.6,30.84261,66.5174,-83,193672,3,42.6
8.28,1.2,5.552,29.6,12.632,24.4,30.83188,66.5174,-80,193672,3,41.6
8.288,1.2,5.552,29.2,12.632,23.6,30.84261,66.56317,-85,193672,3,42.6
8.288,1.2,5.552,29.6,12.632,24.0,30.83188,66.54028,-84,193672,3,41.6
8.288,1.2,5.56,29.2,12.632,23.2,30.83188,66.53265,-82,193672,3,41.6
8.288,1.2,5.544,30.4,12.632,23.6,30.83188,66.5708,-83,193672,3,41.6
8.288,1.2,5.552,29.2,12.632,23.2,30.82116,66.56317,-81,193672,3,41.6
8.288,1.2,5.552,30.0,12.632,23.6,30.84261,66.53265,-83,193672,3,41.6
8.288,1.2,5.536,40.8,12.624,28.4,30.84261,66.53265,-84,193672,3,42.6
8.288,1.2,5.552,29.6,12.632,23.2,30.83188,66.53265,-84,193672,3,41.6
8.288,1.2,5.552,30.4,12.632,24.0,30.84261,66.5174,-83,193672,3,41.6
8.296,1.2,5.512,55.6,12.624,34.8,30.82116,66.50977,-83,192100,3,41.6
8.288,1.2,5.552,29.2,12.632,24.0,30.83188,66.55554,-83,193672,3,41.6
8.288,1.2,5.56,28.8,12.632,23.6,30.81043,66.58606,-84,193672,3,41.6
8.288,1.2,5.552,28.8,12.632,23.6,30.81043,66.58606,-85,193672,3,41.6
8.288,1.2,5.552,32.0,12.632,24.0,30.82116,66.5708,-82,193672,3,41.6
8.288,1.2,5.552,29.2,12.632,23.6,30.83188,66.58606,-77,193672,3,41.6
8.288,1.2,5.552,31.6,12.632,24.0,30.82116,66.57843,-77,193672,3,41.6
8.288,1.2,5.552,29.2,12.632,23.6,30.82116,66.59369,-76,193672,3,41.6
8.288,1.2,5.552,30.8,12.632,24.0,30.78898,66.63184,-77,193672,3,42.6
8.288,1.2,5.552,29.2,12.632,23.2,30.78898,66.63184,-78,193672,3,41.6
8.288,1.2,5.552,30.0,12.632,23.6,30.78898,66.65472,-78,193620,3,41.6
8.288,1.2,5.552,29.2,12.632,24.4,30.78898,66.69287,-76,193672,3,41.6
8.288,1.2,5.536,44.8,12.624,30.8,30.76753,66.72339,-78,193672,3,42.6
8.288,1.2,5.552,31.6,12.632,24.0,30.78898,66.76154,-77,193672,3,41.6
8.288,1.2,5.552,28.8,12.632,23.6,30.78898,66.74628,-76,193672,3,41.6
8.288,1.2,5.552,31.2,12.632,23.6,30.78898,66.72339,-77,193672,3,41.6
8.288,1.2,5.552,28.8,12.632,23.2,30.81043,66.70813,-75,193672,3,41.6
8.28,1.2,5.544,30.4,12.632,23.2,30.79971,66.66235,-77,193672,3,41.6
8.288,1.2,5.552,29.2,12.632,23.2,30.79971,66.62421,-77,193672,3,41.6
8.288,1.2,5.552,30.0,12.632,23.6,30.78898,66.65472,-77,192100,3,41.6
8.288,1.2,5.552,32.4,12.632,24.4,30.79971,66.62421,-77,193672,3,41.6
8.288,1.2,5.552,29.6,12.632,23.2,30.81043,66.65472,-78,193672,3,41.6
8.288,1.2,5.552,31.6,12.632,24.0,30.78898,66.68524,-78,193672,3,41.6
8.288,1.2,5.552,29.2,12.632,23.2,30.79971,66.67761,-76,193672,3,41.6
8.288,1.2,5.552,32.0,12.632,24.4,30.81043,66.66998,-76,193672,3,41.6
8.288,1.2,5.552,29.2,12.632,23.2,30.79971,66.66235,-77,193672,3,41.6
8.288,1.2,5.552,30.4,12.632,23.6,30.81043,66.60895,-77,193620,3,41.6
8.288,1.2,5.552,28.8,12.632,23.2,30.79971,66.63184,-76,193672,3,41.6
8.288,1.2,5.552,29.6,12.632,23.6,30.81043,66.66235,-76,193672,3,42.6
8.288,1.2,5.552,32.4,12.632,25.2,30.78898,66.66235,-77,193672,3,41.6
8.288,1.2,5.552,30.0,12.632,23.6,30.79971,66.65472,-77,193672,3,41.6
8.28,1.2,5.544,30.8,12.632,24.4,30.81043,66.62421,-77,193672,3,41.6
8.288,1.2,5.552,29.6,12.632,23.6,30.81043,66.63184,-77,193672,3,41.6
8.288,1.2,5.544,30.8,12.632,24.0,30.79971,66.62421,-78,193672,3,41.6
8.288,1.2,5.552,29.2,12.632,23.2,30.79971,66.62421,-77,193672,3,41.6
8.288,1.2,5.552,32.0,12.632,24.8,30.79971,66.63184,-76,193672,3,41.6
8.288,1.2,5.56,28.8,12.632,23.2,30.82116,66.62421,-78,193672,3,41.6
8.288,1.2,5.552,30.0,12.632,23.6,30.81043,66.61658,-77,193672,3,41.6
8.296,1.2,5.512,57.2,12.624,34.8,30.83188,66.59369,-76,192100,3,41.6
8.288,1.2,5.552,29.6,12.632,23.2,30.82116,66.54028,-76,193672,3,41.6
8.288,1.2,5.552,31.6,12.632,24.4,30.83188,66.50977,-76,193672,3,41.6
8.288,1.2,5.552,29.6,12.632,23.2,30.83188,66.5174,-77,193672,3,41.6
8.288,1.2,5.552,30.8,12.632,24.0,30.84261,66.47925,-78,193672,3,41.6
8.288,1.2,5.552,29.2,12.632,23.2,30.84261,66.52502,-78,193672,3,41.6
8.288,1.2,5.552,30.0,12.632,23.6,30.84261,66.52502,-77,193672,3,41.6
8.288,1.2,5.544,28.8,12.632,23.2,30.84261,66.47925,-77,193672,3,41.6
8.28,1.2,5.552,29.6,12.632,23.6,30.83188,66.5174,-75,193672,3,41.6
8.28,1.2,5.552,31.6,12.632,24.4,30.83188,66.5174,-78,193672,3,41.6
8.28,1.2,5.552,29.6,12.632,23.6,30.81043,66.54028,-77,193672,3,42.6
8.288,1.2,5.552,31.6,12.632,24.0,30.81043,66.54791,-77,193672,3,41.6
8.28,1.2,5.552,29.6,12.632,23.2,30.82116,66.54028,-76,193672,3,41.6
8.288,1.2,5.544,30.4,12.632,24.0,30.82116,66.56317,-77,193672,3,42.6
8.288,1.2,5.552,28.8,12.632,23.2,30.82116,66.56317,-77,193672,3,41.6
8.288,1.2,5.552,30.4,12.632,24.0,30.81043,66.54791,-77,193672,3,41.6
8.288,1.2,5.552,32.8,12.624,26.8,30.82116,66.57843,-76,191140,3,42.6
8.288,1.2,5.552,29.2,12.632,23.6,30.82116,66.54791,-77,193672,3,41.6
8.288,1.2,5.552,30.8,12.632,24.4,30.82116,66.50977,-78,193672,3,41.6
8.288,1.2,5.552,29.2,12.632,23.6,30.83188,66.53265,-77,193672,3,41.6
8.288,1.2,5.544,30.8,12.632,23.6,30.82116,66.5174,-78,193672,3,41.6
8.288,1.2,5.552,28.8,12.632,23.2,30.82116,66.5174,-78,193672,3,41.6
8.288,1.2,5.552,29.6,12.632,23.6,30.83188,66.52502,-77,193672,3,41.6
8.28,1.2,5.552,31.2,12.632,24.8,30.82116,66.46399,-77,193672,3,41.6
8.288,1.2,5.552,29.6,12.632,23.6,30.81043,66.48688,-77,193672,3,41.6
8.288,1.2,5.552,29.6,12.632,24.0,30.81043,66.5174,-77,193672,3,41.6
8.288,1.2,5.552,29.2,12.632,23.2,30.81043,66.54791,-78,193672,3,41.6
8.288,1.2,5.552,29.6,12.632,24.0,30.79971,66.59369,-77,193672,3,41.6
8.288,1.2,5.552,28.8,12.632,23.2,30.78898,66.60132,-76,193672,3,41.6
8.288,1.2,5.552,29.6,12.632,23.6,30.79971,66.59369,-76,193672,3,42.6
8.288,1.2,5.552,32.4,12.632,24.8,30.79971,66.60132,-76,193672,3,41.6
8.288,1.2,5.552,29.6,12.632,23.2,30.78898,66.61658,-78,193672,3,41.6
8.288,1.2,5.552,32.8,12.632,24.8,30.77826,66.62421,-76,193672,3,41.6
8.288,1.2,5.552,29.6,12.632,23.6,30.79971,66.60895,-77,193672,3,41.6
8.288,1.2,5.552,30.8,12.632,24.0,30.77826,66.59369,-78,193672,3,41.6
8.296,1.2,5.52,55.2,12.624,35.2,30.76753,66.61658,-76,192100,3,42.6
8.288,1.2,5.552,29.6,12.632,24.0,30.78898,66.58606,-76,193672,3,41.6
8.288,1.2,5.544,29.2,12.632,23.2,30.79971,66.61658,-76,193672,3,41.6
8.288,1.2,5.552,28.8,12.632,23.6,30.78898,66.60132,-78,193672,3,41.6
8.288,1.2,5.544,32.4,12.632,23.6,30.78898,66.57843,-76,193672,3,41.6
8.288,1.2,5.552,29.2,12.632,23.6,30.79971,66.59369,-78,193672,3,41.6
8.288,1.2,5.544,31.6,12.632,23.6,30.78898,66.56317,-77,193672,3,41.6
8.288,1.2,5.544,29.2,12.632,23.2,30.78898,66.60132,-78,193672,3,41.6
8.288,1.2,5.544,30.4,12.632,24.0,30.78898,66.56317,-78,193672,3,41.6
8.288,1.2,5.552,29.2,12.632,23.2,30.78898,66.57843,-78,193672,3,41.6
8.288,1.2,5.552,30.0,12.632,23.6,30.77826,66.58606,-78,193672,3,41.6
8.288,1.2,5.552,31.6,12.632,24.4,30.76753,66.62421,-78,193672,3,41.6
8.288,1.2,5.552,29.2,12.632,23.6,30.77826,66.60132,-78,193672,3,41.6
8.28,1.2,5.552,30.8,12.632,23.6,30.78898,66.60895,-78,193676,3,41.6
8.288,1.2,5.552,28.4,12.632,23.2,30.77826,66.63184,-77,193676,3,41.6
8.288,1.2,5.552,30.4,12.632,23.2,30.78898,66.61658,-78,193676,3,41.6
8.288,1.2,5.544,33.2,12.632,25.2,30.77826,66.63184,-78,193676,3,42.6
8.288,1.2,5.552,30.4,12.632,23.6,30.76753,66.64709,-76,193676,3,41.6
8.288,1.2,5.544,32.4,12.632,25.6,30.77826,66.62421,-76,193676,3,41.6
8.296,1.2,5.52,54.0,12.624,33.6,30.76753,66.64709,-76,192104,3,42.6
8.288,1.2,5.544,31.2,12.632,24.4,30.77826,66.63947,-76,193656,3,41.6
8.288,1.2,5.552,29.2,12.632,23.6,30.77826,66.64709,-77,193656,3,41.6
8.288,1.2,5.544,30.4,12.632,24.8,30.76753,66.66235,-78,193656,3,41.6
8.288,1.2,5.552,28.8,12.632,23.2,30.75681,66.66998,-79,193656,3,41.6
8.288,1.2,5.528,49.2,12.624,33.2,30.74608,66.66998,-77,193604,3,41.6
8.28,1.2,5.544,32.4,12.632,24.8,30.74608,66.70813,-78,193656,3,41.6
8.288,1.2,5.544,29.2,12.632,23.2,30.73536,66.69287,-76,193656,3,41.6
8.288,1.2,5.552,31.2,12.632,24.4,30.75681,66.71576,-79,193656,3,41.6
8.288,1.2,5.536,40.8,12.624,28.4,30.73536,66.69287,-78,193656,3,42.6
8.288,1.2,5.552,30.8,12.632,24.0,30.73536,66.73865,-78,193676,3,41.6
8.288,1.2,5.552,29.2,12.632,23.2,30.73536,66.75391,-77,193676,3,41.6
8.288,1.2,5.552,30.4,12.632,23.6,30.73536,66.76917,-78,193676,3,41.6
8.288,1.2,5.552,29.2,12.632,23.2,30.72463,66.76917,-78,193676,3,42.6
8.288,1.2,5.552,30.0,12.632,23.6,30.72463,66.75391,-77,193676,3,41.6
8.28,1.2,5.552,32.0,12.632,24.8,30.72463,66.79968,-78,193676,3,41.6
8.288,1.2,5.552,29.6,12.632,23.6,30.72463,66.75391,-79,191148,3,43.6
8.288,1.2,5.544,31.2,12.632,24.4,30.74608,66.74628,-79,193676,3,41.6
8.28,1.2,5.552,29.2,12.632,23.2,30.74608,66.76154,-78,193676,3,41.6
8.28,1.2,5.552,30.4,12.632,24.0,30.73536,66.71576,-78,193676,3,41.6
8.288,1.2,5.552,29.2,12.632,23.2,30.74608,66.73865,-77,193676,3,41.6
8.28,1.2,5.552,30.0,12.632,23.6,30.73536,66.73102,-77,193676,3,41.6
8.28,1.2,5.552,31.2,12.632,24.8,30.74608,66.73102,-78,193676,3,41.6
8.288,1.2,5.552,29.6,12.632,23.6,30.74608,66.71576,-78,193676,3,41.6
8.288,1.2,5.552,31.6,12.632,24.0,30.72463,66.75391,-79,193676,3,41.6
8.288,1.2,5.552,29.2,12.632,23.6,30.73536,66.76154,-78,193676,3,41.6
8.28,1.2,5.552,31.2,12.632,24.0,30.72463,66.76917,-77,193676,3,41.6
8.288,1.2,5.552,29.2,12.632,23.6,30.73536,66.77679,-77,193676,3,41.6
8.28,1.2,5.552,30.4,12.632,24.0,30.73536,66.78442,-76,193624,3,41.6
8.288,1.2,5.552,29.2,12.632,23.2,30.73536,66.76154,-91,193676,3,41.6
8.28,1.2,5.544,29.6,12.632,23.6,30.73536,66.78442,-77,193676,3,41.6
8.288,1.2,5.552,29.6,12.632,24.4,30.75681,66.76154,-84,193676,3,41.6
8.288,1.2,5.544,31.2,12.632,24.4,30.76753,66.70813,-74,193676,3,41.6
8.288,1.2,5.552,29.6,12.632,24.0,30.75681,66.71576,-75,193676,3,41.6
8.288,1.2,5.552,29.2,12.632,23.2,30.76753,66.68524,-75,193676,3,41.6
8.296,1.2,5.52,54.0,12.624,35.6,30.75681,66.64709,-76,192056,3,41.6
8.288,1.2,5.552,29.2,12.632,23.2,30.75681,66.65472,-75,193676,3,41.6
8.28,1.2,5.552,30.0,12.632,23.6,30.76753,66.65472,-75,193676,3,41.6
8.288,1.2,5.544,32.0,12.632,24.4,30.75681,66.66235,-75,193676,3,41.6
8.288,1.2,5.552,29.6,12.632,23.2,30.75681,66.67761,-76,193676,3,41.6
8.288,1.2,5.544,31.2,12.632,24.0,30.75681,66.67761,-74,193676,3,41.6
8.288,1.2,5.552,29.2,12.632,23.2,30.75681,66.68524,-75,193676,3,41.6
8.288,1.2,5.552,30.4,12.632,24.0,30.76753,66.67761,-75,193676,3,41.6
8.288,1.2,5.552,28.8,12.632,23.2,30.77826,66.61658,-76,193676,3,41.6
8.288,1.2,5.552,30.0,12.632,23.6,30.77826,66.65472,-74,193676,3,41.6
8.288,1.2,5.544,32.0,12.632,23.6,30.76753,66.61658,-75,193676,3,41.6
8.288,1.2,5.552,29.6,12.632,23.6,30.76753,66.62421,-75,193676,3,41.6
8.288,1.2,5.552,31.2,12.632,24.4,30.76753,66.60895,-75,193676,3,41.6
8.288,1.2,5.552,29.2,12.632,23.2,30.76753,66.61658,-75,193676,3,41.6
8.288,1.2,5.552,30.0,12.632,24.0,30.78898,66.60132,-74,193676,3,41.6
8.288,1.2,5.552,28.8,12.632,23.2,30.79971,66.56317,-75,193676,3,41.6
8.288,1.2,5.536,38.8,12.624,28.0,30.78898,66.55554,-75,193676,3,42.6
8.288,1.2,5.552,32.4,12.632,24.4,30.77826,66.56317,-76,193676,3,41.6
8.288,1.2,5.552,29.2,12.632,23.6,30.78898,66.55554,-75,193676,3,41.6
8.296,1.2,5.52,53.6,12.624,36.8,30.78898,66.56317,-76,192104,3,41.6
8.288,1.2,5.552,28.4,12.632,23.2,30.81043,66.54791,-76,193676,3,41.6
8.288,1.2,5.552,30.4,12.632,24.0,30.83188,66.46399,-76,193676,3,41.6
8.288,1.2,5.544,28.8,12.632,23.2,30.83188,66.43347,-77,193676,3,41.6
8.288,1.2,5.552,30.0,12.632,23.6,30.84261,66.40295,-76,193676,3,42.6
8.288,1.2,5.552,32.4,12.632,24.8,30.85333,66.40295,-77,193676,3,41.6
8.288,1.2,5.552,29.6,12.632,23.6,30.86406,66.32666,-76,193676,3,41.6
8.288,1.2,5.552,31.6,12.624,24.4,30.85333,66.28851,-77,193676,3,41.6
8.288,1.2,5.552,29.2,12.632,23.6,30.85333,66.29614,-77,193676,3,42.6
8.288,1.2,5.552,31.2,12.632,24.0,30.86406,66.3114,-77,193676,3,41.6
8.288,1.2,5.56,28.8,12.632,23.2,30.88551,66.258,-77,193676,3,41.6
8.288,1.2,5.552,30.4,12.632,23.6,30.87478,66.258,-77,193676,3,41.6
8.288,1.2,5.552,28.8,12.632,23.2,30.88551,66.24274,-77,193676,3,41.6
8.288,1.2,5.552,30.0,12.632,23.6,30.89623,66.22748,-76,193676,3,42.6
8.288,1.2,5.544,32.0,12.624,24.8,30.89623,66.22748,-76,193676,3,41.6
8.288,1.2,5.56,29.6,12.632,23.2,30.90696,66.21222,-77,193676,3,41.6
8.28,1.2,5.552,32.0,12.624,24.4,30.87478,66.20459,-76,192104,3,41.6
8.288,1.2,5.56,29.6,12.632,23.2,30.88551,66.20459,-75,193676,3,41.6
8.288,1.2,5.544,31.2,12.624,24.0,30.87478,66.19696,-76,193676,3,41.6
8.288,1.2,5.552,29.2,12.632,23.2,30.87478,66.17407,-77,193676,3,41.6
8.28,1.2,5.552,30.4,12.632,23.6,30.85333,66.21222,-76,193624,3,41.6
8.288,1.2,5.552,29.2,12.632,24.8,30.86406,66.24274,-77,193624,3,41.6
8.28,1.2,5.552,29.6,12.632,23.6,30.85333,66.24274,-76,193676,3,41.6
8.28,1.2,5.552,32.0,12.632,24.8,30.86406,66.25037,-76,193676,3,41.6
8.288,1.2,5.56,29.6,12.632,23.2,30.86406,66.25037,-77,193676,3,41.6
8.288,1.2,5.552,30.8,12.624,24.0,30.86406,66.23511,-76,193676,3,41.6
8.288,1.2,5.56,29.2,12.632,23.2,30.87478,66.21222,-77,193676,3,41.6
8.288,1.2,5.552,30.4,12.632,24.0,30.85333,66.24274,-75,193676,3,41.6
8.288,1.2,5.552,29.2,12.632,23.2,30.84261,66.26563,-78,193676,3,41.6
8.288,1.2,5.552,30.0,12.632,23.6,30.86406,66.24274,-80,193676,3,42.6
8.28,1.2,5.552,32.4,12.624,24.8,30.85333,66.22748,-82,193676,3,41.6
8.288,1.2,5.552,29.6,12.632,23.2,30.84261,66.258,-72,193676,3,41.6
8.288,1.2,5.544,35.6,12.624,26.0,30.86406,66.25037,-72,193676,3,42.6
8.288,1.2,5.544,33.2,12.624,24.8,30.84261,66.26563,-74,193676,3,41.6
8.28,1.2,5.552,30.8,12.632,24.0,30.85333,66.27325,-75,193676,3,41.6
8.296,1.2,5.52,55.2,12.624,34.8,30.84261,66.26563,-74,192104,3,41.6
8.288,1.2,5.552,30.4,12.632,23.6,30.84261,66.30377,-74,193624,3,41.6
8.28,1.2,5.56,29.2,12.632,22.8,30.85333,66.27325,-74,193676,3,41.6
8.288,1.2,5.544,30.0,12.632,23.6,30.84261,66.27325,-75,193676,3,42.6
8.28,1.2,5.544,30.4,12.624,24.8,30.83188,66.26563,-73,193676,3,41.6
8.288,1.2,5.544,29.6,12.632,23.6,30.84261,66.27325,-73,193676,3,41.6
8.28,1.2,5.552,30.8,12.624,24.4,30.83188,66.29614,-72,193676,3,41.6
8.288,1.2,5.544,29.6,12.632,23.6,30.83188,66.3114,-72,193676,3,41.6
8.28,1.2,5.552,31.2,12.632,24.0,30.82116,66.33429,-74,193656,3,41.6
8.288,1.2,5.552,28.8,12.632,23.2,30.84261,66.29614,-74,193656,3,41.6
8.288,1.2,5.552,31.6,12.632,24.0,30.85333,66.31903,-72,193676,3,42.6
8.288,1.2,5.552,28.8,12.632,23.2,30.83188,66.3114,-73,193676,3,41.6
8.288,1.2,5.552,29.6,12.632,23.6,30.84261,66.30377,-74,193676,3,42.6
8.288,1.2,5.552,30.4,12.624,24.8,30.86406,66.24274,-72,193676,3,42.6
8.288,1.2,5.552,30.0,12.632,23.2,30.86406,66.22748,-72,193676,3,41.6
8.288,1.2,5.544,29.6,12.624,24.0,30.88551,66.19696,-72,193676,3,41.6
8.288,1.2,5.544,29.6,12.632,23.6,30.88551,66.22748,-73,191196,3,42.6
8.288,1.2,5.552,30.0,12.632,24.0,30.90696,66.18933,-74,193676,3,41.6
8.288,1.2,5.552,28.8,12.632,23.2,30.90696,66.12067,-74,193676,3,41.6
8.288,1.2,5.552,30.0,12.632,24.0,30.91768,66.09778,-73,193624,3,41.6
8.288,1.2,5.544,32.4,12.624,24.8,30.92841,66.052,-72,193676,3,41.6
8.288,1.2,5.552,30.0,12.632,23.6,30.90696,65.98334,-73,193676,3,41.6
8.288,1.2,5.552,31.6,12.624,24.4,30.91768,66.01385,-73,193676,3,41.6
8.288,1.2,5.552,29.2,12.632,23.2,30.90696,65.99097,-74,193676,3,41.6
8.288,1.2,5.552,30.0,12.624,24.0,30.91768,66.02148,-74,193676,3,41.6
8.288,1.2,5.552,29.2,12.632,23.2,30.90696,66.01385,-73,193676,3,41.6
8.288,1.2,5.552,28.8,12.624,23.6,30.92841,65.98334,-73,193672,3,42.6
8.288,1.2,5.552,28.8,12.624,23.2,30.91768,65.99097,-74,193672,3,41.6
8.28,1.2,5.552,29.2,12.632,23.6,30.91768,65.93756,-74,193672,3,41.6
8.288,1.2,5.544,32.4,12.624,24.0,30.91768,65.94519,-74,193672,3,42.6
8.288,1.2,5.544,29.2,12.632,23.6,30.91768,65.99097,-74,193672,3,41.6
8.28,1.2,5.552,31.6,12.632,24.4,30.91768,65.97571,-74,193672,3,41.6
8.288,1.2,5.544,32.4,12.624,24.4,30.90696,65.96808,-74,193676,3,42.6
8.288,1.2,5.552,30.4,12.632,24.0,30.92841,66.00623,-74,193676,3,41.6
8.288,1.2,5.56,29.2,12.632,23.2,30.90696,65.96808,-73,193676,3,41.6
8.296,1.2,5.52,55.6,12.624,35.6,30.89623,65.98334,-74,192104,3,42.6
8.288,1.2,5.552,32.4,12.624,24.0,30.90696,65.99097,-74,193676,3,41.6
8.28,1.2,5.552,28.8,12.632,23.6,30.89623,65.9986,-74,193676,3,41.6
8.28,1.2,5.552,31.2,12.624,23.6,30.88551,66.02911,-72,193676,3,41.6
8.288,1.2,5.56,29.2,12.632,23.6,30.90696,66.02148,-74,193676,3,41.6
8.288,1.2,5.552,30.8,12.632,23.6,30.90696,65.9986,-73,193676,3,41.6
8.288,1.2,5.552,29.2,12.632,23.2,30.90696,65.98334,-72,193676,3,41.6
8.288,1.2,5.56,30.4,12.632,23.6,30.91768,66.00623,-72,193624,3,41.6
8.288,1.2,5.552,28.8,12.632,23.2,30.91768,65.99097,-74,193676,3,41.6
8.288,1.2,5.552,30.0,12.632,23.6,30.90696,65.96045,-73,193676,3,41.6
8.288,1.2,5.552,31.2,12.624,24.4,30.91768,65.99097,-72,193676,3,41.6
8.288,1.2,5.552,29.6,12.632,23.2,30.90696,65.96808,-73,193676,3,41.6
8.288,1.2,5.552,30.8,12.624,24.0,30.92841,65.96808,-72,193676,3,41.6
8.288,1.2,5.552,28.8,12.632,23.6,30.92841,65.96045,-72,193676,3,41.6
8.288,1.2,5.544,30.4,12.624,23.2,30.94986,65.94519,-74,193624,3,41.6
8.288,1.2,5.552,28.4,12.624,23.2,30.96058,65.87653,-73,193676,3,41.6
8.288,1.2,5.536,41.6,12.624,29.6,30.94986,65.86127,-72,193676,3,42.6
8.288,1.2,5.552,32.0,12.624,24.8,30.96058,65.85364,-74,193676,3,41.6
8.288,1.2,5.552,29.6,12.624,23.2,30.96058,65.83838,-72,193676,3,41.6
8.288,1.2,5.52,54.0,12.624,34.8,30.97131,65.81549,-74,192104,3,42.6
8.288,1.2,5.552,29.6,12.624,23.2,30.96058,65.76208,-74,193676,3,41.6
8.288,1.2,5.552,30.8,12.624,24.0,30.96058,65.78497,-73,193676,3,41.6
8.288,1.2,5.552,29.2,12.624,23.2,30.98203,65.76971,-74,193676,3,41.6
8.288,1.2,5.552,30.0,12.624,23.6,30.98203,65.76208,-74,193676,3,42.6
8.28,1.2,5.552,28.8,12.624,23.2,30.96058,65.7392,-74,193676,3,41.6
8.288,1.2,5.552,29.6,12.624,23.2,30.94986,65.70868,-74,193676,3,41.6
8.288,1.2,5.552,31.2,12.624,24.4,30.96058,65.75446,-73,193676,3,41.6
8.288,1.2,5.552,29.2,12.624,23.2,30.93913,65.77734,-73,193676,3,41.6
8.288,1.2,5.552,31.2,12.624,24.0,30.92841,65.78497,-73,193676,3,41.6
8.288,1.2,5.552,29.2,12.624,23.2,30.92841,65.82312,-71,193676,3,41.6
8.288,1.2,5.552,30.4,12.624,24.0,30.92841,65.84601,-72,193624,3,41.6
8.288,1.2,5.544,29.2,12.632,22.8,30.92841,65.85364,-72,193676,3,41.6
8.28,1.2,5.552,30.0,12.624,23.6,30.92841,65.86127,-73,193676,3,42.6
8.288,1.2,5.552,32.8,12.624,25.2,30.92841,65.86127,-74,193676,3,41.6
8.288,1.2,5.544,29.6,12.624,23.6,30.93913,65.80786,-74,193676,3,41.6
8.28,1.2,5.552,31.6,12.624,24.4,30.96058,65.80786,-74,192104,3,41.6
8.288,1.2,5.552,29.2,12.624,23.2,30.94986,65.80786,-74,193676,3,41.6
8.288,1.2,5.552,30.8,12.624,24.0,30.94986,65.7926,-72,193676,3,41.6
8.288,1.2,5.552,29.2,12.624,22.8,30.94986,65.80023,-72,193676,3,41.6
8.288,1.2,5.544,30.0,12.624,23.6,30.96058,65.80023,-72,193676,3,41.6
8.28,1.2,5.544,29.2,12.632,24.8,30.92841,65.78497,-74,193676,3,41.6
8.288,1.2,5.552,30.0,12.624,23.6,30.92841,65.83838,-74,193676,3,41.6
8.288,1.2,5.552,30.4,12.624,24.4,30.91768,65.83075,-74,193676,3,41.6
8.288,1.2,5.552,29.6,12.624,23.6,30.92841,65.83075,-74,193676,3,41.6
8.28,1.2,5.552,31.6,12.624,24.4,30.92841,65.80023,-73,193676,3,41.6
8.288,1.2,5.552,29.6,12.624,23.2,30.91768,65.80023,-73,193676,3,42.6
8.28,1.2,5.544,30.8,12.624,24.0,30.91768,65.81549,-73,193676,3,41.6
8.288,1.2,5.552,29.2,12.624,23.2,30.93913,65.8689,-74,193676,3,41.6
8.288,1.2,5.552,30.0,12.624,24.0,30.93913,65.81549,-73,193624,3,41.6
8.288,1.2,5.552,30.8,12.632,23.2,30.93913,65.80023,-74,193676,3,41.6
8.288,1.2,5.552,29.6,12.624,23.6,30.92841,65.75446,-72,193676,3,41.6
8.288,1.2,5.544,36.8,12.624,27.6,30.90696,65.78497,-72,193676,3,41.6
8.288,1.2,5.552,29.6,12.624,23.6,30.91768,65.77734,-74,193676,3,41.6
8.288,1.2,5.552,29.6,12.624,24.0,30.90696,65.80786,-73,193676,3,41.6
8.288,1.2,5.52,54.8,12.624,35.2,30.90696,65.81549,-74,192104,3,42.6
8.28,1.2,5.552,29.6,12.624,24.0,30.89623,65.80786,-73,193624,3,41.6
8.288,1.2,5.552,29.2,12.632,23.2,30.90696,65.82312,-74,193676,3,41.6
8.28,1.2,5.552,30.0,12.624,23.6,30.90696,65.82312,-74,193676,3,41.6
8.288,1.2,5.552,32.0,12.624,24.8,30.90696,65.80023,-74,193676,3,41.6
8.28,1.2,5.552,29.6,12.624,23.2,30.90696,65.82312,-73,193676,3,41.6
8.288,1.2,5.552,30.4,12.624,24.4,30.90696,65.80023,-73,193676,3,41.6
8.288,1.2,5.552,29.6,12.632,23.2,30.90696,65.83075,-73,193676,3,42.6
8.288,1.2,5.552,29.6,12.624,23.6,30.90696,65.83838,-74,193676,3,41.6
8.28,1.2,5.552,28.8,12.632,23.2,30.90696,65.85364,-74,193676,3,41.6
8.28,1.2,5.552,29.2,12.624,23.6,30.89623,65.85364,-73,193676,3,42.6
8.28,1.2,5.552,32.4,12.624,24.0,30.89623,65.84601,-72,193676,3,41.6
8.28,1.2,5.544,29.2,12.624,23.6,30.91768,65.86127,-72,193676,3,42.6
8.28,1.2,5.544,31.6,12.624,24.4,30.91768,65.82312,-73,193676,3,41.6
8.28,1.2,5.544,29.6,12.624,23.6,30.91768,65.80786,-73,193676,3,41.6
8.288,1.2,5.552,30.8,12.624,24.0,30.90696,65.80786,-74,193676,3,41.6
8.288,1.2,5.544,32.8,12.624,24.8,30.89623,65.80786,-72,193676,3,42.6
8.28,1.2,5.552,30.0,12.632,23.6,30.90696,65.7926,-74,193628,3,41.6
8.288,1.2,5.552,28.8,12.624,23.2,30.90696,65.80023,-72,193676,3,41.6
8.296,1.2,5.512,54.4,12.624,35.2,30.89623,65.81549,-72,192104,3,41.6
8.28,1.2,5.544,32.4,12.624,24.0,30.88551,65.84601,-74,193676,3,41.6
8.288,1.2,5.552,28.8,12.624,23.6,30.88551,65.84601,-73,193676,3,41.6
8.288,1.2,5.552,31.2,12.624,23.6,30.87478,65.86127,-73,193676,3,41.6
8.288,1.2,5.544,29.2,12.632,23.2,30.87478,65.90704,-73,193676,3,41.6
8.288,1.2,5.544,30.8,12.624,23.6,30.87478,65.9223,-74,193676,3,41.6
8.288,1.2,5.552,29.2,12.632,23.2,30.85333,65.93756,-74,193676,3,41.6
8.28,1.2,5.552,30.0,12.632,23.6,30.85333,65.9223,-73,193676,3,41.6
8.288,1.2,5.544,32.4,12.624,24.4,30.87478,65.95282,-74,193676,3,41.6
8.288,1.2,5.552,29.6,12.624,23.6,30.86406,65.92993,-72,193676,3,41.6
8.288,1.2,5.544,31.2,12.624,24.0,30.85333,65.98334,-74,193676,3,41.6
8.288,1.2,5.552,29.2,12.632,23.6,30.85333,65.98334,-74,193676,3,41.6
8.28,1.2,5.552,30.4,12.624,23.6,30.85333,65.96808,-74,193676,3,41.6
8.288,1.2,5.544,28.8,12.632,23.2,30.84261,65.98334,-72,193676,3,41.6
8.288,1.2,5.552,30.0,12.624,23.6,30.84261,65.98334,-72,193624,3,41.6
8.288,1.2,5.544,28.8,12.624,23.2,30.85333,66.00623,-73,193676,3,41.6
8.288,1.2,5.552,30.0,12.624,23.2,30.86406,65.9986,-73,191144,3,42.6
8.28,1.2,5.528,42.4,12.624,31.6,30.88551,65.97571,-73,193676,3,41.6
8.28,1.2,5.544,29.6,12.624,23.2,30.87478,65.9223,-73,193676,3,41.6
8.288,1.2,5.544,30.8,12.624,24.4,30.89623,65.90704,-73,193676,3,41.6
8.288,1.2,5.552,29.2,12.624,23.2,30.88551,65.89941,-72,193676,3,41.6
8.28,1.2,5.528,50.4,12.624,34.0,30.88551,65.89941,-74,193624,3,41.6
8.28,1.2,5.552,29.2,12.632,23.2,30.89623,65.88416,-73,193676,3,41.6
8.28,1.2,5.552,29.6,12.624,23.6,30.89623,65.84601,-71,193676,3,41.6
8.288,1.2,5.552,32.0,12.624,24.8,30.89623,65.83075,-72,193676,3,41.6
8.288,1.2,5.536,42.4,12.624,30.0,30.90696,65.8689,-74,193676,3,42.6
8.28,1.2,5.552,31.6,12.624,24.4,30.89623,65.84601,-72,193676,3,41.6
8.288,1.2,5.552,29.2,12.624,23.2,30.88551,65.84601,-72,193676,3,41.6
8.28,1.2,5.552,30.8,12.624,24.0,30.88551,65.82312,-74,193676,3,41.6
8.288,1.2,5.552,28.8,12.624,23.2,30.88551,65.83075,-72,193676,3,41.6
8.28,1.2,5.552,30.0,12.624,23.6,30.86406,65.84601,-73,193676,3,41.6
8.288,1.2,5.552,32.4,12.624,24.8,30.86406,65.8689,-74,193676,3,41.6
8.288,1.2,5.552,30.8,12.624,24.0,30.86406,65.89941,-72,193676,3,42.6
8.28,1.2,5.552,31.2,12.624,24.4,30.85333,65.91467,-74,193676,3,41.6
8.288,1.2,5.552,29.2,12.632,23.2,30.84261,65.9223,-73,193676,3,41.6
8.288,1.2,5.552,31.2,12.624,24.0,30.84261,65.97571,-74,192104,3,41.6
8.28,1.2,5.552,28.8,12.632,23.2,30.82116,65.99097,-73,193676,3,41.6
8.288,1.2,5.552,30.0,12.624,23.2,30.82116,66.02911,-74,193676,3,41.6
8.288,1.2,5.552,29.6,12.624,24.4,30.79971,66.09015,-74,193676,3,41.6
8.288,1.2,5.552,29.6,12.624,23.6,30.81043,66.10541,-73,193676,3,41.6
8.288,1.2,5.552,30.4,12.624,24.0,30.81043,66.08252,-78,193676,3,41.6
8.288,1.2,5.552,29.2,12.632,23.2,30.81043,66.09015,-74,193676,3,41.6
8.28,1.2,5.552,30.4,12.632,24.0,30.79971,66.10541,-76,193676,3,41.6
8.288,1.2,5.56,29.2,12.632,23.2,30.79971,66.10541,-77,193676,3,41.6
8.288,1.2,5.544,30.0,12.624,24.0,30.81043,66.12067,-79,193676,3,41.6
8.288,1.2,5.536,36.0,12.624,26.8,30.81043,66.11304,-79,193676,3,42.6
8.288,1.2,5.544,29.6,12.632,23.6,30.78898,66.12067,-84,193676,3,41.6
8.28,1.2,5.544,30.8,12.624,24.8,30.81043,66.11304,-87,193676,3,41.6
8.28,1.2,5.544,29.6,12.632,23.6,30.81043,66.09778,-79,193676,3,42.6
8.288,1.2,5.552,29.6,12.624,24.0,30.81043,66.1283,-82,193676,3,41.6
8.28,1.2,5.544,29.2,12.632,23.6,30.81043,66.09778,-80,193676,3,41.6
8.28,1.2,5.512,55.6,12.624,34.8,30.81043,66.11304,-80,193676,3,43.6
8.288,1.2,5.552,29.2,12.632,23.2,30.81043,66.10541,-84,193676,3,41.6
8.28,1.2,5.544,29.6,12.632,23.6,30.81043,66.07489,-83,193676,3,41.6
8.28,1.2,5.512,54.8,12.624,34.8,30.82116,66.05963,-82,192104,3,42.6
8.288,1.2,5.552,29.6,12.632,23.6,30.83188,66.052,-77,193676,3,41.6
8.28,1.2,5.552,31.6,12.632,24.4,30.82116,66.03674,-77,193676,3,41.6
8.288,1.2,5.544,33.6,12.624,25.6,30.83188,66.06726,-82,193676,3,41.6
8.288,1.2,5.544,30.4,12.632,24.0,30.83188,66.03674,-78,193676,3,41.6
8.288,1.2,5.552,29.2,12.632,23.2,30.83188,66.02148,-78,193676,3,41.6
8.288,1.2,5.552,29.2,12.624,23.6,30.84261,66.02148,-81,193676,3,41.6
8.288,1.2,5.552,29.2,12.632,23.2,30.84261,65.99097,-78,193676,3,41.6
8.288,1.2,5.552,28.8,12.624,23.6,30.84261,65.99097,-81,193676,3,41.6
8.288,1.2,5.544,32.4,12.624,24.0,30.83188,65.9986,-84,193676,3,41.6
8.288,1.2,5.552,29.2,12.624,23.6,30.84261,65.98334,-84,193676,3,41.6
8.288,1.2,5.552,31.2,12.624,24.0,30.83188,65.96808,-83,193676,3,41.6
8.288,1.2,5.552,29.6,12.632,23.2,30.84261,65.94519,-83,193676,3,41.6
8.288,1.2,5.552,30.8,12.632,24.0,30.85333,65.95282,-81,193676,3,41.6
8.288,1.2,5.552,29.2,12.632,23.2,30.83188,65.96808,-81,193676,3,41.6
8.288,1.2,5.544,30.4,12.632,24.0,30.83188,65.96808,-76,193624,3,41.6
8.288,1.2,5.544,28.8,12.624,24.8,30.83188,65.9986,-79,191196,3,42.6
8.288,1.2,5.544,29.6,12.624,23.6,30.83188,65.98334,-81,193672,3,41.6
8.288,1.2,5.544,31.6,12.624,23.6,30.83188,66.00623,-78,193672,3,41.6
8.288,1.2,5.544,29.2,12.632,23.6,30.85333,65.9986,-81,193672,3,41.6
8.288,1.2,5.544,31.2,12.624,23.6,30.84261,65.96808,-80,193672,3,41.6
8.288,1.2,5.552,28.8,12.632,23.2,30.83188,65.98334,-81,193672,3,41.6
8.28,1.2,5.552,30.8,12.632,23.6,30.85333,66.01385,-81,193672,3,41.6
8.288,1.2,5.552,29.2,12.632,23.2,30.84261,65.98334,-81,193676,3,41.6
8.288,1.2,5.552,30.0,12.632,23.6,30.84261,65.94519,-82,193676,3,41.6
8.288,1.2,5.544,32.4,12.624,24.8,30.85333,65.95282,-82,193676,3,41.6
8.288,1.2,5.544,29.6,12.632,23.6,30.86406,65.94519,-83,193672,3,42.6
8.288,1.2,5.544,31.6,12.624,24.0,30.86406,65.91467,-82,193672,3,41.6
8.288,1.2,5.552,28.8,12.632,23.6,30.86406,65.91467,-81,193672,3,41.6
8.288,1.2,5.552,30.8,12.624,23.6,30.86406,65.93756,-82,193672,3,41.6
8.288,1.2,5.552,29.2,12.624,23.2,30.86406,65.89941,-80,193672,3,41.6
8.288,1.2,5.552,30.4,12.624,23.2,30.86406,65.89941,-82,193620,3,41.6
8.288,1.2,5.544,32.8,12.624,26.8,30.86406,65.91467,-80,193672,3,42.6
8.288,1.2,5.552,29.6,12.624,23.2,30.85333,65.93756,-82,193672,3,41.6
8.28,1.2,5.552,31.6,12.624,24.4,30.85333,65.90704,-82,193672,3,41.6
8.28,1.2,5.512,56.0,12.624,34.8,30.86406,65.94519,-83,192100,3,42.6
8.288,1.2,5.544,30.8,12.624,24.0,30.87478,65.90704,-83,193672,3,41.6
8.288,1.2,5.552,28.8,12.632,23.6,30.86406,65.9223,-81,193672,3,41.6
8.288,1.2,5.544,30.0,12.624,23.6,30.85333,65.91467,-82,193672,3,41.6
8.288,1.2,5.552,28.8,12.632,23.2,30.84261,65.91467,-80,193672,3,41.6
8.288,1.2,5.552,29.6,12.632,23.6,30.84261,65.9223,-82,193672,3,41.6
8.288,1.2,5.544,32.4,12.624,24.8,30.84261,65.93756,-83,193672,3,41.6
8.288,1.2,5.552,29.6,12.624,23.2,30.84261,65.96045,-82,193672,3,41.6
8.28,1.2,5.552,31.2,12.624,24.4,30.83188,65.97571,-82,193672,3,41.6
8.288,1.2,5.552,29.2,12.632,23.2,30.81043,65.96045,-81,193672,3,41.6
8.288,1.2,5.544,30.4,12.624,24.0,30.81043,65.97571,-83,193672,3,41.6
8.288,1.2,5.552,29.2,12.632,23.2,30.82116,66.02148,-81,193672,3,41.6
8.28,1.2,5.552,30.4,12.632,23.6,30.81043,66.03674,-82,193672,3,41.6
8.28,1.2,5.544,32.8,12.624,24.8,30.79971,66.052,-81,193672,3,41.6
8.288,1.2,5.552,29.6,12.632,23.6,30.79971,66.04437,-80,193672,3,41.6
8.28,1.2,5.544,32.0,12.624,24.8,30.79971,66.052,-80,193672,3,41.6
8.288,1.2,5.552,30.0,12.632,23.6,30.79971,66.07489,-79,191144,3,43.6
8.288,1.2,5.544,30.8,12.624,24.0,30.79971,66.05963,-83,193672,3,41.6
8.288,1.2,5.552,29.2,12.632,23.2,30.79971,66.052,-80,193672,3,41.6
8.288,1.2,5.552,30.4,12.624,23.6,30.79971,66.04437,-76,193620,3,41.6
8.288,1.2,5.552,31.2,12.624,24.8,30.81043,66.02911,-75,193672,3,41.6
8.28,1.2,5.552,29.6,12.632,23.6,30.82116,66.052,-75,193672,3,41.6
8.28,1.2,5.552,30.8,12.624,24.4,30.81043,66.02148,-76,193672,3,41.6
8.288,1.2,5.552,29.6,12.632,23.6,30.81043,66.03674,-77,193672,3,41.6
8.288,1.2,5.552,30.8,12.624,24.0,30.79971,66.04437,-76,193672,3,41.6
8.288,1.2,5.544,28.8,12.632,23.2,30.83188,66.01385,-76,193672,3,41.6
8.28,1.2,5.552,30.4,12.632,24.0,30.82116,65.99097,-77,193620,3,41.6
8.288,1.2,5.544,31.6,12.624,24.8,30.84261,65.97571,-77,193672,3,41.6
8.288,1.2,5.544,29.6,12.632,23.2,30.83188,65.98334,-74,193672,3,41.6
8.28,1.2,5.552,29.6,12.624,24.4,30.84261,65.96045,-74,193672,3,41.6
8.288,1.2,5.552,30.0,12.632,23.6,30.82116,66.00623,-83,193672,3,41.6
8.288,1.2,5.544,29.6,12.624,24.0,30.82116,65.9986,-77,193672,3,41.6
8.288,1.2,5.544,29.6,12.632,23.2,30.82116,65.99097,-85,191192,3,42.6
8.288,1.2,5.544,35.6,12.624,26.4,30.82116,65.99097,-83,193672,3,41.6
8.288,1.2,5.552,28.8,12.632,23.2,30.81043,65.99097,-84,193672,3,41.6
8.28,1.2,5.544,30.0,12.632,23.6,30.82116,66.02148,-84,193672,3,41.6
8.28,1.2,5.552,32.4,12.624,25.2,30.82116,65.9986,-85,193672,3,41.6
8.288,1.2,5.552,30.0,12.632,23.2,30.82116,65.98334,-85,193672,3,41.6
8.28,1.2,5.552,31.2,12.624,24.4,30.82116,65.9986,-85,193672,3,41.6
8.28,1.2,5.552,29.2,12.624,23.6,30.83188,66.052,-86,193672,3,41.6
8.28,1.2,5.552,29.6,12.624,24.0,30.82116,66.07489,-85,193672,3,41.6
8.288,1.2,5.552,29.2,12.624,23.2,30.82116,66.03674,-86,193672,3,41.6
8.288,1.2,5.552,29.2,12.624,23.6,30.82116,66.04437,-84,193620,3,41.6
8.288,1.2,5.552,28.8,12.624,23.2,30.82116,66.01385,-86,193672,3,41.6
8.288,1.2,5.552,28.8,12.624,23.6,30.83188,66.01385,-82,193672,3,41.6
8.28,1.2,5.552,32.0,12.624,24.4,30.82116,66.02911,-85,193672,3,41.6
8.288,1.2,5.552,29.6,12.624,23.6,30.82116,66.03674,-82,193672,3,41.6
8.288,1.2,5.544,31.2,12.624,24.4,30.81043,66.00623,-85,193672,3,41.6
8.288,1.2,5.544,31.2,12.624,24.4,30.81043,66.02148,-82,193672,3,41.6
8.28,1.2,5.552,30.0,12.632,24.0,30.81043,66.05963,-85,193620,3,41.6
8.288,1.2,5.552,29.2,12.624,23.2,30.81043,66.08252,-83,193672,3,41.6
8.296,1.2,5.512,53.2,12.624,35.6,30.78898,66.07489,-82,192100,3,41.6
8.28,1.2,5.552,32.4,12.624,24.0,30.81043,66.12067,-84,193672,3,41.6
8.288,1.2,5.544,28.8,12.632,23.6,30.79971,66.13593,-83,193672,3,41.6
8.288,1.2,5.552,31.6,12.624,23.2,30.78898,66.13593,-84,193672,3,41.6
8.288,1.2,5.552,28.8,12.632,23.2,30.78898,66.14355,-86,193672,3,41.6
8.296,1.2,5.552,30.8,12.624,23.6,30.79971,66.10541,-86,193672,3,41.6
8.288,1.2,5.552,28.8,12.632,23.2,30.78898,66.1283,-84,193672,3,41.6
8.288,1.2,5.552,29.6,12.624,23.6,30.79971,66.11304,-85,193672,3,42.6
8.288,1.2,5.544,32.0,12.624,24.8,30.78898,66.13593,-85,193672,3,41.6
8.288,1.2,5.552,29.6,12.624,23.6,30.78898,66.1283,-84,193672,3,41.6
8.288,1.2,5.552,31.2,12.624,24.0,30.79971,66.13593,-85,193672,3,41.6
8.288,1.2,5.552,29.2,12.624,23.6,30.81043,66.11304,-86,193672,3,41.6
8.288,1.2,5.544,30.8,12.624,23.6,30.81043,66.11304,-86,193672,3,41.6
8.288,1.2,5.552,28.8,12.624,23.2,30.81043,66.10541,-85,193672,3,41.6
8.288,1.2,5.552,30.4,12.624,23.2,30.79971,66.09778,-84,193620,3,41.6
8.288,1.2,5.552,28.8,12.624,23.2,30.79971,66.05963,-84,193672,3,41.6
8.288,1.2,5.536,40.4,12.624,28.4,30.79971,66.09778,-85,193672,3,42.6
8.288,1.2,5.552,32.0,12.624,24.8,30.82116,66.09778,-86,193672,3,41.6
8.288,1.2,5.544,29.6,12.624,23.2,30.82116,66.09015,-85,193672,3,41.6
8.296,1.2,5.512,53.2,12.624,34.8,30.81043,66.052,-81,192100,3,41.6
8.288,1.2,5.544,29.2,12.624,23.2,30.83188,66.06726,-85,193672,3,41.6
8.288,1.2,5.544,30.8,12.624,24.0,30.81043,66.07489,-86,193672,3,41.6
8.288,1.2,5.552,28.8,12.624,23.2,30.79971,66.03674,-85,193672,3,41.6
8.288,1.2,5.552,30.0,12.624,23.2,30.82116,66.04437,-82,193672,3,41.6
8.288,1.2,5.552,28.4,12.624,25.2,30.83188,66.052,-85,193672,3,41.6
8.288,1.2,5.552,29.6,12.624,23.2,30.82116,66.03674,-83,193672,3,41.6
8.28,1.2,5.544,31.6,12.624,24.4,30.82116,66.01385,-85,193672,3,42.6
8.288,1.2,5.552,29.2,12.624,23.2,30.83188,66.02911,-83,193672,3,41.6
8.288,1.2,5.544,30.8,12.624,24.0,30.84261,65.9986,-84,193672,3,41.6
8.288,1.2,5.552,29.2,12.624,23.2,30.83188,65.9986,-88,193672,3,41.6
8.288,1.2,5.552,30.4,12.624,24.0,30.84261,65.98334,-76,193672,3,41.6
8.288,1.2,5.552,29.2,12.624,23.2,30.85333,65.98334,-75,193672,3,41.6
8.288,1.2,5.552,30.0,12.624,23.6,30.85333,65.96808,-76,193672,3,41.6
8.28,1.2,5.544,32.0,12.624,24.8,30.86406,65.93756,-75,193672,3,41.6
8.288,1.2,5.552,29.2,12.624,23.2,30.86406,65.89941,-76,193672,3,41.6
8.288,1.2,5.544,31.2,12.624,24.0,30.85333,65.91467,-73,193672,3,41.6
8.288,1.2,5.552,29.2,12.624,23.2,30.84261,65.94519,-74,193672,3,41.6
8.288,1.2,5.544,30.4,12.624,23.6,30.85333,65.92993,-74,193672,3,41.6
8.288,1.2,5.552,29.2,12.624,23.2,30.85333,65.91467,-74,191192,3,42.6
8.288,1.2,5.552,30.0,12.624,23.6,30.83188,65.9223,-76,193672,3,42.6
8.28,1.2,5.544,32.0,12.624,24.4,30.85333,65.91467,-76,193672,3,41.6
8.288,1.2,5.552,29.6,12.624,23.6,30.84261,65.90704,-75,193672,3,41.6
8.288,1.2,5.544,31.2,12.624,24.4,30.85333,65.92993,-74,193672,3,41.6
8.288,1.2,5.552,29.6,12.624,23.6,30.84261,65.92993,-76,193672,3,41.6
8.28,1.2,5.552,31.2,12.624,24.0,30.84261,65.9223,-74,193672,3,41.6
8.288,1.2,5.56,29.2,12.624,22.8,30.84261,65.90704,-74,193672,3,41.6
8.288,1.2,5.552,30.4,12.624,23.6,30.84261,65.91467,-76,193672,3,41.6
8.28,1.2,5.544,30.0,12.624,24.8,30.85333,65.9223,-76,193672,3,41.6
8.288,1.2,5.552,29.6,12.624,23.6,30.85333,65.89941,-76,193672,3,42.6
8.288,1.2,5.552,29.6,12.624,24.4,30.86406,65.89178,-76,193672,3,41.6
8.288,1.2,5.552,29.2,12.624,23.6,30.87478,65.87653,-77,193672,3,41.6
8.28,1.2,5.552,30.8,12.624,24.4,30.87478,65.8689,-74,193672,3,41.6
8.288,1.2,5.552,29.2,12.624,23.6,30.89623,65.86127,-76,193672,3,41.6
8.288,1.2,5.552,30.4,12.624,24.0,30.89623,65.80023,-76,193672,3,41.6
8.288,1.2,5.544,31.2,12.624,24.0,30.89623,65.81549,-76,193672,3,41.6
8.28,1.2,5.552,29.6,12.624,23.6,30.89623,65.78497,-75,193672,3,41.6
8.288,1.2,5.544,30.8,12.624,24.8,30.89623,65.77734,-76,193672,3,41.6
8.296,1.2,5.52,53.6,12.624,34.8,30.89623,65.77734,-77,192100,3,42.6
8.28,1.2,5.552,29.2,12.624,24.0,30.88551,65.74683,-75,193672,3,41.6
8.288,1.2,5.544,29.2,12.624,23.6,30.89623,65.74683,-76,193672,3,41.6
8.288,1.2,5.552,29.6,12.624,24.0,30.88551,65.76208,-76,193672,3,41.6
8.288,1.2,5.552,29.2,12.624,23.2,30.88551,65.80023,-76,193672,3,41.6
8.288,1.2,5.552,29.6,12.624,23.2,30.86406,65.82312,-74,193672,3,42.6
8.288,1.2,5.544,32.4,12.624,24.8,30.86406,65.83075,-75,193672,3,41.6
8.288,1.2,5.552,30.0,12.624,23.6,30.84261,65.86127,-74,193672,3,41.6
8.288,1.2,5.552,32.0,12.624,24.8,30.84261,65.89941,-75,193672,3,41.6
8.288,1.2,5.544,29.6,12.624,23.2,30.84261,65.90704,-74,193672,3,41.6
8.288,1.2,5.552,30.4,12.624,24.0,30.85333,65.93756,-74,193672,3,41.6
8.288,1.2,5.552,29.6,12.624,23.2,30.83188,65.97571,-74,193672,3,41.6
8.288,1.2,5.544,29.6,12.624,23.6,30.82116,65.97571,-74,193672,3,41.6
8.288,1.2,5.552,29.2,12.624,23.2,30.83188,65.9986,-76,193672,3,41.6
8.288,1.2,5.544,28.8,12.624,23.6,30.84261,65.97571,-77,193672,3,41.6
8.288,1.2,5.528,46.8,12.624,30.4,30.82116,65.96045,-76,193672,3,42.6
8.288,1.2,5.552,30.0,12.624,24.0,30.83188,65.96045,-76,193672,3,41.6
8.288,1.2,5.552,31.2,12.624,24.0,30.84261,65.96045,-77,193672,3,41.6
8.288,1.2,5.552,29.2,12.624,23.6,30.82116,65.98334,-76,193672,3,41.6
8.288,1.2,5.552,30.8,12.624,24.4,30.82116,65.9986,-79,192100,3,41.6
8.288,1.2,5.552,29.2,12.624,23.2,30.83188,65.98334,-79,193672,3,41.6
8.288,1.2,5.544,29.6,12.624,23.6,30.82116,65.9986,-80,193672,3,41.6
8.28,1.2,5.544,32.4,12.624,24.4,30.83188,65.98334,-80,193672,3,41.6
8.288,1.2,5.552,29.2,12.624,23.6,30.83188,65.96045,-78,193672,3,41.6
8.288,1.2,5.544,30.8,12.624,23.6,30.84261,65.96808,-80,193672,3,41.6
8.288,1.2,5.552,28.4,12.624,23.2,30.83188,65.99097,-80,193672,3,41.6
8.288,1.2,5.552,30.4,12.624,23.6,30.85333,65.96808,-80,193672,3,41.6
8.28,1.2,5.544,31.6,12.624,24.4,30.85333,65.96045,-80,193672,3,41.6
8.28,1.2,5.544,30.0,12.624,23.6,30.84261,65.9986,-80,193672,3,41.6
8.288,1.2,5.552,32.4,12.624,24.8,30.83188,65.9986,-78,193672,3,41.6
8.288,1.2,5.552,29.6,12.624,23.6,30.84261,65.95282,-81,193672,3,41.6
8.28,1.2,5.544,31.6,12.624,24.0,30.86406,65.94519,-80,193672,3,41.6
8.288,1.2,5.552,29.2,12.624,23.2,30.85333,65.9223,-82,193672,3,41.6
8.296,1.2,5.52,54.4,12.616,36.4,30.87478,65.90704,-79,193672,3,42.6
8.288,1.2,5.56,29.2,12.624,23.2,30.86406,65.92993,-80,193672,3,41.6
8.288,1.2,5.552,30.0,12.624,23.6,30.86406,65.89178,-78,193620,3,41.6
8.288,1.2,5.552,32.4,12.624,24.8,30.85333,65.91467,-78,193672,3,41.6
8.288,1.2,5.552,29.6,12.624,23.2,30.86406,65.89941,-77,193672,3,41.6
8.288,1.2,5.52,48.0,12.624,33.6,30.88551,65.88416,-78,191192,3,42.6
8.288,1.2,5.56,29.6,12.624,23.2,30.87478,65.87653,-80,193672,3,41.6
8.288,1.2,5.552,30.8,12.624,23.6,30.87478,65.84601,-80,193672,3,41.6
8.288,1.2,5.552,29.2,12.624,23.2,30.88551,65.83838,-80,193672,3,41.6
8.288,1.2,5.552,30.0,12.624,23.6,30.88551,65.80786,-78,193672,3,42.6
8.288,1.2,5.544,32.8,12.624,24.8,30.89623,65.82312,-78,193672,3,41.6
8.288,1.2,5.552,29.6,12.624,23.2,30.89623,65.78497,-78,193672,3,41.6
8.288,1.2,5.552,31.2,12.624,24.0,30.89623,65.75446,-77,193672,3,41.6
8.288,1.2,5.552,29.2,12.624,22.8,30.88551,65.76971,-78,193672,3,41.6
8.288,1.2,5.552,30.4,12.624,24.0,30.87478,65.77734,-79,193672,3,41.6
8.288,1.2,5.552,28.8,12.624,23.2,30.86406,65.80786,-81,193672,3,41.6
8.288,1.2,5.544,30.0,12.624,24.0,30.85333,65.81549,-79,193672,3,42.6
8.288,1.2,5.544,31.6,12.624,24.8,30.86406,65.83838,-82,193672,3,41.6
8.288,1.2,5.544,30.0,12.624,23.6,30.87478,65.7926,-79,193672,3,41.6
8.288,1.2,5.552,32.4,12.624,24.4,30.86406,65.82312,-77,193672,3,41.6
8.288,1.2,5.552,29.6,12.624,23.2,30.86406,65.81549,-78,193672,3,41.6
8.288,1.2,5.544,32.8,12.624,25.2,30.86406,65.83075,-80,193672,3,41.6
8.288,1.2,5.552,28.8,12.624,23.2,30.85333,65.84601,-78,193672,3,41.6
8.288,1.2,5.552,30.8,12.624,24.0,30.86406,65.8689,-79,193672,3,41.6
8.288,1.2,5.52,54.8,12.624,34.8,30.87478,65.85364,-78,192100,3,41.6
8.28,1.2,5.544,30.0,12.624,23.6,30.86406,65.84601,-81,193672,3,42.6
8.288,1.2,5.552,28.8,12.624,23.2,30.88551,65.80786,-79,193672,3,41.6
8.288,1.2,5.552,31.6,12.624,24.4,30.88551,65.80023,-79,193680,3,41.6
8.28,1.2,5.544,31.2,12.624,24.0,30.88551,65.73157,-80,193672,3,41.6
8.288,1.2,5.552,29.6,12.624,23.6,30.89623,65.74683,-81,193672,3,41.6
8.288,1.2,5.552,30.8,12.624,24.0,30.89623,65.71631,-82,193672,3,42.6
8.288,1.2,5.552,28.8,12.624,23.2,30.89623,65.70868,-80,193672,3,41.6
8.288,1.2,5.552,30.0,12.624,23.6,30.89623,65.64764,-81,193620,3,41.6
8.288,1.2,5.552,29.2,12.624,23.2,30.87478,65.67816,-79,193672,3,41.6
8.288,1.2,5.552,29.6,12.624,23.6,30.89623,65.69342,-81,193672,3,41.6
8.28,1.2,5.552,30.0,12.624,24.8,30.88551,65.72394,-77,193672,3,41.6
8.288,1.2,5.552,29.2,12.624,23.6,30.91768,65.71631,-79,193672,3,41.6
8.288,1.2,5.552,30.0,12.624,24.0,30.92841,65.69342,-78,193672,3,41.6
8.288,1.2,5.552,29.2,12.624,23.2,30.91768,65.62476,-78,193672,3,41.6
8.288,1.2,5.552,29.2,12.624,23.6,30.93913,65.64764,-80,193620,3,41.6
8.288,1.2,5.544,34.0,12.624,26.0,30.92841,65.6095,-78,193672,3,42.6
8.288,1.2,5.552,29.6,12.624,23.6,30.93913,65.58661,-81,193672,3,41.6
8.288,1.2,5.552,31.6,12.624,24.4,30.93913,65.56372,-82,193672,3,41.6
8.296,1.2,5.512,54.0,12.616,35.2,30.93913,65.54083,-77,192100,3,41.6
8.288,1.2,5.552,30.8,12.624,24.0,30.93913,65.54846,-78,193672,3,41.6
8.288,1.2,5.552,29.2,12.624,23.2,30.96058,65.52557,-80,193672,3,41.6
8.288,1.2,5.552,29.6,12.624,23.6,30.96058,65.51794,-81,193672,3,41.6
8.288,1.2,5.552,28.8,12.624,23.2,30.96058,65.51031,-80,193672,3,41.6
8.288,1.2,5.552,29.2,12.624,24.0,30.94986,65.46454,-79,193672,3,42.6
8.288,1.2,5.552,32.8,12.624,23.2,30.93913,65.47217,-81,193672,3,41.6
8.288,1.2,5.544,29.2,12.624,23.6,30.94986,65.44928,-77,193672,3,41.6
8.288,1.2,5.552,32.0,12.624,24.0,30.94986,65.48743,-80,193672,3,41.6
8.288,1.2,5.552,29.6,12.624,23.2,30.94986,65.45691,-82,193672,3,41.6
8.288,1.2,5.544,31.2,12.624,24.0,30.93913,65.48743,-79,193672,3,42.6
8.288,1.2,5.56,29.2,12.624,23.2,30.94986,65.4798,-79,193672,3,41.6
8.28,1.2,5.552,30.0,12.624,24.0,30.96058,65.4798,-78,193672,3,41.6
8.288,1.2,5.544,29.2,12.624,23.2,30.96058,65.42639,-81,193672,3,41.6
8.288,1.2,5.544,29.2,12.624,23.6,30.96058,65.41876,-78,193672,3,42.6
8.288,1.2,5.544,32.0,12.624,23.6,30.94986,65.4035,-79,193672,3,41.6
8.288,1.2,5.544,32.4,12.624,25.2,30.94986,65.43402,-76,193672,3,41.6
8.288,1.2,5.552,30.8,12.624,23.6,30.94986,65.44165,-76,193672,3,41.6
8.288,1.2,5.552,29.2,12.624,23.2,30.93913,65.43402,-77,193672,3,41.6
8.296,1.2,5.512,55.2,12.616,35.6,30.94986,65.45691,-78,192100,3,42.6
8.288,1.2,5.552,29.2,12.624,23.2,30.93913,65.44165,-76,193672,3,41.6
8.288,1.2,5.552,30.0,12.624,23.6,30.93913,65.48743,-78,193672,3,42.6
8.288,1.2,5.544,32.4,12.624,24.8,30.93913,65.49506,-79,193672,3,41.6
8.288,1.2,5.552,29.6,12.624,23.6,30.92841,65.46454,-76,193676,3,41.6
8.288,1.2,5.552,31.2,12.624,24.0,30.93913,65.4798,-78,193676,3,41.6
8.288,1.2,5.552,28.8,12.624,23.2,30.93913,65.48743,-76,193676,3,41.6
8.288,1.2,5.552,30.8,12.624,23.6,30.96058,65.46454,-76,193676,3,41.6
8.288,1.2,5.552,28.4,12.624,23.2,30.96058,65.48743,-76,193676,3,41.6
8.288,1.2,5.552,30.4,12.624,23.2,30.93913,65.44928,-79,193676,3,41.6
8.288,1.2,5.544,28.8,12.624,23.2,30.93913,65.44928,-78,193676,3,41.6
8.288,1.2,5.544,30.0,12.624,23.6,30.93913,65.45691,-79,193676,3,42.6
8.288,1.2,5.552,32.0,12.624,24.4,30.92841,65.50269,-79,193676,3,41.6
8.288,1.2,5.544,29.6,12.624,23.2,30.92841,65.49506,-76,193676,3,41.6
8.288,1.2,5.544,31.2,12.624,24.0,30.91768,65.51031,-79,193676,3,41.6
8.288,1.2,5.552,28.8,12.624,23.2,30.92841,65.51031,-76,193676,3,41.6
8.288,1.2,5.528,43.6,12.624,29.6,30.92841,65.5332,-76,193676,3,42.6
8.288,1.2,5.552,28.8,12.624,23.2,30.92841,65.50269,-78,193676,3,41.6
8.288,1.2,5.552,29.6,12.624,23.6,30.92841,65.54846,-77,193676,3,41.6
8.288,1.2,5.512,57.2,12.616,36.0,30.94986,65.4798,-78,192104,3,42.6
8.28,1.2,5.552,29.6,12.624,23.2,30.92841,65.4798,-77,193676,3,41.6
8.288,1.2,5.552,31.6,12.624,24.4,30.92841,65.51794,-76,193676,3,41.6
8.288,1.2,5.544,29.6,12.624,23.6,30.90696,65.54083,-78,193676,3,41.6
8.288,1.2,5.552,30.4,12.624,24.0,30.92841,65.51031,-78,193676,3,41.6
8.288,1.2,5.552,29.2,12.624,23.2,30.92841,65.5332,-78,193676,3,41.6
8.288,1.2,5.552,30.0,12.624,23.6,30.92841,65.51031,-78,193676,3,41.6
8.28,1.2,5.552,32.4,12.624,24.8,30.92841,65.54083,-78,193676,3,41.6
8.288,1.2,5.552,29.6,12.624,23.6,30.93913,65.51031,-78,193676,3,41.6
8.288,1.2,5.552,31.6,12.624,24.4,30.92841,65.51794,-75,193676,3,41.6
8.288,1.2,5.552,29.6,12.624,23.2,30.92841,65.51794,-76,193676,3,41.6
8.28,1.2,5.544,30.8,12.624,24.0,30.92841,65.52557,-78,193676,3,41.6
8.288,1.2,5.552,28.8,12.624,23.2,30.93913,65.52557,-76,193676,3,41.6
8.288,1.2,5.552,30.4,12.624,24.0,30.92841,65.51031,-77,193676,3,42.6
8.288,1.2,5.552,28.8,12.624,23.2,30.93913,65.48743,-75,193676,3,41.6
8.288,1.2,5.56,29.6,12.624,23.6,30.92841,65.49506,-78,193676,3,41.6
8.288,1.2,5.544,37.2,12.624,26.8,30.92841,65.51031,-76,193676,3,42.6
8.288,1.2,5.552,29.6,12.624,23.6,30.92841,65.51031,-79,193676,3,41.6
8.288,1.2,5.552,30.8,12.624,24.4,30.91768,65.5332,-76,193676,3,41.6
8.288,1.2,5.52,55.2,12.624,34.8,30.91768,65.51794,-78,192104,3,42.6
8.288,1.2,5.552,30.4,12.624,24.0,30.90696,65.51031,-77,193676,3,41.6
8.288,1.2,5.552,29.2,12.624,22.8,30.91768,65.52557,-77,193676,3,41.6
8.288,1.2,5.552,30.0,12.624,23.6,30.92841,65.52557,-78,193676,3,41.6
8.288,1.2,5.552,30.4,12.624,24.8,30.91768,65.51794,-78,193676,3,41.6
8.288,1.2,5.544,29.6,12.624,23.2,30.91768,65.50269,-78,193676,3,41.6
8.288,1.2,5.552,30.0,12.624,24.0,30.91768,65.51031,-78,193676,3,41.6
8.288,1.2,5.552,28.8,12.624,23.2,30.91768,65.49506,-78,193676,3,41.6
8.288,1.2,5.552,30.4,12.624,23.6,30.90696,65.50269,-79,193676,3,41.6
8.288,1.2,5.544,28.8,12.624,23.2,30.89623,65.54846,-78,193676,3,41.6
8.288,1.2,5.544,30.0,12.624,23.6,30.88551,65.60187,-78,193676,3,42.6
8.288,1.2,5.544,31.6,12.624,24.4,30.89623,65.59424,-78,193676,3,41.6
8.288,1.2,5.552,29.2,12.624,23.2,30.88551,65.61713,-76,193676,3,41.6
8.28,1.2,5.544,30.4,12.624,24.4,30.87478,65.61713,-77,193676,3,41.6
8.288,1.2,5.544,29.2,12.624,23.2,30.87478,65.61713,-76,193676,3,42.6
8.288,1.2,5.544,29.6,12.624,24.0,30.87478,65.67053,-77,193676,3,41.6
8.288,1.2,5.552,32.4,12.624,24.4,30.86406,65.67816,-76,193676,3,42.6
8.288,1.2,5.552,29.6,12.624,23.6,30.86406,65.6629,-76,193676,3,41.6
8.288,1.2,5.552,32.8,12.624,24.4,30.86406,65.69342,-76,193676,3,41.6
8.288,1.2,5.512,55.6,12.624,35.2,30.86406,65.67816,-76,192104,3,42.6
8.28,1.2,5.552,31.6,12.624,24.4,30.85333,65.70105,-76,193676,3,41.6
8.288,1.2,5.552,29.2,12.624,23.6,30.85333,65.69342,-76,193676,3,41.6
8.288,1.2,5.552,30.8,12.624,24.0,30.85333,65.70105,-77,193676,3,41.6
8.288,1.2,5.552,29.2,12.624,23.2,30.85333,65.70868,-77,193676,3,41.6
8.288,1.2,5.544,29.2,12.624,23.6,30.84261,65.69342,-78,193624,3,41.6
8.288,1.2,5.544,32.8,12.624,23.6,30.85333,65.69342,-77,193676,3,41.6
8.288,1.2,5.552,29.2,12.624,23.6,30.85333,65.70105,-77,193676,3,41.6
8.288,1.2,5.544,31.6,12.624,23.6,30.85333,65.71631,-76,193676,3,41.6
8.288,1.2,5.552,28.8,12.624,23.6,30.85333,65.69342,-76,193676,3,41.6
8.288,1.2,5.544,30.8,12.624,24.0,30.87478,65.70105,-76,193676,3,41.6
8.288,1.2,5.552,28.8,12.624,23.2,30.88551,65.6629,-77,193676,3,41.6
8.288,1.2,5.552,30.4,12.624,24.0,30.89623,65.64001,-78,193676,3,41.6
8.288,1.2,5.552,29.2,12.624,23.2,30.91768,65.64001,-76,193676,3,42.6
8.288,1.2,5.544,30.0,12.624,23.6,30.89623,65.63239,-78,193676,3,41.6
8.288,1.2,5.552,31.6,12.624,24.0,30.90696,65.60187,-78,193676,3,41.6
8.288,1.2,5.552,29.2,12.624,23.2,30.91768,65.59424,-76,193676,3,41.6
8.288,1.2,5.544,31.2,12.624,23.6,30.90696,65.56372,-77,193676,3,41.6
8.288,1.2,5.552,29.2,12.624,23.2,30.90696,65.55609,-77,193676,3,42.6
8.296,1.2,5.504,60.4,12.616,38.0,30.90696,65.54846,-76,193676,3,42.6
8.288,1.2,5.544,28.8,12.624,23.2,30.91768,65.55609,-77,193676,3,41.6
8.288,1.2,5.552,30.4,12.624,23.2,30.89623,65.57135,-78,193628,3,41.6
8.296,1.2,5.512,54.4,12.624,34.8,30.90696,65.54846,-78,192104,3,42.6
8.288,1.2,5.552,30.0,12.624,23.6,30.90696,65.55609,-77,193676,3,41.6
8.288,1.2,5.544,31.6,12.624,24.4,30.90696,65.58661,-78,193676,3,41.6
8.288,1.2,5.552,29.6,12.624,23.2,30.90696,65.57135,-79,193676,3,41.6
8.288,1.2,5.544,30.8,12.624,24.0,30.90696,65.56372,-78,193676,3,41.6
8.288,1.2,5.544,29.2,12.624,23.2,30.90696,65.58661,-78,193676,3,41.6
8.288,1.2,5.544,30.4,12.624,23.2,30.90696,65.59424,-79,193624,3,41.6
8.288,1.2,5.552,28.4,12.624,23.2,30.90696,65.56372,-78,193676,3,41.6
8.288,1.2,5.544,36.8,12.624,27.6,30.90696,65.57898,-78,193676,3,42.6
8.288,1.2,5.544,32.4,12.624,24.8,30.89623,65.57898,-78,193676,3,41.6
8.288,1.2,5.552,29.2,12.624,23.2,30.89623,65.58661,-78,193676,3,41.6
8.288,1.2,5.552,31.2,12.624,24.4,30.89623,65.54846,-77,193676,3,41.6
8.288,1.2,5.552,28.8,12.624,23.2,30.88551,65.57898,-79,193676,3,41.6
8.28,1.2,5.552,30.4,12.624,24.0,30.88551,65.59424,-79,193676,3,41.6
8.288,1.2,5.552,29.2,12.624,23.2,30.88551,65.59424,-79,193676,3,41.6
8.28,1.2,5.552,30.4,12.624,23.6,30.87478,65.58661,-78,193676,3,42.6
8.28,1.2,5.552,32.8,12.624,24.8,30.89623,65.58661,-79,192104,3,41.6
8.288,1.2,5.552,29.6,12.624,23.2,30.88551,65.57898,-78,193676,3,41.6
8.28,1.2,5.544,32.0,12.624,24.8,30.88551,65.60187,-81,193676,3,41.6
8.288,1.2,5.544,29.6,12.624,23.2,30.89623,65.59424,-79,193676,3,41.6
8.288,1.2,5.552,31.6,12.624,24.4,30.87478,65.57135,-75,193676,3,41.6
8.288,1.2,5.544,29.2,12.624,23.2,30.87478,65.63239,-75,193676,3,41.6
8.288,1.2,5.552,30.8,12.624,24.0,30.86406,65.63239,-74,193676,3,41.6
8.288,1.2,5.552,29.2,12.624,23.2,30.85333,65.63239,-76,193676,3,41.6
8.288,1.2,5.552,30.0,12.624,23.6,30.85333,65.6629,-79,193676,3,41.6
8.288,1.2,5.552,29.2,12.624,23.2,30.86406,65.67053,-78,193676,3,41.6
8.288,1.2,5.552,29.6,12.624,23.6,30.86406,65.67816,-79,193676,3,41.6
8.288,1.2,5.552,32.0,12.624,24.4,30.87478,65.68579,-79,193676,3,41.6
8.288,1.2,5.552,29.6,12.624,23.2,30.86406,65.64764,-79,193676,3,41.6
8.28,1.2,5.552,30.4,12.624,24.0,30.87478,65.6629,-78,193676,3,42.6
8.288,1.2,5.552,28.8,12.624,23.2,30.87478,65.67816,-79,193676,3,41.6
8.288,1.2,5.552,29.6,12.624,23.6,30.87478,65.6629,-78,193676,3,41.6
8.288,1.2,5.552,32.8,12.624,25.6,30.89623,65.67053,-78,193676,3,42.6
8.288,1.2,5.552,29.2,12.624,23.6,30.89623,65.60187,-78,193676,3,41.6
8.288,1.2,5.544,30.8,12.624,24.4,30.90696,65.57898,-78,193676,3,41.6
8.296,1.2,5.52,54.4,12.624,35.6,30.90696,65.57898,-78,192104,3,41.6
8.288,1.2,5.552,30.8,12.624,24.0,30.90696,65.57898,-78,193676,3,41.6
8.288,1.2,5.552,29.2,12.624,23.2,30.90696,65.54083,-78,193676,3,41.6
8.288,1.2,5.552,30.0,12.624,23.6,30.91768,65.51031,-78,193676,3,41.6
8.288,1.2,5.552,28.8,12.624,23.2,30.90696,65.5332,-78,193676,3,41.6
8.288,1.2,5.552,30.0,12.624,23.6,30.92841,65.4798,-78,193676,3,41.6
8.288,1.2,5.552,29.6,12.624,24.4,30.93913,65.4798,-80,193676,3,41.6
8.288,1.2,5.552,29.2,12.624,23.2,30.93913,65.46454,-78,193676,3,41.6
8.288,1.2,5.552,29.6,12.624,24.0,30.92841,65.45691,-81,193676,3,41.6
8.288,1.2,5.552,29.2,12.624,23.2,30.93913,65.45691,-78,193676,3,41.6
8.288,1.2,5.552,30.0,12.624,23.6,30.91768,65.47217,-77,193624,3,41.6
8.288,1.2,5.552,28.8,12.624,23.2,30.91768,65.48743,-79,193676,3,41.6
8.288,1.2,5.552,30.0,12.624,23.2,30.88551,65.51794,-78,193676,3,41.6
8.288,1.2,5.544,32.0,12.624,24.4,30.90696,65.51794,-78,193676,3,41.6
8.288,1.2,5.552,29.6,12.624,23.2,30.90696,65.51794,-77,193676,3,41.6
8.28,1.2,5.552,30.4,12.624,24.0,30.90696,65.54846,-78,193676,3,41.6
8.288,1.2,5.552,29.2,12.624,23.2,30.89623,65.56372,-78,193676,3,41.6
8.288,1.2,5.552,29.2,12.624,23.6,30.88551,65.57898,-79,193676,3,42.6
8.28,1.2,5.544,32.8,12.624,23.6,30.89623,65.58661,-78,193676,3,41.6
8.288,1.2,5.552,32.0,12.624,24.4,30.89623,65.55609,-77,193676,3,42.6
8.28,1.2,5.552,31.6,12.624,24.0,30.89623,65.55609,-79,193676,3,41.6
8.288,1.2,5.552,28.8,12.624,23.6,30.91768,65.57135,-78,193676,3,41.6
8.288,1.2,5.552,30.8,12.624,24.4,30.92841,65.56372,-79,192104,3,41.6
8.288,1.2,5.552,29.2,12.624,23.2,30.91768,65.50269,-78,193676,3,41.6
8.288,1.2,5.544,30.4,12.624,24.0,30.91768,65.48743,-79,193676,3,41.6
8.288,1.2,5.544,29.2,12.624,23.2,30.92841,65.47217,-78,193676,3,41.6
8.288,1.2,5.552,29.6,12.624,23.6,30.94986,65.48743,-78,193676,3,41.6
8.28,1.2,5.552,32.0,12.624,24.0,30.94986,65.42639,-78,193676,3,41.6
8.288,1.2,5.544,28.8,12.624,23.6,30.94986,65.37299,-77,193676,3,41.6
8.288,1.2,5.552,31.2,12.624,23.2,30.93913,65.38062,-79,193676,3,41.6
8.288,1.2,5.552,28.8,12.624,23.2,30.94986,65.43402,-77,193676,3,41.6
8.28,1.2,5.52,49.6,12.624,33.2,30.94986,65.4035,-77,193676,3,42.6
8.288,1.2,5.552,28.8,12.624,23.2,30.94986,65.35773,-79,193676,3,41.6
8.288,1.2,5.552,30.0,12.624,23.2,30.94986,65.3501,-78,193676,3,42.6
8.288,1.2,5.544,32.4,12.624,24.4,30.94986,65.38062,-78,193676,3,41.6
8.288,1.2,5.544,29.6,12.624,23.6,30.93913,65.41876,-77,193676,3,41.6
8.288,1.2,5.552,31.6,12.624,24.4,30.93913,65.41876,-79,193676,3,41.6
8.288,1.2,5.552,29.2,12.624,23.6,30.93913,65.39587,-78,193676,3,41.6
8.288,1.2,5.552,30.8,12.624,24.0,30.93913,65.41113,-78,192104,3,41.6
8.288,1.2,5.552,28.8,12.624,23.2,30.93913,65.36536,-81,193676,3,41.6
8.288,1.2,5.552,30.4,12.624,23.2,30.94986,65.35773,-79,193624,3,41.6
8.288,1.2,5.552,28.8,12.624,24.8,30.93913,65.36536,-80,193676,3,41.6
8.28,1.2,5.552,29.6,12.624,23.2,30.92841,65.38824,-79,193676,3,41.6
8.288,1.2,5.552,32.0,12.624,24.4,30.92841,65.41876,-79,193676,3,41.6
8.288,1.2,5.544,29.2,12.624,23.2,30.90696,65.41113,-78,193676,3,41.6
8.288,1.2,5.552,30.8,12.624,24.0,30.91768,65.44928,-79,193676,3,41.6
8.28,1.2,5.552,29.2,12.624,23.2,30.90696,65.43402,-78,193676,3,41.6
8.288,1.2,5.552,30.0,12.624,24.0,30.90696,65.46454,-79,193676,3,41.6
8.288,1.2,5.552,29.2,12.624,24.8,30.89623,65.49506,-79,193676,3,41.6
8.288,1.2,5.552,29.6,12.624,23.2,30.88551,65.49506,-77,193676,3,41.6
8.28,1.2,5.552,31.6,12.624,24.4,30.89623,65.52557,-79,193676,3,41.6
8.28,1.2,5.552,29.2,12.624,23.2,30.86406,65.55609,-79,193676,3,42.6
8.288,1.2,5.552,30.4,12.624,24.0,30.86406,65.57135,-79,193676,3,41.6
8.288,1.2,5.552,29.2,12.624,23.2,30.85333,65.64001,-78,193676,3,41.6
8.288,1.2,5.552,31.6,12.624,24.4,30.84261,65.65527,-77,193676,3,42.6
8.288,1.2,5.552,28.8,12.624,23.2,30.84261,65.64764,-78,193676,3,41.6
8.288,1.2,5.552,29.6,12.624,23.6,30.85333,65.64001,-79,193676,3,41.6
8.296,1.2,5.52,53.2,12.624,34.8,30.85333,65.6629,-78,192104,3,41.6
8.288,1.2,5.552,29.6,12.624,23.2,30.86406,65.62476,-78,193676,3,41.6
8.28,1.2,5.552,31.6,12.624,24.4,30.88551,65.61713,-79,193676,3,41.6
8.288,1.2,5.552,29.2,12.624,23.2,30.89623,65.59424,-81,193676,3,41.6
8.288,1.2,5.544,30.4,12.624,24.0,30.90696,65.54083,-73,193676,3,41.6
8.288,1.2,5.552,28.8,12.624,23.2,30.90696,65.51031,-74,193676,3,41.6
8.288,1.2,5.544,30.4,12.624,24.0,30.89623,65.51794,-76,193624,3,41.6
8.288,1.2,5.552,29.6,12.624,23.2,30.91768,65.50269,-75,193676,3,41.6
8.288,1.2,5.552,30.0,12.624,23.2,30.90696,65.45691,-73,193676,3,41.6
8.288,1.2,5.552,30.4,12.624,24.4,30.91768,65.44928,-76,193676,3,41.6
8.288,1.2,5.552,29.6,12.624,23.2,30.91768,65.44165,-73,193676,3,41.6
8.288,1.2,5.544,31.2,12.624,24.0,30.92841,65.41876,-75,193676,3,41.6
8.288,1.2,5.552,28.8,12.624,23.2,30.92841,65.42639,-75,193676,3,41.6
8.288,1.2,5.552,30.4,12.624,24.0,30.92841,65.41113,-76,193676,3,41.6
8.288,1.2,5.552,28.8,12.624,23.2,30.91768,65.38824,-75,193676,3,41.6
8.288,1.2,5.552,29.6,12.624,23.6,30.90696,65.38824,-74,193676,3,41.6
8.288,1.2,5.544,36.4,12.624,27.2,30.90696,65.4035,-73,193676,3,42.6
8.288,1.2,5.552,29.2,12.624,23.6,30.90696,65.42639,-76,193676,3,41.6
8.28,1.2,5.552,29.6,12.624,24.4,30.90696,65.41113,-74,193676,3,41.6
8.288,1.2,5.52,53.6,12.616,35.2,30.88551,65.43402,-74,192104,3,41.6
8.288,1.2,5.544,29.6,12.624,24.0,30.87478,65.4798,-75,193676,3,41.6
8.288,1.2,5.552,28.8,12.624,23.2,30.89623,65.51031,-76,193676,3,41.6
8.28,1.2,5.552,29.6,12.624,24.0,30.89623,65.47217,-76,193624,3,41.6
8.288,1.2,5.552,29.2,12.624,23.2,30.89623,65.4798,-76,193676,3,41.6
8.288,1.2,5.552,29.6,12.624,23.6,30.90696,65.46454,-74,193676,3,41.6
8.288,1.2,5.552,32.0,12.624,24.8,30.89623,65.49506,-76,193676,3,41.6
8.288,1.2,5.552,30.0,12.624,23.6,30.89623,65.48743,-76,193676,3,42.6
8.28,1.2,5.552,30.4,12.624,24.4,30.89623,65.48743,-73,193676,3,41.6
8.288,1.2,5.552,29.6,12.624,23.2,30.88551,65.50269,-75,193676,3,41.6
8.28,1.2,5.552,29.2,12.624,23.6,30.88551,65.51031,-75,193676,3,42.6
8.288,1.2,5.552,29.2,12.624,23.2,30.89623,65.51031,-75,193676,3,41.6
8.28,1.2,5.552,29.2,12.624,23.6,30.88551,65.51031,-76,193676,3,41.6
8.288,1.2,5.552,32.4,12.624,24.0,30.87478,65.52557,-74,193676,3,41.6
8.288,1.2,5.552,29.6,12.624,23.2,30.86406,65.54846,-74,193676,3,41.6
8.288,1.2,5.552,31.6,12.624,24.4,30.86406,65.56372,-76,193676,3,41.6
8.288,1.2,5.56,29.6,12.624,23.6,30.85333,65.59424,-74,191196,3,43.6
8.288,1.2,5.552,30.4,12.624,24.0,30.86406,65.60187,-75,193676,3,41.6
8.288,1.2,5.552,28.8,12.624,23.2,30.85333,65.6095,-74,193676,3,41.6
8.288,1.2,5.552,30.0,12.624,24.0,30.85333,65.60187,-76,193624,3,41.6
8.288,1.2,5.544,32.0,12.624,24.0,30.83188,65.62476,-74,193676,3,41.6
8.288,1.2,5.552,29.2,12.624,23.2,30.84261,65.67053,-77,193676,3,41.6
8.288,1.2,5.544,31.2,12.624,23.6,30.83188,65.69342,-76,193676,3,41.6
8.288,1.2,5.552,29.2,12.624,23.2,30.82116,65.70868,-75,193676,3,41.6
8.288,1.2,5.552,30.8,12.624,23.6,30.83188,65.69342,-75,193676,3,41.6
8.288,1.2,5.552,28.8,12.624,23.2,30.83188,65.70105,-75,193676,3,41.6
8.288,1.2,5.544,30.0,12.624,24.0,30.83188,65.67816,-78,193672,3,42.6
8.28,1.2,5.552,32.4,12.624,24.8,30.84261,65.68579,-86,193672,3,41.6
8.288,1.2,5.552,29.2,12.624,23.6,30.83188,65.69342,-80,193672,3,41.6
8.288,1.2,5.552,31.6,12.624,24.4,30.84261,65.68579,-80,193672,3,41.6
8.288,1.2,5.544,28.8,12.624,23.2,30.82116,65.70868,-81,193672,3,41.6
8.288,1.2,5.552,30.8,12.624,23.6,30.82116,65.70868,-80,193672,3,41.6
8.288,1.2,5.552,29.2,12.624,23.2,30.83188,65.67816,-83,192100,3,41.6
8.288,1.2,5.544,30.0,12.624,23.2,30.83188,65.67816,-79,193672,3,41.6
8.288,1.2,5.544,32.4,12.624,24.8,30.83188,65.68579,-84,193672,3,41.6
8.288,1.2,5.552,29.6,12.624,23.2,30.82116,65.71631,-85,193672,3,41.6
8.28,1.2,5.552,31.6,12.624,24.4,30.82116,65.71631,-84,193672,3,41.6
8.288,1.2,5.552,29.6,12.624,23.6,30.84261,65.69342,-84,193672,3,41.6
8.28,1.2,5.552,30.8,12.624,24.0,30.84261,65.69342,-82,193672,3,41.6
8.28,1.2,5.552,29.2,12.624,23.2,30.83188,65.69342,-82,193672,3,41.6
8.28,1.2,5.552,30.0,12.624,23.6,30.82116,65.68579,-82,193672,3,41.6
8.28,1.2,5.544,32.4,12.624,24.8,30.83188,65.70868,-82,193672,3,41.6
8.288,1.2,5.552,29.6,12.624,23.2,30.84261,65.67816,-89,193676,3,41.6
8.28,1.2,5.552,31.2,12.624,24.4,30.84261,65.69342,-84,193676,3,41.6
8.28,1.2,5.552,29.2,12.624,23.2,30.84261,65.69342,-84,193676,3,41.6
8.28,1.2,5.544,30.4,12.624,24.0,30.84261,65.68579,-82,193676,3,41.6
8.288,1.2,5.544,29.2,12.624,23.2,30.85333,65.69342,-88,193676,3,41.6
8.288,1.2,5.552,30.0,12.624,24.0,30.84261,65.64764,-83,193628,3,41.6
8.288,1.2,5.552,32.0,12.624,24.8,30.84261,65.67053,-83,193676,3,42.6
8.288,1.2,5.552,29.6,12.624,23.6,30.84261,65.67053,-87,193676,3,41.6
8.288,1.2,5.552,32.0,12.624,24.8,30.84261,65.69342,-85,193676,3,41.6
8.296,1.2,5.52,54.8,12.616,36.0,30.84261,65.67816,-83,192104,3,41.6
8.288,1.2,5.536,40.8,12.624,28.4,30.81043,65.71631,-83,193676,3,41.6
8.288,1.2,5.552,29.2,12.624,23.2,30.82116,65.74683,-83,193676,3,41.6
8.288,1.2,5.552,30.4,12.624,23.6,30.83188,65.72394,-88,193676,3,41.6
8.288,1.2,5.544,29.2,12.624,22.8,30.84261,65.74683,-82,193676,3,41.6
8.288,1.2,5.544,30.0,12.624,23.6,30.84261,65.69342,-83,193676,3,41.6
8.288,1.2,5.552,30.4,12.624,24.4,30.85333,65.71631,-85,193676,3,41.6
8.288,1.2,5.552,29.6,12.624,23.2,30.86406,65.69342,-86,193676,3,41.6
8.288,1.2,5.552,30.4,12.624,24.0,30.86406,65.67053,-82,193676,3,41.6
8.288,1.2,5.552,29.2,12.624,23.2,30.86406,65.6629,-85,193676,3,41.6
8.288,1.2,5.552,30.4,12.624,24.0,30.83188,65.67053,-85,193624,3,41.6
8.288,1.2,5.552,29.2,12.624,23.2,30.85333,65.67053,-85,193676,3,41.6
8.288,1.2,5.552,30.0,12.624,23.6,30.85333,65.64001,-83,193676,3,41.6
8.288,1.2,5.552,31.2,12.624,24.8,30.86406,65.6629,-82,193676,3,41.6
8.288,1.2,5.552,29.6,12.624,23.6,30.86406,65.63239,-83,193676,3,41.6
8.288,1.2,5.544,29.6,12.624,24.4,30.86406,65.6095,-82,193676,3,41.6
8.288,1.2,5.544,29.6,12.624,23.6,30.87478,65.61713,-82,191148,3,42.6
8.28,1.2,5.544,29.6,12.624,24.0,30.87478,65.57898,-83,193676,3,41.6
8.288,1.2,5.552,29.2,12.624,23.2,30.88551,65.58661,-82,193676,3,41.6
8.28,1.2,5.552,29.6,12.624,23.6,30.87478,65.57135,-82,193676,3,42.6
8.28,1.2,5.544,32.0,12.624,24.8,30.87478,65.54083,-84,193676,3,41.6
8.288,1.2,5.552,29.6,12.624,23.6,30.87478,65.54846,-82,193676,3,41.6
8.288,1.2,5.552,31.6,12.624,24.4,30.88551,65.57135,-81,193676,3,41.6
8.288,1.2,5.552,29.2,12.624,23.6,30.88551,65.54083,-81,193676,3,41.6
8.288,1.2,5.544,30.4,12.624,24.0,30.90696,65.56372,-81,193676,3,41.6
8.288,1.2,5.552,28.8,12.624,23.2,30.89623,65.5332,-84,193676,3,41.6
8.288,1.2,5.552,29.2,12.624,23.6,30.88551,65.50269,-83,193676,3,42.6
8.28,1.2,5.544,32.4,12.624,23.6,30.89623,65.49506,-78,193676,3,41.6
8.288,1.2,5.552,29.2,12.624,23.6,30.88551,65.51031,-79,193676,3,41.6
8.288,1.2,5.544,31.2,12.624,24.0,30.85333,65.51794,-79,193676,3,41.6
8.288,1.2,5.552,29.2,12.624,23.2,30.86406,65.55609,-80,193676,3,41.6
8.28,1.2,5.544,30.8,12.624,23.6,30.86406,65.57898,-77,193676,3,41.6
8.288,1.2,5.536,40.0,12.624,28.4,30.84261,65.6095,-79,193676,3,42.6
8.28,1.2,5.552,30.0,12.624,24.0,30.84261,65.64764,-80,193624,3,41.6
8.288,1.2,5.552,28.8,12.624,24.8,30.83188,65.64001,-78,193676,3,41.6
8.296,1.2,5.52,54.4,12.624,35.6,30.84261,65.6629,-79,192104,3,42.6
8.288,1.2,5.552,32.4,12.624,24.0,30.85333,65.65527,-77,193676,3,41.6
8.288,1.2,5.552,29.2,12.624,23.2,30.85333,65.65527,-79,193676,3,41.6
8.288,1.2,5.552,31.6,12.624,23.6,30.83188,65.67816,-78,193676,3,41.6
8.288,1.2,5.552,28.8,12.624,23.2,30.84261,65.67816,-79,193676,3,41.6
8.288,1.2,5.544,30.4,12.624,23.6,30.82116,65.68579,-78,193676,3,41.6
8.288,1.2,5.544,28.4,12.624,23.2,30.82116,65.71631,-78,193676,3,41.6
8.288,1.2,5.552,30.0,12.624,23.6,30.82116,65.73157,-80,193676,3,41.6
8.288,1.2,5.552,28.8,12.624,25.2,30.82116,65.73157,-77,193676,3,41.6
8.288,1.2,5.544,29.6,12.624,23.6,30.81043,65.74683,-78,193676,3,41.6
8.28,1.2,5.552,31.6,12.624,24.4,30.79971,65.80786,-77,193676,3,41.6
8.288,1.2,5.552,29.2,12.624,23.2,30.78898,65.80786,-80,193676,3,41.6
8.288,1.2,5.552,30.4,12.624,23.6,30.79971,65.83838,-81,193676,3,41.6
8.288,1.2,5.552,28.8,12.624,23.2,30.78898,65.81549,-79,193676,3,41.6
8.288,1.2,5.552,30.4,12.624,23.6,30.78898,65.82312,-81,193676,3,41.6
8.28,1.2,5.544,31.6,12.624,24.4,30.77826,65.84601,-78,193676,3,41.6
8.288,1.2,5.552,29.6,12.624,23.2,30.78898,65.86127,-81,193676,3,42.6
8.288,1.2,5.544,30.8,12.624,24.0,30.78898,65.84601,-77,193676,3,41.6
8.288,1.2,5.544,29.2,12.624,23.2,30.78898,65.8689,-80,193676,3,41.6
8.28,1.2,5.552,30.8,12.624,23.6,30.78898,65.86127,-80,192104,3,41.6
8.288,1.2,5.544,29.2,12.624,23.2,30.78898,65.83075,-81,193676,3,41.6
8.288,1.2,5.552,29.6,12.624,23.6,30.79971,65.83838,-79,193676,3,41.6
8.28,1.2,5.544,32.4,12.624,24.8,30.79971,65.81549,-79,193676,3,41.6
8.288,1.2,5.552,29.6,12.624,23.2,30.79971,65.80023,-81,193676,3,41.6
8.288,1.2,5.544,31.2,12.624,24.0,30.78898,65.83075,-81,193676,3,41.6
8.288,1.2,5.552,29.2,12.624,23.2,30.77826,65.83075,-80,193676,3,41.6
8.288,1.2,5.552,30.0,12.624,24.0,30.78898,65.83075,-79,193676,3,41.6
8.288,1.2,5.552,28.8,12.624,23.2,30.78898,65.82312,-81,193676,3,41.6
8.28,1.2,5.552,30.0,12.624,23.6,30.77826,65.85364,-79,193676,3,41.6
8.288,1.2,5.544,31.2,12.624,24.8,30.75681,65.88416,-80,193676,3,41.6
8.288,1.2,5.544,29.6,12.624,23.2,30.75681,65.91467,-78,193676,3,41.6
8.288,1.2,5.552,31.2,12.624,24.4,30.74608,65.92993,-79,193676,3,41.6
8.288,1.2,5.552,29.6,12.624,23.2,30.73536,65.92993,-78,193676,3,41.6
8.28,1.2,5.552,30.8,12.624,24.0,30.75681,65.95282,-78,193676,3,41.6
8.288,1.2,5.552,29.2,12.624,23.2,30.76753,65.9223,-79,193676,3,41.6
8.28,1.2,5.552,30.0,12.624,23.6,30.75681,65.9223,-81,193676,3,42.6
8.28,1.2,5.552,30.4,12.624,24.8,30.76753,65.91467,-79,193676,3,41.6
8.28,1.2,5.552,29.6,12.624,23.2,30.76753,65.84601,-81,193676,3,41.6
8.28,1.2,5.528,43.6,12.624,30.8,30.77826,65.8689,-81,191196,3,43.6
8.288,1.2,5.552,29.6,12.624,23.2,30.78898,65.85364,-78,193672,3,41.6
8.288,1.2,5.544,29.6,12.624,24.0,30.79971,65.83838,-79,193672,3,41.6
8.288,1.2,5.552,29.2,12.624,23.2,30.78898,65.85364,-78,193672,3,41.6
8.288,1.2,5.552,30.4,12.624,24.0,30.78898,65.83075,-78,193672,3,41.6
8.288,1.2,5.56,29.2,12.624,23.2,30.76753,65.85364,-81,193672,3,41.6
8.28,1.2,5.552,30.0,12.624,23.6,30.78898,65.85364,-81,193672,3,41.6
8.288,1.2,5.552,32.0,12.624,24.8,30.77826,65.83075,-79,193672,3,41.6
8.288,1.2,5.552,29.2,12.624,23.6,30.77826,65.8689,-79,193672,3,41.6
8.28,1.2,5.552,30.4,12.624,24.0,30.75681,65.88416,-78,193672,3,41.6
8.288,1.2,5.552,29.2,12.624,23.2,30.76753,65.89941,-81,193672,3,42.6
8.288,1.2,5.552,29.6,12.624,23.6,30.76753,65.87653,-81,193672,3,41.6
8.288,1.2,5.552,29.2,12.624,23.2,30.76753,65.87653,-81,193672,3,41.6
8.288,1.2,5.552,29.2,12.624,23.6,30.76753,65.88416,-81,193672,3,41.6
8.288,1.2,5.552,32.0,12.624,24.0,30.76753,65.8689,-81,193672,3,41.6
8.288,1.2,5.552,29.2,12.624,23.6,30.77826,65.89941,-79,193672,3,41.6
8.288,1.2,5.552,31.2,12.624,24.0,30.78898,65.8689,-76,193672,3,41.6
8.288,1.2,5.552,29.2,12.624,23.2,30.78898,65.86127,-79,193672,3,41.6
8.288,1.2,5.552,30.0,12.624,24.0,30.77826,65.85364,-76,193672,3,41.6
8.288,1.2,5.544,29.6,12.624,23.6,30.76753,65.86127,-75,191184,3,42.6
8.288,1.2,5.552,29.6,12.624,23.6,30.75681,65.89941,-79,193620,3,41.6
8.288,1.2,5.552,32.8,12.624,24.0,30.75681,65.91467,-79,193672,3,41.6
8.288,1.2,5.552,28.8,12.624,23.2,30.75681,65.9223,-78,193672,3,41.6
8.288,1.2,5.552,31.6,12.624,23.6,30.73536,65.96808,-78,193672,3,41.6
8.288,1.2,5.544,28.8,12.624,23.6,30.75681,65.96045,-79,193672,3,41.6
8.288,1.2,5.544,30.8,12.624,24.0,30.74608,65.97571,-79,193672,3,41.6
8.288,1.2,5.56,29.2,12.624,23.2,30.72463,65.9986,-78,193672,3,41.6
8.288,1.2,5.552,30.0,12.624,24.0,30.72463,66.01385,-79,193672,3,41.6
8.288,1.2,5.552,29.2,12.624,23.2,30.73536,66.00623,-76,193672,3,41.6
8.288,1.2,5.552,30.0,12.624,23.6,30.73536,66.02148,-79,193672,3,42.6
8.288,1.2,5.552,32.4,12.624,24.4,30.73536,66.00623,-76,193672,3,41.6
8.288,1.2,5.552,29.2,12.624,23.6,30.74608,65.9986,-78,193672,3,41.6
8.28,1.2,5.552,31.6,12.624,23.6,30.73536,66.02148,-77,193672,3,41.6
8.288,1.2,5.552,28.8,12.624,23.2,30.74608,66.02148,-77,193672,3,41.6
8.288,1.2,5.552,30.8,12.624,23.2,30.73536,66.01385,-76,193672,3,41.6
8.288,1.2,5.56,29.2,12.624,23.2,30.74608,65.9986,-76,193672,3,41.6
8.288,1.2,5.552,30.4,12.624,23.6,30.75681,65.96808,-76,193672,3,41.6
8.288,1.2,5.56,28.8,12.624,23.2,30.75681,65.93756,-76,193672,3,41.6
8.288,1.2,5.552,30.0,12.624,23.6,30.75681,65.96808,-76,192100,3,41.6
8.288,1.2,5.544,31.6,12.624,24.8,30.74608,65.94519,-77,193676,3,41.6
8.288,1.2,5.552,29.6,12.624,23.2,30.74608,65.96808,-76,193676,3,41.6
8.28,1.2,5.552,30.8,12.624,24.0,30.73536,65.94519,-78,193676,3,41.6
8.288,1.2,5.552,28.8,12.624,23.2,30.74608,65.95282,-76,193676,3,41.6
8.28,1.2,5.552,30.4,12.624,23.2,30.73536,65.96808,-77,193624,3,41.6
8.288,1.2,5.552,28.8,12.624,23.2,30.73536,65.95282,-79,193676,3,41.6
8.28,1.2,5.552,29.6,12.624,23.2,30.73536,65.97571,-79,193676,3,42.6
8.28,1.2,5.552,31.6,12.624,24.4,30.71391,65.97571,-79,193676,3,41.6
8.288,1.2,5.552,29.2,12.624,23.2,30.71391,65.9986,-79,193676,3,41.6
8.288,1.2,5.544,31.2,12.624,24.0,30.72463,66.02148,-79,193676,3,41.6
8.288,1.2,5.56,29.2,12.624,23.2,30.71391,66.03674,-78,193676,3,41.6
8.288,1.2,5.552,30.4,12.624,23.6,30.71391,66.04437,-79,193676,3,41.6
8.288,1.2,5.552,28.8,12.624,23.2,30.70318,66.07489,-78,193676,3,41.6
8.288,1.2,5.544,29.6,12.624,23.6,30.70318,66.06726,-78,193676,3,41.6
8.288,1.2,5.544,32.0,12.624,24.8,30.72463,66.06726,-79,193676,3,41.6
8.288,1.2,5.552,29.6,12.624,23.2,30.71391,66.052,-76,193676,3,41.6
8.288,1.2,5.544,31.6,12.624,24.4,30.71391,66.09015,-78,193676,3,41.6
8.288,1.2,5.552,29.2,12.624,23.2,30.70318,66.09778,-77,193676,3,41.6
8.288,1.2,5.512,55.2,12.624,35.2,30.70318,66.08252,-75,191196,3,42.6
8.288,1.2,5.552,29.2,12.624,23.2,30.68173,66.12067,-76,193676,3,41.6
8.288,1.2,5.552,30.0,12.624,23.6,30.69246,66.14355,-78,193624,3,41.6
8.288,1.2,5.552,29.2,12.624,23.2,30.70318,66.1283,-78,193676,3,41.6
8.288,1.2,5.552,29.6,12.624,23.6,30.68173,66.1283,-78,193676,3,41.6
8.28,1.2,5.552,31.2,12.624,24.4,30.69246,66.13593,-76,193676,3,41.6
8.288,1.2,5.544,29.2,12.624,23.6,30.67101,66.17407,-75,193676,3,41.6
8.288,1.2,5.544,30.8,12.624,24.0,30.68173,66.14355,-78,193676,3,41.6
8.288,1.2,5.552,29.2,12.624,22.8,30.68173,66.14355,-76,193676,3,41.6
8.288,1.2,5.552,30.0,12.624,24.0,30.69246,66.16644,-78,193624,3,41.6
8.288,1.2,5.552,29.2,12.624,23.2,30.68173,66.14355,-78,193676,3,41.6
8.288,1.2,5.552,30.0,12.624,23.6,30.68173,66.17407,-78,193676,3,41.6
8.288,1.2,5.552,30.0,12.624,24.4,30.70318,66.15118,-79,193676,3,41.6
8.288,1.2,5.552,29.6,12.624,23.2,30.68173,66.1817,-78,193676,3,41.6
8.28,1.2,5.552,30.8,12.624,24.0,30.68173,66.15118,-79,193676,3,41.6
8.288,1.2,5.552,29.6,12.624,23.2,30.68173,66.15118,-79,193676,3,41.6
8.288,1.2,5.552,30.8,12.624,24.4,30.67101,66.18933,-79,193676,3,41.6
8.28,1.2,5.56,29.2,12.624,23.2,30.68173,66.21222,-79,193676,3,41.6
8.288,1.2,5.552,30.4,12.624,24.0,30.68173,66.18933,-78,193676,3,41.6
8.296,1.2,5.52,51.2,12.624,34.8,30.67101,66.20459,-78,192104,3,41.6
8.288,1.2,5.552,30.0,12.624,23.6,30.67101,66.21985,-78,193676,3,41.6
8.288,1.2,5.552,29.6,12.624,24.0,30.66028,66.20459,-75,193676,3,41.6
8.288,1.2,5.56,29.2,12.624,23.6,30.67101,66.21985,-75,193676,3,41.6
8.288,1.2,5.552,30.0,12.624,24.4,30.67101,66.24274,-75,193676,3,41.6
8.288,1.2,5.552,29.2,12.624,23.2,30.66028,66.25037,-75,193676,3,41.6
8.28,1.2,5.552,30.0,12.624,23.6,30.66028,66.23511,-76,193624,3,41.6
8.288,1.2,5.544,28.8,12.624,23.2,30.66028,66.24274,-79,193676,3,41.6
8.288,1.2,5.552,30.0,12.624,23.2,30.67101,66.19696,-78,193676,3,41.6
8.28,1.2,5.552,31.6,12.624,24.4,30.64956,66.23511,-79,193676,3,41.6
8.288,1.2,5.552,29.6,12.624,23.2,30.67101,66.22748,-78,193676,3,41.6
8.28,1.2,5.552,30.0,12.624,24.0,30.64956,66.25037,-77,193676,3,41.6
8.288,1.2,5.544,29.2,12.624,23.6,30.64956,66.24274,-78,193676,3,41.6
8.288,1.2,5.552,29.6,12.624,23.6,30.63883,66.26563,-78,193676,3,42.6
8.288,1.2,5.552,32.4,12.624,23.6,30.64956,66.26563,-76,193676,3,41.6
8.288,1.2,5.544,29.2,12.624,23.2,30.64956,66.258,-77,193676,3,41.6
8.28,1.2,5.544,34.0,12.624,24.8,30.63883,66.26563,-79,193676,3,42.6
8.288,1.2,5.552,29.2,12.624,23.2,30.63883,66.28851,-78,193676,3,41.6
8.288,1.2,5.544,30.8,12.624,24.0,30.63883,66.27325,-78,193676,3,41.6
8.296,1.2,5.512,58.4,12.624,36.4,30.63883,66.27325,-78,192104,3,41.6
8.28,1.2,5.552,30.0,12.624,23.6,30.66028,66.30377,-78,193676,3,41.6
8.288,1.2,5.552,28.8,12.624,24.8,30.63883,66.27325,-80,193676,3,41.6
8.288,1.2,5.552,29.2,12.624,23.6,30.64956,66.24274,-79,193676,3,41.6
8.28,1.2,5.552,32.0,12.624,24.0,30.63883,66.22748,-79,193676,3,41.6
8.288,1.2,5.552,28.8,12.624,23.2,30.64956,66.21985,-77,193676,3,41.6
8.28,1.2,5.544,30.8,12.624,23.2,30.63883,66.22748,-78,193676,3,41.6
8.288,1.2,5.552,28.4,12.624,23.2,30.66028,66.21985,-78,193676,3,41.6
8.288,1.2,5.552,30.4,12.624,23.2,30.63883,66.24274,-79,193676,3,41.6
8.288,1.2,5.552,28.8,12.624,23.2,30.64956,66.22748,-85,193676,3,41.6
8.288,1.2,5.552,29.6,12.624,23.6,30.66028,66.24274,-83,193676,3,41.6
8.288,1.2,5.552,31.6,12.624,24.4,30.64956,66.25037,-82,193676,3,41.6
8.28,1.2,5.56,29.6,12.624,23.6,30.66028,66.24274,-83,193676,3,41.6
8.288,1.2,5.552,30.4,12.624,24.0,30.67101,66.22748,-83,193676,3,41.6
8.288,1.2,5.552,28.8,12.624,23.6,30.64956,66.25037,-83,193676,3,41.6
8.288,1.2,5.552,30.4,12.624,23.2,30.67101,66.21985,-83,193676,3,41.6
8.288,1.2,5.544,38.4,12.624,27.6,30.69246,66.22748,-82,193668,3,41.6
8.28,1.2,5.552,30.0,12.624,23.2,30.68173,66.1817,-83,193676,3,41.6
8.28,1.2,5.544,32.0,12.624,24.4,30.69246,66.16644,-82,193676,3,41.6
8.288,1.2,5.512,54.0,12.624,34.8,30.70318,66.14355,-82,192104,3,42.6
8.288,1.2,5.544,31.2,12.624,24.4,30.70318,66.12067,-83,193676,3,41.6
8.288,1.2,5.552,29.2,12.624,23.2,30.70318,66.1283,-83,193676,3,41.6
8.288,1.2,5.552,30.4,12.624,23.6,30.69246,66.14355,-83,193676,3,41.6
8.288,1.2,5.552,28.8,12.624,23.2,30.70318,66.09015,-82,193676,3,41.6
8.288,1.2,5.552,30.0,12.624,23.6,30.72463,66.08252,-83,193676,3,41.6
8.288,1.2,5.544,29.2,12.624,24.8,30.71391,66.06726,-83,193676,3,41.6
8.288,1.2,5.544,29.6,12.624,23.2,30.71391,66.06726,-83,193676,3,41.6
8.288,1.2,5.552,31.6,12.624,24.4,30.72463,66.052,-82,193676,3,41.6
8.28,1.2,5.552,29.6,12.624,23.2,30.72463,66.02911,-81,193676,3,41.6
8.288,1.2,5.552,30.8,12.624,24.4,30.73536,66.02148,-82,193676,3,41.6
8.288,1.2,5.552,28.8,12.624,23.2,30.72463,65.98334,-84,193676,3,41.6
8.288,1.2,5.544,30.0,12.624,24.0,30.74608,65.97571,-83,193676,3,41.6
8.288,1.2,5.552,28.8,12.624,23.2,30.73536,65.96045,-83,193676,3,41.6
8.28,1.2,5.552,30.0,12.624,23.6,30.75681,65.94519,-83,193676,3,41.6
8.28,1.2,5.552,32.0,12.624,24.4,30.75681,65.92993,-83,193676,3,41.6
8.28,1.2,5.552,29.6,12.624,23.6,30.74608,65.92993,-83,191196,3,43.6
8.288,1.2,5.544,30.8,12.624,24.4,30.74608,65.95282,-83,193676,3,41.6
8.288,1.2,5.552,28.8,12.624,23.2,30.75681,65.94519,-82,193676,3,41.6
8.28,1.2,5.544,30.8,12.624,24.0,30.75681,65.91467,-82,193676,3,41.6
8.288,1.2,5.552,29.2,12.624,23.2,30.75681,65.9223,-79,193676,3,41.6
8.288,1.2,5.544,30.0,12.624,23.6,30.74608,65.90704,-79,193676,3,41.6
8.288,1.2,5.552,30.8,12.624,24.4,30.76753,65.90704,-70,193676,3,41.6
8.288,1.2,5.552,29.2,12.624,23.2,30.77826,65.91467,-70,193676,3,41.6
8.28,1.2,5.552,30.8,12.624,24.4,30.77826,65.83075,-71,193676,3,41.6
8.288,1.2,5.544,29.2,12.624,23.2,30.76753,65.86127,-84,193676,3,41.6
8.28,1.2,5.552,30.4,12.624,24.0,30.77826,65.84601,-65,193676,3,41.6
8.288,1.2,5.552,29.2,12.624,23.2,30.76753,65.83075,-77,193676,3,41.6
8.288,1.2,5.552,30.0,12.624,23.2,30.77826,65.81549,-83,193676,3,41.6
8.288,1.2,5.544,30.4,12.624,24.4,30.76753,65.83838,-81,193676,3,41.6
8.288,1.2,5.552,29.6,12.624,23.6,30.76753,65.83075,-73,193676,3,42.6
8.288,1.2,5.544,30.0,12.624,24.4,30.76753,65.83838,-76,193676,3,43.6
8.288,1.2,5.552,34.4,12.624,26.0,30.75681,65.8689,-70,193676,3,43.6
8.288,1.2,5.544,32.8,12.624,25.2,30.75681,65.83838,-76,193676,3,43.6
8.288,1.2,5.544,36.4,12.624,26.0,30.75681,65.88416,-73,193676,3,43.6
8.288,1.2,5.496,74.4,12.616,43.6,30.73536,65.89941,-77,192104,3,44.6
8.264,1.2,5.488,77.99999,12.616,48.4,30.72463,65.96808,-72,193676,3,44.6
8.288,1.2,5.56,30.0,12.624,23.6,30.71391,65.9986,-80,193676,3,43.6
8.288,1.2,5.544,31.2,12.624,24.4,30.72463,66.02911,-77,193676,3,42.6
8.288,1.2,5.552,29.6,12.624,23.6,30.70318,66.01385,-77,193676,3,42.6
8.28,1.2,5.544,29.6,12.624,24.0,30.70318,66.05963,-73,193676,3,42.6
8.288,1.2,5.552,29.2,12.624,23.2,30.70318,66.07489,-78,193676,3,42.6
8.28,1.2,5.552,28.8,12.624,23.6,30.70318,66.08252,-79,193676,3,42.6
8.28,1.2,5.552,32.4,12.624,24.0,30.69246,66.11304,-84,193676,3,42.6
8.288,1.2,5.552,29.2,12.624,23.2,30.69246,66.08252,-78,193676,3,42.6
8.28,1.2,5.552,31.6,12.624,24.4,30.69246,66.11304,-75,193676,3,42.6
8.288,1.2,5.552,29.6,12.624,23.2,30.68173,66.12067,-75,193676,3,42.6
8.28,1.2,5.544,31.2,12.624,24.4,30.68173,66.15881,-81,193676,3,41.6
8.288,1.2,5.536,47.2,12.624,31.6,30.68173,66.17407,-86,193676,3,42.6
8.28,1.2,5.552,30.4,12.624,24.0,30.68173,66.21222,-79,193676,3,42.6
8.28,1.2,5.544,32.8,12.624,24.0,30.66028,66.23511,-70,193676,3,41.6
8.288,1.2,5.512,57.2,12.624,35.2,30.67101,66.22748,-72,192104,3,42.6
8.288,1.2,5.544,31.6,12.624,23.2,30.66028,66.258,-67,193676,3,41.6
8.288,1.2,5.552,28.8,12.624,23.2,30.66028,66.25037,-74,193676,3,41.6
8.28,1.2,5.544,30.8,12.624,23.6,30.66028,66.24274,-74,193676,3,41.6
8.288,1.2,5.544,28.4,12.624,23.2,30.63883,66.26563,-72,193676,3,42.6
8.28,1.2,5.544,30.4,12.624,23.6,30.64956,66.27325,-74,193676,3,41.6
8.288,1.2,5.56,28.8,12.624,25.2,30.63883,66.258,-74,193676,3,41.6
8.28,1.2,5.544,29.6,12.624,23.6,30.64956,66.28088,-78,193676,3,42.6
8.28,1.2,5.544,31.6,12.624,24.4,30.64956,66.26563,-73,193676,3,41.6
8.28,1.2,5.552,29.6,12.624,23.2,30.64956,66.3114,-74,193676,3,41.6
8.288,1.2,5.552,31.2,12.624,23.6,30.67101,66.28088,-78,193676,3,41.6
8.288,1.2,5.552,29.2,12.624,23.2,30.66028,66.29614,-70,193676,3,41.6
8.28,1.2,5.544,30.4,12.624,23.2,30.66028,66.23511,-79,193676,3,41.6
8.288,1.2,5.56,28.8,12.624,23.2,30.66028,66.24274,-72,193676,3,42.6
8.288,1.2,5.56,30.0,12.624,23.2,30.66028,66.25037,-74,193676,3,41.6
8.288,1.2,5.552,32.0,12.624,24.4,30.68173,66.21985,-73,193676,3,41.6
8.288,1.2,5.528,48.0,12.624,32.4,30.67101,66.22748,-72,193676,3,42.6
8.288,1.2,5.552,31.2,12.624,24.0,30.68173,66.22748,-72,193676,3,41.6
8.28,1.2,5.552,29.2,12.632,23.2,30.67101,66.23511,-75,193676,3,41.6
8.296,1.2,5.512,65.2,12.616,38.0,30.66028,66.20459,-78,192056,3,42.6
8.288,1.2,5.552,29.2,12.624,23.2,30.67101,66.22748,-72,193676,3,43.6
8.288,1.2,5.552,29.6,12.624,23.2,30.68173,66.20459,-77,193676,3,43.6
8.288,1.2,5.544,30.8,12.624,24.0,30.69246,66.19696,-73,193676,3,43.6
8.288,1.2,5.552,29.2,12.624,23.2,30.69246,66.17407,-80,193676,3,43.6
8.288,1.2,5.552,30.4,12.624,24.0,30.71391,66.10541,-79,193676,3,43.6
8.288,1.2,5.544,29.2,12.624,23.2,30.71391,66.09015,-81,193676,3,43.6
8.288,1.2,5.552,30.0,12.624,24.0,30.70318,66.09778,-79,193676,3,44.6
8.288,1.2,5.552,33.6,12.624,25.6,30.70318,66.10541,-76,193676,3,43.6
8.288,1.2,5.552,32.0,12.624,24.4,30.72463,66.10541,-74,193676,3,44.6
8.288,1.2,5.544,37.2,12.624,27.2,30.72463,66.05963,-81,193676,3,44.6
8.288,1.2,5.536,42.8,12.624,29.6,30.72463,66.02148,-73,193676,3,44.6
8.28,1.2,5.512,62.0,12.616,38.0,30.72463,66.02148,-74,193676,3,44.6
8.28,1.2,5.496,77.2,12.616,46.0,30.74608,66.00623,-71,193676,3,45.6
8.288,1.2,5.512,57.2,12.624,37.2,30.72463,66.00623,-74,193624,3,46.6
8.288,1.2,5.552,29.6,12.624,23.2,30.74608,65.98334,-73,193624,3,45.6
8.288,1.2,5.552,30.8,12.624,24.4,30.73536,65.97571,-73,193676,3,44.6
8.288,1.2,5.544,31.2,12.624,24.0,30.73536,65.96045,-74,193676,3,44.6
8.288,1.2,5.544,34.8,12.624,26.0,30.73536,65.99097,-78,193676,3,44.6
8.272,1.2,5.528,56.8,12.616,36.8,30.71391,65.98334,-75,193668,3,45.6
8.28,1.2,5.52,54.0,12.624,34.4,30.71391,66.02911,-75,193676,3,44.6
8.296,1.2,5.52,54.8,12.624,35.6,30.71391,66.05963,-76,193676,3,44.6
8.288,1.2,5.52,54.8,12.616,35.6,30.70318,66.03674,-83,192056,3,45.6
8.288,1.2,5.544,31.2,12.624,24.4,30.69246,66.06726,-73,193676,3,43.6
8.288,1.2,5.544,31.6,12.624,24.0,30.67101,66.13593,-74,193676,3,44.6
8.288,1.2,5.536,36.0,12.624,26.4,30.67101,66.20459,-73,193676,3,44.6
8.272,1.2,5.536,42.8,12.624,31.6,30.64956,66.21222,-75,193672,3,44.6
8.264,1.2,5.512,59.6,12.624,36.8,30.64956,66.27325,-73,193672,3,44.6
8.288,1.2,5.536,48.0,12.624,32.4,30.66028,66.28088,-75,193672,3,44.6
8.288,1.2,5.552,30.0,12.624,23.2,30.64956,66.26563,-71,193620,3,45.6
8.288,1.2,5.552,32.0,12.624,24.4,30.66028,66.26563,-70,193672,3,43.6
8.288,1.2,5.552,32.0,12.624,24.4,30.68173,66.22748,-68,193672,3,43.6
8.28,1.2,5.544,36.4,12.624,26.4,30.69246,66.19696,-75,193620,3,43.6
8.28,1.2,5.536,44.8,12.624,30.4,30.69246,66.16644,-80,193672,3,44.6
8.28,1.2,5.504,68.0,12.616,40.8,30.67101,66.19696,-80,193672,3,44.6
8.288,1.2,5.544,37.6,12.624,28.4,30.68173,66.20459,-81,193672,3,45.6
8.288,1.2,5.544,30.0,12.624,23.6,30.66028,66.20459,-80,193620,3,45.6
8.288,1.2,5.552,30.8,12.624,24.8,30.67101,66.20459,-83,193672,3,43.6
8.288,1.2,5.552,32.4,12.624,24.8,30.66028,66.22748,-81,193672,3,44.6
8.288,1.2,5.544,36.8,12.624,27.6,30.68173,66.22748,-84,193672,3,44.6
8.296,1.2,5.536,45.6,12.624,31.2,30.64956,66.25037,-83,193672,3,44.6
8.28,1.2,5.504,64.0,12.616,40.8,30.64956,66.25037,-82,193620,3,44.6
8.288,1.2,5.552,28.8,12.624,23.2,30.64956,66.27325,-81,193672,3,45.6
8.288,1.2,5.552,29.6,12.624,23.6,30.64956,66.24274,-80,193620,3,44.6
8.296,1.2,5.52,58.4,12.616,36.4,30.66028,66.22748,-80,193672,3,44.6
8.288,1.2,5.56,29.2,12.624,23.6,30.67101,66.23511,-76,193672,3,43.6
8.288,1.2,5.544,30.0,12.624,24.0,30.68173,66.19696,-81,193672,3,43.6
8.296,1.2,5.52,54.0,12.624,35.2,30.68173,66.16644,-79,192100,3,44.6
8.288,1.2,5.552,29.6,12.624,23.6,30.67101,66.15118,-78,193672,3,44.6
8.288,1.2,5.552,29.2,12.624,23.2,30.69246,66.14355,-77,193672,3,44.6
8.288,1.2,5.552,29.2,12.624,23.6,30.68173,66.1283,-79,193672,3,44.6
8.288,1.2,5.552,32.8,12.624,24.8,30.69246,66.12067,-80,193672,3,43.6
8.288,1.2,5.552,29.6,12.624,23.6,30.68173,66.11304,-80,193672,3,44.6
8.288,1.2,5.552,31.2,12.624,24.4,30.68173,66.10541,-77,193672,3,44.6
8.288,1.2,5.56,29.6,12.624,23.6,30.69246,66.11304,-79,193676,3,44.6
8.288,1.2,5.552,30.8,12.624,24.4,30.69246,66.12067,-78,193676,3,43.6
8.288,1.2,5.552,29.2,12.624,23.6,30.68173,66.12067,-80,193676,3,44.6
8.288,1.2,5.552,30.0,12.624,24.0,30.69246,66.13593,-81,193624,3,44.6
8.288,1.2,5.552,29.2,12.624,23.2,30.68173,66.15118,-81,193676,3,44.6
8.288,1.2,5.552,29.2,12.624,23.6,30.68173,66.13593,-81,193624,3,45.6
8.288,1.2,5.552,32.0,12.624,24.0,30.68173,66.13593,-82,193676,3,44.6
8.288,1.2,5.552,29.6,12.624,23.6,30.68173,66.13593,-81,193624,3,45.6
8.288,1.2,5.552,30.8,12.624,24.0,30.68173,66.15881,-81,193676,3,44.6
8.288,1.2,5.552,29.6,12.624,23.2,30.68173,66.13593,-80,193676,3,44.6
8.288,1.2,5.552,30.8,12.624,24.0,30.68173,66.11304,-81,193676,3,44.6
8.288,1.2,5.552,29.6,12.624,23.6,30.68173,66.14355,-80,193484,3,48.6
8.28,1.2,5.544,37.2,12.624,27.6,30.68173,66.12067,-81,193676,3,45.6
8.288,1.2,5.536,44.8,12.624,31.6,30.69246,66.12067,-82,193676,3,45.6
8.288,1.2,5.536,42.4,12.624,30.0,30.69246,66.12067,-81,193676,3,45.6
8.28,1.2,5.512,62.4,12.616,39.6,30.70318,66.09778,-79,193676,3,45.6
8.28,1.2,5.488,77.2,12.616,46.4,30.69246,66.05963,-80,193676,3,46.6
8.28,1.2,5.512,59.2,12.616,37.6,30.70318,66.02911,-81,193624,3,46.6
8.288,1.2,5.544,40.4,12.624,28.4,30.70318,66.03674,-80,193624,3,46.6
8.288,1.2,5.552,30.8,12.624,24.0,30.71391,66.052,-79,193624,3,44.6
8.288,1.2,5.552,30.8,12.624,26.0,30.71391,66.052,-79,193676,3,44.6
8.288,1.2,5.504,64.4,12.616,39.6,30.70318,66.08252,-80,192104,3,45.6
8.288,1.2,5.536,42.4,12.624,29.2,30.69246,66.05963,-77,193676,3,44.6
8.288,1.2,5.496,75.2,12.616,45.6,30.70318,66.05963,-78,193676,3,45.6
8.288,1.2,5.52,55.2,12.624,34.8,30.70318,66.04437,-79,193676,3,45.6
8.288,1.2,5.552,28.8,12.624,23.6,30.70318,66.06726,-80,193624,3,45.6
8.288,1.2,5.552,30.8,12.624,23.6,30.68173,66.08252,-79,193624,3,43.6
8.288,1.2,5.552,32.8,12.624,25.2,30.69246,66.09778,-78,193676,3,43.6
8.288,1.2,5.552,34.8,12.624,25.2,30.69246,66.07489,-80,193676,3,44.6
8.288,1.2,5.536,43.6,12.624,29.6,30.68173,66.08252,-79,193676,3,44.6
8.288,1.2,5.52,58.0,12.624,36.8,30.67101,66.09015,-78,193676,3,44.6
8.296,1.2,5.52,53.2,12.624,35.2,30.67101,66.12067,-80,193676,3,45.6
8.288,1.2,5.552,29.6,12.624,23.6,30.68173,66.12067,-77,193624,3,45.6
8.288,1.2,5.552,31.2,12.624,24.0,30.68173,66.12067,-78,193676,3,43.6
8.288,1.2,5.552,30.8,12.624,24.4,30.67101,66.1283,-77,193676,3,44.6
8.28,1.2,5.544,35.2,12.624,25.6,30.68173,66.13593,-75,193676,3,44.6
8.28,1.2,5.528,46.8,12.624,31.6,30.68173,66.1283,-77,193676,3,44.6
8.264,1.2,5.512,61.6,12.616,38.8,30.68173,66.1283,-76,193676,3,45.6
8.288,1.2,5.528,48.0,12.624,32.4,30.69246,66.12067,-77,193676,3,45.6
8.288,1.2,5.552,29.6,12.632,23.6,30.70318,66.09778,-80,193624,3,45.6
8.288,1.2,5.552,30.8,12.624,24.0,30.68173,66.10541,-81,193676,3,44.6
8.288,1.2,5.552,29.2,12.632,23.6,30.69246,66.07489,-77,193676,3,43.6
8.288,1.2,5.528,52.4,12.624,34.0,30.69246,66.07489,-77,193676,3,44.6
8.288,1.2,5.544,36.8,12.624,28.8,30.69246,66.03674,-75,193676,3,45.6
8.288,1.2,5.56,29.6,12.624,23.2,30.70318,66.02911,-75,193676,3,44.6
8.288,1.2,5.544,31.6,12.624,24.4,30.70318,66.03674,-75,193676,3,44.6
8.272,1.2,5.512,73.2,12.608,43.2,30.70318,66.02911,-75,192104,3,47.6
8.288,1.2,5.552,30.8,12.624,24.4,30.69246,66.01385,-75,193676,3,44.6
8.288,1.2,5.552,29.2,12.632,23.2,30.70318,66.04437,-75,193676,3,44.6
8.288,1.2,5.544,30.4,12.632,24.0,30.69246,66.04437,-75,193676,3,44.6
8.28,1.2,5.552,28.8,12.632,23.2,30.69246,66.02911,-76,193676,3,44.6
8.288,1.2,5.552,30.0,12.632,23.6,30.70318,66.06726,-78,193676,3,44.6
8.28,1.2,5.552,32.4,12.624,24.8,30.69246,66.04437,-76,193676,3,44.6
8.288,1.2,5.552,29.6,12.632,23.2,30.69246,66.03674,-76,192104,3,44.6
8.288,1.2,5.552,31.6,12.624,24.4,30.69246,66.02148,-76,193676,3,44.6
8.288,1.2,5.544,29.6,12.632,23.6,30.69246,66.052,-74,193676,3,44.6
8.28,1.2,5.552,30.8,12.632,24.0,30.67101,66.08252,-74,193816,3,44.6
8.288,1.2,5.552,29.6,12.632,23.2,30.68173,66.1283,-82,193676,3,44.6
8.288,1.2,5.552,30.0,12.632,24.0,30.67101,66.13593,-80,193676,3,45.6
8.288,1.2,5.552,32.4,12.624,25.2,30.68173,66.15118,-83,193676,3,44.6
8.288,1.2,5.552,30.4,12.632,24.0,30.66028,66.13593,-88,193676,3,44.6
8.288,1.2,5.552,32.4,12.624,24.8,30.67101,66.15881,-82,193676,3,45.6
8.288,1.2,5.552,30.8,12.632,24.0,30.67101,66.14355,-82,193676,3,44.6
8.28,1.2,5.552,33.6,12.624,25.2,30.68173,66.13593,-82,193676,3,45.6
8.288,1.2,5.544,36.8,12.624,26.8,30.67101,66.13593,-82,193676,3,45.6
8.288,1.2,5.528,51.6,12.624,33.2,30.64956,66.1283,-78,193624,3,44.6
8.28,1.2,5.48,82.0,12.616,48.4,30.67101,66.1817,-81,193672,3,45.6
8.264,1.2,5.496,71.6,12.616,44.0,30.66028,66.17407,-78,193676,3,46.6
8.28,1.2,5.536,45.6,12.624,30.8,30.64956,66.15881,-83,193624,3,46.6
8.288,1.2,5.52,56.4,12.624,35.2,30.64956,66.18933,-80,192040,3,45.6
8.28,1.2,5.552,32.4,12.624,24.4,30.64956,66.18933,-87,193672,3,44.6
8.288,1.2,5.544,32.0,12.624,24.8,30.66028,66.20459,-83,193816,3,45.6
8.288,1.2,5.544,36.8,12.624,27.2,30.66028,66.19696,-80,193676,3,45.6
8.288,1.2,5.528,44.4,12.624,31.2,30.67101,66.20459,-82,193656,3,45.6
8.28,1.2,5.504,65.6,12.616,41.2,30.66028,66.16644,-79,193676,3,45.6
8.288,1.2,5.544,34.4,12.624,26.4,30.66028,66.17407,-79,193676,3,45.6
8.288,1.2,5.552,30.4,12.632,24.0,30.66028,66.16644,-79,193628,3,46.6
8.28,1.2,5.552,31.6,12.624,24.8,30.68173,66.14355,-80,193676,3,44.6
8.288,1.2,5.552,32.4,12.632,24.8,30.67101,66.13593,-78,193676,3,44.6
8.28,1.2,5.544,37.2,12.624,27.2,30.67101,66.08252,-82,193676,3,45.6
8.288,1.2,5.528,46.8,12.624,31.2,30.68173,66.12067,-82,193676,3,44.6
8.272,1.2,5.512,62.4,12.616,40.0,30.68173,66.06726,-80,193628,3,44.6
8.288,1.2,5.544,32.8,12.624,25.2,30.68173,66.05963,-82,193672,3,46.6
8.288,1.2,5.552,30.4,12.632,24.0,30.67101,66.09015,-82,193624,3,45.6
8.288,1.2,5.544,32.4,12.624,25.2,30.69246,66.05963,-76,193672,3,44.6
8.288,1.2,5.552,33.2,12.624,25.2,30.69246,66.00623,-80,193672,3,44.6
8.288,1.2,5.536,37.2,12.624,28.0,30.69246,65.99097,-81,193672,3,44.6
8.264,1.2,5.528,49.6,12.624,33.2,30.68173,66.02148,-82,193672,3,44.6
8.28,1.2,5.504,64.4,12.616,40.0,30.68173,66.052,-81,193624,3,44.6
8.288,1.2,5.552,29.6,12.632,23.2,30.68173,66.03674,-82,193672,3,46.6
8.288,1.2,5.552,30.4,12.632,23.6,30.68173,66.06726,-79,193624,3,44.6
8.288,1.2,5.544,39.2,12.624,27.6,30.67101,66.04437,-82,191144,3,45.6
8.288,1.2,5.544,33.6,12.632,25.2,30.67101,66.05963,-81,193672,3,44.6
8.288,1.2,5.536,39.6,12.624,28.4,30.68173,66.02911,-85,193672,3,44.6
8.288,1.2,5.528,50.8,12.624,32.8,30.69246,66.04437,-80,193672,3,44.6
8.28,1.2,5.504,63.59999,12.624,40.0,30.69246,66.05963,-83,193672,3,44.6
8.288,1.2,5.552,28.8,12.632,23.2,30.68173,66.04437,-87,193624,3,45.6
8.288,1.2,5.552,29.2,12.632,23.6,30.67101,66.052,-78,193624,3,44.6
8.288,1.2,5.544,32.0,12.632,24.0,30.67101,66.03674,-82,193676,3,44.6
8.288,1.2,5.544,29.2,12.632,23.6,30.68173,66.02148,-82,193676,3,44.6
8.288,1.2,5.544,31.6,12.632,24.4,30.69246,66.01385,-81,193676,3,43.6
8.288,1.2,5.552,29.2,12.632,23.2,30.68173,66.00623,-79,193672,3,44.6
8.288,1.2,5.552,30.0,12.632,24.0,30.69246,65.99097,-79,193672,3,43.6
8.288,1.2,5.552,28.8,12.632,23.2,30.68173,66.00623,-79,193672,3,44.6
8.288,1.2,5.552,29.2,12.632,23.6,30.70318,65.95282,-77,193672,3,44.6
8.288,1.2,5.552,32.0,12.624,23.6,30.70318,65.96045,-78,193672,3,43.6
8.288,1.2,5.552,29.2,12.632,23.6,30.69246,65.95282,-83,193672,3,43.6
8.288,1.2,5.544,30.8,12.632,23.2,30.70318,65.94519,-79,193672,3,44.6
8.288,1.2,5.552,28.8,12.632,23.2,30.69246,65.94519,-83,193672,3,44.6
8.288,1.2,5.552,30.0,12.632,23.6,30.69246,65.99097,-82,193672,3,44.6
8.288,1.2,5.552,28.8,12.632,23.2,30.68173,66.00623,-83,193676,3,44.6
8.288,1.2,5.552,29.6,12.632,23.6,30.67101,66.052,-78,193676,3,44.6
8.288,1.2,5.552,32.0,12.632,24.4,30.66028,66.07489,-83,193676,3,43.6
8.288,1.2,5.552,31.6,12.632,24.4,30.67101,66.11304,-78,193684,3,45.6
8.288,1.2,5.552,30.8,12.632,23.6,30.66028,66.09015,-86,193816,3,45.6
8.288,1.2,5.56,28.8,12.632,23.6,30.66028,66.09015,-86,193676,3,44.6
8.272,1.2,5.528,60.4,12.616,36.8,30.67101,66.10541,-83,193676,3,46.6
8.288,1.2,5.552,29.2,12.632,23.2,30.67101,66.05963,-90,193676,3,44.6
8.288,1.2,5.552,30.4,12.632,23.2,30.67101,66.07489,-84,193676,3,44.6
8.296,1.2,5.512,56.0,12.624,35.2,30.64956,66.05963,-86,192104,3,45.6
8.288,1.2,5.552,31.6,12.632,24.4,30.64956,66.06726,-91,193672,3,45.6
8.288,1.2,5.544,36.4,12.624,26.4,30.63883,66.1283,-84,193672,3,44.6
8.288,1.2,5.536,40.8,12.624,29.2,30.64956,66.11304,-82,193672,3,45.6
8.296,1.2,5.52,57.6,12.624,36.0,30.66028,66.10541,-87,193672,3,45.6
8.264,1.2,5.488,78.8,12.616,46.8,30.64956,66.12067,-84,193672,3,45.6
8.28,1.2,5.504,65.6,12.616,40.4,30.64956,66.12067,-87,193624,3,47.6
8.28,1.2,5.552,32.4,12.624,26.8,30.66028,66.10541,-84,193624,3,46.6
8.288,1.2,5.552,30.8,12.632,23.6,30.64956,66.1283,-86,193624,3,45.6
8.296,1.2,5.544,33.2,12.624,25.2,30.66028,66.09015,-84,193672,3,44.6
8.288,1.2,5.552,32.8,12.624,24.8,30.67101,66.052,-80,193672,3,45.6
8.288,1.2,5.536,39.6,12.624,28.0,30.67101,66.02911,-81,193672,3,44.6
8.288,1.2,5.528,49.6,12.624,32.8,30.67101,66.02148,-86,193672,3,44.6
8.28,1.2,5.512,60.8,12.624,38.4,30.67101,66.03674,-82,193672,3,45.6
8.288,1.2,5.552,29.2,12.632,23.2,30.68173,66.02911,-84,193672,3,46.6
8.288,1.2,5.552,30.4,12.632,24.0,30.68173,66.03674,-84,193624,3,45.6
8.296,1.2,5.52,54.0,12.624,36.4,30.68173,66.02911,-80,192100,3,45.6
8.288,1.2,5.544,34.0,12.624,24.8,30.70318,65.99097,-87,193668,3,44.6
8.28,1.2,5.544,40.8,12.624,28.8,30.69246,65.98334,-89,193668,3,44.6
8.288,1.2,5.52,52.8,12.624,34.4,30.68173,65.98334,-85,193668,3,44.6
8.28,1.2,5.504,59.2,12.624,38.4,30.69246,65.99097,-90,193668,3,45.6
8.288,1.2,5.544,29.6,12.632,23.2,30.69246,65.99097,-84,193620,3,45.6
8.288,1.2,5.552,31.2,12.632,24.0,30.69246,65.97571,-83,193620,3,44.6
8.288,1.2,5.544,30.8,12.632,24.0,30.69246,65.96045,-93,193668,3,44.6
8.288,1.2,5.544,34.0,12.624,25.6,30.69246,65.97571,-86,193816,3,45.6
8.288,1.2,5.536,43.2,12.624,29.6,30.68173,65.98334,-84,193676,3,44.6
8.28,1.2,5.52,55.2,12.624,36.0,30.69246,65.99097,-84,193676,3,44.6
8.288,1.2,5.52,54.8,12.624,35.6,30.68173,65.99097,-88,193676,3,45.6
8.288,1.2,5.552,29.6,12.632,23.2,30.69246,65.9986,-82,193628,3,44.6
8.288,1.2,5.552,30.4,12.632,24.0,30.68173,66.00623,-81,193676,3,43.6
8.288,1.2,5.552,29.2,12.632,23.2,30.68173,65.9986,-90,193672,3,43.6
8.288,1.2,5.544,30.0,12.632,23.6,30.68173,66.01385,-81,193812,3,44.6
8.288,1.2,5.544,32.8,12.624,25.2,30.70318,65.99097,-76,193672,3,43.6
8.288,1.2,5.552,30.0,12.632,23.6,30.70318,65.96045,-81,193672,3,43.6
8.288,1.2,5.552,32.0,12.632,24.4,30.69246,65.94519,-79,193672,3,43.6
8.288,1.2,5.552,29.6,12.632,23.2,30.71391,65.9223,-77,193672,3,44.6
8.288,1.2,5.552,31.2,12.632,24.0,30.70318,65.9223,-77,193676,3,43.6
8.288,1.2,5.56,29.6,12.632,22.8,30.71391,65.89941,-77,193676,3,43.6
8.288,1.2,5.552,34.8,12.624,26.0,30.71391,65.89941,-82,193672,3,45.6
8.28,1.2,5.544,39.6,12.624,28.0,30.71391,65.83075,-81,193676,3,45.6
8.288,1.2,5.552,30.0,12.632,23.6,30.71391,65.83838,-78,193672,3,44.6
8.296,1.2,5.512,55.6,12.616,37.6,30.71391,65.83075,-77,192088,3,44.6
8.288,1.2,5.552,29.6,12.632,23.2,30.71391,65.83838,-77,193672,3,44.6
8.28,1.2,5.552,31.2,12.632,24.4,30.72463,65.83838,-76,193672,3,44.6
8.288,1.2,5.544,29.6,12.632,23.6,30.71391,65.87653,-75,193672,3,44.6
8.288,1.2,5.544,30.8,12.632,24.0,30.71391,65.88416,-76,190516,3,44.6
8.288,1.2,5.552,29.2,12.632,23.2,30.70318,65.89941,-76,193676,3,44.6
8.288,1.2,5.552,30.4,12.624,23.6,30.70318,65.9223,-75,193676,3,44.6
8.288,1.2,5.544,32.4,12.624,26.4,30.68173,65.93756,-75,193676,3,44.6
8.288,1.2,5.552,30.0,12.624,23.6,30.69246,65.94519,-75,193676,3,44.6
8.28,1.2,5.552,30.4,12.624,24.4,30.68173,65.96808,-75,193676,3,44.6
8.288,1.2,5.544,29.2,12.632,23.6,30.68173,65.92993,-77,193676,3,44.6
8.288,1.2,5.544,34.8,12.624,26.0,30.69246,65.92993,-76,192240,3,45.6
8.288,1.2,5.544,29.2,12.632,23.2,30.69246,65.92993,-75,193676,3,44.6
8.288,1.2,5.552,30.4,12.632,24.0,30.69246,65.94519,-76,193628,3,44.6
8.272,1.2,5.488,80.39999,12.616,48.0,30.68173,65.92993,-79,193676,3,45.6
8.28,1.2,5.496,66.8,12.616,42.0,30.68173,65.96045,-77,193676,3,46.6
8.288,1.2,5.536,40.8,12.624,29.6,30.69246,65.93756,-79,193628,3,46.6
8.288,1.2,5.552,30.0,12.632,24.0,30.68173,65.90704,-77,193628,3,45.6
8.288,1.2,5.544,30.8,12.624,24.8,30.69246,65.92993,-81,193676,3,44.6
8.288,1.2,5.544,35.2,12.624,26.0,30.67101,65.90704,-81,193676,3,45.6
8.288,1.2,5.536,37.6,12.624,28.0,30.67101,65.96808,-88,193676,3,44.6
8.288,1.2,5.504,68.39999,12.616,41.6,30.68173,65.98334,-78,193816,3,45.6
8.28,1.2,5.496,65.6,12.616,41.6,30.68173,65.96808,-80,193676,3,45.6
8.288,1.2,5.552,36.4,12.624,25.2,30.67101,65.99097,-82,193676,3,45.6
8.288,1.2,5.552,30.8,12.632,23.6,30.66028,65.97571,-80,193628,3,45.6
8.288,1.2,5.552,32.0,12.632,25.2,30.67101,65.95282,-84,193812,3,44.6
8.288,1.2,5.544,33.2,12.624,25.2,30.68173,65.9986,-83,193672,3,44.6
8.288,1.2,5.536,40.8,12.624,29.6,30.68173,65.97571,-79,193660,3,45.6
8.296,1.2,5.488,77.99999,12.616,46.4,30.69246,65.94519,-80,193672,3,45.6
8.28,1.2,5.512,60.8,12.616,39.2,30.68173,65.95282,-88,193672,3,45.6
8.28,1.2,5.512,65.6,12.616,37.2,30.68173,65.94519,-81,192052,3,47.6
8.288,1.2,5.552,30.8,12.632,24.0,30.69246,65.92993,-86,193624,3,44.6
8.288,1.2,5.544,34.8,12.632,25.6,30.71391,65.92993,-85,193672,3,44.6
8.288,1.2,5.544,34.0,12.624,25.6,30.70318,65.89941,-93,193672,3,44.6
8.288,1.2,5.536,40.8,12.624,29.2,30.70318,65.87653,-79,193676,3,44.6
8.28,1.2,5.52,55.6,12.624,36.0,30.70318,65.88416,-78,193676,3,44.6
8.296,1.2,5.512,56.0,12.624,35.6,30.72463,65.83838,-80,193676,3,44.6
8.288,1.2,5.544,29.6,12.632,23.6,30.73536,65.83075,-78,193628,3,46.6
8.288,1.2,5.552,30.0,12.632,24.0,30.73536,65.77734,-77,193628,3,43.6
8.288,1.2,5.552,31.2,12.632,24.0,30.72463,65.77734,-77,193676,3,44.6
8.288,1.2,5.544,34.4,12.624,25.6,30.73536,65.81549,-80,193676,3,44.6
8.296,1.2,5.536,44.4,12.624,30.0,30.71391,65.80023,-79,193676,3,44.6
8.28,1.2,5.512,59.2,12.624,36.4,30.72463,65.80786,-81,193676,3,44.6
8.288,1.2,5.52,50.0,12.624,33.6,30.74608,65.80023,-79,193676,3,44.6
8.288,1.2,5.552,29.6,12.632,23.6,30.72463,65.7926,-78,193628,3,45.6
8.288,1.2,5.544,30.4,12.632,24.4,30.73536,65.80023,-83,193676,3,44.6
8.288,1.2,5.544,29.6,12.632,23.2,30.72463,65.81549,-81,193676,3,44.6
8.288,1.2,5.544,30.0,12.632,23.6,30.71391,65.80786,-79,193768,3,43.6
8.288,1.2,5.552,29.2,12.624,23.2,30.71391,65.82312,-76,193676,3,44.6
8.288,1.2,5.552,29.6,12.632,23.6,30.69246,65.88416,-75,193676,3,44.6
8.288,1.2,5.544,32.0,12.632,24.4,30.70318,65.85364,-77,193676,3,44.6
8.288,1.2,5.552,29.2,12.632,23.6,30.69246,65.89941,-81,193676,3,44.6
8.288,1.2,5.552,31.2,12.632,24.0,30.67101,65.93756,-80,192104,3,44.6
8.288,1.2,5.552,29.6,12.632,23.2,30.68173,65.95282,-81,193676,3,44.6
8.288,1.2,5.552,30.4,12.632,24.0,30.67101,65.96808,-82,193816,3,44.6
8.288,1.2,5.552,29.6,12.632,23.2,30.67101,65.94519,-79,193676,3,44.6
8.288,1.2,5.552,29.6,12.632,23.6,30.66028,65.95282,-77,193676,3,44.6
8.288,1.2,5.544,32.4,12.624,23.6,30.67101,65.98334,-80,193676,3,44.6
8.288,1.2,5.552,29.2,12.632,23.2,30.67101,65.97571,-79,193676,3,44.6
8.288,1.2,5.552,31.6,12.632,23.6,30.66028,65.97571,-90,193672,3,44.6
8.288,1.2,5.552,29.2,12.632,23.2,30.67101,65.9986,-78,193676,3,44.6
8.288,1.2,5.552,30.8,12.632,24.0,30.68173,65.97571,-81,193816,3,44.6
8.288,1.2,5.552,29.2,12.632,23.2,30.70318,65.94519,-77,193676,3,44.6
8.288,1.2,5.552,30.0,12.632,24.0,30.68173,65.90704,-79,193676,3,44.6
8.288,1.2,5.552,32.8,12.624,24.8,30.68173,65.92993,-78,193676,3,44.6
8.288,1.2,5.544,32.8,12.624,25.2,30.68173,65.92993,-78,193676,3,45.6
8.288,1.2,5.544,33.6,12.624,24.4,30.67101,65.9223,-79,193676,3,44.6
8.288,1.2,5.544,30.8,12.632,24.0,30.67101,65.94519,-78,193676,3,45.6
8.288,1.2,5.52,54.8,12.624,34.0,30.68173,65.96808,-79,193672,3,46.6
8.288,1.2,5.544,38.4,12.624,27.6,30.67101,65.97571,-78,193676,3,45.6
8.288,1.2,5.52,52.8,12.624,34.4,30.68173,65.96045,-76,193672,3,45.6
8.304,1.2,5.488,79.6,12.616,48.0,30.68173,65.95282,-76,192088,3,45.6
8.288,1.2,5.504,67.2,12.616,40.8,30.68173,65.9223,-76,193624,3,46.6
8.288,1.2,5.544,36.8,12.624,28.8,30.68173,65.91467,-76,193624,3,46.6
8.288,1.2,5.552,30.4,12.632,23.6,30.69246,65.89941,-81,193624,3,45.6
8.288,1.2,5.552,33.6,12.632,24.8,30.69246,65.89941,-82,193672,3,44.6
8.288,1.2,5.544,32.8,12.632,25.2,30.71391,65.87653,-78,193624,3,45.6
8.288,1.2,5.536,39.6,12.624,27.2,30.71391,65.83838,-83,193672,3,44.6
8.288,1.2,5.528,49.2,12.624,32.4,30.70318,65.84601,-80,193672,3,45.6
8.28,1.2,5.512,62.8,12.616,38.4,30.70318,65.83075,-78,193672,3,44.6
8.288,1.2,5.552,29.2,12.632,23.2,30.71391,65.83075,-76,193624,3,46.6
8.288,1.2,5.552,30.8,12.632,24.0,30.70318,65.86127,-79,193628,3,45.6
8.288,1.2,5.544,34.4,12.624,25.6,30.69246,65.82312,-81,193816,3,44.6
8.288,1.2,5.552,33.6,12.624,25.2,30.71391,65.83838,-82,193676,3,44.6
8.272,1.2,5.536,54.0,12.616,34.4,30.69246,65.86127,-77,193676,3,46.6
8.288,1.2,5.52,55.2,12.624,35.2,30.69246,65.87653,-81,193676,3,45.6
8.288,1.2,5.512,58.8,12.624,37.6,30.67101,65.91467,-82,193676,3,45.6
8.28,1.2,5.512,65.6,12.616,40.0,30.68173,65.93756,-80,192056,3,47.6
8.288,1.2,5.544,31.2,12.632,24.0,30.67101,65.93756,-78,193672,3,44.6
8.288,1.2,5.544,30.8,12.632,24.4,30.68173,65.95282,-81,193676,3,44.6
8.288,1.2,5.552,34.8,12.624,25.6,30.68173,65.97571,-83,193816,3,45.6
8.288,1.2,5.536,43.6,12.624,29.6,30.69246,65.93756,-81,193676,3,45.6
8.28,1.2,5.496,73.2,12.616,44.4,30.69246,65.88416,-87,193676,3,45.6
8.296,1.2,5.52,53.2,12.624,35.6,30.69246,65.88416,-80,193676,3,45.6
8.288,1.2,5.552,29.6,12.632,23.6,30.69246,65.88416,-83,193624,3,45.6
8.288,1.2,5.552,32.0,12.632,24.0,30.68173,65.90704,-81,193676,3,44.6
8.288,1.2,5.552,34.4,12.624,25.6,30.69246,65.89178,-85,193672,3,44.6
8.288,1.2,5.536,35.6,12.624,26.0,30.70318,65.88416,-81,193676,3,44.6
8.288,1.2,5.536,45.6,12.624,31.2,30.71391,65.8689,-83,193676,3,44.6
8.28,1.2,5.504,59.2,12.624,38.8,30.70318,65.84601,-84,193676,3,44.6
8.288,1.2,5.528,45.2,12.624,32.0,30.71391,65.84601,-80,193676,3,45.6
8.288,1.2,5.552,29.6,12.632,23.6,30.69246,65.85364,-88,193628,3,45.6
8.288,1.2,5.552,31.2,12.632,24.0,30.69246,65.84601,-80,193676,3,43.6
8.288,1.2,5.552,29.2,12.632,23.2,30.70318,65.83838,-86,193672,3,44.6
8.288,1.2,5.552,30.0,12.632,24.0,30.69246,65.8689,-82,193676,3,44.6
8.288,1.2,5.552,29.2,12.624,24.8,30.70318,65.84601,-87,193676,3,43.6
8.288,1.2,5.552,30.0,12.632,23.6,30.69246,65.8689,-81,193676,3,44.6
8.288,1.2,5.544,31.6,12.632,24.8,30.69246,65.88416,-85,193676,3,44.6
8.288,1.2,5.552,29.6,12.632,23.2,30.69246,65.88416,-81,193628,3,45.6
8.288,1.2,5.528,48.4,12.624,34.0,30.68173,65.87653,-88,191196,3,44.6
8.288,1.2,5.552,29.6,12.632,23.2,30.66028,65.92993,-79,193676,3,44.6
8.288,1.2,5.552,30.8,12.632,24.0,30.67101,65.91467,-84,193816,3,44.6
8.288,1.2,5.552,29.2,12.632,23.2,30.68173,65.9223,-83,193668,3,44.6
8.288,1.2,5.552,30.4,12.632,24.0,30.68173,65.92993,-80,193620,3,43.6
8.288,1.2,5.552,28.8,12.624,25.2,30.68173,65.89178,-77,193672,3,43.6
8.288,1.2,5.552,30.0,12.632,23.2,30.68173,65.87653,-78,193672,3,44.6
8.288,1.2,5.552,32.0,12.632,24.8,30.68173,65.85364,-79,193672,3,44.6
8.288,1.2,5.552,29.6,12.632,23.2,30.69246,65.86127,-79,193672,3,44.6
8.288,1.2,5.552,31.2,12.632,24.0,30.71391,65.84601,-80,193812,3,44.6
8.288,1.2,5.552,29.6,12.632,23.2,30.69246,65.81549,-85,193812,3,45.6
8.288,1.2,5.552,30.8,12.632,24.0,30.70318,65.81549,-81,193672,3,45.6
8.288,1.2,5.552,29.2,12.632,23.6,30.71391,65.81549,-79,193672,3,44.6
8.288,1.2,5.552,30.8,12.632,24.0,30.71391,65.7926,-87,193656,3,45.6
8.288,1.2,5.552,33.2,12.624,25.2,30.71391,65.73157,-81,193656,3,44.6
8.288,1.2,5.552,32.0,12.632,24.4,30.72463,65.74683,-80,193676,3,45.6
8.288,1.2,5.544,37.2,12.624,27.2,30.70318,65.7926,-78,193676,3,45.6
8.296,1.2,5.536,42.0,12.624,29.2,30.71391,65.76208,-77,193676,3,45.6
8.288,1.2,5.544,39.6,12.624,27.6,30.70318,65.77734,-81,193676,3,45.6
8.296,1.2,5.528,48.4,12.624,32.4,30.70318,65.7926,-82,192104,3,44.6
8.272,1.2,5.504,64.4,12.616,40.8,30.69246,65.84601,-83,193764,3,45.6
8.296,1.2,5.544,33.2,12.624,26.8,30.69246,65.82312,-76,193672,3,46.6
8.288,1.2,5.552,30.4,12.632,23.6,30.68173,65.86127,-77,193624,3,45.6
8.288,1.2,5.544,33.2,12.624,24.8,30.69246,65.89941,-77,193672,3,44.6
8.288,1.2,5.552,32.8,12.624,24.8,30.67101,65.9223,-78,193672,3,44.6
8.288,1.2,5.536,40.0,12.624,28.4,30.66028,65.91467,-81,193672,3,44.6
8.264,1.2,5.528,49.6,12.624,34.0,30.67101,65.90704,-81,193672,3,45.6
8.28,1.2,5.504,62.4,12.616,40.0,30.67101,65.89941,-82,193672,3,44.6
8.288,1.2,5.552,29.6,12.632,23.2,30.66028,65.89941,-79,193624,3,45.6
8.288,1.2,5.544,35.2,12.624,26.4,30.64956,65.93756,-79,193624,3,45.6
8.288,1.2,5.544,32.0,12.624,25.6,30.66028,65.92993,-82,193672,3,44.6
8.288,1.2,5.552,33.2,12.624,25.2,30.66028,65.93756,-81,193812,3,44.6
8.296,1.2,5.504,62.0,12.624,39.2,30.66028,65.90704,-81,192100,3,44.6
8.288,1.2,5.52,53.6,12.624,35.2,30.66028,65.92993,-78,193672,3,44.6
8.288,1.2,5.512,56.8,12.624,37.6,30.66028,65.90704,-82,193672,3,44.6
8.288,1.2,5.552,29.6,12.632,23.6,30.66028,65.89178,-80,193624,3,45.6
8.288,1.2,5.552,31.2,12.632,24.0,30.66028,65.90704,-83,193672,3,44.6
8.288,1.2,5.544,31.2,12.632,24.0,30.67101,65.90704,-82,193672,3,44.6
8.288,1.2,5.544,34.8,12.624,25.6,30.69246,65.88416,-90,193812,3,44.6
8.28,1.2,5.536,40.4,12.624,29.6,30.67101,65.85364,-84,193672,3,45.6
8.28,1.2,5.52,55.6,12.624,34.8,30.67101,65.84601,-86,193672,3,44.6
8.296,1.2,5.52,53.2,12.624,35.2,30.66028,65.89178,-86,193672,3,44.6
8.288,1.2,5.552,29.2,12.632,23.6,30.66028,65.87653,-84,193624,3,46.6
8.288,1.2,5.552,30.8,12.632,24.0,30.68173,65.89941,-79,193672,3,44.6
8.288,1.2,5.544,29.2,12.632,23.2,30.68173,65.86127,-83,193672,3,43.6
8.288,1.2,5.552,30.4,12.632,23.6,30.67101,65.85364,-81,193672,3,44.6
8.288,1.2,5.552,32.0,12.632,24.8,30.67101,65.83838,-84,193672,3,44.6
8.288,1.2,5.552,30.0,12.632,23.6,30.67101,65.85364,-84,193672,3,44.6
8.288,1.2,5.552,30.0,12.624,24.8,30.64956,65.89178,-83,192092,3,44.6
8.288,1.2,5.552,29.2,12.632,23.2,30.66028,65.89941,-82,193664,3,44.6
8.288,1.2,5.552,29.6,12.632,24.0,30.67101,65.90704,-79,193680,3,44.6
8.288,1.2,5.552,29.2,12.632,23.6,30.66028,65.88416,-77,193668,3,44.6
8.288,1.2,5.552,30.4,12.632,23.6,30.67101,65.84601,-83,193676,3,44.6
8.288,1.2,5.552,29.2,12.632,23.2,30.67101,65.87653,-84,193676,3,44.6
8.288,1.2,5.552,30.0,12.632,23.6,30.66028,65.8689,-77,193676,3,44.6
8.288,1.2,5.544,32.4,12.632,24.8,30.66028,65.86127,-87,193676,3,44.6
8.288,1.2,5.552,29.6,12.632,23.6,30.66028,65.83838,-85,193676,3,44.6
8.288,1.2,5.552,30.4,12.632,24.0,30.66028,65.84601,-86,193676,3,44.6
8.288,1.2,5.552,29.2,12.632,23.6,30.66028,65.8689,-81,193672,3,44.6
8.288,1.2,5.544,29.6,12.632,24.0,30.67101,65.85364,-69,193812,3,44.6
8.288,1.2,5.552,29.2,12.632,23.2,30.66028,65.89178,-71,193672,3,43.6
8.288,1.2,5.52,50.8,12.624,32.8,30.64956,65.89178,-68,193672,3,45.6
8.288,1.2,5.552,32.8,12.632,23.2,30.66028,65.88416,-70,193672,3,43.6
8.288,1.2,5.544,29.6,12.632,23.6,30.64956,65.87653,-69,193672,3,43.6
8.296,1.2,5.52,53.2,12.624,35.2,30.66028,65.89941,-69,192100,3,42.6
8.288,1.2,5.52,52.8,12.624,34.4,30.63883,65.90704,-68,193672,3,42.6
8.288,1.2,5.552,30.4,12.632,24.0,30.66028,65.87653,-67,193672,3,42.6
8.288,1.2,5.552,29.2,12.632,23.2,30.64956,65.87653,-69,193672,3,42.6
8.288,1.2,5.552,29.2,12.632,23.6,30.64956,65.89178,-69,193676,3,42.6
8.288,1.2,5.552,32.8,12.624,23.6,30.66028,65.88416,-70,193676,3,42.6
8.288,1.2,5.552,28.8,12.632,23.6,30.66028,65.85364,-71,193676,3,42.6
8.288,1.2,5.544,30.8,12.632,24.0,30.66028,65.85364,-71,193676,3,42.6
8.288,1.2,5.544,29.2,12.632,23.2,30.66028,65.85364,-72,193676,3,42.6
8.288,1.2,5.544,30.8,12.632,24.0,30.66028,65.81549,-86,193676,3,42.6
8.288,1.2,5.544,29.2,12.632,23.2,30.66028,65.80023,-80,193672,3,42.6
8.28,1.2,5.552,30.0,12.632,23.6,30.66028,65.80786,-86,193672,3,42.6
8.288,1.2,5.552,29.2,12.632,24.4,30.67101,65.80786,-83,193672,3,41.6
8.288,1.2,5.544,30.0,12.632,23.6,30.66028,65.78497,-82,193672,3,42.6
8.288,1.2,5.544,31.2,12.632,23.6,30.66028,65.7926,-79,193676,3,41.6
8.288,1.2,5.552,28.8,12.632,23.2,30.66028,65.80786,-81,193676,3,42.6
8.288,1.2,5.552,30.8,12.632,23.6,30.66028,65.80786,-86,193672,3,42.6
8.288,1.2,5.552,28.8,12.632,23.2,30.67101,65.80023,-74,193672,3,42.6
8.288,1.2,5.552,30.0,12.632,23.6,30.64956,65.80786,-74,193672,3,42.6
8.288,1.2,5.552,28.8,12.632,23.2,30.63883,65.84601,-74,193676,3,42.6
8.288,1.2,5.552,30.0,12.632,23.6,30.64956,65.87653,-75,193676,3,42.6
8.288,1.2,5.552,32.0,12.632,24.8,30.63883,65.87653,-75,193676,3,42.6
8.288,1.2,5.552,29.6,12.632,23.6,30.64956,65.86127,-71,193672,3,42.6
8.288,1.2,5.544,31.6,12.632,23.6,30.63883,65.86127,-75,193672,3,42.6
8.288,1.2,5.544,28.8,12.632,23.6,30.62811,65.86127,-72,193672,3,41.6
8.288,1.2,5.544,30.8,12.632,23.2,30.63883,65.89178,-70,193672,3,42.6
8.288,1.2,5.552,28.4,12.632,23.2,30.62811,65.8689,-77,193672,3,42.6
8.288,1.2,5.552,30.0,12.632,23.6,30.62811,65.88416,-79,193628,3,42.6
8.28,1.2,5.536,38.4,12.624,28.0,30.60666,65.91467,-77,193676,3,44.6
8.288,1.2,5.552,30.0,12.632,23.6,30.60666,65.95282,-85,193676,3,43.6
8.288,1.2,5.544,32.4,12.632,24.4,30.59593,65.96808,-87,193676,3,43.6
8.24,1.2,5.488,106.8,12.592,62.0,30.58521,65.98334,-86,193684,3,46.6
8.28,1.2,5.544,31.2,12.632,24.0,30.58521,66.00623,-82,193676,3,43.6
8.288,1.2,5.552,28.8,12.632,23.6,30.59593,66.00623,-84,193676,3,43.6
8.28,1.2,5.512,55.2,12.624,36.0,30.58521,66.02911,-84,192104,3,44.6
8.288,1.2,5.552,29.2,12.632,23.2,30.59593,66.00623,-85,193676,3,43.6
8.288,1.2,5.544,30.4,12.632,23.2,30.58521,66.04437,-84,193628,3,43.6
8.288,1.2,5.552,28.8,12.632,24.8,30.57448,66.052,-84,193676,3,43.6
8.288,1.2,5.552,30.0,12.632,23.6,30.58521,66.06726,-86,193676,3,44.6
8.288,1.2,5.552,32.4,12.624,24.8,30.57448,66.09015,-86,193676,3,44.6
8.288,1.2,5.552,31.2,12.632,24.0,30.59593,66.10541,-86,193676,3,44.6
8.28,1.2,5.544,34.8,12.624,25.6,30.59593,66.05963,-87,193676,3,44.6
8.288,1.2,5.536,38.0,12.624,27.6,30.58521,66.06726,-82,193676,3,44.6
8.28,1.2,5.52,52.4,12.624,34.0,30.58521,66.09015,-83,193676,3,44.6
8.288,1.2,5.488,80.00001,12.616,47.6,30.58521,66.09015,-82,193672,3,45.6
8.272,1.2,5.496,69.6,12.616,42.4,30.58521,66.07489,-89,193672,3,46.6
8.288,1.2,5.536,39.6,12.624,28.4,30.59593,66.06726,-92,193624,3,46.6
8.288,1.2,5.552,30.0,12.632,23.6,30.58521,66.04437,-92,193624,3,45.6
8.288,1.2,5.552,32.8,12.624,24.8,30.58521,66.05963,-85,193672,3,44.6
8.288,1.2,5.552,32.0,12.624,24.8,30.59593,66.02911,-92,193672,3,43.6
8.28,1.2,5.544,36.4,12.624,26.8,30.59593,66.052,-89,193672,3,44.6
8.288,1.2,5.536,43.2,12.624,31.6,30.59593,66.00623,-90,193672,3,44.6
8.264,1.2,5.504,66.0,12.616,42.0,30.61738,65.9986,-92,193672,3,44.6
8.296,1.2,5.52,54.0,12.624,36.4,30.62811,66.01385,-92,193672,3,45.6
8.288,1.2,5.552,29.6,12.632,23.6,30.62811,65.96045,-91,193624,3,45.6
8.288,1.2,5.552,31.6,12.624,24.8,30.62811,65.95282,-93,193672,3,43.6
8.296,1.2,5.512,58.4,12.616,36.0,30.62811,65.91467,-93,192092,3,44.6
8.288,1.2,5.544,37.6,12.624,27.2,30.61738,65.89941,-86,193672,3,44.6
8.288,1.2,5.536,46.8,12.624,31.6,30.61738,65.93756,-86,193672,3,44.6
8.28,1.2,5.504,64.4,12.616,40.8,30.61738,65.92993,-84,193624,3,44.6
8.288,1.2,5.544,32.8,12.624,26.8,30.61738,65.94519,-82,193672,3,44.6
8.288,1.2,5.552,30.4,12.632,23.6,30.60666,65.96808,-92,193624,3,45.6
8.28,1.2,5.544,32.8,12.624,25.2,30.60666,65.98334,-84,193672,3,43.6
8.288,1.2,5.544,33.2,12.624,24.8,30.59593,65.99097,-84,193676,3,44.6
8.288,1.2,5.536,40.8,12.624,28.4,30.58521,66.02148,-92,193676,3,44.6
8.288,1.2,5.528,50.8,12.624,34.0,30.58521,66.06726,-92,193676,3,44.6
8.288,1.2,5.512,60.8,12.624,38.4,30.57448,66.09015,-83,192104,3,44.6
8.288,1.2,5.552,29.6,12.632,23.2,30.57448,66.06726,-92,193624,3,45.6
8.288,1.2,5.552,31.2,12.632,24.0,30.58521,66.06726,-88,193624,3,44.6
8.288,1.2,5.544,30.8,12.632,24.4,30.59593,66.05963,-94,193672,3,43.6
8.288,1.2,5.544,34.4,12.624,25.6,30.57448,66.08252,-88,193672,3,44.6
8.288,1.2,5.536,44.4,12.624,30.4,30.58521,66.05963,-87,193672,3,44.6
8.272,1.2,5.512,60.8,12.624,38.8,30.59593,66.052,-93,193672,3,44.6
8.288,1.2,5.528,48.0,12.624,33.6,30.60666,66.02911,-86,193672,3,45.6
8.288,1.2,5.552,29.6,12.632,23.2,30.60666,66.01385,-87,193624,3,45.6
8.288,1.2,5.552,30.4,12.632,24.0,30.59593,66.02911,-87,193676,3,43.6
8.288,1.2,5.552,29.2,12.632,23.2,30.61738,66.00623,-90,193676,3,44.6
8.288,1.2,5.552,30.0,12.632,24.0,30.61738,65.97571,-85,193816,3,44.6
8.288,1.2,5.552,32.4,12.624,25.2,30.61738,65.97571,-87,193676,3,43.6
8.296,1.2,5.528,45.2,12.624,31.2,30.60666,65.9986,-91,193668,3,44.6
8.288,1.2,5.544,36.0,12.624,26.4,30.61738,65.9986,-87,193676,3,44.6
8.288,1.2,5.552,29.2,12.632,23.2,30.59593,65.99097,-86,193676,3,43.6
8.296,1.2,5.512,56.8,12.624,35.6,30.62811,65.99097,-95,192104,3,44.6
8.288,1.2,5.552,29.2,12.632,23.2,30.62811,65.97571,-93,193676,3,44.6
8.288,1.2,5.544,30.4,12.624,23.6,30.60666,65.92993,-87,193768,3,43.6
8.288,1.2,5.552,29.2,12.632,22.8,30.61738,65.9223,-93,193676,3,44.6
8.288,1.2,5.552,30.0,12.632,23.6,30.61738,65.90704,-79,193676,3,44.6
8.288,1.2,5.552,33.2,12.624,25.2,30.60666,65.9223,-86,193676,3,44.6
8.288,1.2,5.552,29.6,12.632,23.6,30.61738,65.93756,-84,193676,3,43.6
8.288,1.2,5.552,31.2,12.624,24.4,30.62811,65.92993,-82,193676,3,44.6
8.288,1.2,5.552,29.2,12.632,23.2,30.60666,65.96045,-86,193676,3,44.6
8.288,1.2,5.552,30.4,12.632,23.6,30.61738,65.96045,-87,193768,3,44.6
8.288,1.2,5.552,28.8,12.632,23.2,30.62811,65.9223,-85,193676,3,44.6
8.288,1.2,5.552,30.0,12.632,23.6,30.63883,65.91467,-73,193676,3,44.6
8.28,1.2,5.544,30.4,12.624,24.8,30.63883,65.88416,-75,193676,3,44.6
8.288,1.2,5.552,30.0,12.624,23.6,30.62811,65.8689,-75,193676,3,45.6
8.288,1.2,5.552,31.6,12.624,24.4,30.63883,65.87653,-78,193676,3,44.6
8.288,1.2,5.552,30.8,12.624,24.0,30.62811,65.88416,-81,193676,3,44.6
8.288,1.2,5.544,35.6,12.624,26.0,30.61738,65.9223,-86,192096,3,45.6
8.288,1.2,5.544,38.0,12.624,27.2,30.62811,65.94519,-80,193676,3,45.6
8.288,1.2,5.528,50.0,12.624,32.4,30.61738,65.92993,-88,193676,3,45.6
8.28,1.2,5.488,74.8,12.616,45.2,30.61738,65.89941,-84,193676,3,45.6
8.28,1.2,5.496,72.8,12.616,44.4,30.59593,65.95282,-84,193676,3,46.6
8.296,1.2,5.52,51.2,12.624,34.4,30.60666,65.97571,-83,193628,3,46.6
8.288,1.2,5.552,29.6,12.632,23.6,30.60666,65.99097,-84,193628,3,45.6
8.288,1.2,5.552,30.8,12.624,24.4,30.61738,65.96045,-84,193672,3,44.6
8.288,1.2,5.544,31.6,12.624,24.4,30.60666,65.97571,-87,193672,3,44.6
8.288,1.2,5.544,35.2,12.624,26.4,30.59593,66.01385,-89,193672,3,44.6
8.288,1.2,5.536,46.8,12.624,30.0,30.59593,65.98334,-85,193672,3,44.6
8.288,1.2,5.512,63.59999,12.624,38.8,30.57448,66.02148,-86,193676,3,45.6
8.296,1.2,5.52,52.4,12.624,34.4,30.58521,66.02911,-85,193676,3,45.6
8.296,1.2,5.536,40.4,12.624,28.4,30.59593,66.04437,-85,193628,3,45.6
8.288,1.2,5.544,30.8,12.624,24.8,30.58521,66.05963,-84,193676,3,44.6
8.288,1.2,5.544,32.0,12.624,24.4,30.58521,66.02911,-88,193676,3,44.6
8.296,1.2,5.512,60.0,12.624,38.0,30.57448,66.08252,-84,192104,3,44.6
8.288,1.2,5.536,43.6,12.624,29.6,30.58521,66.07489,-84,193676,3,44.6
8.28,1.2,5.496,66.8,12.616,42.0,30.57448,66.05963,-83,193676,3,44.6
8.288,1.2,5.528,42.4,12.624,29.6,30.57448,66.06726,-81,193676,3,44.6
8.288,1.2,5.552,30.0,12.632,23.6,30.57448,66.052,-80,193628,3,45.6
8.288,1.2,5.552,32.0,12.632,24.8,30.59593,66.04437,-78,193676,3,43.6
8.288,1.2,5.552,32.0,12.624,24.8,30.57448,66.04437,-81,193676,3,43.6
8.288,1.2,5.544,36.4,12.624,27.6,30.57448,66.04437,-79,193676,3,44.6
8.288,1.2,5.528,45.6,12.624,31.2,30.58521,66.03674,-79,193676,3,44.6
8.28,1.2,5.504,67.2,12.616,41.2,30.57448,66.052,-78,193676,3,44.6
8.288,1.2,5.544,32.8,12.624,24.8,30.57448,66.04437,-79,193676,3,45.6
8.288,1.2,5.56,29.6,12.632,23.2,30.57448,66.04437,-78,193628,3,45.6
8.288,1.2,5.552,31.6,12.632,24.4,30.57448,66.06726,-78,193676,3,43.6
8.288,1.2,5.552,29.2,12.632,23.6,30.57448,66.05963,-82,193676,3,43.6
8.288,1.2,5.544,31.2,12.632,24.4,30.57448,66.05963,-78,193676,3,44.6
8.288,1.2,5.552,29.2,12.632,23.6,30.57448,66.08252,-77,193676,3,43.6
8.288,1.2,5.552,29.6,12.632,24.0,30.57448,66.09015,-79,192056,3,43.6
8.288,1.2,5.552,28.8,12.624,24.0,30.57448,66.09015,-79,193676,3,44.6
8.288,1.2,5.552,29.2,12.632,23.6,30.57448,66.07489,-79,193676,3,43.6
8.288,1.2,5.552,32.0,12.624,23.6,30.58521,66.052,-82,193676,3,43.6
8.288,1.2,5.552,28.8,12.632,23.6,30.58521,66.07489,-80,193676,3,44.6
8.28,1.2,5.552,30.8,12.632,24.0,30.57448,66.052,-82,193816,3,44.6
8.288,1.2,5.552,29.6,12.632,23.2,30.57448,66.09778,-83,193668,3,45.6
8.288,1.2,5.552,30.4,12.632,23.6,30.57448,66.07489,-81,193668,3,44.6
8.288,1.2,5.552,29.2,12.632,23.2,30.57448,66.06726,-83,193672,3,44.6
8.288,1.2,5.544,29.6,12.632,23.6,30.58521,66.08252,-82,193672,3,44.6
8.288,1.2,5.552,32.4,12.624,24.4,30.58521,66.05963,-78,193672,3,43.6
8.288,1.2,5.552,28.8,12.632,23.6,30.59593,66.03674,-80,193672,3,43.6
8.288,1.2,5.528,51.2,12.624,32.8,30.59593,66.02911,-82,193672,3,44.6
8.288,1.2,5.56,28.8,12.632,23.2,30.59593,66.03674,-81,193672,3,44.6
8.288,1.2,5.552,31.2,12.632,23.6,30.59593,66.03674,-81,193672,3,44.6
8.288,1.2,5.552,29.2,12.632,23.2,30.60666,65.99097,-80,193672,3,44.6
8.288,1.2,5.552,30.8,12.632,23.6,30.60666,66.00623,-80,193624,3,44.6
8.288,1.2,5.544,33.6,12.624,24.8,30.59593,65.99097,-78,193672,3,44.6
8.288,1.2,5.536,47.2,12.624,31.2,30.59593,65.98334,-79,193672,3,45.6
8.288,1.2,5.544,36.8,12.624,26.4,30.59593,65.98334,-78,193672,3,44.6
8.288,1.2,5.536,39.2,12.624,28.4,30.59593,66.02148,-82,193672,3,45.6
8.288,1.2,5.512,58.0,12.624,36.0,30.58521,65.99097,-82,193672,3,44.6
8.28,1.2,5.488,79.2,12.616,47.6,30.58521,66.02911,-79,191192,3,46.6
8.272,1.2,5.504,68.39999,12.616,41.6,30.59593,66.01385,-82,193672,3,46.6
8.288,1.2,5.544,32.8,12.624,26.4,30.58521,66.03674,-79,193624,3,46.6
8.288,1.2,5.552,30.0,12.632,23.6,30.58521,66.01385,-79,193624,3,45.6
8.288,1.2,5.552,33.2,12.624,25.2,30.58521,66.03674,-79,193676,3,44.6
8.288,1.2,5.552,32.4,12.624,24.8,30.58521,66.07489,-79,193684,3,44.6
8.288,1.2,5.544,38.8,12.624,27.6,30.57448,66.06726,-79,193684,3,44.6
8.288,1.2,5.528,50.8,12.624,33.6,30.57448,66.052,-79,193684,3,44.6
8.28,1.2,5.512,64.0,12.616,39.6,30.56376,66.06726,-81,193684,3,44.6
8.288,1.2,5.552,28.8,12.624,25.2,30.57448,66.05963,-78,193684,3,45.6
8.288,1.2,5.552,30.8,12.632,23.6,30.56376,66.07489,-81,193636,3,44.6
8.288,1.2,5.552,34.0,12.624,25.6,30.56376,66.11304,-82,193684,3,44.6
8.288,1.2,5.544,33.6,12.624,24.8,30.56376,66.13593,-82,193684,3,44.6
8.296,1.2,5.536,41.2,12.624,28.4,30.56376,66.16644,-81,193684,3,45.6
8.296,1.2,5.52,51.2,12.624,33.6,30.55303,66.15118,-79,193684,3,44.6
8.296,1.2,5.512,58.8,12.624,37.6,30.55303,66.15118,-79,193684,3,44.6
8.288,1.2,5.544,35.2,12.624,26.0,30.56376,66.15881,-80,193636,3,45.6
8.296,1.2,5.544,31.2,12.632,24.0,30.55303,66.15118,-82,193636,3,43.6
8.288,1.2,5.544,34.0,12.624,25.6,30.55303,66.15118,-82,193684,3,44.6
8.296,1.2,5.512,58.8,12.624,36.4,30.5423,66.15118,-80,192104,3,44.6
8.288,1.2,5.536,44.0,12.624,30.0,30.56376,66.1817,-85,193684,3,44.6
8.288,1.2,5.512,57.2,12.624,36.8,30.55303,66.20459,-83,193684,3,44.6
8.288,1.2,5.52,55.2,12.624,36.4,30.55303,66.21222,-82,193684,3,44.6
8.288,1.2,5.552,29.2,12.632,23.6,30.53158,66.22748,-79,193624,3,45.6
8.288,1.2,5.552,31.2,12.632,24.0,30.5423,66.25037,-78,193624,3,43.6
8.288,1.2,5.544,30.8,12.632,24.4,30.55303,66.22748,-78,193676,3,43.6
8.288,1.2,5.544,34.8,12.624,25.6,30.5423,66.19696,-79,193676,3,44.6
8.288,1.2,5.536,45.6,12.624,30.4,30.56376,66.17407,-79,193676,3,44.6
8.28,1.2,5.512,57.2,12.624,37.2,30.56376,66.20459,-78,193676,3,44.6
8.296,1.2,5.512,54.8,12.624,36.4,30.56376,66.18933,-80,193676,3,44.6
8.288,1.2,5.552,29.2,12.632,23.2,30.55303,66.17407,-81,193624,3,45.6
8.288,1.2,5.552,30.0,12.632,24.0,30.57448,66.13593,-79,193676,3,43.6
8.288,1.2,5.552,29.2,12.624,24.8,30.57448,66.14355,-78,193676,3,43.6
8.288,1.2,5.552,30.0,12.632,23.6,30.55303,66.14355,-79,193672,3,43.6
8.296,1.2,5.552,31.6,12.632,24.4,30.56376,66.14355,-81,193676,3,43.6
8.288,1.2,5.552,29.6,12.632,23.6,30.56376,66.15118,-76,193676,3,43.6
8.288,1.2,5.552,30.8,12.632,24.4,30.56376,66.15881,-77,193676,3,43.6
8.288,1.2,5.552,29.2,12.632,22.8,30.56376,66.16644,-78,193676,3,43.6
8.288,1.2,5.552,30.0,12.632,24.0,30.57448,66.15881,-77,193636,3,43.6
8.288,1.2,5.552,29.2,12.632,23.2,30.57448,66.15118,-78,193684,3,43.6
8.288,1.2,5.552,30.0,12.632,23.6,30.57448,66.14355,-81,193816,3,44.6
8.28,1.2,5.544,32.0,12.624,24.8,30.56376,66.16644,-78,193676,3,44.6
8.288,1.2,5.552,30.0,12.632,23.2,30.56376,66.17407,-83,193676,3,44.6
8.288,1.2,5.552,31.6,12.632,24.4,30.56376,66.18933,-78,193676,3,43.6
8.288,1.2,5.552,29.6,12.632,23.2,30.56376,66.21222,-79,191196,3,45.6
8.288,1.2,5.552,30.8,12.632,24.0,30.55303,66.17407,-79,193676,3,44.6
8.288,1.2,5.56,29.2,12.632,23.2,30.55303,66.1817,-79,193676,3,44.6
8.288,1.2,5.552,30.4,12.632,23.6,30.55303,66.1817,-80,193676,3,44.6
8.288,1.2,5.552,30.0,12.624,24.8,30.56376,66.17407,-81,193676,3,44.6
8.288,1.2,5.552,29.6,12.632,23.6,30.56376,66.19696,-79,193676,3,44.6
8.288,1.2,5.552,30.4,12.624,24.4,30.55303,66.23511,-78,193676,3,44.6
8.288,1.2,5.552,30.0,12.632,23.2,30.55303,66.22748,-79,193676,3,44.6
8.288,1.2,5.552,31.6,12.624,24.0,30.53158,66.23511,-77,193676,3,44.6
8.288,1.2,5.552,30.4,12.632,23.6,30.52085,66.22748,-77,193676,3,44.6
8.288,1.2,5.552,32.8,12.624,24.8,30.5423,66.22748,-80,193628,3,44.6
8.288,1.2,5.544,36.0,12.624,26.4,30.52085,66.28088,-80,192104,3,45.6
8.288,1.2,5.528,48.8,12.624,32.4,30.52085,66.26563,-77,193676,3,45.6
8.288,1.2,5.488,75.2,12.616,46.8,30.5423,66.29614,-76,193676,3,45.6
8.28,1.2,5.496,73.6,12.616,45.2,30.52085,66.26563,-80,193676,3,45.6
8.288,1.2,5.528,50.8,12.624,33.6,30.53158,66.28851,-80,193628,3,46.6
8.288,1.2,5.544,32.4,12.624,24.8,30.53158,66.26563,-76,193628,3,46.6
8.288,1.2,5.544,32.0,12.624,24.4,30.5423,66.24274,-81,193676,3,44.6
8.296,1.2,5.552,31.2,12.632,24.0,30.52085,66.29614,-81,193676,3,43.6
8.296,1.2,5.512,60.4,12.624,38.0,30.53158,66.29614,-77,192104,3,44.6
8.288,1.2,5.536,45.2,12.624,30.4,30.53158,66.27325,-79,193676,3,44.6
8.272,1.2,5.504,65.6,12.616,40.0,30.53158,66.28088,-79,193676,3,44.6
8.288,1.2,5.536,40.8,12.624,29.6,30.53158,66.28851,-78,193676,3,45.6
8.288,1.2,5.544,30.0,12.632,24.0,30.53158,66.28851,-79,193636,3,44.6
8.28,1.2,5.552,31.2,12.624,24.4,30.53158,66.28851,-80,193824,3,44.6
8.288,1.2,5.552,32.0,12.624,24.4,30.52085,66.3114,-78,193684,3,44.6
8.296,1.2,5.544,36.8,12.624,27.2,30.5423,66.28851,-80,193676,3,44.6
8.288,1.2,5.528,46.8,12.624,32.0,30.53158,66.23511,-78,193676,3,44.6
8.264,1.2,5.504,65.6,12.616,40.8,30.5423,66.22748,-80,193676,3,44.6
8.288,1.2,5.544,36.0,12.624,25.2,30.5423,66.23511,-79,193676,3,45.6
8.288,1.2,5.552,30.4,12.632,24.0,30.56376,66.20459,-80,193628,3,44.6
8.28,1.2,5.544,31.6,12.624,25.2,30.55303,66.21222,-79,193676,3,43.6
8.288,1.2,5.552,33.2,12.624,24.8,30.5423,66.20459,-79,193676,3,44.6
8.288,1.2,5.536,37.6,12.624,28.0,30.5423,66.23511,-75,193676,3,44.6
8.288,1.2,5.528,48.4,12.624,31.6,30.5423,66.23511,-76,193676,3,44.6
8.28,1.2,5.504,65.6,12.616,40.8,30.5423,66.21985,-77,193676,3,44.6
8.288,1.2,5.544,33.2,12.632,24.8,30.5423,66.20459,-77,193676,3,45.6
8.288,1.2,5.552,30.4,12.632,23.6,30.5423,66.21985,-76,193628,3,44.6
8.28,1.2,5.544,32.8,12.632,25.2,30.5423,66.25037,-76,193684,3,45.6
8.288,1.2,5.552,32.8,12.624,24.8,30.55303,66.21985,-76,193668,3,44.6
8.288,1.2,5.536,37.6,12.624,28.0,30.5423,66.23511,-76,193676,3,44.6
8.296,1.2,5.528,49.2,12.624,32.4,30.56376,66.20459,-78,193672,3,44.6
8.28,1.2,5.512,61.2,12.624,38.4,30.55303,66.21985,-76,193676,3,44.6
8.288,1.2,5.552,28.8,12.632,23.2,30.55303,66.1817,-75,193676,3,45.6
8.288,1.2,5.552,29.6,12.632,23.6,30.5423,66.16644,-75,193628,3,45.6
8.288,1.2,5.552,32.0,12.632,24.4,30.5423,66.20459,-78,193676,3,43.6
8.288,1.2,5.552,29.6,12.632,23.2,30.55303,66.22748,-80,193676,3,43.6
8.288,1.2,5.528,48.4,12.624,31.2,30.55303,66.22748,-76,191196,3,44.6
8.288,1.2,5.552,29.2,12.632,23.6,30.5423,66.24274,-77,193676,3,43.6
8.288,1.2,5.552,30.4,12.632,24.0,30.53158,66.28851,-76,193676,3,43.6
8.288,1.2,5.544,29.2,12.632,23.2,30.53158,66.31903,-77,193676,3,43.6
8.288,1.2,5.552,29.6,12.632,23.6,30.5423,66.3114,-77,193676,3,43.6
8.288,1.2,5.552,29.2,12.632,23.2,30.5423,66.30377,-78,193676,3,43.6
8.288,1.2,5.552,29.2,12.632,23.6,30.5423,66.3114,-79,193676,3,43.6
8.288,1.2,5.552,32.0,12.632,24.0,30.53158,66.32666,-79,192104,3,43.6
8.288,1.2,5.552,29.6,12.632,23.6,30.52085,66.3114,-80,193676,3,44.6
8.288,1.2,5.552,31.2,12.632,24.0,30.5423,66.31903,-78,193676,3,44.6
8.288,1.2,5.544,29.2,12.632,23.6,30.55303,66.26563,-80,193676,3,44.6
8.288,1.2,5.552,30.0,12.632,24.0,30.55303,66.24274,-80,193676,3,44.6
8.288,1.2,5.56,28.8,12.632,23.2,30.56376,66.19696,-78,193676,3,44.6
8.288,1.2,5.552,29.2,12.624,23.6,30.55303,66.20459,-77,193676,3,44.6
8.288,1.2,5.552,32.4,12.624,24.0,30.55303,66.20459,-79,193672,3,44.6
8.288,1.2,5.552,29.2,12.632,23.6,30.55303,66.19696,-78,193672,3,44.6
8.288,1.2,5.552,31.6,12.632,24.0,30.55303,66.21222,-77,193672,3,43.6
8.288,1.2,5.552,29.6,12.632,23.6,30.5423,66.1817,-76,191192,3,45.6
8.288,1.2,5.552,31.2,12.632,24.0,30.55303,66.18933,-77,193672,3,44.6
8.288,1.2,5.552,29.6,12.632,23.2,30.5423,66.25037,-76,193672,3,43.6
8.288,1.2,5.552,30.4,12.632,24.0,30.5423,66.25037,-79,193672,3,44.6
8.288,1.2,5.544,32.8,12.624,26.4,30.5423,66.258,-77,193816,3,44.6
8.288,1.2,5.552,33.6,12.624,26.0,30.53158,66.258,-77,193676,3,44.6
8.288,1.2,5.536,42.0,12.624,28.4,30.5423,66.28088,-77,193676,3,44.6
8.296,1.2,5.52,54.0,12.624,34.4,30.53158,66.28088,-79,193672,3,44.6
8.288,1.2,5.512,56.8,12.624,35.6,30.5423,66.258,-75,193672,3,44.6
8.288,1.2,5.552,29.6,12.632,23.2,30.5423,66.21985,-76,193624,3,45.6
8.288,1.2,5.552,33.2,12.624,25.2,30.5423,66.27325,-75,193684,3,44.6
8.288,1.2,5.552,34.4,12.624,26.0,30.53158,66.28088,-83,193676,3,44.6
8.288,1.2,5.544,34.4,12.624,26.0,30.53158,66.32666,-78,193676,3,44.6
8.296,1.2,5.504,64.0,12.616,40.4,30.53158,66.30377,-77,192104,3,44.6
8.288,1.2,5.512,59.6,12.624,36.4,30.51013,66.30377,-78,193684,3,44.6
8.296,1.2,5.512,53.2,12.624,34.8,30.52085,66.32666,-78,193676,3,44.6
8.288,1.2,5.552,29.2,12.632,23.6,30.51013,66.31903,-77,193628,3,45.6
8.288,1.2,5.544,31.6,12.624,24.0,30.53158,66.31903,-77,193676,3,44.6
8.288,1.2,5.552,31.2,12.632,24.4,30.5423,66.28088,-81,193812,3,44.6
8.288,1.2,5.544,36.0,12.624,26.0,30.55303,66.258,-80,193672,3,44.6
8.288,1.2,5.528,45.6,12.624,31.2,30.5423,66.22748,-81,193676,3,44.6
8.28,1.2,5.504,64.8,12.616,39.6,30.53158,66.258,-76,193676,3,44.6
8.288,1.2,5.536,42.4,12.624,30.8,30.53158,66.28851,-78,193676,3,44.6
8.288,1.2,5.552,29.6,12.632,23.6,30.52085,66.31903,-77,193628,3,45.6
8.288,1.2,5.544,32.8,12.624,24.0,30.5423,66.3114,-76,193676,3,43.6
8.288,1.2,5.552,31.6,12.632,24.8,30.53158,66.30377,-81,193676,3,43.6
8.288,1.2,5.544,38.0,12.624,26.4,30.52085,66.33429,-82,193676,3,44.6
8.288,1.2,5.536,46.0,12.624,31.2,30.53158,66.37244,-78,193676,3,44.6
8.272,1.2,5.496,65.6,12.616,42.0,30.52085,66.40295,-81,193676,3,44.6
8.28,1.2,5.544,36.4,12.624,28.0,30.53158,66.40295,-79,193676,3,45.6
8.288,1.2,5.552,29.6,12.632,23.6,30.53158,66.41058,-78,193628,3,45.6
8.288,1.2,5.552,31.6,12.632,24.0,30.53158,66.38007,-77,193676,3,43.6
8.288,1.2,5.552,29.2,12.632,23.6,30.53158,66.38007,-83,193676,3,44.6
8.288,1.2,5.552,30.4,12.632,23.6,30.52085,66.36481,-80,193676,3,44.6
8.288,1.2,5.552,28.8,12.632,23.2,30.5423,66.32666,-79,193676,3,43.6
8.288,1.2,5.552,30.4,12.632,23.2,30.53158,66.34955,-84,193676,3,44.6
8.288,1.2,5.544,32.0,12.624,24.4,30.5423,66.31903,-79,193676,3,43.6
8.288,1.2,5.552,29.6,12.632,23.6,30.5423,66.33429,-80,193676,3,43.6
8.288,1.2,5.552,32.0,12.624,24.8,30.53158,66.31903,-79,192104,3,43.6
8.288,1.2,5.552,29.6,12.632,23.6,30.53158,66.34192,-81,193680,3,44.6
8.288,1.2,5.544,31.6,12.632,24.0,30.53158,66.32666,-86,193816,3,44.6
8.288,1.2,5.552,29.2,12.632,23.2,30.5423,66.33429,-83,193676,3,44.6
8.288,1.2,5.552,30.4,12.632,23.6,30.5423,66.32666,-79,193676,3,44.6
8.288,1.2,5.552,28.4,12.632,23.2,30.52085,66.3114,-80,193676,3,44.6
8.288,1.2,5.552,30.4,12.632,23.2,30.53158,66.3114,-81,193676,3,44.6
8.28,1.2,5.544,32.8,12.624,25.2,30.5423,66.29614,-82,193676,3,45.6
8.288,1.2,5.504,59.2,12.624,38.8,30.53158,66.3114,-88,193676,3,45.6
8.288,1.2,5.544,31.6,12.632,24.4,30.55303,66.31903,-87,192104,3,44.6
8.288,1.2,5.552,29.6,12.632,23.6,30.53158,66.3114,-84,191196,3,46.6
8.288,1.2,5.552,31.2,12.632,24.4,30.52085,66.32666,-84,193676,3,44.6
8.288,1.2,5.552,29.2,12.632,23.6,30.55303,66.37244,-86,193676,3,44.6
8.288,1.2,5.552,30.4,12.632,24.0,30.52085,66.35718,-82,193628,3,44.6
8.288,1.2,5.552,29.6,12.632,23.6,30.55303,66.34192,-82,193676,3,44.6
8.288,1.2,5.552,32.0,12.624,24.4,30.53158,66.29614,-82,193676,3,44.6
8.288,1.2,5.552,36.0,12.624,26.4,30.5423,66.28851,-81,193816,3,44.6
8.296,1.2,5.536,40.0,12.624,28.0,30.55303,66.29614,-85,192092,3,44.6
8.296,1.2,5.52,56.4,12.624,35.2,30.56376,66.24274,-85,193664,3,45.6
8.264,1.2,5.488,77.99999,12.616,46.8,30.55303,66.23511,-85,193664,3,45.6
8.28,1.2,5.512,64.0,12.616,40.8,30.56376,66.25037,-84,193632,3,46.6
8.296,1.2,5.552,29.6,12.624,23.6,30.56376,66.21222,-84,193764,3,46.6
8.296,1.2,5.552,30.0,12.624,24.0,30.57448,66.21222,-84,193624,3,45.6
8.288,1.2,5.552,33.2,12.624,25.6,30.57448,66.19696,-85,193816,3,44.6
8.288,1.2,5.544,32.4,12.624,24.8,30.57448,66.19696,-87,193676,3,44.6
8.288,1.2,5.544,38.8,12.624,27.6,30.56376,66.20459,-84,193676,3,45.6
8.28,1.2,5.528,48.0,12.624,33.2,30.56376,66.1817,-86,193676,3,44.6
8.288,1.2,5.504,65.6,12.616,41.2,30.57448,66.21222,-88,193676,3,45.6
8.288,1.2,5.544,29.6,12.624,23.2,30.56376,66.21222,-83,193676,3,45.6
8.288,1.2,5.544,30.4,12.624,24.0,30.56376,66.20459,-85,193628,3,45.6
8.296,1.2,5.512,56.4,12.624,35.6,30.57448,66.21222,-87,192104,3,44.6
8.288,1.2,5.544,32.8,12.624,24.8,30.56376,66.18933,-88,193676,3,44.6
8.288,1.2,5.544,39.2,12.624,27.6,30.57448,66.1817,-89,193672,3,44.6
8.288,1.2,5.528,49.6,12.624,33.2,30.57448,66.15118,-84,193672,3,44.6
8.288,1.2,5.512,60.4,12.616,39.2,30.57448,66.16644,-81,193672,3,44.6
8.288,1.2,5.552,29.2,12.624,23.2,30.55303,66.18933,-82,193672,3,45.6
8.288,1.2,5.552,30.4,12.624,23.6,30.5423,66.23511,-84,193624,3,44.6
8.288,1.2,5.544,34.4,12.624,25.6,30.56376,66.22748,-82,193676,3,44.6
8.288,1.2,5.544,33.6,12.624,25.2,30.56376,66.20459,-82,193816,3,44.6
8.28,1.2,5.536,40.4,12.624,28.8,30.56376,66.19696,-82,193676,3,44.6
8.28,1.2,5.528,53.2,12.624,35.2,30.56376,66.18933,-80,193676,3,44.6
8.288,1.2,5.512,59.2,12.624,37.6,30.56376,66.19696,-83,193676,3,44.6
8.288,1.2,5.552,29.6,12.624,23.2,30.5423,66.20459,-86,193628,3,45.6
8.288,1.2,5.544,31.2,12.624,24.0,30.56376,66.22748,-81,192056,3,44.6
8.288,1.2,5.552,30.8,12.624,24.0,30.56376,66.21222,-80,193676,3,43.6
8.288,1.2,5.544,34.0,12.624,25.2,30.55303,66.20459,-80,193676,3,44.6
8.288,1.2,5.536,40.4,12.624,28.8,30.56376,66.21222,-78,193676,3,43.6
8.28,1.2,5.52,52.4,12.624,33.6,30.55303,66.21222,-81,193676,3,44.6
8.288,1.2,5.512,58.8,12.624,38.4,30.56376,66.21222,-80,193676,3,44.6
8.288,1.2,5.552,29.6,12.624,23.2,30.55303,66.21222,-83,193628,3,45.6
8.288,1.2,5.552,30.4,12.624,23.6,30.55303,66.21985,-83,193628,3,44.6
8.288,1.2,5.552,28.8,12.624,23.2,30.56376,66.20459,-81,193676,3,43.6
8.288,1.2,5.544,29.6,12.632,23.6,30.55303,66.25037,-87,193816,3,44.6
8.288,1.2,5.552,29.6,12.624,24.4,30.56376,66.23511,-79,193676,3,43.6
8.288,1.2,5.552,29.2,12.624,23.6,30.58521,66.18933,-86,193676,3,44.6
8.288,1.2,5.544,30.4,12.624,24.0,30.58521,66.21985,-84,193676,3,43.6
7.952,36.4,5.552,29.2,9.184,0.4,30.57448,66.19696,-85,193676,3,44.6
